row_number,date,ticket,provider,provider_status,material,material_dicsa,mapped_material,inferred_by,material_status,gross_weight,tare_weight,net_weight,humidity_kg,trash_kg,humidity_percent,trash_percent,payable_weight,recomputed_payable_weight,price,catalog_price,price_status,premium,amount,recomputed_amount,estado_raw,facturado_raw,target_factura_status,target_pago_status,target_coverage_status,referencia,comentario,import_status,blocking_reason
2,2026-05-22,46217,AVON,EXACT,VIDRIO,VIDRIO,VIDRIO,SOURCE,EXACT,18280.000,12785.000,5495.000,0.000,0.000,0.000,0.000,5495.000,5495.000,0.100,0.100,MATCH,0.000,549.500,549.500,Pendiente,No Facturado,PENDIENTE_DE_FACTURAR,PENDIENTE_DE_PAGO,SIN_CUBRIR,,CORTE 18-23 MAYO 2026,IMPORTABLE,
3,2026-03-18,45747,AVON,EXACT,VIDRIO,VIDRIO,VIDRIO,SOURCE,EXACT,13990.000,12795.000,1195.000,0.000,0.000,0.000,0.000,1195.000,1195.000,0.100,0.100,MATCH,0.000,119.500,119.500,Pendiente,No Facturado,PENDIENTE_DE_FACTURAR,PENDIENTE_DE_PAGO,SIN_CUBRIR,,CORTE 16-21 MARZO 2026,IMPORTABLE,
4,2026-03-06,45685,AVON,EXACT,VIDRIO,VIDRIO,VIDRIO,SOURCE,EXACT,15370.000,12785.000,2585.000,0.000,0.000,0.000,0.000,2585.000,2585.000,0.100,0.100,MATCH,0.000,258.500,258.500,Pendiente,No Facturado,PENDIENTE_DE_FACTURAR,PENDIENTE_DE_PAGO,SIN_CUBRIR,,CORTE 02-07 MARZO 2026,IMPORTABLE,
5,2026-03-03,45664,AVON,EXACT,VIDRIO,VIDRIO,VIDRIO,SOURCE,EXACT,16640.000,12785.000,3855.000,0.000,0.000,0.000,0.000,3855.000,3855.000,0.100,0.100,MATCH,0.000,385.500,385.500,Pendiente,No Facturado,PENDIENTE_DE_FACTURAR,PENDIENTE_DE_PAGO,SIN_CUBRIR,,CORTE 02-07 MARZO 2026,IMPORTABLE,
6,2026-02-24,45619,AVON,EXACT,VIDRIO,VIDRIO,VIDRIO,SOURCE,EXACT,15000.000,12785.000,2215.000,0.000,0.000,0.000,0.000,2215.000,2215.000,0.100,0.100,MATCH,0.000,221.500,221.500,Pendiente,No Facturado,PENDIENTE_DE_FACTURAR,PENDIENTE_DE_PAGO,SIN_CUBRIR,,CORTE 23-28 FEBRERO 2026,IMPORTABLE,
7,2026-02-16,45572,AVON,EXACT,VIDRIO,VIDRIO,VIDRIO,SOURCE,EXACT,21720.000,12785.000,8935.000,0.000,0.000,0.000,0.000,8935.000,8935.000,0.100,0.100,MATCH,0.000,893.500,893.500,Pendiente,No Facturado,PENDIENTE_DE_FACTURAR,PENDIENTE_DE_PAGO,SIN_CUBRIR,,CORTE 16-21 FEBRERO 2026,IMPORTABLE,
8,2026-02-11,45548,AVON,EXACT,VIDRIO,VIDRIO,VIDRIO,SOURCE,EXACT,13810.000,12785.000,1025.000,0.000,0.000,0.000,0.000,1025.000,1025.000,0.100,0.100,MATCH,0.000,102.500,102.500,Pendiente,No Facturado,PENDIENTE_DE_FACTURAR,PENDIENTE_DE_PAGO,SIN_CUBRIR,,CORTE 09-14 FEBRERO 2026,IMPORTABLE,
9,2026-02-06,45520,AVON,EXACT,VIDRIO,VIDRIO,VIDRIO,SOURCE,EXACT,14510.000,12785.000,1725.000,0.000,0.000,0.000,0.000,1725.000,1725.000,0.100,0.100,MATCH,0.000,172.500,172.500,Pendiente,No Facturado,PENDIENTE_DE_FACTURAR,PENDIENTE_DE_PAGO,SIN_CUBRIR,,CORTE 03-07 FEBRERO 2026,IMPORTABLE,
10,2026-01-23,45424,AVON,EXACT,VIDRIO,VIDRIO,VIDRIO,SOURCE,EXACT,14750.000,12785.000,1965.000,0.000,0.000,0.000,0.000,1965.000,1965.000,0.100,0.100,MATCH,0.000,196.500,196.500,Pendiente,No Facturado,PENDIENTE_DE_FACTURAR,PENDIENTE_DE_PAGO,SIN_CUBRIR,,Corte 19-24 Enero 2026,IMPORTABLE,
11,2026-01-02,45296,AVON,EXACT,VIDRIO,VIDRIO,VIDRIO,SOURCE,EXACT,18270.000,12785.000,5485.000,0.000,0.000,0.000,0.000,5485.000,5485.000,0.100,0.100,MATCH,0.000,548.500,548.500,Pendiente,No Facturado,PENDIENTE_DE_FACTURAR,PENDIENTE_DE_PAGO,SIN_CUBRIR,,CORTE 02-03 ENERO 2026,IMPORTABLE,
12,2025-11-28,45092,AVON,EXACT,VIDRIO,VIDRIO,VIDRIO,SOURCE,EXACT,22250.000,12785.000,9465.000,0.000,0.000,0.000,0.000,9465.000,9465.000,0.100,0.100,MATCH,0.000,946.500,946.500,Pendiente,Facturado,FACTURADO,PENDIENTE_DE_PAGO,SIN_CUBRIR,C-919,Reporte 24-28 noviembre 2025,IMPORTABLE,
13,2025-12-08,45149,AVON,EXACT,TEXTIL,TEXTIL,TEXTIL,SOURCE,EXACT,14060.000,12465.000,1595.000,0.000,0.000,0.000,0.000,1595.000,1595.000,1.800,1.800,MATCH,0.000,2871.000,2871.000,Pendiente,Facturado,FACTURADO,PENDIENTE_DE_PAGO,SIN_CUBRIR,,Corte 08-13 diciembre 2025,IMPORTABLE,
14,2026-05-29,6261,MONROE,EXACT,TARIMAS,TARIMAS,TARIMAS,SOURCE,EXACT,240.000,0.000,240.000,0.000,0.000,0.000,0.000,240.000,240.000,13.000,13.000,MATCH,0.000,3120.000,3120.000,Pendiente,No Facturado,PENDIENTE_DE_FACTURAR,PENDIENTE_DE_PAGO,SIN_CUBRIR,,REPORTE 25-29 MAYO 2026,IMPORTABLE,
15,2026-05-22,5208,MONROE,EXACT,TARIMAS,TARIMAS,TARIMAS,SOURCE,EXACT,223.000,0.000,223.000,0.000,0.000,0.000,0.000,223.000,223.000,13.000,13.000,MATCH,0.000,2899.000,2899.000,Pendiente,No Facturado,PENDIENTE_DE_FACTURAR,PENDIENTE_DE_PAGO,SIN_CUBRIR,,REPORTE 18-22 MAYO 2026,IMPORTABLE,
16,2026-05-15,6201,MONROE,EXACT,TARIMAS,TARIMAS,TARIMAS,SOURCE,EXACT,189.000,0.000,189.000,0.000,0.000,0.000,0.000,189.000,189.000,13.000,13.000,MATCH,0.000,2457.000,2457.000,Pendiente,No Facturado,PENDIENTE_DE_FACTURAR,PENDIENTE_DE_PAGO,SIN_CUBRIR,,REPORTE 11-15 MAYO 2026,IMPORTABLE,
17,2026-05-08,6175,MONROE,EXACT,TARIMAS,TARIMAS,TARIMAS,SOURCE,EXACT,160.000,0.000,160.000,0.000,0.000,0.000,0.000,160.000,160.000,13.000,13.000,MATCH,0.000,2080.000,2080.000,Pendiente,No Facturado,PENDIENTE_DE_FACTURAR,PENDIENTE_DE_PAGO,SIN_CUBRIR,,REPORTE 04-08 MAYO 2026,IMPORTABLE,
18,2026-04-30,4235,MONROE,EXACT,TARIMAS,TARIMAS,TARIMAS,SOURCE,EXACT,184.000,0.000,184.000,0.000,0.000,0.000,0.000,184.000,184.000,13.000,13.000,MATCH,0.000,2392.000,2392.000,Pendiente,No Facturado,PENDIENTE_DE_FACTURAR,PENDIENTE_DE_PAGO,SIN_CUBRIR,,REPORTE 27-30 ABRIL 2026,IMPORTABLE,
19,2026-04-24,6119,MONROE,EXACT,TARIMAS,TARIMAS,TARIMAS,SOURCE,EXACT,200.000,0.000,200.000,0.000,0.000,0.000,0.000,200.000,200.000,13.000,13.000,MATCH,0.000,2600.000,2600.000,Pendiente,No Facturado,PENDIENTE_DE_FACTURAR,PENDIENTE_DE_PAGO,SIN_CUBRIR,,REPORTE 20-25 ABRIL 2026,IMPORTABLE,
20,2026-04-17,5833,MONROE,EXACT,TARIMAS,TARIMAS,TARIMAS,SOURCE,EXACT,168.000,0.000,168.000,0.000,0.000,0.000,0.000,168.000,168.000,13.000,13.000,MATCH,0.000,2184.000,2184.000,Pendiente,No Facturado,PENDIENTE_DE_FACTURAR,PENDIENTE_DE_PAGO,SIN_CUBRIR,,REPORTE 13-18 ABRIL 2026,IMPORTABLE,
21,2026-04-10,5745,MONROE,EXACT,TARIMAS,TARIMAS,TARIMAS,SOURCE,EXACT,116.000,0.000,116.000,0.000,0.000,0.000,0.000,116.000,116.000,13.000,13.000,MATCH,0.000,1508.000,1508.000,Pendiente,No Facturado,PENDIENTE_DE_FACTURAR,PENDIENTE_DE_PAGO,SIN_CUBRIR,,REPORTE 06-11 ABRIL 2026,IMPORTABLE,
22,2026-04-02,5713,MONROE,EXACT,TARIMAS,TARIMAS,TARIMAS,SOURCE,EXACT,163.000,0.000,163.000,0.000,0.000,0.000,0.000,163.000,163.000,13.000,13.000,MATCH,0.000,2119.000,2119.000,Pendiente,No Facturado,PENDIENTE_DE_FACTURAR,PENDIENTE_DE_PAGO,SIN_CUBRIR,,REPORTE 01-04 ABRIL 2026,IMPORTABLE,
23,2026-03-27,2791,MONROE,EXACT,TARIMAS,TARIMAS,TARIMAS,SOURCE,EXACT,180.000,0.000,180.000,0.000,0.000,0.000,0.000,180.000,180.000,13.000,13.000,MATCH,0.000,2340.000,2340.000,Pendiente,No Facturado,PENDIENTE_DE_FACTURAR,PENDIENTE_DE_PAGO,SIN_CUBRIR,,REPORTE 23-31 MARZO 2026,IMPORTABLE,
24,2026-03-20,5756,MONROE,EXACT,TARIMAS,TARIMAS,TARIMAS,SOURCE,EXACT,144.000,0.000,144.000,0.000,0.000,0.000,0.000,144.000,144.000,13.000,13.000,MATCH,0.000,1872.000,1872.000,Pendiente,No Facturado,PENDIENTE_DE_FACTURAR,PENDIENTE_DE_PAGO,SIN_CUBRIR,,REPORTE 16-21 MARZO 2026,IMPORTABLE,
25,2026-03-13,2170,MONROE,EXACT,TARIMAS,TARIMAS,TARIMAS,SOURCE,EXACT,132.000,0.000,132.000,0.000,0.000,0.000,0.000,132.000,132.000,13.000,13.000,MATCH,0.000,1716.000,1716.000,Pendiente,No Facturado,PENDIENTE_DE_FACTURAR,PENDIENTE_DE_PAGO,SIN_CUBRIR,,REPORTE 09-14 MARZO 2026,IMPORTABLE,
26,2026-03-06,5651,MONROE,EXACT,TARIMAS,TARIMAS,TARIMAS,SOURCE,EXACT,225.000,0.000,225.000,0.000,0.000,0.000,0.000,225.000,225.000,13.000,13.000,MATCH,0.000,2925.000,2925.000,Pendiente,No Facturado,PENDIENTE_DE_FACTURAR,PENDIENTE_DE_PAGO,SIN_CUBRIR,,REPORTE 02-07 MARZO 2026,IMPORTABLE,
27,2026-02-27,1559,MONROE,EXACT,TARIMAS,TARIMAS,TARIMAS,SOURCE,EXACT,202.000,0.000,202.000,0.000,0.000,0.000,0.000,202.000,202.000,13.000,13.000,MATCH,0.000,2626.000,2626.000,Pendiente,No Facturado,PENDIENTE_DE_FACTURAR,PENDIENTE_DE_PAGO,SIN_CUBRIR,,REPORTE 23-28 FEBRERO 2026,IMPORTABLE,
28,2026-02-20,1253,MONROE,EXACT,TARIMAS,TARIMAS,TARIMAS,SOURCE,EXACT,120.000,0.000,120.000,0.000,0.000,0.000,0.000,120.000,120.000,13.000,13.000,MATCH,0.000,1560.000,1560.000,Pendiente,No Facturado,PENDIENTE_DE_FACTURAR,PENDIENTE_DE_PAGO,SIN_CUBRIR,,REPORTE 16-21 FEBRERO 2026,IMPORTABLE,
29,2026-02-13,5956,MONROE,EXACT,TARIMAS,TARIMAS,TARIMAS,SOURCE,EXACT,178.000,0.000,178.000,0.000,0.000,0.000,0.000,178.000,178.000,13.000,13.000,MATCH,0.000,2314.000,2314.000,Pendiente,No Facturado,PENDIENTE_DE_FACTURAR,PENDIENTE_DE_PAGO,SIN_CUBRIR,,REPORTE 09-14 FEBRERO 2026,IMPORTABLE,
30,2026-02-06,6025,MONROE,EXACT,TARIMAS,TARIMAS,TARIMAS,SOURCE,EXACT,160.000,0.000,160.000,0.000,0.000,0.000,0.000,160.000,160.000,13.000,13.000,MATCH,0.000,2080.000,2080.000,Pendiente,No Facturado,PENDIENTE_DE_FACTURAR,PENDIENTE_DE_PAGO,SIN_CUBRIR,,REPORTE 03-07 FEBRERO 2026,IMPORTABLE,
31,2026-01-30,395,MONROE,EXACT,TARIMAS,TARIMAS,TARIMAS,SOURCE,EXACT,110.000,0.000,110.000,0.000,0.000,0.000,0.000,110.000,110.000,13.000,13.000,MATCH,0.000,1430.000,1430.000,Pendiente,No Facturado,PENDIENTE_DE_FACTURAR,PENDIENTE_DE_PAGO,SIN_CUBRIR,,REPORTE 26-31 ENERO 2026,IMPORTABLE,
32,2026-01-23,77,MONROE,EXACT,TARIMAS,TARIMAS,TARIMAS,SOURCE,EXACT,147.000,0.000,147.000,0.000,0.000,0.000,0.000,147.000,147.000,13.000,13.000,MATCH,0.000,1911.000,1911.000,Pendiente,No Facturado,PENDIENTE_DE_FACTURAR,PENDIENTE_DE_PAGO,SIN_CUBRIR,,REPORTE 19-24 ENERO 2026,IMPORTABLE,
33,2026-01-16,14784,MONROE,EXACT,TARIMAS,TARIMAS,TARIMAS,SOURCE,EXACT,166.000,0.000,166.000,0.000,0.000,0.000,0.000,166.000,166.000,13.000,13.000,MATCH,0.000,2158.000,2158.000,Pendiente,No Facturado,PENDIENTE_DE_FACTURAR,PENDIENTE_DE_PAGO,SIN_CUBRIR,,REPORTE 12-17 ENERO 2026,IMPORTABLE,
34,2026-01-09,14437,MONROE,EXACT,TARIMAS,TARIMAS,TARIMAS,SOURCE,EXACT,114.000,0.000,114.000,0.000,0.000,0.000,0.000,114.000,114.000,13.000,13.000,MATCH,0.000,1482.000,1482.000,Pendiente,No Facturado,PENDIENTE_DE_FACTURAR,PENDIENTE_DE_PAGO,SIN_CUBRIR,,REPORTE 02-09 ENERO 2026,IMPORTABLE,
35,2026-01-06,14273,MONROE,EXACT,TARIMAS,TARIMAS,TARIMAS,SOURCE,EXACT,145.000,0.000,145.000,0.000,0.000,0.000,0.000,145.000,145.000,13.000,13.000,MATCH,0.000,1885.000,1885.000,Pendiente,No Facturado,PENDIENTE_DE_FACTURAR,PENDIENTE_DE_PAGO,SIN_CUBRIR,,REPORTE 02-09 ENERO 2026,IMPORTABLE,
36,2025-12-26,14025,MONROE,EXACT,TARIMAS,TARIMAS,TARIMAS,SOURCE,EXACT,120.000,0.000,120.000,0.000,0.000,0.000,0.000,120.000,120.000,13.000,13.000,MATCH,0.000,1560.000,1560.000,Pendiente,Facturado,FACTURADO,PENDIENTE_DE_PAGO,SIN_CUBRIR,,REPORTE 22-26 DICIEMBRE 2025,IMPORTABLE,
37,2025-12-12,13522,MONROE,EXACT,TARIMAS,TARIMAS,TARIMAS,SOURCE,EXACT,180.000,0.000,180.000,0.000,0.000,0.000,0.000,180.000,180.000,13.000,13.000,MATCH,0.000,2340.000,2340.000,Pendiente,No Facturado,PENDIENTE_DE_FACTURAR,PENDIENTE_DE_PAGO,SIN_CUBRIR,,Reporte 08-12 diciembre 2025,IMPORTABLE,
38,2025-11-07,11981,MONROE,EXACT,TARIMAS,TARIMAS,TARIMAS,SOURCE,EXACT,220.000,0.000,220.000,0.000,0.000,0.000,0.000,220.000,220.000,13.000,13.000,MATCH,0.000,2860.000,2860.000,Pendiente,No Facturado,PENDIENTE_DE_FACTURAR,PENDIENTE_DE_PAGO,SIN_CUBRIR,,Reporte 01-07 noviembre  2025,IMPORTABLE,
39,2025-09-05,9326,MONROE,EXACT,TARIMAS,TARIMAS,TARIMAS,SOURCE,EXACT,200.000,0.000,200.000,0.000,0.000,0.000,0.000,200.000,200.000,13.000,13.000,MATCH,0.000,2600.000,2600.000,Pendiente,No Facturado,PENDIENTE_DE_FACTURAR,PENDIENTE_DE_PAGO,SIN_CUBRIR,,Reporte 01-05 septiembre 2025,IMPORTABLE,
40,2024-02-02,14925,MONROE,EXACT,TARIMAS,TARIMAS,TARIMAS,SOURCE,EXACT,100.000,0.000,100.000,0.000,0.000,0.000,0.000,100.000,100.000,13.000,13.000,MATCH,0.000,1300.000,1300.000,Pendiente,No Facturado,PENDIENTE_DE_FACTURAR,PENDIENTE_DE_PAGO,SIN_CUBRIR,Reporte del 01-02 febrero 2024,Reporte del 01-02 febrero 2024,IMPORTABLE,
41,2026-01-20,45397,AVON,EXACT,TARIMA MADERA,MADERA,TARIMA MADERA,SOURCE,EXACT,6530.000,5490.000,1040.000,0.000,0.000,0.000,0.000,1040.000,1040.000,1.000,1.000,MATCH,0.000,1040.000,1040.000,Pendiente,No Facturado,PENDIENTE_DE_FACTURAR,PENDIENTE_DE_PAGO,SIN_CUBRIR,,Corte 19-24 Enero 2026,IMPORTABLE,
42,2026-05-28,0,SETEXMES,EXACT,TARIMA,TARIMAS,TARIMA,SOURCE,EXACT,40.000,0.000,40.000,0.000,0.000,0.000,0.000,40.000,40.000,5.000,5.000,MATCH,0.000,200.000,200.000,Pendiente,No Facturado,PENDIENTE_DE_FACTURAR,PENDIENTE_DE_PAGO,SIN_CUBRIR,,REPORTE MAYO 2026,IMPORTABLE,
43,2026-05-25,0,SETEXMES,EXACT,TARIMA,TARIMAS,TARIMA,SOURCE,EXACT,155.000,0.000,155.000,0.000,0.000,0.000,0.000,155.000,155.000,5.000,5.000,MATCH,0.000,775.000,775.000,Pendiente,No Facturado,PENDIENTE_DE_FACTURAR,PENDIENTE_DE_PAGO,SIN_CUBRIR,,REPORTE MAYO 2026,IMPORTABLE,
44,2026-05-20,0,SETEXMES,EXACT,TARIMA,TARIMAS,TARIMA,SOURCE,EXACT,105.000,0.000,105.000,0.000,0.000,0.000,0.000,105.000,105.000,5.000,5.000,MATCH,0.000,525.000,525.000,Pendiente,No Facturado,PENDIENTE_DE_FACTURAR,PENDIENTE_DE_PAGO,SIN_CUBRIR,,REPORTE MAYO 2026,IMPORTABLE,
45,2026-05-12,0,SETEXMES,EXACT,TARIMA,TARIMAS,TARIMA,SOURCE,EXACT,90.000,0.000,90.000,0.000,0.000,0.000,0.000,90.000,90.000,5.000,5.000,MATCH,0.000,450.000,450.000,Pendiente,No Facturado,PENDIENTE_DE_FACTURAR,PENDIENTE_DE_PAGO,SIN_CUBRIR,,REPORTE MAYO 2026,IMPORTABLE,
46,2026-05-08,0,SETEXMES,EXACT,TARIMA,TARIMAS,TARIMA,SOURCE,EXACT,155.000,0.000,155.000,0.000,0.000,0.000,0.000,155.000,155.000,5.000,5.000,MATCH,0.000,775.000,775.000,Pendiente,No Facturado,PENDIENTE_DE_FACTURAR,PENDIENTE_DE_PAGO,SIN_CUBRIR,,REPORTE MAYO 2026,IMPORTABLE,
47,2026-05-01,0,SETEXMES,EXACT,TARIMA,TARIMAS,TARIMA,SOURCE,EXACT,60.000,0.000,60.000,0.000,0.000,0.000,0.000,60.000,60.000,5.000,5.000,MATCH,0.000,300.000,300.000,Pendiente,No Facturado,PENDIENTE_DE_FACTURAR,PENDIENTE_DE_PAGO,SIN_CUBRIR,,REPORTE MAYO 2026,IMPORTABLE,
48,2026-04-29,0,SETEXMES,EXACT,TARIMA,TARIMAS,TARIMA,SOURCE,EXACT,85.000,0.000,85.000,0.000,0.000,0.000,0.000,85.000,85.000,5.000,5.000,MATCH,0.000,425.000,425.000,Pendiente,No Facturado,PENDIENTE_DE_FACTURAR,PENDIENTE_DE_PAGO,SIN_CUBRIR,,REPORTE ABRIL 2026,IMPORTABLE,
49,2026-04-24,0,SETEXMES,EXACT,TARIMA,TARIMAS,TARIMA,SOURCE,EXACT,120.000,0.000,120.000,0.000,0.000,0.000,0.000,120.000,120.000,5.000,5.000,MATCH,0.000,600.000,600.000,Pendiente,No Facturado,PENDIENTE_DE_FACTURAR,PENDIENTE_DE_PAGO,SIN_CUBRIR,,REPORTE ABRIL 2026,IMPORTABLE,
50,2026-04-15,0,SETEXMES,EXACT,TARIMA,TARIMAS,TARIMA,SOURCE,EXACT,120.000,0.000,120.000,0.000,0.000,0.000,0.000,120.000,120.000,5.000,5.000,MATCH,0.000,600.000,600.000,Pendiente,No Facturado,PENDIENTE_DE_FACTURAR,PENDIENTE_DE_PAGO,SIN_CUBRIR,,REPORTE ABRIL 2026,IMPORTABLE,
51,2026-04-01,0,SETEXMES,EXACT,TARIMA,TARIMAS,TARIMA,SOURCE,EXACT,144.000,0.000,144.000,0.000,0.000,0.000,0.000,144.000,144.000,5.000,5.000,MATCH,0.000,720.000,720.000,Pendiente,No Facturado,PENDIENTE_DE_FACTURAR,PENDIENTE_DE_PAGO,SIN_CUBRIR,,REPORTE ABRIL 2026,IMPORTABLE,
52,2026-03-18,0,SETEXMES,EXACT,TARIMA,TARIMAS,TARIMA,SOURCE,EXACT,105.000,0.000,105.000,0.000,0.000,0.000,0.000,105.000,105.000,5.000,5.000,MATCH,0.000,525.000,525.000,Pendiente,Facturado,FACTURADO,PENDIENTE_DE_PAGO,SIN_CUBRIR,,REPORTE MARZO 2026,IMPORTABLE,
53,2026-03-11,0,SETEXMES,EXACT,TARIMA,TARIMAS,TARIMA,SOURCE,EXACT,140.000,0.000,140.000,0.000,0.000,0.000,0.000,140.000,140.000,5.000,5.000,MATCH,0.000,700.000,700.000,Pendiente,Facturado,FACTURADO,PENDIENTE_DE_PAGO,SIN_CUBRIR,,REPORTE MARZO 2026,IMPORTABLE,
54,2026-03-04,0,SETEXMES,EXACT,TARIMA,TARIMAS,TARIMA,SOURCE,EXACT,110.000,0.000,110.000,0.000,0.000,0.000,0.000,110.000,110.000,5.000,5.000,MATCH,0.000,550.000,550.000,Pendiente,Facturado,FACTURADO,PENDIENTE_DE_PAGO,SIN_CUBRIR,,REPORTE MARZO 2026,IMPORTABLE,
55,2026-06-06,1,AVON,EXACT,SABADOS(VIAJE),BASURA,SABADOS(VIAJE),SOURCE,EXACT,1.000,0.000,1.000,0.000,0.000,0.000,0.000,1.000,1.000,-500.000,500.000,DIFFERS,0.000,-500.000,-500.000,Pendiente,No Facturado,PENDIENTE_DE_FACTURAR,PENDIENTE_DE_PAGO,SIN_CUBRIR,,CORTE 01-06 JUNIO 2026,REVIEW,
56,2026-05-30,1,AVON,EXACT,SABADOS(VIAJE),BASURA,SABADOS(VIAJE),SOURCE,EXACT,1.000,0.000,1.000,0.000,0.000,0.000,0.000,1.000,1.000,-500.000,500.000,DIFFERS,0.000,-500.000,-500.000,Pendiente,No Facturado,PENDIENTE_DE_FACTURAR,PENDIENTE_DE_PAGO,SIN_CUBRIR,,CORTE 25-30 MAYO 2026,REVIEW,
57,2026-05-23,1,AVON,EXACT,SABADOS(VIAJE),BASURA,SABADOS(VIAJE),SOURCE,EXACT,1.000,0.000,1.000,0.000,0.000,0.000,0.000,1.000,1.000,-500.000,500.000,DIFFERS,0.000,-500.000,-500.000,Pendiente,No Facturado,PENDIENTE_DE_FACTURAR,PENDIENTE_DE_PAGO,SIN_CUBRIR,,CORTE 18-23 MAYO 2026,REVIEW,
58,2026-05-16,1,AVON,EXACT,SABADOS(VIAJE),BASURA,SABADOS(VIAJE),SOURCE,EXACT,1.000,0.000,1.000,0.000,0.000,0.000,0.000,1.000,1.000,-500.000,500.000,DIFFERS,0.000,-500.000,-500.000,Pendiente,No Facturado,PENDIENTE_DE_FACTURAR,PENDIENTE_DE_PAGO,SIN_CUBRIR,,CORTE 11-16 MAYO 2026,REVIEW,
59,2026-05-09,1,AVON,EXACT,SABADOS(VIAJE),BASURA,SABADOS(VIAJE),SOURCE,EXACT,1.000,0.000,1.000,0.000,0.000,0.000,0.000,1.000,1.000,-500.000,500.000,DIFFERS,0.000,-500.000,-500.000,Pendiente,No Facturado,PENDIENTE_DE_FACTURAR,PENDIENTE_DE_PAGO,SIN_CUBRIR,,CORTE 01-09 MAYO 2026,REVIEW,
60,2026-04-30,1,AVON,EXACT,SABADOS(VIAJE),BASURA,SABADOS(VIAJE),SOURCE,EXACT,1.000,0.000,1.000,0.000,0.000,0.000,0.000,1.000,1.000,-500.000,500.000,DIFFERS,0.000,-500.000,-500.000,Pendiente,No Facturado,PENDIENTE_DE_FACTURAR,PENDIENTE_DE_PAGO,SIN_CUBRIR,,CORTE 27-30 ABRIL 2026,REVIEW,
61,2026-04-25,1,AVON,EXACT,SABADOS(VIAJE),BASURA,SABADOS(VIAJE),SOURCE,EXACT,1.000,0.000,1.000,0.000,0.000,0.000,0.000,1.000,1.000,-500.000,500.000,DIFFERS,0.000,-500.000,-500.000,Pendiente,No Facturado,PENDIENTE_DE_FACTURAR,PENDIENTE_DE_PAGO,SIN_CUBRIR,,CORTE 20-25 ABRIL 2026,REVIEW,
62,2026-04-18,1,AVON,EXACT,SABADOS(VIAJE),BASURA,SABADOS(VIAJE),SOURCE,EXACT,1.000,0.000,1.000,0.000,0.000,0.000,0.000,1.000,1.000,-500.000,500.000,DIFFERS,0.000,-500.000,-500.000,Pendiente,No Facturado,PENDIENTE_DE_FACTURAR,PENDIENTE_DE_PAGO,SIN_CUBRIR,,CORTE 13-18 ABRIL 2026,REVIEW,
63,2026-04-11,1,AVON,EXACT,SABADOS(VIAJE),BASURA,SABADOS(VIAJE),SOURCE,EXACT,1.000,0.000,1.000,0.000,0.000,0.000,0.000,1.000,1.000,-500.000,500.000,DIFFERS,0.000,-500.000,-500.000,Pendiente,No Facturado,PENDIENTE_DE_FACTURAR,PENDIENTE_DE_PAGO,SIN_CUBRIR,,CORTE 06-11 ABRIL 2026,REVIEW,
64,2026-04-04,1,AVON,EXACT,SABADOS(VIAJE),BASURA,SABADOS(VIAJE),SOURCE,EXACT,1.000,0.000,1.000,0.000,0.000,0.000,0.000,1.000,1.000,-500.000,500.000,DIFFERS,0.000,-500.000,-500.000,Pendiente,No Facturado,PENDIENTE_DE_FACTURAR,PENDIENTE_DE_PAGO,SIN_CUBRIR,,CORTE 01-04 ABRIL 2026,REVIEW,
65,2026-03-31,1,AVON,EXACT,SABADOS(VIAJE),BASURA,SABADOS(VIAJE),SOURCE,EXACT,1.000,0.000,1.000,0.000,0.000,0.000,0.000,1.000,1.000,-500.000,500.000,DIFFERS,0.000,-500.000,-500.000,Pendiente,No Facturado,PENDIENTE_DE_FACTURAR,PENDIENTE_DE_PAGO,SIN_CUBRIR,,CORTE 23-28 MARZO 2026,REVIEW,
66,2026-03-21,1,AVON,EXACT,SABADOS(VIAJE),BASURA,SABADOS(VIAJE),SOURCE,EXACT,1.000,0.000,1.000,0.000,0.000,0.000,0.000,1.000,1.000,-500.000,500.000,DIFFERS,0.000,-500.000,-500.000,Pendiente,No Facturado,PENDIENTE_DE_FACTURAR,PENDIENTE_DE_PAGO,SIN_CUBRIR,,CORTE 16-21 MARZO 2026,REVIEW,
67,2026-03-14,1,AVON,EXACT,SABADOS(VIAJE),BASURA,SABADOS(VIAJE),SOURCE,EXACT,1.000,0.000,1.000,0.000,0.000,0.000,0.000,1.000,1.000,-500.000,500.000,DIFFERS,0.000,-500.000,-500.000,Pendiente,No Facturado,PENDIENTE_DE_FACTURAR,PENDIENTE_DE_PAGO,SIN_CUBRIR,,CORTE 09-14 MARZO 2026,REVIEW,
68,2026-03-07,1,AVON,EXACT,SABADOS(VIAJE),BASURA,SABADOS(VIAJE),SOURCE,EXACT,1.000,0.000,1.000,0.000,0.000,0.000,0.000,1.000,1.000,-500.000,500.000,DIFFERS,0.000,-500.000,-500.000,Pendiente,No Facturado,PENDIENTE_DE_FACTURAR,PENDIENTE_DE_PAGO,SIN_CUBRIR,,CORTE 02-07 MARZO 2026,REVIEW,
69,2026-02-28,1,AVON,EXACT,SABADOS(VIAJE),BASURA,SABADOS(VIAJE),SOURCE,EXACT,1.000,0.000,1.000,0.000,0.000,0.000,0.000,1.000,1.000,-500.000,500.000,DIFFERS,0.000,-500.000,-500.000,Pendiente,No Facturado,PENDIENTE_DE_FACTURAR,PENDIENTE_DE_PAGO,SIN_CUBRIR,,CORTE 23-28 FEBRERO 2026,REVIEW,
70,2026-02-21,1,AVON,EXACT,SABADOS(VIAJE),BASURA,SABADOS(VIAJE),SOURCE,EXACT,1.000,0.000,1.000,0.000,0.000,0.000,0.000,1.000,1.000,-500.000,500.000,DIFFERS,0.000,-500.000,-500.000,Pendiente,No Facturado,PENDIENTE_DE_FACTURAR,PENDIENTE_DE_PAGO,SIN_CUBRIR,,CORTE 16-21 FEBRERO 2026,REVIEW,
71,2026-02-14,1,AVON,EXACT,SABADOS(VIAJE),BASURA,SABADOS(VIAJE),SOURCE,EXACT,1.000,0.000,1.000,0.000,0.000,0.000,0.000,1.000,1.000,-500.000,500.000,DIFFERS,0.000,-500.000,-500.000,Pendiente,No Facturado,PENDIENTE_DE_FACTURAR,PENDIENTE_DE_PAGO,SIN_CUBRIR,,CORTE 09-14 FEBRERO 2026,REVIEW,
72,2026-02-07,1,AVON,EXACT,SABADOS(VIAJE),BASURA,SABADOS(VIAJE),SOURCE,EXACT,1.000,0.000,1.000,0.000,0.000,0.000,0.000,1.000,1.000,-500.000,500.000,DIFFERS,0.000,-500.000,-500.000,Pendiente,No Facturado,PENDIENTE_DE_FACTURAR,PENDIENTE_DE_PAGO,SIN_CUBRIR,,CORTE 03-07 FEBRERO 2026,REVIEW,
73,2026-01-31,1,AVON,EXACT,SABADOS(VIAJE),BASURA,SABADOS(VIAJE),SOURCE,EXACT,1.000,0.000,1.000,0.000,0.000,0.000,0.000,1.000,1.000,-500.000,500.000,DIFFERS,0.000,-500.000,-500.000,Pendiente,No Facturado,PENDIENTE_DE_FACTURAR,PENDIENTE_DE_PAGO,SIN_CUBRIR,,CORTE 26-31 ENERO 2026,REVIEW,
74,2026-01-24,1,AVON,EXACT,SABADOS(VIAJE),BASURA,SABADOS(VIAJE),SOURCE,EXACT,1.000,0.000,1.000,0.000,0.000,0.000,0.000,1.000,1.000,-500.000,500.000,DIFFERS,0.000,-500.000,-500.000,Pendiente,No Facturado,PENDIENTE_DE_FACTURAR,PENDIENTE_DE_PAGO,SIN_CUBRIR,,CORTE 19-24 Enero 2026,REVIEW,
75,2026-01-17,1,AVON,EXACT,SABADOS(VIAJE),BASURA,SABADOS(VIAJE),SOURCE,EXACT,1.000,0.000,1.000,0.000,0.000,0.000,0.000,1.000,1.000,-500.000,500.000,DIFFERS,0.000,-500.000,-500.000,Pendiente,No Facturado,PENDIENTE_DE_FACTURAR,PENDIENTE_DE_PAGO,SIN_CUBRIR,,CORTE 12-17 ENERO 2026,REVIEW,
76,2026-01-10,1,AVON,EXACT,SABADOS(VIAJE),BASURA,SABADOS(VIAJE),SOURCE,EXACT,1.000,0.000,1.000,0.000,0.000,0.000,0.000,1.000,1.000,-500.000,500.000,DIFFERS,0.000,-500.000,-500.000,Pendiente,No Facturado,PENDIENTE_DE_FACTURAR,PENDIENTE_DE_PAGO,SIN_CUBRIR,,CORTE 05-10 ENERO 2026,REVIEW,
77,2026-01-03,1,AVON,EXACT,SABADOS(VIAJE),BASURA,SABADOS(VIAJE),SOURCE,EXACT,1.000,0.000,1.000,0.000,0.000,0.000,0.000,1.000,1.000,-500.000,500.000,DIFFERS,0.000,-500.000,-500.000,Pendiente,No Facturado,PENDIENTE_DE_FACTURAR,PENDIENTE_DE_PAGO,SIN_CUBRIR,,CORTE 02-03 ENERO 2026,REVIEW,
78,2026-05-28,96,MONROE,EXACT,REBABA,REBABA,REBABA,SOURCE,EXACT,5820.000,5030.000,790.000,0.000,0.000,0.000,0.000,790.000,790.000,2.270,2.270,MATCH,0.000,1793.300,1793.300,Pendiente,No Facturado,PENDIENTE_DE_FACTURAR,PENDIENTE_DE_PAGO,SIN_CUBRIR,,REPORTE 25-29 MAYO 2026,IMPORTABLE,
79,2026-05-28,98,MONROE,EXACT,REBABA,REBABA,REBABA,SOURCE,EXACT,6320.000,4680.000,1640.000,0.000,0.000,0.000,0.000,1640.000,1640.000,2.270,2.270,MATCH,0.000,3722.800,3722.800,Pendiente,No Facturado,PENDIENTE_DE_FACTURAR,PENDIENTE_DE_PAGO,SIN_CUBRIR,,REPORTE 25-29 MAYO 2026,IMPORTABLE,
80,2026-05-25,80,MONROE,EXACT,REBABA,REBABA,REBABA,SOURCE,EXACT,5710.000,4890.000,820.000,0.000,0.000,0.000,0.000,820.000,820.000,2.270,2.270,MATCH,0.000,1861.400,1861.400,Pendiente,No Facturado,PENDIENTE_DE_FACTURAR,PENDIENTE_DE_PAGO,SIN_CUBRIR,,REPORTE 25-29 MAYO 2026,IMPORTABLE,
81,2026-05-25,81,MONROE,EXACT,REBABA,REBABA,REBABA,SOURCE,EXACT,6140.000,4700.000,1440.000,0.000,0.000,0.000,0.000,1440.000,1440.000,2.270,2.270,MATCH,0.000,3268.800,3268.800,Pendiente,No Facturado,PENDIENTE_DE_FACTURAR,PENDIENTE_DE_PAGO,SIN_CUBRIR,,REPORTE 25-29 MAYO 2026,IMPORTABLE,
82,2026-05-21,62,MONROE,EXACT,REBABA,REBABA,REBABA,SOURCE,EXACT,5690.000,4890.000,800.000,0.000,0.000,0.000,0.000,800.000,800.000,2.270,2.270,MATCH,0.000,1816.000,1816.000,Pendiente,No Facturado,PENDIENTE_DE_FACTURAR,PENDIENTE_DE_PAGO,SIN_CUBRIR,,REPORTE 18-22 MAYO 2026,IMPORTABLE,
83,2026-05-21,64,MONROE,EXACT,REBABA,REBABA,REBABA,SOURCE,EXACT,6210.000,4700.000,1510.000,0.000,0.000,0.000,0.000,1510.000,1510.000,2.270,2.270,MATCH,0.000,3427.700,3427.700,Pendiente,No Facturado,PENDIENTE_DE_FACTURAR,PENDIENTE_DE_PAGO,SIN_CUBRIR,,REPORTE 18-22 MAYO 2026,IMPORTABLE,
84,2026-05-18,52,MONROE,EXACT,REBABA,REBABA,REBABA,SOURCE,EXACT,5730.000,5000.000,730.000,0.000,0.000,0.000,0.000,730.000,730.000,2.270,2.270,MATCH,0.000,1657.100,1657.100,Pendiente,No Facturado,PENDIENTE_DE_FACTURAR,PENDIENTE_DE_PAGO,SIN_CUBRIR,,REPORTE 18-22 MAYO 2026,IMPORTABLE,
85,2026-05-18,54,MONROE,EXACT,REBABA,REBABA,REBABA,SOURCE,EXACT,6180.000,4640.000,1540.000,0.000,0.000,0.000,0.000,1540.000,1540.000,2.270,2.270,MATCH,0.000,3495.800,3495.800,Pendiente,No Facturado,PENDIENTE_DE_FACTURAR,PENDIENTE_DE_PAGO,SIN_CUBRIR,,REPORTE 18-22 MAYO 2026,IMPORTABLE,
86,2026-05-14,38,MONROE,EXACT,REBABA,REBABA,REBABA,SOURCE,EXACT,5640.000,4840.000,800.000,0.000,0.000,0.000,0.000,800.000,800.000,2.270,2.270,MATCH,0.000,1816.000,1816.000,Pendiente,No Facturado,PENDIENTE_DE_FACTURAR,PENDIENTE_DE_PAGO,SIN_CUBRIR,,REPORTE 11-15 MAYO 2026,IMPORTABLE,
87,2026-05-14,41,MONROE,EXACT,REBABA,REBABA,REBABA,SOURCE,EXACT,6190.000,4640.000,1550.000,0.000,0.000,0.000,0.000,1550.000,1550.000,2.270,2.270,MATCH,0.000,3518.500,3518.500,Pendiente,No Facturado,PENDIENTE_DE_FACTURAR,PENDIENTE_DE_PAGO,SIN_CUBRIR,,REPORTE 11-15 MAYO 2026,IMPORTABLE,
88,2026-05-11,22,MONROE,EXACT,REBABA,REBABA,REBABA,SOURCE,EXACT,5590.000,4840.000,750.000,0.000,0.000,0.000,0.000,750.000,750.000,2.270,2.270,MATCH,0.000,1702.500,1702.500,Pendiente,No Facturado,PENDIENTE_DE_FACTURAR,PENDIENTE_DE_PAGO,SIN_CUBRIR,,REPORTE 11-15 MAYO 2026,IMPORTABLE,
89,2026-05-11,21,MONROE,EXACT,REBABA,REBABA,REBABA,SOURCE,EXACT,5760.000,4690.000,1070.000,0.000,0.000,0.000,0.000,1070.000,1070.000,2.270,2.270,MATCH,0.000,2428.900,2428.900,Pendiente,No Facturado,PENDIENTE_DE_FACTURAR,PENDIENTE_DE_PAGO,SIN_CUBRIR,,REPORTE 11-15 MAYO 2026,IMPORTABLE,
90,2026-05-07,24997,MONROE,EXACT,REBABA,REBABA,REBABA,SOURCE,EXACT,13670.000,12480.000,1190.000,0.000,0.000,0.000,0.000,1190.000,1190.000,2.270,2.270,MATCH,0.000,2701.300,2701.300,Pendiente,No Facturado,PENDIENTE_DE_FACTURAR,PENDIENTE_DE_PAGO,SIN_CUBRIR,,REPORTE 04-08 MAYO 2026,IMPORTABLE,
91,2026-05-07,25000,MONROE,EXACT,REBABA,REBABA,REBABA,SOURCE,EXACT,6900.000,5100.000,1800.000,0.000,0.000,0.000,0.000,1800.000,1800.000,2.270,2.270,MATCH,0.000,4086.000,4086.000,Pendiente,No Facturado,PENDIENTE_DE_FACTURAR,PENDIENTE_DE_PAGO,SIN_CUBRIR,,REPORTE 04-08 MAYO 2026,IMPORTABLE,
92,2026-05-04,24977,MONROE,EXACT,REBABA,REBABA,REBABA,SOURCE,EXACT,6370.000,5100.000,1270.000,0.000,0.000,0.000,0.000,1270.000,1270.000,2.270,2.270,MATCH,0.000,2882.900,2882.900,Pendiente,No Facturado,PENDIENTE_DE_FACTURAR,PENDIENTE_DE_PAGO,SIN_CUBRIR,,REPORTE 04-08 MAYO 2026,IMPORTABLE,
93,2026-05-04,24976,MONROE,EXACT,REBABA,REBABA,REBABA,SOURCE,EXACT,13060.000,12520.000,540.000,0.000,0.000,0.000,0.000,540.000,540.000,2.270,2.270,MATCH,0.000,1225.800,1225.800,Pendiente,No Facturado,PENDIENTE_DE_FACTURAR,PENDIENTE_DE_PAGO,SIN_CUBRIR,,REPORTE 04-08 MAYO 2026,IMPORTABLE,
94,2026-04-30,1094,KS,EXACT,REBABA,REBABA,REBABA,SOURCE,EXACT,2415.000,0.000,2415.000,0.000,0.000,0.000,0.000,2415.000,2415.000,3.300,3.110,DIFFERS,0.000,7969.500,7969.500,Pendiente,No Facturado,PENDIENTE_DE_FACTURAR,PENDIENTE_DE_PAGO,SIN_CUBRIR,,REPORTE ABRIL 2026,REVIEW,
95,2026-04-29,24958,MONROE,EXACT,REBABA,REBABA,REBABA,SOURCE,EXACT,6760.000,5140.000,1620.000,0.000,0.000,0.000,0.000,1620.000,1620.000,2.410,2.270,DIFFERS,0.000,3904.200,3904.200,Pendiente,No Facturado,PENDIENTE_DE_FACTURAR,PENDIENTE_DE_PAGO,SIN_CUBRIR,,REPORTE 27-30 ABRIL 2026,REVIEW,
96,2026-04-29,24960,MONROE,EXACT,REBABA,REBABA,REBABA,SOURCE,EXACT,13710.000,12480.000,1230.000,0.000,0.000,0.000,0.000,1230.000,1230.000,2.410,2.270,DIFFERS,0.000,2964.300,2964.300,Pendiente,No Facturado,PENDIENTE_DE_FACTURAR,PENDIENTE_DE_PAGO,SIN_CUBRIR,,REPORTE 27-30 ABRIL 2026,REVIEW,
97,2026-04-28,1093,KS,EXACT,REBABA,REBABA,REBABA,SOURCE,EXACT,2575.000,0.000,2575.000,0.000,0.000,0.000,0.000,2575.000,2575.000,3.300,3.110,DIFFERS,0.000,8497.500,8497.500,Pendiente,No Facturado,PENDIENTE_DE_FACTURAR,PENDIENTE_DE_PAGO,SIN_CUBRIR,,REPORTE ABRIL 2026,REVIEW,
98,2026-04-28,1093,KS,EXACT,REBABA,REBABA,REBABA,SOURCE,EXACT,2515.000,0.000,2515.000,0.000,0.000,0.000,0.000,2515.000,2515.000,3.300,3.110,DIFFERS,0.000,8299.500,8299.500,Pendiente,No Facturado,PENDIENTE_DE_FACTURAR,PENDIENTE_DE_PAGO,SIN_CUBRIR,,REPORTE ABRIL 2026,REVIEW,
99,2026-04-24,1091,KS,EXACT,REBABA,REBABA,REBABA,SOURCE,EXACT,2080.000,0.000,2080.000,0.000,0.000,0.000,0.000,2080.000,2080.000,3.300,3.110,DIFFERS,0.000,6864.000,6864.000,Pendiente,No Facturado,PENDIENTE_DE_FACTURAR,PENDIENTE_DE_PAGO,SIN_CUBRIR,,REPORTE ABRIL 2026,REVIEW,
100,2026-04-23,1091,KS,EXACT,REBABA,REBABA,REBABA,SOURCE,EXACT,2415.000,0.000,2415.000,0.000,0.000,0.000,0.000,2415.000,2415.000,3.300,3.110,DIFFERS,0.000,7969.500,7969.500,Pendiente,No Facturado,PENDIENTE_DE_FACTURAR,PENDIENTE_DE_PAGO,SIN_CUBRIR,,REPORTE ABRIL 2026,REVIEW,
101,2026-04-23,24933,MONROE,EXACT,REBABA,REBABA,REBABA,SOURCE,EXACT,13980.000,13270.000,710.000,0.000,0.000,0.000,0.000,710.000,710.000,2.410,2.270,DIFFERS,0.000,1711.100,1711.100,Pendiente,No Facturado,PENDIENTE_DE_FACTURAR,PENDIENTE_DE_PAGO,SIN_CUBRIR,,REPORTE 20-25 ABRIL 2026,REVIEW,
102,2026-04-23,24938,MONROE,EXACT,REBABA,REBABA,REBABA,SOURCE,EXACT,6620.000,5170.000,1450.000,0.000,0.000,0.000,0.000,1450.000,1450.000,2.410,2.270,DIFFERS,0.000,3494.500,3494.500,Pendiente,No Facturado,PENDIENTE_DE_FACTURAR,PENDIENTE_DE_PAGO,SIN_CUBRIR,,REPORTE 20-25 ABRIL 2026,REVIEW,
103,2026-04-22,1090,KS,EXACT,REBABA,REBABA,REBABA,SOURCE,EXACT,2130.000,0.000,2130.000,0.000,0.000,0.000,0.000,2130.000,2130.000,3.300,3.110,DIFFERS,0.000,7029.000,7029.000,Pendiente,No Facturado,PENDIENTE_DE_FACTURAR,PENDIENTE_DE_PAGO,SIN_CUBRIR,,REPORTE ABRIL 2026,REVIEW,
104,2026-04-20,1089,KS,EXACT,REBABA,REBABA,REBABA,SOURCE,EXACT,2565.000,0.000,2565.000,0.000,0.000,0.000,0.000,2565.000,2565.000,3.300,3.110,DIFFERS,0.000,8464.500,8464.500,Pendiente,No Facturado,PENDIENTE_DE_FACTURAR,PENDIENTE_DE_PAGO,SIN_CUBRIR,,REPORTE ABRIL 2026,REVIEW,
105,2026-04-20,24912,MONROE,EXACT,REBABA,REBABA,REBABA,SOURCE,EXACT,13160.000,12530.000,630.000,0.000,0.000,0.000,0.000,630.000,630.000,2.410,2.270,DIFFERS,0.000,1518.300,1518.300,Pendiente,No Facturado,PENDIENTE_DE_FACTURAR,PENDIENTE_DE_PAGO,SIN_CUBRIR,,REPORTE 20-25 ABRIL 2026,REVIEW,
106,2026-04-20,24917,MONROE,EXACT,REBABA,REBABA,REBABA,SOURCE,EXACT,6720.000,5130.000,1590.000,0.000,0.000,0.000,0.000,1590.000,1590.000,2.410,2.270,DIFFERS,0.000,3831.900,3831.900,Pendiente,No Facturado,PENDIENTE_DE_FACTURAR,PENDIENTE_DE_PAGO,SIN_CUBRIR,,REPORTE 20-25 ABRIL 2026,REVIEW,
107,2026-04-17,1089,KS,EXACT,REBABA,REBABA,REBABA,SOURCE,EXACT,3035.000,0.000,3035.000,0.000,0.000,0.000,0.000,3035.000,3035.000,3.300,3.110,DIFFERS,0.000,10015.500,10015.500,Pendiente,No Facturado,PENDIENTE_DE_FACTURAR,PENDIENTE_DE_PAGO,SIN_CUBRIR,,REPORTE ABRIL 2026,REVIEW,
108,2026-04-16,24881,MONROE,EXACT,REBABA,REBABA,REBABA,SOURCE,EXACT,6130.000,5330.000,800.000,0.000,0.000,0.000,0.000,800.000,800.000,2.410,2.270,DIFFERS,0.000,1928.000,1928.000,Pendiente,No Facturado,PENDIENTE_DE_FACTURAR,PENDIENTE_DE_PAGO,SIN_CUBRIR,,REPORTE 13-18 ABRIL 2026,REVIEW,
109,2026-04-16,24883,MONROE,EXACT,REBABA,REBABA,REBABA,SOURCE,EXACT,6570.000,5220.000,1350.000,0.000,0.000,0.000,0.000,1350.000,1350.000,2.410,2.270,DIFFERS,0.000,3253.500,3253.500,Pendiente,No Facturado,PENDIENTE_DE_FACTURAR,PENDIENTE_DE_PAGO,SIN_CUBRIR,,REPORTE 13-18 ABRIL 2026,REVIEW,
110,2026-04-15,1088,KS,EXACT,REBABA,REBABA,REBABA,SOURCE,EXACT,3080.000,0.000,3080.000,0.000,0.000,0.000,0.000,3080.000,3080.000,3.300,3.110,DIFFERS,0.000,10164.000,10164.000,Pendiente,No Facturado,PENDIENTE_DE_FACTURAR,PENDIENTE_DE_PAGO,SIN_CUBRIR,,REPORTE ABRIL 2026,REVIEW,
111,2026-04-13,24855,MONROE,EXACT,REBABA,REBABA,REBABA,SOURCE,EXACT,6080.000,5320.000,760.000,0.000,0.000,0.000,0.000,760.000,760.000,2.410,2.270,DIFFERS,0.000,1831.600,1831.600,Pendiente,No Facturado,PENDIENTE_DE_FACTURAR,PENDIENTE_DE_PAGO,SIN_CUBRIR,,REPORTE 13-18 ABRIL 2026,REVIEW,
112,2026-04-13,24854,MONROE,EXACT,REBABA,REBABA,REBABA,SOURCE,EXACT,6480.000,5180.000,1300.000,0.000,0.000,0.000,0.000,1300.000,1300.000,2.410,2.270,DIFFERS,0.000,3133.000,3133.000,Pendiente,No Facturado,PENDIENTE_DE_FACTURAR,PENDIENTE_DE_PAGO,SIN_CUBRIR,,REPORTE 13-18 ABRIL 2026,REVIEW,
113,2026-04-13,1087,KS,EXACT,REBABA,REBABA,REBABA,SOURCE,EXACT,3155.000,0.000,3155.000,0.000,0.000,0.000,0.000,3155.000,3155.000,3.300,3.110,DIFFERS,0.000,10411.500,10411.500,Pendiente,No Facturado,PENDIENTE_DE_FACTURAR,PENDIENTE_DE_PAGO,SIN_CUBRIR,,REPORTE ABRIL 2026,REVIEW,
114,2026-04-10,80442,MIGAVID,EXACT,REBABA,REBABA,REBABA,SOURCE,EXACT,21705.000,19210.000,2495.000,0.000,0.000,0.000,0.000,2495.000,2495.000,2.950,2.750,DIFFERS,0.000,7360.250,7360.250,Pendiente,Facturado,FACTURADO,PENDIENTE_DE_PAGO,SIN_CUBRIR,,FAC 12483,REVIEW,
115,2026-04-10,1086,KS,EXACT,REBABA,REBABA,REBABA,SOURCE,EXACT,3360.000,0.000,3360.000,0.000,0.000,0.000,0.000,3360.000,3360.000,3.300,3.110,DIFFERS,0.000,11088.000,11088.000,Pendiente,No Facturado,PENDIENTE_DE_FACTURAR,PENDIENTE_DE_PAGO,SIN_CUBRIR,,REPORTE ABRIL 2026,REVIEW,
116,2026-04-10,1086,KS,EXACT,REBABA,REBABA,REBABA,SOURCE,EXACT,2580.000,0.000,2580.000,0.000,0.000,0.000,0.000,2580.000,2580.000,3.300,3.110,DIFFERS,0.000,8514.000,8514.000,Pendiente,No Facturado,PENDIENTE_DE_FACTURAR,PENDIENTE_DE_PAGO,SIN_CUBRIR,,REPORTE ABRIL 2026,REVIEW,
117,2026-04-10,1086,KS,EXACT,REBABA,REBABA,REBABA,SOURCE,EXACT,3150.000,0.000,3150.000,0.000,0.000,0.000,0.000,3150.000,3150.000,3.300,3.110,DIFFERS,0.000,10395.000,10395.000,Pendiente,No Facturado,PENDIENTE_DE_FACTURAR,PENDIENTE_DE_PAGO,SIN_CUBRIR,,REPORTE ABRIL 2026,REVIEW,
118,2026-04-09,24830,MONROE,EXACT,REBABA,REBABA,REBABA,SOURCE,EXACT,7240.000,5130.000,2110.000,0.000,0.000,0.000,0.000,2110.000,2110.000,2.410,2.270,DIFFERS,0.000,5085.100,5085.100,Pendiente,No Facturado,PENDIENTE_DE_FACTURAR,PENDIENTE_DE_PAGO,SIN_CUBRIR,,REPORTE 06-11 ABRIL 2026,REVIEW,
119,2026-04-09,24828,MONROE,EXACT,REBABA,REBABA,REBABA,SOURCE,EXACT,6510.000,5290.000,1220.000,0.000,0.000,0.000,0.000,1220.000,1220.000,2.410,2.270,DIFFERS,0.000,2940.200,2940.200,Pendiente,No Facturado,PENDIENTE_DE_FACTURAR,PENDIENTE_DE_PAGO,SIN_CUBRIR,,REPORTE 06-11 ABRIL 2026,REVIEW,
120,2026-04-08,1085,KS,EXACT,REBABA,REBABA,REBABA,SOURCE,EXACT,2520.000,0.000,2520.000,0.000,0.000,0.000,0.000,2520.000,2520.000,3.300,3.110,DIFFERS,0.000,8316.000,8316.000,Pendiente,No Facturado,PENDIENTE_DE_FACTURAR,PENDIENTE_DE_PAGO,SIN_CUBRIR,,REPORTE ABRIL 2026,REVIEW,
121,2026-04-02,1083,KS,EXACT,REBABA,REBABA,REBABA,SOURCE,EXACT,2910.000,0.000,2910.000,0.000,0.000,0.000,0.000,2910.000,2910.000,3.300,3.110,DIFFERS,0.000,9603.000,9603.000,Pendiente,No Facturado,PENDIENTE_DE_FACTURAR,PENDIENTE_DE_PAGO,SIN_CUBRIR,,REPORTE ABRIL 2026,REVIEW,
122,2026-04-01,24786,MONROE,EXACT,REBABA,REBABA,REBABA,SOURCE,EXACT,6690.000,5490.000,1200.000,0.000,0.000,0.000,0.000,1200.000,1200.000,2.410,2.270,DIFFERS,0.000,2892.000,2892.000,Pendiente,No Facturado,PENDIENTE_DE_FACTURAR,PENDIENTE_DE_PAGO,SIN_CUBRIR,,REPORTE 01-04 ABRIL 2026,REVIEW,
123,2026-04-01,24787,MONROE,EXACT,REBABA,REBABA,REBABA,SOURCE,EXACT,7260.000,5090.000,2170.000,0.000,0.000,0.000,0.000,2170.000,2170.000,2.410,2.270,DIFFERS,0.000,5229.700,5229.700,Pendiente,No Facturado,PENDIENTE_DE_FACTURAR,PENDIENTE_DE_PAGO,SIN_CUBRIR,,REPORTE 01-04 ABRIL 2026,REVIEW,
124,2026-04-01,1083,KS,EXACT,REBABA,REBABA,REBABA,SOURCE,EXACT,2560.000,0.000,2560.000,0.000,0.000,0.000,0.000,2560.000,2560.000,3.300,3.110,DIFFERS,0.000,8448.000,8448.000,Pendiente,No Facturado,PENDIENTE_DE_FACTURAR,PENDIENTE_DE_PAGO,SIN_CUBRIR,,REPORTE ABRIL 2026,REVIEW,
125,2026-03-31,1082,KS,EXACT,REBABA,REBABA,REBABA,SOURCE,EXACT,2790.000,0.000,2790.000,0.000,0.000,0.000,0.000,2790.000,2790.000,2.860,3.110,DIFFERS,0.000,7979.400,7979.400,Pendiente,No Facturado,PENDIENTE_DE_FACTURAR,PENDIENTE_DE_PAGO,SIN_CUBRIR,,REPORTE MARZO 2026,REVIEW,
126,2026-03-31,1082,KS,EXACT,REBABA,REBABA,REBABA,SOURCE,EXACT,3500.000,0.000,3500.000,0.000,0.000,0.000,0.000,3500.000,3500.000,2.860,3.110,DIFFERS,0.000,10010.000,10010.000,Pendiente,No Facturado,PENDIENTE_DE_FACTURAR,PENDIENTE_DE_PAGO,SIN_CUBRIR,,REPORTE MARZO 2026,REVIEW,
127,2026-03-30,1081,KS,EXACT,REBABA,REBABA,REBABA,SOURCE,EXACT,2660.000,0.000,2660.000,0.000,0.000,0.000,0.000,2660.000,2660.000,2.860,3.110,DIFFERS,0.000,7607.600,7607.600,Pendiente,No Facturado,PENDIENTE_DE_FACTURAR,PENDIENTE_DE_PAGO,SIN_CUBRIR,,REPORTE MARZO 2026,REVIEW,
128,2026-03-27,1080,KS,EXACT,REBABA,REBABA,REBABA,SOURCE,EXACT,2510.000,0.000,2510.000,0.000,0.000,0.000,0.000,2510.000,2510.000,2.860,3.110,DIFFERS,0.000,7178.600,7178.600,Pendiente,No Facturado,PENDIENTE_DE_FACTURAR,PENDIENTE_DE_PAGO,SIN_CUBRIR,,REPORTE MARZO 2026,REVIEW,
129,2026-03-27,1080,KS,EXACT,REBABA,REBABA,REBABA,SOURCE,EXACT,2970.000,0.000,2970.000,0.000,0.000,0.000,0.000,2970.000,2970.000,2.860,3.110,DIFFERS,0.000,8494.200,8494.200,Pendiente,No Facturado,PENDIENTE_DE_FACTURAR,PENDIENTE_DE_PAGO,SIN_CUBRIR,,REPORTE MARZO 2026,REVIEW,
130,2026-03-26,24720,MONROE,EXACT,REBABA,REBABA,REBABA,SOURCE,EXACT,13510.000,12470.000,1040.000,0.000,0.000,0.000,0.000,1040.000,1040.000,2.080,2.270,DIFFERS,0.000,2163.200,2163.200,Pendiente,No Facturado,PENDIENTE_DE_FACTURAR,PENDIENTE_DE_PAGO,SIN_CUBRIR,,REPORTE 23-31 MARZO 2026,REVIEW,
131,2026-03-26,24724,MONROE,EXACT,REBABA,REBABA,REBABA,SOURCE,EXACT,6420.000,5120.000,1300.000,0.000,0.000,0.000,0.000,1300.000,1300.000,2.080,2.270,DIFFERS,0.000,2704.000,2704.000,Pendiente,No Facturado,PENDIENTE_DE_FACTURAR,PENDIENTE_DE_PAGO,SIN_CUBRIR,,REPORTE 23-31 MARZO 2026,REVIEW,
132,2026-03-26,1080,KS,EXACT,REBABA,REBABA,REBABA,SOURCE,EXACT,3130.000,0.000,3130.000,0.000,0.000,0.000,0.000,3130.000,3130.000,2.860,3.110,DIFFERS,0.000,8951.800,8951.800,Pendiente,No Facturado,PENDIENTE_DE_FACTURAR,PENDIENTE_DE_PAGO,SIN_CUBRIR,,REPORTE MARZO 2026,REVIEW,
133,2026-03-25,1079,KS,EXACT,REBABA,REBABA,REBABA,SOURCE,EXACT,3650.000,0.000,3650.000,0.000,0.000,0.000,0.000,3650.000,3650.000,2.860,3.110,DIFFERS,0.000,10439.000,10439.000,Pendiente,No Facturado,PENDIENTE_DE_FACTURAR,PENDIENTE_DE_PAGO,SIN_CUBRIR,,REPORTE MARZO 2026,REVIEW,
134,2026-03-24,1079,KS,EXACT,REBABA,REBABA,REBABA,SOURCE,EXACT,2880.000,0.000,2880.000,0.000,0.000,0.000,0.000,2880.000,2880.000,2.860,3.110,DIFFERS,0.000,8236.800,8236.800,Pendiente,No Facturado,PENDIENTE_DE_FACTURAR,PENDIENTE_DE_PAGO,SIN_CUBRIR,,REPORTE MARZO 2026,REVIEW,
135,2026-03-23,24695,MONROE,EXACT,REBABA,REBABA,REBABA,SOURCE,EXACT,6690.000,5350.000,1340.000,0.000,0.000,0.000,0.000,1340.000,1340.000,2.080,2.270,DIFFERS,0.000,2787.200,2787.200,Pendiente,No Facturado,PENDIENTE_DE_FACTURAR,PENDIENTE_DE_PAGO,SIN_CUBRIR,,REPORTE 23-31 MARZO 2026,REVIEW,
136,2026-03-23,24697,MONROE,EXACT,REBABA,REBABA,REBABA,SOURCE,EXACT,7510.000,5080.000,2430.000,0.000,0.000,0.000,0.000,2430.000,2430.000,2.080,2.270,DIFFERS,0.000,5054.400,5054.400,Pendiente,No Facturado,PENDIENTE_DE_FACTURAR,PENDIENTE_DE_PAGO,SIN_CUBRIR,,REPORTE 23-31 MARZO 2026,REVIEW,
137,2026-03-23,1078,KS,EXACT,REBABA,REBABA,REBABA,SOURCE,EXACT,2970.000,0.000,2970.000,0.000,0.000,0.000,0.000,2970.000,2970.000,2.860,3.110,DIFFERS,0.000,8494.200,8494.200,Pendiente,No Facturado,PENDIENTE_DE_FACTURAR,PENDIENTE_DE_PAGO,SIN_CUBRIR,,REPORTE MARZO 2026,REVIEW,
138,2026-03-19,1077,KS,EXACT,REBABA,REBABA,REBABA,SOURCE,EXACT,3280.000,0.000,3280.000,0.000,0.000,0.000,0.000,3280.000,3280.000,2.860,3.110,DIFFERS,0.000,9380.800,9380.800,Pendiente,No Facturado,PENDIENTE_DE_FACTURAR,PENDIENTE_DE_PAGO,SIN_CUBRIR,,REPORTE MARZO 2026,REVIEW,
139,2026-03-17,24648,MONROE,EXACT,REBABA,REBABA,REBABA,SOURCE,EXACT,6630.000,5090.000,1540.000,0.000,0.000,0.000,0.000,1540.000,1540.000,2.080,2.270,DIFFERS,0.000,3203.200,3203.200,Pendiente,No Facturado,PENDIENTE_DE_FACTURAR,PENDIENTE_DE_PAGO,SIN_CUBRIR,,REPORTE 16-21 MARZO 2026,REVIEW,
140,2026-03-17,24645,MONROE,EXACT,REBABA,REBABA,REBABA,SOURCE,EXACT,13850.000,13150.000,700.000,0.000,0.000,0.000,0.000,700.000,700.000,2.080,2.270,DIFFERS,0.000,1456.000,1456.000,Pendiente,No Facturado,PENDIENTE_DE_FACTURAR,PENDIENTE_DE_PAGO,SIN_CUBRIR,,REPORTE 16-21 MARZO 2026,REVIEW,
141,2026-03-17,1076,KS,EXACT,REBABA,REBABA,REBABA,SOURCE,EXACT,4320.000,0.000,4320.000,0.000,0.000,0.000,0.000,4320.000,4320.000,2.860,3.110,DIFFERS,0.000,12355.200,12355.200,Pendiente,No Facturado,PENDIENTE_DE_FACTURAR,PENDIENTE_DE_PAGO,SIN_CUBRIR,,REPORTE MARZO 2026,REVIEW,
142,2026-03-17,1076,KS,EXACT,REBABA,REBABA,REBABA,SOURCE,EXACT,6040.000,0.000,6040.000,0.000,0.000,0.000,0.000,6040.000,6040.000,2.860,3.110,DIFFERS,0.000,17274.400,17274.400,Pendiente,No Facturado,PENDIENTE_DE_FACTURAR,PENDIENTE_DE_PAGO,SIN_CUBRIR,,REPORTE MARZO 2026,REVIEW,
143,2026-03-12,24601,MONROE,EXACT,REBABA,REBABA,REBABA,SOURCE,EXACT,13910.000,12470.000,1440.000,0.000,0.000,0.000,0.000,1440.000,1440.000,2.080,2.270,DIFFERS,0.000,2995.200,2995.200,Pendiente,No Facturado,PENDIENTE_DE_FACTURAR,PENDIENTE_DE_PAGO,SIN_CUBRIR,,REPORTE 09-14 MARZO 2026,REVIEW,
144,2026-03-12,24598,MONROE,EXACT,REBABA,REBABA,REBABA,SOURCE,EXACT,7620.000,5080.000,2540.000,0.000,0.000,0.000,0.000,2540.000,2540.000,2.080,2.270,DIFFERS,0.000,5283.200,5283.200,Pendiente,No Facturado,PENDIENTE_DE_FACTURAR,PENDIENTE_DE_PAGO,SIN_CUBRIR,,REPORTE 09-14 MARZO 2026,REVIEW,
145,2026-03-12,1074,KS,EXACT,REBABA,REBABA,REBABA,SOURCE,EXACT,4140.000,0.000,4140.000,0.000,0.000,0.000,0.000,4140.000,4140.000,2.860,3.110,DIFFERS,0.000,11840.400,11840.400,Pendiente,No Facturado,PENDIENTE_DE_FACTURAR,PENDIENTE_DE_PAGO,SIN_CUBRIR,,REPORTE MARZO 2026,REVIEW,
146,2026-03-10,1073,KS,EXACT,REBABA,REBABA,REBABA,SOURCE,EXACT,3680.000,0.000,3680.000,0.000,0.000,0.000,0.000,3680.000,3680.000,2.860,3.110,DIFFERS,0.000,10524.800,10524.800,Pendiente,No Facturado,PENDIENTE_DE_FACTURAR,PENDIENTE_DE_PAGO,SIN_CUBRIR,,REPORTE MARZO 2026,REVIEW,
147,2026-03-05,24528,MONROE,EXACT,REBABA,REBABA,REBABA,SOURCE,EXACT,6740.000,5110.000,1630.000,0.000,0.000,0.000,0.000,1630.000,1630.000,2.080,2.270,DIFFERS,0.000,3390.400,3390.400,Pendiente,No Facturado,PENDIENTE_DE_FACTURAR,PENDIENTE_DE_PAGO,SIN_CUBRIR,,REPORTE 02-07 MARZO 2026,REVIEW,
148,2026-03-05,24527,MONROE,EXACT,REBABA,REBABA,REBABA,SOURCE,EXACT,13830.000,12870.000,960.000,0.000,0.000,0.000,0.000,960.000,960.000,2.080,2.270,DIFFERS,0.000,1996.800,1996.800,Pendiente,No Facturado,PENDIENTE_DE_FACTURAR,PENDIENTE_DE_PAGO,SIN_CUBRIR,,REPORTE 02-07 MARZO 2026,REVIEW,
149,2026-03-05,1072,KS,EXACT,REBABA,REBABA,REBABA,SOURCE,EXACT,3730.000,0.000,3730.000,0.000,0.000,0.000,0.000,3730.000,3730.000,2.860,3.110,DIFFERS,0.000,10667.800,10667.800,Pendiente,No Facturado,PENDIENTE_DE_FACTURAR,PENDIENTE_DE_PAGO,SIN_CUBRIR,,REPORTE MARZO 2026,REVIEW,
150,2026-03-03,1071,KS,EXACT,REBABA,REBABA,REBABA,SOURCE,EXACT,3450.000,0.000,3450.000,0.000,0.000,0.000,0.000,3450.000,3450.000,2.860,3.110,DIFFERS,0.000,9867.000,9867.000,Pendiente,No Facturado,PENDIENTE_DE_FACTURAR,PENDIENTE_DE_PAGO,SIN_CUBRIR,,REPORTE MARZO 2026,REVIEW,
151,2026-03-02,24505,MONROE,EXACT,REBABA,REBABA,REBABA,SOURCE,EXACT,6750.000,5080.000,1670.000,0.000,0.000,0.000,0.000,1670.000,1670.000,2.080,2.270,DIFFERS,0.000,3473.600,3473.600,Pendiente,No Facturado,PENDIENTE_DE_FACTURAR,PENDIENTE_DE_PAGO,SIN_CUBRIR,,REPORTE 02-07 MARZO 2026,REVIEW,
152,2026-03-02,24504,MONROE,EXACT,REBABA,REBABA,REBABA,SOURCE,EXACT,6490.000,5610.000,880.000,0.000,0.000,0.000,0.000,880.000,880.000,2.080,2.270,DIFFERS,0.000,1830.400,1830.400,Pendiente,No Facturado,PENDIENTE_DE_FACTURAR,PENDIENTE_DE_PAGO,SIN_CUBRIR,,REPORTE 02-07 MARZO 2026,REVIEW,
153,2026-02-26,24466,MONROE,EXACT,REBABA,REBABA,REBABA,SOURCE,EXACT,13720.000,12450.000,1270.000,0.000,0.000,0.000,0.000,1270.000,1270.000,2.170,2.270,DIFFERS,0.000,2755.900,2755.900,Pendiente,No Facturado,PENDIENTE_DE_FACTURAR,PENDIENTE_DE_PAGO,SIN_CUBRIR,,REPORTE 23-28 FEBRERO 2026,REVIEW,
154,2026-02-26,24473,MONROE,EXACT,REBABA,REBABA,REBABA,SOURCE,EXACT,7360.000,5120.000,2240.000,0.000,0.000,0.000,0.000,2240.000,2240.000,2.170,2.270,DIFFERS,0.000,4860.800,4860.800,Pendiente,No Facturado,PENDIENTE_DE_FACTURAR,PENDIENTE_DE_PAGO,SIN_CUBRIR,,REPORTE 23-28 FEBRERO 2026,REVIEW,
155,2026-02-20,24433,MONROE,EXACT,REBABA,REBABA,REBABA,SOURCE,EXACT,6550.000,5450.000,1100.000,0.000,0.000,0.000,0.000,1100.000,1100.000,2.170,2.270,DIFFERS,0.000,2387.000,2387.000,Pendiente,No Facturado,PENDIENTE_DE_FACTURAR,PENDIENTE_DE_PAGO,SIN_CUBRIR,,REPORTE 16-21 FEBRERO 2026,REVIEW,
156,2026-02-20,24434,MONROE,EXACT,REBABA,REBABA,REBABA,SOURCE,EXACT,7410.000,5090.000,2320.000,0.000,0.000,0.000,0.000,2320.000,2320.000,2.170,2.270,DIFFERS,0.000,5034.400,5034.400,Pendiente,No Facturado,PENDIENTE_DE_FACTURAR,PENDIENTE_DE_PAGO,SIN_CUBRIR,,REPORTE 16-21 FEBRERO 2026,REVIEW,
157,2026-02-16,24393,MONROE,EXACT,REBABA,REBABA,REBABA,SOURCE,EXACT,5620.000,4820.000,800.000,0.000,0.000,0.000,0.000,800.000,800.000,2.170,2.270,DIFFERS,0.000,1736.000,1736.000,Pendiente,No Facturado,PENDIENTE_DE_FACTURAR,PENDIENTE_DE_PAGO,SIN_CUBRIR,,REPORTE 16-21 FEBRERO 2026,REVIEW,
158,2026-02-16,24391,MONROE,EXACT,REBABA,REBABA,REBABA,SOURCE,EXACT,6100.000,4660.000,1440.000,0.000,0.000,0.000,0.000,1440.000,1440.000,2.170,2.270,DIFFERS,0.000,3124.800,3124.800,Pendiente,No Facturado,PENDIENTE_DE_FACTURAR,PENDIENTE_DE_PAGO,SIN_CUBRIR,,REPORTE 16-21 FEBRERO 2026,REVIEW,
159,2026-02-12,24372,MONROE,EXACT,REBABA,REBABA,REBABA,SOURCE,EXACT,6060.000,4660.000,1400.000,0.000,0.000,0.000,0.000,1400.000,1400.000,2.170,2.270,DIFFERS,0.000,3038.000,3038.000,Pendiente,No Facturado,PENDIENTE_DE_FACTURAR,PENDIENTE_DE_PAGO,SIN_CUBRIR,,REPORTE 09-14 FEBRERO 2026,REVIEW,
160,2026-02-12,24369,MONROE,EXACT,REBABA,REBABA,REBABA,SOURCE,EXACT,5660.000,5010.000,650.000,0.000,0.000,0.000,0.000,650.000,650.000,2.170,2.270,DIFFERS,0.000,1410.500,1410.500,Pendiente,No Facturado,PENDIENTE_DE_FACTURAR,PENDIENTE_DE_PAGO,SIN_CUBRIR,,REPORTE 09-14 FEBRERO 2026,REVIEW,
161,2026-02-09,24355,MONROE,EXACT,REBABA,REBABA,REBABA,SOURCE,EXACT,5480.000,4870.000,610.000,0.000,0.000,0.000,0.000,610.000,610.000,2.170,2.270,DIFFERS,0.000,1323.700,1323.700,Pendiente,No Facturado,PENDIENTE_DE_FACTURAR,PENDIENTE_DE_PAGO,SIN_CUBRIR,,REPORTE 09-14 FEBRERO 2026,REVIEW,
162,2026-02-09,24354,MONROE,EXACT,REBABA,REBABA,REBABA,SOURCE,EXACT,5650.000,4710.000,940.000,0.000,0.000,0.000,0.000,940.000,940.000,2.170,2.270,DIFFERS,0.000,2039.800,2039.800,Pendiente,No Facturado,PENDIENTE_DE_FACTURAR,PENDIENTE_DE_PAGO,SIN_CUBRIR,,REPORTE 09-14 FEBRERO 2026,REVIEW,
163,2026-02-06,24341,MONROE,EXACT,REBABA,REBABA,REBABA,SOURCE,EXACT,5720.000,4860.000,860.000,0.000,0.000,0.000,0.000,860.000,860.000,2.170,2.270,DIFFERS,0.000,1866.200,1866.200,Pendiente,No Facturado,PENDIENTE_DE_FACTURAR,PENDIENTE_DE_PAGO,SIN_CUBRIR,,REPORTE 03-07 FEBRERO 2026,REVIEW,
164,2026-02-06,24342,MONROE,EXACT,REBABA,REBABA,REBABA,SOURCE,EXACT,5870.000,4670.000,1200.000,0.000,0.000,0.000,0.000,1200.000,1200.000,2.170,2.270,DIFFERS,0.000,2604.000,2604.000,Pendiente,No Facturado,PENDIENTE_DE_FACTURAR,PENDIENTE_DE_PAGO,SIN_CUBRIR,,REPORTE 03-07 FEBRERO 2026,REVIEW,
165,2026-02-03,24316,MONROE,EXACT,REBABA,REBABA,REBABA,SOURCE,EXACT,5800.000,4730.000,1070.000,0.000,0.000,0.000,0.000,1070.000,1070.000,2.170,2.270,DIFFERS,0.000,2321.900,2321.900,Pendiente,No Facturado,PENDIENTE_DE_FACTURAR,PENDIENTE_DE_PAGO,SIN_CUBRIR,,REPORTE 03-07 FEBRERO 2026,REVIEW,
166,2026-02-03,24315,MONROE,EXACT,REBABA,REBABA,REBABA,SOURCE,EXACT,5920.000,5220.000,700.000,0.000,0.000,0.000,0.000,700.000,700.000,2.170,2.270,DIFFERS,0.000,1519.000,1519.000,Pendiente,No Facturado,PENDIENTE_DE_FACTURAR,PENDIENTE_DE_PAGO,SIN_CUBRIR,,REPORTE 03-07 FEBRERO 2026,REVIEW,
167,2026-01-29,24292,MONROE,EXACT,REBABA,REBABA,REBABA,SOURCE,EXACT,5680.000,4860.000,820.000,0.000,0.000,0.000,0.000,820.000,820.000,2.050,2.270,DIFFERS,0.000,1681.000,1681.000,Pendiente,No Facturado,PENDIENTE_DE_FACTURAR,PENDIENTE_DE_PAGO,SIN_CUBRIR,,REPORTE 26-31 ENERO 2026,REVIEW,
168,2026-01-29,24294,MONROE,EXACT,REBABA,REBABA,REBABA,SOURCE,EXACT,6000.000,4670.000,1330.000,0.000,0.000,0.000,0.000,1330.000,1330.000,2.050,2.270,DIFFERS,0.000,2726.500,2726.500,Pendiente,No Facturado,PENDIENTE_DE_FACTURAR,PENDIENTE_DE_PAGO,SIN_CUBRIR,,REPORTE 26-31 ENERO 2026,REVIEW,
169,2026-01-26,24261,MONROE,EXACT,REBABA,REBABA,REBABA,SOURCE,EXACT,6350.000,4690.000,1660.000,0.000,0.000,0.000,0.000,1660.000,1660.000,2.050,2.270,DIFFERS,0.000,3403.000,3403.000,Pendiente,No Facturado,PENDIENTE_DE_FACTURAR,PENDIENTE_DE_PAGO,SIN_CUBRIR,,REPORTE 26-31 ENERO 2026,REVIEW,
170,2026-01-26,24259,MONROE,EXACT,REBABA,REBABA,REBABA,SOURCE,EXACT,5880.000,5020.000,860.000,0.000,0.000,0.000,0.000,860.000,860.000,2.050,2.270,DIFFERS,0.000,1763.000,1763.000,Pendiente,No Facturado,PENDIENTE_DE_FACTURAR,PENDIENTE_DE_PAGO,SIN_CUBRIR,,REPORTE 26-31 ENERO 2026,REVIEW,
171,2026-01-22,24245,MONROE,EXACT,REBABA,REBABA,REBABA,SOURCE,EXACT,5850.000,4740.000,1110.000,0.000,0.000,0.000,0.000,1110.000,1110.000,2.050,2.270,DIFFERS,0.000,2275.500,2275.500,Pendiente,No Facturado,PENDIENTE_DE_FACTURAR,PENDIENTE_DE_PAGO,SIN_CUBRIR,,REPORTE 19-24 ENERO 2026,REVIEW,
172,2026-01-22,24244,MONROE,EXACT,REBABA,REBABA,REBABA,SOURCE,EXACT,5610.000,4880.000,730.000,0.000,0.000,0.000,0.000,730.000,730.000,2.050,2.270,DIFFERS,0.000,1496.500,1496.500,Pendiente,No Facturado,PENDIENTE_DE_FACTURAR,PENDIENTE_DE_PAGO,SIN_CUBRIR,,REPORTE 19-24 ENERO 2026,REVIEW,
173,2026-01-19,24225,MONROE,EXACT,REBABA,REBABA,REBABA,SOURCE,EXACT,6380.000,4710.000,1670.000,0.000,0.000,0.000,0.000,1670.000,1670.000,2.050,2.270,DIFFERS,0.000,3423.500,3423.500,Pendiente,No Facturado,PENDIENTE_DE_FACTURAR,PENDIENTE_DE_PAGO,SIN_CUBRIR,,REPORTE 19-24 ENERO 2026,REVIEW,
174,2026-01-19,24223,MONROE,EXACT,REBABA,REBABA,REBABA,SOURCE,EXACT,5650.000,5060.000,590.000,0.000,0.000,0.000,0.000,590.000,590.000,2.050,2.270,DIFFERS,0.000,1209.500,1209.500,Pendiente,No Facturado,PENDIENTE_DE_FACTURAR,PENDIENTE_DE_PAGO,SIN_CUBRIR,,REPORTE 19-24 ENERO 2026,REVIEW,
175,2026-01-15,24199,MONROE,EXACT,REBABA,REBABA,REBABA,SOURCE,EXACT,6110.000,4650.000,1460.000,0.000,0.000,0.000,0.000,1460.000,1460.000,2.050,2.270,DIFFERS,0.000,2993.000,2993.000,Pendiente,No Facturado,PENDIENTE_DE_FACTURAR,PENDIENTE_DE_PAGO,SIN_CUBRIR,,REPORTE 12-17 ENERO 2026,REVIEW,
176,2026-01-15,24201,MONROE,EXACT,REBABA,REBABA,REBABA,SOURCE,EXACT,5660.000,4840.000,820.000,0.000,0.000,0.000,0.000,820.000,820.000,2.050,2.270,DIFFERS,0.000,1681.000,1681.000,Pendiente,No Facturado,PENDIENTE_DE_FACTURAR,PENDIENTE_DE_PAGO,SIN_CUBRIR,,REPORTE 12-17 ENERO 2026,REVIEW,
177,2026-01-12,24160,MONROE,EXACT,REBABA,REBABA,REBABA,SOURCE,EXACT,6650.000,4700.000,1950.000,0.000,0.000,0.000,0.000,1950.000,1950.000,2.050,2.270,DIFFERS,0.000,3997.500,3997.500,Pendiente,No Facturado,PENDIENTE_DE_FACTURAR,PENDIENTE_DE_PAGO,SIN_CUBRIR,,REPORTE 12-17 ENERO 2026,REVIEW,
178,2026-01-12,24163,MONROE,EXACT,REBABA,REBABA,REBABA,SOURCE,EXACT,5710.000,4860.000,850.000,0.000,0.000,0.000,0.000,850.000,850.000,2.050,2.270,DIFFERS,0.000,1742.500,1742.500,Pendiente,No Facturado,PENDIENTE_DE_FACTURAR,PENDIENTE_DE_PAGO,SIN_CUBRIR,,REPORTE 12-17 ENERO 2026,REVIEW,
179,2026-01-05,24130,MONROE,EXACT,REBABA,REBABA,REBABA,SOURCE,EXACT,6540.000,4720.000,1820.000,0.000,0.000,0.000,0.000,1820.000,1820.000,2.050,2.270,DIFFERS,0.000,3731.000,3731.000,Pendiente,No Facturado,PENDIENTE_DE_FACTURAR,PENDIENTE_DE_PAGO,SIN_CUBRIR,,REPORTE 02-09 ENERO 2026,REVIEW,
180,2026-01-05,24128,MONROE,EXACT,REBABA,REBABA,REBABA,SOURCE,EXACT,5930.000,4840.000,1090.000,0.000,0.000,0.000,0.000,1090.000,1090.000,2.050,2.270,DIFFERS,0.000,2234.500,2234.500,Pendiente,No Facturado,PENDIENTE_DE_FACTURAR,PENDIENTE_DE_PAGO,SIN_CUBRIR,,REPORTE 02-09 ENERO 2026,REVIEW,
181,2025-12-11,24042,MONROE,EXACT,REBABA,REBABA,REBABA,SOURCE,EXACT,5770.000,4870.000,900.000,0.000,0.000,0.000,0.000,900.000,900.000,1.980,2.270,DIFFERS,0.000,1782.000,1782.000,Pendiente,No Facturado,PENDIENTE_DE_FACTURAR,PENDIENTE_DE_PAGO,SIN_CUBRIR,,Reporte 08-12 diciembre 2025,REVIEW,
182,2025-12-11,24044,MONROE,EXACT,REBABA,REBABA,REBABA,SOURCE,EXACT,6140.000,4680.000,1460.000,0.000,0.000,0.000,0.000,1460.000,1460.000,1.980,2.270,DIFFERS,0.000,2890.800,2890.800,Pendiente,No Facturado,PENDIENTE_DE_FACTURAR,PENDIENTE_DE_PAGO,SIN_CUBRIR,,Reporte 08-12 diciembre 2025,REVIEW,
183,2025-12-08,5264,MONROE,EXACT,REBABA,REBABA,REBABA,SOURCE,EXACT,5900.000,5150.000,750.000,0.000,0.000,0.000,0.000,750.000,750.000,1.980,2.270,DIFFERS,0.000,1485.000,1485.000,Pendiente,No Facturado,PENDIENTE_DE_FACTURAR,PENDIENTE_DE_PAGO,SIN_CUBRIR,,Reporte 08-12 diciembre 2025,REVIEW,
184,2025-12-08,24002,MONROE,EXACT,REBABA,REBABA,REBABA,SOURCE,EXACT,5170.000,4700.000,470.000,0.000,0.000,0.000,0.000,470.000,470.000,1.980,2.270,DIFFERS,0.000,930.600,930.600,Pendiente,No Facturado,PENDIENTE_DE_FACTURAR,PENDIENTE_DE_PAGO,SIN_CUBRIR,,Reporte 08-12 diciembre 2025,REVIEW,
185,2025-12-04,5217,MONROE,EXACT,REBABA,REBABA,REBABA,SOURCE,EXACT,6220.000,4670.000,1550.000,0.000,0.000,0.000,0.000,1550.000,1550.000,1.980,2.270,DIFFERS,0.000,3069.000,3069.000,Pendiente,Facturado,FACTURADO,PENDIENTE_DE_PAGO,SIN_CUBRIR,,Reporte 01-06 diciembre 2025,REVIEW,
186,2025-12-01,23993,MONROE,EXACT,REBABA,REBABA,REBABA,SOURCE,EXACT,6700.000,4690.000,2010.000,0.000,0.000,0.000,0.000,2010.000,2010.000,1.980,2.270,DIFFERS,0.000,3979.800,3979.800,Pendiente,Facturado,FACTURADO,PENDIENTE_DE_PAGO,SIN_CUBRIR,,Reporte 01-06 diciembre 2025,REVIEW,
187,2025-12-01,23998,MONROE,EXACT,REBABA,REBABA,REBABA,SOURCE,EXACT,5710.000,4860.000,850.000,0.000,0.000,0.000,0.000,850.000,850.000,1.980,2.270,DIFFERS,0.000,1683.000,1683.000,Pendiente,Facturado,FACTURADO,PENDIENTE_DE_PAGO,SIN_CUBRIR,,Reporte 01-06 diciembre 2025,REVIEW,
188,2025-11-24,23912,MONROE,EXACT,REBABA,REBABA,REBABA,SOURCE,EXACT,7360.000,4690.000,2670.000,0.000,0.000,0.000,0.000,2670.000,2670.000,1.990,2.270,DIFFERS,0.000,5313.300,5313.300,Pendiente,Facturado,FACTURADO,PENDIENTE_DE_PAGO,SIN_CUBRIR,,Reporte 24-28 noviembre  2025,REVIEW,
189,2025-11-24,23911,MONROE,EXACT,REBABA,REBABA,REBABA,SOURCE,EXACT,6060.000,5000.000,1060.000,0.000,0.000,0.000,0.000,1060.000,1060.000,1.990,2.270,DIFFERS,0.000,2109.400,2109.400,Pendiente,Facturado,FACTURADO,PENDIENTE_DE_PAGO,SIN_CUBRIR,,Reporte 24-28 noviembre  2025,REVIEW,
190,2025-11-11,1015,KS,EXACT,REBABA,REBABA,REBABA,SOURCE,EXACT,3460.000,0.000,3460.000,0.000,0.000,0.000,0.000,3460.000,3460.000,2.730,3.110,DIFFERS,0.000,9445.800,9445.800,Pendiente,Facturado,FACTURADO,PENDIENTE_DE_PAGO,SIN_CUBRIR,,,REVIEW,
191,2025-11-06,23819,MONROE,EXACT,REBABA,REBABA,REBABA,SOURCE,EXACT,6090.000,5060.000,1030.000,0.000,0.000,0.000,0.000,1030.000,1030.000,1.990,2.270,DIFFERS,0.000,2049.700,2049.700,Pendiente,No Facturado,PENDIENTE_DE_FACTURAR,PENDIENTE_DE_PAGO,SIN_CUBRIR,,Reporte 01-07 noviembre  2025,REVIEW,
192,2025-11-06,23820,MONROE,EXACT,REBABA,REBABA,REBABA,SOURCE,EXACT,6370.000,4700.000,1670.000,0.000,0.000,0.000,0.000,1670.000,1670.000,1.990,2.270,DIFFERS,0.000,3323.300,3323.300,Pendiente,No Facturado,PENDIENTE_DE_FACTURAR,PENDIENTE_DE_PAGO,SIN_CUBRIR,,Reporte 01-07 noviembre  2025,REVIEW,
193,2025-11-05,1011,KS,EXACT,REBABA,REBABA,REBABA,SOURCE,EXACT,2040.000,0.000,2040.000,0.000,0.000,0.000,0.000,2040.000,2040.000,2.730,3.110,DIFFERS,0.000,5569.200,5569.200,Pendiente,Facturado,FACTURADO,PENDIENTE_DE_PAGO,SIN_CUBRIR,,REPORTE NOVIEMBRE 2025,REVIEW,
194,2025-11-04,1010,KS,EXACT,REBABA,REBABA,REBABA,SOURCE,EXACT,1790.000,0.000,1790.000,0.000,0.000,0.000,0.000,1790.000,1790.000,2.730,3.110,DIFFERS,0.000,4886.700,4886.700,Pendiente,Facturado,FACTURADO,PENDIENTE_DE_PAGO,SIN_CUBRIR,,REPORTE NOVIEMBRE 2025,REVIEW,
195,2025-11-03,23794,MONROE,EXACT,REBABA,REBABA,REBABA,SOURCE,EXACT,5840.000,4840.000,1000.000,0.000,0.000,0.000,0.000,1000.000,1000.000,1.990,2.270,DIFFERS,0.000,1990.000,1990.000,Pendiente,No Facturado,PENDIENTE_DE_FACTURAR,PENDIENTE_DE_PAGO,SIN_CUBRIR,,Reporte 01-07 noviembre  2025,REVIEW,
196,2025-11-03,23796,MONROE,EXACT,REBABA,REBABA,REBABA,SOURCE,EXACT,7760.000,4640.000,3120.000,0.000,0.000,0.000,0.000,3120.000,3120.000,1.990,2.270,DIFFERS,0.000,6208.800,6208.800,Pendiente,No Facturado,PENDIENTE_DE_FACTURAR,PENDIENTE_DE_PAGO,SIN_CUBRIR,,Reporte 01-07 noviembre  2025,REVIEW,
197,2025-10-20,23714,MONROE,EXACT,REBABA,REBABA,REBABA,SOURCE,EXACT,5770.000,5070.000,700.000,0.000,0.000,0.000,0.000,700.000,700.000,2.010,2.270,DIFFERS,0.000,1407.000,1407.000,Pendiente,Facturado,FACTURADO,PENDIENTE_DE_PAGO,SIN_CUBRIR,,Reporte 20-24 octubre 2025,REVIEW,
198,2025-10-13,23674,MONROE,EXACT,REBABA,REBABA,REBABA,SOURCE,EXACT,6450.000,4710.000,1740.000,0.000,0.000,0.000,0.000,1740.000,1740.000,2.010,2.270,DIFFERS,0.000,3497.400,3497.400,Pendiente,Facturado,FACTURADO,PENDIENTE_DE_PAGO,SIN_CUBRIR,,Reporte 13-17 octubre 2025,REVIEW,
199,2025-09-08,23548,MONROE,EXACT,REBABA,REBABA,REBABA,SOURCE,EXACT,5620.000,4840.000,780.000,0.000,0.000,0.000,0.000,780.000,780.000,2.040,2.270,DIFFERS,0.000,1591.200,1591.200,Pendiente,Facturado,FACTURADO,PENDIENTE_DE_PAGO,SIN_CUBRIR,,Reporte 08-12 septiembre 2025,REVIEW,
200,2025-09-04,23536,MONROE,EXACT,REBABA,REBABA,REBABA,SOURCE,EXACT,6260.000,4700.000,1560.000,0.000,0.000,0.000,0.000,1560.000,1560.000,2.040,2.270,DIFFERS,0.000,3182.400,3182.400,Pendiente,No Facturado,PENDIENTE_DE_FACTURAR,PENDIENTE_DE_PAGO,SIN_CUBRIR,,Reporte 01-05 septiembre 2025,REVIEW,
201,2025-09-04,23535,MONROE,EXACT,REBABA,REBABA,REBABA,SOURCE,EXACT,5740.000,5050.000,690.000,0.000,0.000,0.000,0.000,690.000,690.000,2.040,2.270,DIFFERS,0.000,1407.600,1407.600,Pendiente,No Facturado,PENDIENTE_DE_FACTURAR,PENDIENTE_DE_PAGO,SIN_CUBRIR,,Reporte 01-05 septiembre 2025,REVIEW,
202,2025-09-01,3239,MONROE,EXACT,REBABA,REBABA,REBABA,SOURCE,EXACT,5580.000,4850.000,730.000,0.000,0.000,0.000,0.000,730.000,730.000,2.040,2.270,DIFFERS,0.000,1489.200,1489.200,Pendiente,No Facturado,PENDIENTE_DE_FACTURAR,PENDIENTE_DE_PAGO,SIN_CUBRIR,,Reporte 01-05 septiembre 2025,REVIEW,
203,2025-09-01,23524,MONROE,EXACT,REBABA,REBABA,REBABA,SOURCE,EXACT,6110.000,4670.000,1440.000,0.000,0.000,0.000,0.000,1440.000,1440.000,2.040,2.270,DIFFERS,0.000,2937.600,2937.600,Pendiente,No Facturado,PENDIENTE_DE_FACTURAR,PENDIENTE_DE_PAGO,SIN_CUBRIR,,Reporte 01-05 septiembre 2025,REVIEW,
204,2024-02-01,19501,MONROE,EXACT,REBABA,REBABA,REBABA,SOURCE,EXACT,6450.000,4710.000,1740.000,0.000,0.000,0.000,0.000,1740.000,1740.000,3.450,2.270,DIFFERS,0.000,6003.000,6003.000,Pendiente,No Facturado,PENDIENTE_DE_FACTURAR,PENDIENTE_DE_PAGO,SIN_CUBRIR,Reporte del 01-02 febrero 2024,Reporte del 01-02 febrero 2024,REVIEW,
205,2024-02-01,19503,MONROE,EXACT,REBABA,REBABA,REBABA,SOURCE,EXACT,5770.000,4850.000,920.000,0.000,0.000,0.000,0.000,920.000,920.000,3.450,2.270,DIFFERS,0.000,3174.000,3174.000,Pendiente,No Facturado,PENDIENTE_DE_FACTURAR,PENDIENTE_DE_PAGO,SIN_CUBRIR,Reporte del 01-02 febrero 2024,Reporte del 01-02 febrero 2024,REVIEW,
206,2026-06-05,46310,AVON,EXACT,PLASTICO MIXTO,PLASTICO,PLASTICO MIXTO,SOURCE,EXACT,5530.000,5320.000,210.000,0.000,0.000,0.000,0.000,210.000,210.000,1.200,1.200,MATCH,0.000,252.000,252.000,Pendiente,No Facturado,PENDIENTE_DE_FACTURAR,PENDIENTE_DE_PAGO,SIN_CUBRIR,,CORTE 01-06 JUNIO 2026,IMPORTABLE,
207,2026-06-04,46303,AVON,EXACT,PLASTICO MIXTO,PLASTICO,PLASTICO MIXTO,SOURCE,EXACT,5790.000,5320.000,470.000,0.000,0.000,0.000,0.000,470.000,470.000,1.200,1.200,MATCH,0.000,564.000,564.000,Pendiente,No Facturado,PENDIENTE_DE_FACTURAR,PENDIENTE_DE_PAGO,SIN_CUBRIR,,CORTE 01-06 JUNIO 2026,IMPORTABLE,
208,2026-06-04,46304,AVON,EXACT,PLASTICO MIXTO,PLASTICO,PLASTICO MIXTO,SOURCE,EXACT,6170.000,5495.000,675.000,0.000,0.000,0.000,0.000,675.000,675.000,1.200,1.200,MATCH,0.000,810.000,810.000,Pendiente,No Facturado,PENDIENTE_DE_FACTURAR,PENDIENTE_DE_PAGO,SIN_CUBRIR,,CORTE 01-06 JUNIO 2026,IMPORTABLE,
209,2026-06-03,46293,AVON,EXACT,PLASTICO MIXTO,PLASTICO,PLASTICO MIXTO,SOURCE,EXACT,5850.000,5320.000,530.000,0.000,0.000,0.000,0.000,530.000,530.000,1.200,1.200,MATCH,0.000,636.000,636.000,Pendiente,No Facturado,PENDIENTE_DE_FACTURAR,PENDIENTE_DE_PAGO,SIN_CUBRIR,,CORTE 01-06 JUNIO 2026,IMPORTABLE,
210,2026-06-01,46276,AVON,EXACT,PLASTICO MIXTO,PLASTICO,PLASTICO MIXTO,SOURCE,EXACT,5800.000,5320.000,480.000,0.000,0.000,0.000,0.000,480.000,480.000,1.200,1.200,MATCH,0.000,576.000,576.000,Pendiente,No Facturado,PENDIENTE_DE_FACTURAR,PENDIENTE_DE_PAGO,SIN_CUBRIR,,CORTE 01-06 JUNIO 2026,IMPORTABLE,
211,2026-05-29,46266,AVON,EXACT,PLASTICO MIXTO,PLASTICO,PLASTICO MIXTO,SOURCE,EXACT,6090.000,5495.000,595.000,0.000,0.000,0.000,0.000,595.000,595.000,1.200,1.200,MATCH,0.000,714.000,714.000,Pendiente,No Facturado,PENDIENTE_DE_FACTURAR,PENDIENTE_DE_PAGO,SIN_CUBRIR,,CORTE 25-30 MAYO 2026,IMPORTABLE,
212,2026-05-28,46258,AVON,EXACT,PLASTICO MIXTO,PLASTICO,PLASTICO MIXTO,SOURCE,EXACT,5950.000,5320.000,630.000,0.000,0.000,0.000,0.000,630.000,630.000,1.200,1.200,MATCH,0.000,756.000,756.000,Pendiente,No Facturado,PENDIENTE_DE_FACTURAR,PENDIENTE_DE_PAGO,SIN_CUBRIR,,CORTE 25-30 MAYO 2026,IMPORTABLE,
213,2026-05-27,46247,AVON,EXACT,PLASTICO MIXTO,PLASTICO,PLASTICO MIXTO,SOURCE,EXACT,5960.000,5495.000,465.000,0.000,0.000,0.000,0.000,465.000,465.000,1.200,1.200,MATCH,0.000,558.000,558.000,Pendiente,No Facturado,PENDIENTE_DE_FACTURAR,PENDIENTE_DE_PAGO,SIN_CUBRIR,,CORTE 25-30 MAYO 2026,IMPORTABLE,
214,2026-05-25,46229,AVON,EXACT,PLASTICO MIXTO,PLASTICO,PLASTICO MIXTO,SOURCE,EXACT,5850.000,5495.000,355.000,0.000,0.000,0.000,0.000,355.000,355.000,1.200,1.200,MATCH,0.000,426.000,426.000,Pendiente,No Facturado,PENDIENTE_DE_FACTURAR,PENDIENTE_DE_PAGO,SIN_CUBRIR,,CORTE 25-30 MAYO 2026,IMPORTABLE,
215,2026-05-22,46219,AVON,EXACT,PLASTICO MIXTO,PLASTICO,PLASTICO MIXTO,SOURCE,EXACT,5850.000,5320.000,530.000,0.000,0.000,0.000,0.000,530.000,530.000,1.200,1.200,MATCH,0.000,636.000,636.000,Pendiente,No Facturado,PENDIENTE_DE_FACTURAR,PENDIENTE_DE_PAGO,SIN_CUBRIR,,CORTE 18-23 MAYO 2026,IMPORTABLE,
216,2026-05-22,46222,AVON,EXACT,PLASTICO MIXTO,PLASTICO,PLASTICO MIXTO,SOURCE,EXACT,5970.000,5495.000,475.000,0.000,0.000,0.000,0.000,475.000,475.000,1.200,1.200,MATCH,0.000,570.000,570.000,Pendiente,No Facturado,PENDIENTE_DE_FACTURAR,PENDIENTE_DE_PAGO,SIN_CUBRIR,,CORTE 18-23 MAYO 2026,IMPORTABLE,
217,2026-05-21,46213,AVON,EXACT,PLASTICO MIXTO,PLASTICO,PLASTICO MIXTO,SOURCE,EXACT,6030.000,5495.000,535.000,0.000,0.000,0.000,0.000,535.000,535.000,1.200,1.200,MATCH,0.000,642.000,642.000,Pendiente,No Facturado,PENDIENTE_DE_FACTURAR,PENDIENTE_DE_PAGO,SIN_CUBRIR,,CORTE 18-23 MAYO 2026,IMPORTABLE,
218,2026-05-20,46195,AVON,EXACT,PLASTICO MIXTO,PLASTICO,PLASTICO MIXTO,SOURCE,EXACT,5850.000,5320.000,530.000,0.000,0.000,0.000,0.000,530.000,530.000,1.200,1.200,MATCH,0.000,636.000,636.000,Pendiente,No Facturado,PENDIENTE_DE_FACTURAR,PENDIENTE_DE_PAGO,SIN_CUBRIR,,CORTE 18-23 MAYO 2026,IMPORTABLE,
219,2026-05-20,46197,AVON,EXACT,PLASTICO MIXTO,PLASTICO,PLASTICO MIXTO,SOURCE,EXACT,6000.000,5495.000,505.000,0.000,0.000,0.000,0.000,505.000,505.000,1.200,1.200,MATCH,0.000,606.000,606.000,Pendiente,No Facturado,PENDIENTE_DE_FACTURAR,PENDIENTE_DE_PAGO,SIN_CUBRIR,,CORTE 18-23 MAYO 2026,IMPORTABLE,
220,2026-05-18,46178,AVON,EXACT,PLASTICO MIXTO,PLASTICO,PLASTICO MIXTO,SOURCE,EXACT,5780.000,5320.000,460.000,0.000,0.000,0.000,0.000,460.000,460.000,1.200,1.200,MATCH,0.000,552.000,552.000,Pendiente,No Facturado,PENDIENTE_DE_FACTURAR,PENDIENTE_DE_PAGO,SIN_CUBRIR,,CORTE 18-23 MAYO 2026,IMPORTABLE,
221,2026-05-15,46171,AVON,EXACT,PLASTICO MIXTO,PLASTICO,PLASTICO MIXTO,SOURCE,EXACT,6070.000,5495.000,575.000,0.000,0.000,0.000,0.000,575.000,575.000,1.200,1.200,MATCH,0.000,690.000,690.000,Pendiente,No Facturado,PENDIENTE_DE_FACTURAR,PENDIENTE_DE_PAGO,SIN_CUBRIR,,CORTE 11-16 MAYO 2026,IMPORTABLE,
222,2026-05-15,46166,AVON,EXACT,PLASTICO MIXTO,PLASTICO,PLASTICO MIXTO,SOURCE,EXACT,5830.000,5320.000,510.000,0.000,0.000,0.000,0.000,510.000,510.000,1.200,1.200,MATCH,0.000,612.000,612.000,Pendiente,No Facturado,PENDIENTE_DE_FACTURAR,PENDIENTE_DE_PAGO,SIN_CUBRIR,,CORTE 11-16 MAYO 2026,IMPORTABLE,
223,2026-05-13,46146,AVON,EXACT,PLASTICO MIXTO,PLASTICO,PLASTICO MIXTO,SOURCE,EXACT,5780.000,5320.000,460.000,0.000,0.000,0.000,0.000,460.000,460.000,1.200,1.200,MATCH,0.000,552.000,552.000,Pendiente,No Facturado,PENDIENTE_DE_FACTURAR,PENDIENTE_DE_PAGO,SIN_CUBRIR,,CORTE 11-16 MAYO 2026,IMPORTABLE,
224,2026-05-13,46142,AVON,EXACT,PLASTICO MIXTO,PLASTICO,PLASTICO MIXTO,SOURCE,EXACT,6020.000,5495.000,525.000,0.000,0.000,0.000,0.000,525.000,525.000,1.200,1.200,MATCH,0.000,630.000,630.000,Pendiente,No Facturado,PENDIENTE_DE_FACTURAR,PENDIENTE_DE_PAGO,SIN_CUBRIR,,CORTE 11-16 MAYO 2026,IMPORTABLE,
225,2026-05-12,46136,AVON,EXACT,PLASTICO MIXTO,PLASTICO,PLASTICO MIXTO,SOURCE,EXACT,5820.000,5320.000,500.000,0.000,0.000,0.000,0.000,500.000,500.000,1.200,1.200,MATCH,0.000,600.000,600.000,Pendiente,No Facturado,PENDIENTE_DE_FACTURAR,PENDIENTE_DE_PAGO,SIN_CUBRIR,,CORTE 11-16 MAYO 2026,IMPORTABLE,
226,2026-05-11,46125,AVON,EXACT,PLASTICO MIXTO,PLASTICO,PLASTICO MIXTO,SOURCE,EXACT,6060.000,5495.000,565.000,0.000,0.000,0.000,0.000,565.000,565.000,1.200,1.200,MATCH,0.000,678.000,678.000,Pendiente,No Facturado,PENDIENTE_DE_FACTURAR,PENDIENTE_DE_PAGO,SIN_CUBRIR,,CORTE 11-16 MAYO 2026,IMPORTABLE,
227,2026-05-08,46110,AVON,EXACT,PLASTICO MIXTO,PLASTICO,PLASTICO MIXTO,SOURCE,EXACT,6030.000,5495.000,535.000,0.000,0.000,0.000,0.000,535.000,535.000,1.200,1.200,MATCH,0.000,642.000,642.000,Pendiente,No Facturado,PENDIENTE_DE_FACTURAR,PENDIENTE_DE_PAGO,SIN_CUBRIR,,CORTE 01-09 MAYO 2026,IMPORTABLE,
228,2026-05-07,46094,AVON,EXACT,PLASTICO MIXTO,PLASTICO,PLASTICO MIXTO,SOURCE,EXACT,6070.000,5495.000,575.000,0.000,0.000,0.000,0.000,575.000,575.000,1.200,1.200,MATCH,0.000,690.000,690.000,Pendiente,No Facturado,PENDIENTE_DE_FACTURAR,PENDIENTE_DE_PAGO,SIN_CUBRIR,,CORTE 01-09 MAYO 2026,IMPORTABLE,
229,2026-05-07,46099,AVON,EXACT,PLASTICO MIXTO,PLASTICO,PLASTICO MIXTO,SOURCE,EXACT,5890.000,5320.000,570.000,0.000,0.000,0.000,0.000,570.000,570.000,1.200,1.200,MATCH,0.000,684.000,684.000,Pendiente,No Facturado,PENDIENTE_DE_FACTURAR,PENDIENTE_DE_PAGO,SIN_CUBRIR,,CORTE 01-09 MAYO 2026,IMPORTABLE,
230,2026-05-05,46073,AVON,EXACT,PLASTICO MIXTO,PLASTICO,PLASTICO MIXTO,SOURCE,EXACT,6010.000,5495.000,515.000,0.000,0.000,0.000,0.000,515.000,515.000,1.200,1.200,MATCH,0.000,618.000,618.000,Pendiente,No Facturado,PENDIENTE_DE_FACTURAR,PENDIENTE_DE_PAGO,SIN_CUBRIR,,CORTE 01-09 MAYO 2026,IMPORTABLE,
231,2026-05-04,46066,AVON,EXACT,PLASTICO MIXTO,PLASTICO,PLASTICO MIXTO,SOURCE,EXACT,5730.000,5320.000,410.000,0.000,0.000,0.000,0.000,410.000,410.000,1.200,1.200,MATCH,0.000,492.000,492.000,Pendiente,No Facturado,PENDIENTE_DE_FACTURAR,PENDIENTE_DE_PAGO,SIN_CUBRIR,,CORTE 01-09 MAYO 2026,IMPORTABLE,
232,2026-04-30,46053,AVON,EXACT,PLASTICO MIXTO,PLASTICO,PLASTICO MIXTO,SOURCE,EXACT,5780.000,5320.000,460.000,0.000,0.000,0.000,0.000,460.000,460.000,1.200,1.200,MATCH,0.000,552.000,552.000,Pendiente,No Facturado,PENDIENTE_DE_FACTURAR,PENDIENTE_DE_PAGO,SIN_CUBRIR,,CORTE 27-30 ABRIL 2026,IMPORTABLE,
233,2026-04-30,46048,AVON,EXACT,PLASTICO MIXTO,PLASTICO,PLASTICO MIXTO,SOURCE,EXACT,6050.000,5495.000,555.000,0.000,0.000,0.000,0.000,555.000,555.000,1.200,1.200,MATCH,0.000,666.000,666.000,Pendiente,No Facturado,PENDIENTE_DE_FACTURAR,PENDIENTE_DE_PAGO,SIN_CUBRIR,,CORTE 27-30 ABRIL 2026,IMPORTABLE,
234,2026-04-28,46028,AVON,EXACT,PLASTICO MIXTO,PLASTICO,PLASTICO MIXTO,SOURCE,EXACT,6010.000,5495.000,515.000,0.000,0.000,0.000,0.000,515.000,515.000,1.200,1.200,MATCH,0.000,618.000,618.000,Pendiente,No Facturado,PENDIENTE_DE_FACTURAR,PENDIENTE_DE_PAGO,SIN_CUBRIR,,CORTE 27-30 ABRIL 2026,IMPORTABLE,
235,2026-04-28,46027,AVON,EXACT,PLASTICO MIXTO,PLASTICO,PLASTICO MIXTO,SOURCE,EXACT,5740.000,5320.000,420.000,0.000,0.000,0.000,0.000,420.000,420.000,1.200,1.200,MATCH,0.000,504.000,504.000,Pendiente,No Facturado,PENDIENTE_DE_FACTURAR,PENDIENTE_DE_PAGO,SIN_CUBRIR,,CORTE 27-30 ABRIL 2026,IMPORTABLE,
236,2026-04-28,46024,AVON,EXACT,PLASTICO MIXTO,PLASTICO,PLASTICO MIXTO,SOURCE,EXACT,5980.000,5320.000,660.000,0.000,0.000,0.000,0.000,660.000,660.000,1.200,1.200,MATCH,0.000,792.000,792.000,Pendiente,No Facturado,PENDIENTE_DE_FACTURAR,PENDIENTE_DE_PAGO,SIN_CUBRIR,,CORTE 27-30 ABRIL 2026,IMPORTABLE,
237,2026-04-24,45998,AVON,EXACT,PLASTICO MIXTO,PLASTICO,PLASTICO MIXTO,SOURCE,EXACT,5810.000,5495.000,315.000,0.000,0.000,0.000,0.000,315.000,315.000,1.200,1.200,MATCH,0.000,378.000,378.000,Pendiente,No Facturado,PENDIENTE_DE_FACTURAR,PENDIENTE_DE_PAGO,SIN_CUBRIR,,CORTE 20-25 ABRIL 2026,IMPORTABLE,
238,2026-04-23,45991,AVON,EXACT,PLASTICO MIXTO,PLASTICO,PLASTICO MIXTO,SOURCE,EXACT,5670.000,5320.000,350.000,0.000,0.000,0.000,0.000,350.000,350.000,1.200,1.200,MATCH,0.000,420.000,420.000,Pendiente,No Facturado,PENDIENTE_DE_FACTURAR,PENDIENTE_DE_PAGO,SIN_CUBRIR,,CORTE 20-25 ABRIL 2026,IMPORTABLE,
239,2026-04-23,45993,AVON,EXACT,PLASTICO MIXTO,PLASTICO,PLASTICO MIXTO,SOURCE,EXACT,6150.000,5495.000,655.000,0.000,0.000,0.000,0.000,655.000,655.000,1.200,1.200,MATCH,0.000,786.000,786.000,Pendiente,No Facturado,PENDIENTE_DE_FACTURAR,PENDIENTE_DE_PAGO,SIN_CUBRIR,,CORTE 20-25 ABRIL 2026,IMPORTABLE,
240,2026-04-22,45980,AVON,EXACT,PLASTICO MIXTO,PLASTICO,PLASTICO MIXTO,SOURCE,EXACT,5900.000,5320.000,580.000,0.000,0.000,0.000,0.000,580.000,580.000,1.200,1.200,MATCH,0.000,696.000,696.000,Pendiente,No Facturado,PENDIENTE_DE_FACTURAR,PENDIENTE_DE_PAGO,SIN_CUBRIR,,CORTE 20-25 ABRIL 2026,IMPORTABLE,
241,2026-04-21,45971,AVON,EXACT,PLASTICO MIXTO,PLASTICO,PLASTICO MIXTO,SOURCE,EXACT,6000.000,5495.000,505.000,0.000,0.000,0.000,0.000,505.000,505.000,1.200,1.200,MATCH,0.000,606.000,606.000,Pendiente,No Facturado,PENDIENTE_DE_FACTURAR,PENDIENTE_DE_PAGO,SIN_CUBRIR,,CORTE 20-25 ABRIL 2026,IMPORTABLE,
242,2026-04-20,45959,AVON,EXACT,PLASTICO MIXTO,PLASTICO,PLASTICO MIXTO,SOURCE,EXACT,5900.000,5320.000,580.000,0.000,0.000,0.000,0.000,580.000,580.000,1.200,1.200,MATCH,0.000,696.000,696.000,Pendiente,No Facturado,PENDIENTE_DE_FACTURAR,PENDIENTE_DE_PAGO,SIN_CUBRIR,,CORTE 20-25 ABRIL 2026,IMPORTABLE,
243,2026-04-17,45945,AVON,EXACT,PLASTICO MIXTO,PLASTICO,PLASTICO MIXTO,SOURCE,EXACT,5980.000,5495.000,485.000,0.000,0.000,0.000,0.000,485.000,485.000,1.200,1.200,MATCH,0.000,582.000,582.000,Pendiente,No Facturado,PENDIENTE_DE_FACTURAR,PENDIENTE_DE_PAGO,SIN_CUBRIR,,CORTE 13-18 ABRIL 2026,IMPORTABLE,
244,2026-04-17,45949,AVON,EXACT,PLASTICO MIXTO,PLASTICO,PLASTICO MIXTO,SOURCE,EXACT,5900.000,5320.000,580.000,0.000,0.000,0.000,0.000,580.000,580.000,1.200,1.200,MATCH,0.000,696.000,696.000,Pendiente,No Facturado,PENDIENTE_DE_FACTURAR,PENDIENTE_DE_PAGO,SIN_CUBRIR,,CORTE 13-18 ABRIL 2026,IMPORTABLE,
245,2026-04-15,45922,AVON,EXACT,PLASTICO MIXTO,PLASTICO,PLASTICO MIXTO,SOURCE,EXACT,5970.000,5495.000,475.000,0.000,0.000,0.000,0.000,475.000,475.000,1.200,1.200,MATCH,0.000,570.000,570.000,Pendiente,No Facturado,PENDIENTE_DE_FACTURAR,PENDIENTE_DE_PAGO,SIN_CUBRIR,,CORTE 13-18 ABRIL 2026,IMPORTABLE,
246,2026-04-14,45915,AVON,EXACT,PLASTICO MIXTO,PLASTICO,PLASTICO MIXTO,SOURCE,EXACT,6020.000,5495.000,525.000,0.000,0.000,0.000,0.000,525.000,525.000,1.200,1.200,MATCH,0.000,630.000,630.000,Pendiente,No Facturado,PENDIENTE_DE_FACTURAR,PENDIENTE_DE_PAGO,SIN_CUBRIR,,CORTE 13-18 ABRIL 2026,IMPORTABLE,
247,2026-04-13,45905,AVON,EXACT,PLASTICO MIXTO,PLASTICO,PLASTICO MIXTO,SOURCE,EXACT,5890.000,5320.000,570.000,0.000,0.000,0.000,0.000,570.000,570.000,1.200,1.200,MATCH,0.000,684.000,684.000,Pendiente,No Facturado,PENDIENTE_DE_FACTURAR,PENDIENTE_DE_PAGO,SIN_CUBRIR,,CORTE 13-18 ABRIL 2026,IMPORTABLE,
248,2026-04-10,45890,AVON,EXACT,PLASTICO MIXTO,PLASTICO,PLASTICO MIXTO,SOURCE,EXACT,5740.000,5320.000,420.000,0.000,0.000,0.000,0.000,420.000,420.000,1.200,1.200,MATCH,0.000,504.000,504.000,Pendiente,No Facturado,PENDIENTE_DE_FACTURAR,PENDIENTE_DE_PAGO,SIN_CUBRIR,,CORTE 06-11 ABRIL 2026,IMPORTABLE,
249,2026-04-09,45880,AVON,EXACT,PLASTICO MIXTO,PLASTICO,PLASTICO MIXTO,SOURCE,EXACT,5800.000,5320.000,480.000,0.000,0.000,0.000,0.000,480.000,480.000,1.200,1.200,MATCH,0.000,576.000,576.000,Pendiente,No Facturado,PENDIENTE_DE_FACTURAR,PENDIENTE_DE_PAGO,SIN_CUBRIR,,CORTE 06-11 ABRIL 2026,IMPORTABLE,
250,2026-04-09,45878,AVON,EXACT,PLASTICO MIXTO,PLASTICO,PLASTICO MIXTO,SOURCE,EXACT,5990.000,5495.000,495.000,0.000,0.000,0.000,0.000,495.000,495.000,1.200,1.200,MATCH,0.000,594.000,594.000,Pendiente,No Facturado,PENDIENTE_DE_FACTURAR,PENDIENTE_DE_PAGO,SIN_CUBRIR,,CORTE 06-11 ABRIL 2026,IMPORTABLE,
251,2026-04-07,45865,AVON,EXACT,PLASTICO MIXTO,PLASTICO,PLASTICO MIXTO,SOURCE,EXACT,5960.000,5495.000,465.000,0.000,0.000,0.000,0.000,465.000,465.000,1.200,1.200,MATCH,0.000,558.000,558.000,Pendiente,No Facturado,PENDIENTE_DE_FACTURAR,PENDIENTE_DE_PAGO,SIN_CUBRIR,,CORTE 06-11 ABRIL 2026,IMPORTABLE,
252,2026-04-06,45859,AVON,EXACT,PLASTICO MIXTO,PLASTICO,PLASTICO MIXTO,SOURCE,EXACT,5790.000,5320.000,470.000,0.000,0.000,0.000,0.000,470.000,470.000,1.200,1.200,MATCH,0.000,564.000,564.000,Pendiente,No Facturado,PENDIENTE_DE_FACTURAR,PENDIENTE_DE_PAGO,SIN_CUBRIR,,CORTE 06-11 ABRIL 2026,IMPORTABLE,
253,2026-04-01,45845,AVON,EXACT,PLASTICO MIXTO,PLASTICO,PLASTICO MIXTO,SOURCE,EXACT,5830.000,5320.000,510.000,0.000,0.000,0.000,0.000,510.000,510.000,1.200,1.200,MATCH,0.000,612.000,612.000,Pendiente,No Facturado,PENDIENTE_DE_FACTURAR,PENDIENTE_DE_PAGO,SIN_CUBRIR,,CORTE 01-04 ABRIL 2026,IMPORTABLE,
254,2026-03-31,45839,AVON,EXACT,PLASTICO MIXTO,PLASTICO,PLASTICO MIXTO,SOURCE,EXACT,6000.000,5320.000,680.000,0.000,0.000,0.000,0.000,680.000,680.000,1.200,1.200,MATCH,0.000,816.000,816.000,Pendiente,No Facturado,PENDIENTE_DE_FACTURAR,PENDIENTE_DE_PAGO,SIN_CUBRIR,,CORTE 23-28 MARZO 2026,IMPORTABLE,
255,2026-03-30,45829,AVON,EXACT,PLASTICO MIXTO,PLASTICO,PLASTICO MIXTO,SOURCE,EXACT,5860.000,5320.000,540.000,0.000,0.000,0.000,0.000,540.000,540.000,1.200,1.200,MATCH,0.000,648.000,648.000,Pendiente,No Facturado,PENDIENTE_DE_FACTURAR,PENDIENTE_DE_PAGO,SIN_CUBRIR,,CORTE 23-28 MARZO 2026,IMPORTABLE,
256,2026-03-27,45815,AVON,EXACT,PLASTICO MIXTO,PLASTICO,PLASTICO MIXTO,SOURCE,EXACT,5640.000,5320.000,320.000,0.000,0.000,0.000,0.000,320.000,320.000,1.200,1.200,MATCH,0.000,384.000,384.000,Pendiente,No Facturado,PENDIENTE_DE_FACTURAR,PENDIENTE_DE_PAGO,SIN_CUBRIR,,CORTE 23-28 MARZO 2026,IMPORTABLE,
257,2026-03-26,45808,AVON,EXACT,PLASTICO MIXTO,PLASTICO,PLASTICO MIXTO,SOURCE,EXACT,5730.000,5320.000,410.000,0.000,0.000,0.000,0.000,410.000,410.000,1.200,1.200,MATCH,0.000,492.000,492.000,Pendiente,No Facturado,PENDIENTE_DE_FACTURAR,PENDIENTE_DE_PAGO,SIN_CUBRIR,,CORTE 23-28 MARZO 2026,IMPORTABLE,
258,2026-03-25,45801,AVON,EXACT,PLASTICO MIXTO,PLASTICO,PLASTICO MIXTO,SOURCE,EXACT,5830.000,5320.000,510.000,0.000,0.000,0.000,0.000,510.000,510.000,1.200,1.200,MATCH,0.000,612.000,612.000,Pendiente,No Facturado,PENDIENTE_DE_FACTURAR,PENDIENTE_DE_PAGO,SIN_CUBRIR,,CORTE 23-28 MARZO 2026,IMPORTABLE,
259,2026-03-24,45791,AVON,EXACT,PLASTICO MIXTO,PLASTICO,PLASTICO MIXTO,SOURCE,EXACT,6060.000,5495.000,565.000,0.000,0.000,0.000,0.000,565.000,565.000,1.200,1.200,MATCH,0.000,678.000,678.000,Pendiente,No Facturado,PENDIENTE_DE_FACTURAR,PENDIENTE_DE_PAGO,SIN_CUBRIR,,CORTE 23-28 MARZO 2026,IMPORTABLE,
260,2026-03-24,45792,AVON,EXACT,PLASTICO MIXTO,PLASTICO,PLASTICO MIXTO,SOURCE,EXACT,6020.000,5320.000,700.000,0.000,0.000,0.000,0.000,700.000,700.000,1.200,1.200,MATCH,0.000,840.000,840.000,Pendiente,No Facturado,PENDIENTE_DE_FACTURAR,PENDIENTE_DE_PAGO,SIN_CUBRIR,,CORTE 23-28 MARZO 2026,IMPORTABLE,
261,2026-03-23,45780,AVON,EXACT,PLASTICO MIXTO,PLASTICO,PLASTICO MIXTO,SOURCE,EXACT,5980.000,5320.000,660.000,0.000,0.000,0.000,0.000,660.000,660.000,1.200,1.200,MATCH,0.000,792.000,792.000,Pendiente,No Facturado,PENDIENTE_DE_FACTURAR,PENDIENTE_DE_PAGO,SIN_CUBRIR,,CORTE 23-28 MARZO 2026,IMPORTABLE,
262,2026-03-20,45762,AVON,EXACT,PLASTICO MIXTO,PLASTICO,PLASTICO MIXTO,SOURCE,EXACT,6330.000,5865.000,465.000,0.000,0.000,0.000,0.000,465.000,465.000,1.200,1.200,MATCH,0.000,558.000,558.000,Pendiente,No Facturado,PENDIENTE_DE_FACTURAR,PENDIENTE_DE_PAGO,SIN_CUBRIR,,CORTE 16-21 MARZO 2026,IMPORTABLE,
263,2026-03-20,45764,AVON,EXACT,PLASTICO MIXTO,PLASTICO,PLASTICO MIXTO,SOURCE,EXACT,5860.000,5320.000,540.000,0.000,0.000,0.000,0.000,540.000,540.000,1.200,1.200,MATCH,0.000,648.000,648.000,Pendiente,No Facturado,PENDIENTE_DE_FACTURAR,PENDIENTE_DE_PAGO,SIN_CUBRIR,,CORTE 16-21 MARZO 2026,IMPORTABLE,
264,2026-03-20,45768,AVON,EXACT,PLASTICO MIXTO,PLASTICO,PLASTICO MIXTO,SOURCE,EXACT,6050.000,5495.000,555.000,0.000,0.000,0.000,0.000,555.000,555.000,1.200,1.200,MATCH,0.000,666.000,666.000,Pendiente,No Facturado,PENDIENTE_DE_FACTURAR,PENDIENTE_DE_PAGO,SIN_CUBRIR,,CORTE 16-21 MARZO 2026,IMPORTABLE,
265,2026-03-18,45742,AVON,EXACT,PLASTICO MIXTO,PLASTICO,PLASTICO MIXTO,SOURCE,EXACT,5870.000,5320.000,550.000,0.000,0.000,0.000,0.000,550.000,550.000,1.200,1.200,MATCH,0.000,660.000,660.000,Pendiente,No Facturado,PENDIENTE_DE_FACTURAR,PENDIENTE_DE_PAGO,SIN_CUBRIR,,CORTE 16-21 MARZO 2026,IMPORTABLE,
266,2026-03-17,45739,AVON,EXACT,PLASTICO MIXTO,PLASTICO,PLASTICO MIXTO,SOURCE,EXACT,6060.000,5495.000,565.000,0.000,0.000,0.000,0.000,565.000,565.000,1.200,1.200,MATCH,0.000,678.000,678.000,Pendiente,No Facturado,PENDIENTE_DE_FACTURAR,PENDIENTE_DE_PAGO,SIN_CUBRIR,,CORTE 16-21 MARZO 2026,IMPORTABLE,
267,2026-03-13,45733,AVON,EXACT,PLASTICO MIXTO,PLASTICO,PLASTICO MIXTO,SOURCE,EXACT,5970.000,5495.000,475.000,0.000,0.000,0.000,0.000,475.000,475.000,1.200,1.200,MATCH,0.000,570.000,570.000,Pendiente,No Facturado,PENDIENTE_DE_FACTURAR,PENDIENTE_DE_PAGO,SIN_CUBRIR,,CORTE 09-14 MARZO 2026,IMPORTABLE,
268,2026-03-13,45734,AVON,EXACT,PLASTICO MIXTO,PLASTICO,PLASTICO MIXTO,SOURCE,EXACT,13410.000,12785.000,625.000,0.000,0.000,0.000,0.000,625.000,625.000,1.200,1.200,MATCH,0.000,750.000,750.000,Pendiente,No Facturado,PENDIENTE_DE_FACTURAR,PENDIENTE_DE_PAGO,SIN_CUBRIR,,CORTE 09-14 MARZO 2026,IMPORTABLE,
269,2026-03-12,45725,AVON,EXACT,PLASTICO MIXTO,PLASTICO,PLASTICO MIXTO,SOURCE,EXACT,5860.000,5320.000,540.000,0.000,0.000,0.000,0.000,540.000,540.000,1.200,1.200,MATCH,0.000,648.000,648.000,Pendiente,No Facturado,PENDIENTE_DE_FACTURAR,PENDIENTE_DE_PAGO,SIN_CUBRIR,,CORTE 09-14 MARZO 2026,IMPORTABLE,
270,2026-03-11,45712,AVON,EXACT,PLASTICO MIXTO,PLASTICO,PLASTICO MIXTO,SOURCE,EXACT,5980.000,5495.000,485.000,0.000,0.000,0.000,0.000,485.000,485.000,1.200,1.200,MATCH,0.000,582.000,582.000,Pendiente,No Facturado,PENDIENTE_DE_FACTURAR,PENDIENTE_DE_PAGO,SIN_CUBRIR,,CORTE 09-14 MARZO 2026,IMPORTABLE,
271,2026-03-10,45706,AVON,EXACT,PLASTICO MIXTO,PLASTICO,PLASTICO MIXTO,SOURCE,EXACT,5850.000,5320.000,530.000,0.000,0.000,0.000,0.000,530.000,530.000,1.200,1.200,MATCH,0.000,636.000,636.000,Pendiente,No Facturado,PENDIENTE_DE_FACTURAR,PENDIENTE_DE_PAGO,SIN_CUBRIR,,CORTE 09-14 MARZO 2026,IMPORTABLE,
272,2026-03-09,45697,AVON,EXACT,PLASTICO MIXTO,PLASTICO,PLASTICO MIXTO,SOURCE,EXACT,6060.000,5495.000,565.000,0.000,0.000,0.000,0.000,565.000,565.000,1.200,1.200,MATCH,0.000,678.000,678.000,Pendiente,No Facturado,PENDIENTE_DE_FACTURAR,PENDIENTE_DE_PAGO,SIN_CUBRIR,,CORTE 09-14 MARZO 2026,IMPORTABLE,
273,2026-03-06,45683,AVON,EXACT,PLASTICO MIXTO,PLASTICO,PLASTICO MIXTO,SOURCE,EXACT,5770.000,5320.000,450.000,0.000,0.000,0.000,0.000,450.000,450.000,1.200,1.200,MATCH,0.000,540.000,540.000,Pendiente,No Facturado,PENDIENTE_DE_FACTURAR,PENDIENTE_DE_PAGO,SIN_CUBRIR,,CORTE 02-07 MARZO 2026,IMPORTABLE,
274,2026-03-06,45689,AVON,EXACT,PLASTICO MIXTO,PLASTICO,PLASTICO MIXTO,SOURCE,EXACT,6050.000,5495.000,555.000,0.000,0.000,0.000,0.000,555.000,555.000,1.200,1.200,MATCH,0.000,666.000,666.000,Pendiente,No Facturado,PENDIENTE_DE_FACTURAR,PENDIENTE_DE_PAGO,SIN_CUBRIR,,CORTE 02-07 MARZO 2026,IMPORTABLE,
275,2026-03-04,45670,AVON,EXACT,PLASTICO MIXTO,PLASTICO,PLASTICO MIXTO,SOURCE,EXACT,5930.000,5315.000,615.000,0.000,0.000,0.000,0.000,615.000,615.000,1.200,1.200,MATCH,0.000,738.000,738.000,Pendiente,No Facturado,PENDIENTE_DE_FACTURAR,PENDIENTE_DE_PAGO,SIN_CUBRIR,,CORTE 02-07 MARZO 2026,IMPORTABLE,
276,2026-03-04,45667,AVON,EXACT,PLASTICO MIXTO,PLASTICO,PLASTICO MIXTO,SOURCE,EXACT,6120.000,5495.000,625.000,0.000,0.000,0.000,0.000,625.000,625.000,1.200,1.200,MATCH,0.000,750.000,750.000,Pendiente,No Facturado,PENDIENTE_DE_FACTURAR,PENDIENTE_DE_PAGO,SIN_CUBRIR,,CORTE 02-07 MARZO 2026,IMPORTABLE,
277,2026-02-27,45650,AVON,EXACT,PLASTICO MIXTO,PLASTICO,PLASTICO MIXTO,SOURCE,EXACT,5840.000,5320.000,520.000,0.000,0.000,0.000,0.000,520.000,520.000,1.200,1.200,MATCH,0.000,624.000,624.000,Pendiente,No Facturado,PENDIENTE_DE_FACTURAR,PENDIENTE_DE_PAGO,SIN_CUBRIR,,CORTE 23-28 FEBRERO 2026,IMPORTABLE,
278,2026-02-27,45649,AVON,EXACT,PLASTICO MIXTO,PLASTICO,PLASTICO MIXTO,SOURCE,EXACT,6030.000,5495.000,535.000,0.000,0.000,0.000,0.000,535.000,535.000,1.200,1.200,MATCH,0.000,642.000,642.000,Pendiente,No Facturado,PENDIENTE_DE_FACTURAR,PENDIENTE_DE_PAGO,SIN_CUBRIR,,CORTE 23-28 FEBRERO 2026,IMPORTABLE,
279,2026-02-26,45637,AVON,EXACT,PLASTICO MIXTO,PLASTICO,PLASTICO MIXTO,SOURCE,EXACT,5980.000,5495.000,485.000,0.000,0.000,0.000,0.000,485.000,485.000,1.200,1.200,MATCH,0.000,582.000,582.000,Pendiente,No Facturado,PENDIENTE_DE_FACTURAR,PENDIENTE_DE_PAGO,SIN_CUBRIR,,CORTE 23-28 FEBRERO 2026,IMPORTABLE,
280,2026-02-24,45625,AVON,EXACT,PLASTICO MIXTO,PLASTICO,PLASTICO MIXTO,SOURCE,EXACT,5830.000,5320.000,510.000,0.000,0.000,0.000,0.000,510.000,510.000,1.200,1.200,MATCH,0.000,612.000,612.000,Pendiente,No Facturado,PENDIENTE_DE_FACTURAR,PENDIENTE_DE_PAGO,SIN_CUBRIR,,CORTE 23-28 FEBRERO 2026,IMPORTABLE,
281,2026-02-23,45609,AVON,EXACT,PLASTICO MIXTO,PLASTICO,PLASTICO MIXTO,SOURCE,EXACT,5850.000,5495.000,355.000,0.000,0.000,0.000,0.000,355.000,355.000,1.200,1.200,MATCH,0.000,426.000,426.000,Pendiente,No Facturado,PENDIENTE_DE_FACTURAR,PENDIENTE_DE_PAGO,SIN_CUBRIR,,CORTE 23-28 FEBRERO 2026,IMPORTABLE,
282,2026-02-20,45605,AVON,EXACT,PLASTICO MIXTO,PLASTICO,PLASTICO MIXTO,SOURCE,EXACT,6070.000,5320.000,750.000,0.000,0.000,0.000,0.000,750.000,750.000,1.200,1.200,MATCH,0.000,900.000,900.000,Pendiente,No Facturado,PENDIENTE_DE_FACTURAR,PENDIENTE_DE_PAGO,SIN_CUBRIR,,CORTE 16-21 FEBRERO 2026,IMPORTABLE,
283,2026-02-20,45602,AVON,EXACT,PLASTICO MIXTO,PLASTICO,PLASTICO MIXTO,SOURCE,EXACT,6080.000,5495.000,585.000,0.000,0.000,0.000,0.000,585.000,585.000,1.200,1.200,MATCH,0.000,702.000,702.000,Pendiente,No Facturado,PENDIENTE_DE_FACTURAR,PENDIENTE_DE_PAGO,SIN_CUBRIR,,CORTE 16-21 FEBRERO 2026,IMPORTABLE,
284,2026-02-18,45582,AVON,EXACT,PLASTICO MIXTO,PLASTICO,PLASTICO MIXTO,SOURCE,EXACT,5880.000,5350.000,530.000,0.000,0.000,0.000,0.000,530.000,530.000,1.200,1.200,MATCH,0.000,636.000,636.000,Pendiente,No Facturado,PENDIENTE_DE_FACTURAR,PENDIENTE_DE_PAGO,SIN_CUBRIR,,CORTE 16-21 FEBRERO 2026,IMPORTABLE,
285,2026-02-18,45587,AVON,EXACT,PLASTICO MIXTO,PLASTICO,PLASTICO MIXTO,SOURCE,EXACT,5810.000,5320.000,490.000,0.000,0.000,0.000,0.000,490.000,490.000,1.200,1.200,MATCH,0.000,588.000,588.000,Pendiente,No Facturado,PENDIENTE_DE_FACTURAR,PENDIENTE_DE_PAGO,SIN_CUBRIR,,CORTE 16-21 FEBRERO 2026,IMPORTABLE,
286,2026-02-17,45580,AVON,EXACT,PLASTICO MIXTO,PLASTICO,PLASTICO MIXTO,SOURCE,EXACT,6030.000,5495.000,535.000,0.000,0.000,0.000,0.000,535.000,535.000,1.200,1.200,MATCH,0.000,642.000,642.000,Pendiente,No Facturado,PENDIENTE_DE_FACTURAR,PENDIENTE_DE_PAGO,SIN_CUBRIR,,CORTE 16-21 FEBRERO 2026,IMPORTABLE,
287,2026-02-16,45571,AVON,EXACT,PLASTICO MIXTO,PLASTICO,PLASTICO MIXTO,SOURCE,EXACT,5810.000,5320.000,490.000,0.000,0.000,0.000,0.000,490.000,490.000,1.200,1.200,MATCH,0.000,588.000,588.000,Pendiente,No Facturado,PENDIENTE_DE_FACTURAR,PENDIENTE_DE_PAGO,SIN_CUBRIR,,CORTE 16-21 FEBRERO 2026,IMPORTABLE,
288,2026-02-13,45564,AVON,EXACT,PLASTICO MIXTO,PLASTICO,PLASTICO MIXTO,SOURCE,EXACT,5870.000,5320.000,550.000,0.000,0.000,0.000,0.000,550.000,550.000,1.200,1.200,MATCH,0.000,660.000,660.000,Pendiente,No Facturado,PENDIENTE_DE_FACTURAR,PENDIENTE_DE_PAGO,SIN_CUBRIR,,CORTE 09-14 FEBRERO 2026,IMPORTABLE,
289,2026-02-12,45555,AVON,EXACT,PLASTICO MIXTO,PLASTICO,PLASTICO MIXTO,SOURCE,EXACT,6060.000,5495.000,565.000,0.000,0.000,0.000,0.000,565.000,565.000,1.200,1.200,MATCH,0.000,678.000,678.000,Pendiente,No Facturado,PENDIENTE_DE_FACTURAR,PENDIENTE_DE_PAGO,SIN_CUBRIR,,CORTE 09-14 FEBRERO 2026,IMPORTABLE,
290,2026-02-12,45556,AVON,EXACT,PLASTICO MIXTO,PLASTICO,PLASTICO MIXTO,SOURCE,EXACT,14080.000,12795.000,1285.000,0.000,0.000,0.000,0.000,1285.000,1285.000,1.200,1.200,MATCH,0.000,1542.000,1542.000,Pendiente,No Facturado,PENDIENTE_DE_FACTURAR,PENDIENTE_DE_PAGO,SIN_CUBRIR,,CORTE 09-14 FEBRERO 2026,IMPORTABLE,
291,2026-02-11,45546,AVON,EXACT,PLASTICO MIXTO,PLASTICO,PLASTICO MIXTO,SOURCE,EXACT,5870.000,5320.000,550.000,0.000,0.000,0.000,0.000,550.000,550.000,1.200,1.200,MATCH,0.000,660.000,660.000,Pendiente,No Facturado,PENDIENTE_DE_FACTURAR,PENDIENTE_DE_PAGO,SIN_CUBRIR,,CORTE 09-14 FEBRERO 2026,IMPORTABLE,
292,2026-02-11,45544,AVON,EXACT,PLASTICO MIXTO,PLASTICO,PLASTICO MIXTO,SOURCE,EXACT,6020.000,5495.000,525.000,0.000,0.000,0.000,0.000,525.000,525.000,1.200,1.200,MATCH,0.000,630.000,630.000,Pendiente,No Facturado,PENDIENTE_DE_FACTURAR,PENDIENTE_DE_PAGO,SIN_CUBRIR,,CORTE 09-14 FEBRERO 2026,IMPORTABLE,
293,2026-02-09,45527,AVON,EXACT,PLASTICO MIXTO,PLASTICO,PLASTICO MIXTO,SOURCE,EXACT,6030.000,5495.000,535.000,0.000,0.000,0.000,0.000,535.000,535.000,1.200,1.200,MATCH,0.000,642.000,642.000,Pendiente,No Facturado,PENDIENTE_DE_FACTURAR,PENDIENTE_DE_PAGO,SIN_CUBRIR,,CORTE 09-14 FEBRERO 2026,IMPORTABLE,
294,2026-02-09,45529,AVON,EXACT,PLASTICO MIXTO,PLASTICO,PLASTICO MIXTO,SOURCE,EXACT,5960.000,5315.000,645.000,0.000,0.000,0.000,0.000,645.000,645.000,1.200,1.200,MATCH,0.000,774.000,774.000,Pendiente,No Facturado,PENDIENTE_DE_FACTURAR,PENDIENTE_DE_PAGO,SIN_CUBRIR,,CORTE 09-14 FEBRERO 2026,IMPORTABLE,
295,2026-02-06,45515,AVON,EXACT,PLASTICO MIXTO,PLASTICO,PLASTICO MIXTO,SOURCE,EXACT,5870.000,5320.000,550.000,0.000,0.000,0.000,0.000,550.000,550.000,1.200,1.200,MATCH,0.000,660.000,660.000,Pendiente,No Facturado,PENDIENTE_DE_FACTURAR,PENDIENTE_DE_PAGO,SIN_CUBRIR,,CORTE 03-07 FEBRERO 2026,IMPORTABLE,
296,2026-02-05,45506,AVON,EXACT,PLASTICO MIXTO,PLASTICO,PLASTICO MIXTO,SOURCE,EXACT,5760.000,5320.000,440.000,0.000,0.000,0.000,0.000,440.000,440.000,1.200,1.200,MATCH,0.000,528.000,528.000,Pendiente,No Facturado,PENDIENTE_DE_FACTURAR,PENDIENTE_DE_PAGO,SIN_CUBRIR,,CORTE 03-07 FEBRERO 2026,IMPORTABLE,
297,2026-02-04,45495,AVON,EXACT,PLASTICO MIXTO,PLASTICO,PLASTICO MIXTO,SOURCE,EXACT,5910.000,5315.000,595.000,0.000,0.000,0.000,0.000,595.000,595.000,1.200,1.200,MATCH,0.000,714.000,714.000,Pendiente,No Facturado,PENDIENTE_DE_FACTURAR,PENDIENTE_DE_PAGO,SIN_CUBRIR,,CORTE 03-07 FEBRERO 2026,IMPORTABLE,
298,2026-02-04,45492,AVON,EXACT,PLASTICO MIXTO,PLASTICO,PLASTICO MIXTO,SOURCE,EXACT,6060.000,5495.000,565.000,0.000,0.000,0.000,0.000,565.000,565.000,1.200,1.200,MATCH,0.000,678.000,678.000,Pendiente,No Facturado,PENDIENTE_DE_FACTURAR,PENDIENTE_DE_PAGO,SIN_CUBRIR,,CORTE 03-07 FEBRERO 2026,IMPORTABLE,
299,2026-02-03,45488,AVON,EXACT,PLASTICO MIXTO,PLASTICO,PLASTICO MIXTO,SOURCE,EXACT,6100.000,5495.000,605.000,0.000,0.000,0.000,0.000,605.000,605.000,1.200,1.200,MATCH,0.000,726.000,726.000,Pendiente,No Facturado,PENDIENTE_DE_FACTURAR,PENDIENTE_DE_PAGO,SIN_CUBRIR,,CORTE 03-07 FEBRERO 2026,IMPORTABLE,
300,2026-01-30,45477,AVON,EXACT,PLASTICO MIXTO,PLASTICO,PLASTICO MIXTO,SOURCE,EXACT,5980.000,5495.000,485.000,0.000,0.000,0.000,0.000,485.000,485.000,1.200,1.200,MATCH,0.000,582.000,582.000,Pendiente,No Facturado,PENDIENTE_DE_FACTURAR,PENDIENTE_DE_PAGO,SIN_CUBRIR,,CORTE 26-31 ENERO 2026,IMPORTABLE,
301,2026-01-29,45467,AVON,EXACT,PLASTICO MIXTO,PLASTICO,PLASTICO MIXTO,SOURCE,EXACT,5850.000,5320.000,530.000,0.000,0.000,0.000,0.000,530.000,530.000,1.200,1.200,MATCH,0.000,636.000,636.000,Pendiente,No Facturado,PENDIENTE_DE_FACTURAR,PENDIENTE_DE_PAGO,SIN_CUBRIR,,CORTE 26-31 ENERO 2026,IMPORTABLE,
302,2026-01-29,45463,AVON,EXACT,PLASTICO MIXTO,PLASTICO,PLASTICO MIXTO,SOURCE,EXACT,6030.000,5495.000,535.000,0.000,0.000,0.000,0.000,535.000,535.000,1.200,1.200,MATCH,0.000,642.000,642.000,Pendiente,No Facturado,PENDIENTE_DE_FACTURAR,PENDIENTE_DE_PAGO,SIN_CUBRIR,,CORTE 26-31 ENERO 2026,IMPORTABLE,
303,2026-01-27,45452,AVON,EXACT,PLASTICO MIXTO,PLASTICO,PLASTICO MIXTO,SOURCE,EXACT,5930.000,5495.000,435.000,0.000,0.000,0.000,0.000,435.000,435.000,1.200,1.200,MATCH,0.000,522.000,522.000,Pendiente,No Facturado,PENDIENTE_DE_FACTURAR,PENDIENTE_DE_PAGO,SIN_CUBRIR,,CORTE 26-31 ENERO 2026,IMPORTABLE,
304,2026-01-26,45439,AVON,EXACT,PLASTICO MIXTO,PLASTICO,PLASTICO MIXTO,SOURCE,EXACT,5820.000,5320.000,500.000,0.000,0.000,0.000,0.000,500.000,500.000,1.200,1.200,MATCH,0.000,600.000,600.000,Pendiente,No Facturado,PENDIENTE_DE_FACTURAR,PENDIENTE_DE_PAGO,SIN_CUBRIR,,CORTE 26-31 ENERO 2026,IMPORTABLE,
305,2026-01-26,45436,AVON,EXACT,PLASTICO MIXTO,PLASTICO,PLASTICO MIXTO,SOURCE,EXACT,6080.000,5495.000,585.000,0.000,0.000,0.000,0.000,585.000,585.000,1.200,1.200,MATCH,0.000,702.000,702.000,Pendiente,No Facturado,PENDIENTE_DE_FACTURAR,PENDIENTE_DE_PAGO,SIN_CUBRIR,,CORTE 26-31 ENERO 2026,IMPORTABLE,
306,2026-01-23,45418,AVON,EXACT,PLASTICO MIXTO,PLASTICO,PLASTICO MIXTO,SOURCE,EXACT,5720.000,5320.000,400.000,0.000,0.000,0.000,0.000,400.000,400.000,1.200,1.200,MATCH,0.000,480.000,480.000,Pendiente,No Facturado,PENDIENTE_DE_FACTURAR,PENDIENTE_DE_PAGO,SIN_CUBRIR,,Corte 19-24 Enero 2026,IMPORTABLE,
307,2026-01-22,45413,AVON,EXACT,PLASTICO MIXTO,PLASTICO,PLASTICO MIXTO,SOURCE,EXACT,5990.000,5495.000,495.000,0.000,0.000,0.000,0.000,495.000,495.000,1.200,1.200,MATCH,0.000,594.000,594.000,Pendiente,No Facturado,PENDIENTE_DE_FACTURAR,PENDIENTE_DE_PAGO,SIN_CUBRIR,,Corte 19-24 Enero 2026,IMPORTABLE,
308,2026-01-21,45408,AVON,EXACT,PLASTICO MIXTO,PLASTICO,PLASTICO MIXTO,SOURCE,EXACT,5770.000,5320.000,450.000,0.000,0.000,0.000,0.000,450.000,450.000,1.200,1.200,MATCH,0.000,540.000,540.000,Pendiente,No Facturado,PENDIENTE_DE_FACTURAR,PENDIENTE_DE_PAGO,SIN_CUBRIR,,Corte 19-24 Enero 2026,IMPORTABLE,
309,2026-01-20,45400,AVON,EXACT,PLASTICO MIXTO,PLASTICO,PLASTICO MIXTO,SOURCE,EXACT,5960.000,5595.000,365.000,0.000,0.000,0.000,0.000,365.000,365.000,1.200,1.200,MATCH,0.000,438.000,438.000,Pendiente,No Facturado,PENDIENTE_DE_FACTURAR,PENDIENTE_DE_PAGO,SIN_CUBRIR,,Corte 19-24 Enero 2026,IMPORTABLE,
310,2026-01-19,45387,AVON,EXACT,PLASTICO MIXTO,PLASTICO,PLASTICO MIXTO,SOURCE,EXACT,6080.000,5495.000,585.000,0.000,0.000,0.000,0.000,585.000,585.000,1.200,1.200,MATCH,0.000,702.000,702.000,Pendiente,No Facturado,PENDIENTE_DE_FACTURAR,PENDIENTE_DE_PAGO,SIN_CUBRIR,,Corte 19-24 Enero 2026,IMPORTABLE,
311,2026-01-15,45367,AVON,EXACT,PLASTICO MIXTO,PLASTICO,PLASTICO MIXTO,SOURCE,EXACT,5960.000,5495.000,465.000,0.000,0.000,0.000,0.000,465.000,465.000,1.200,1.200,MATCH,0.000,558.000,558.000,Pendiente,No Facturado,PENDIENTE_DE_FACTURAR,PENDIENTE_DE_PAGO,SIN_CUBRIR,,Corte 12-17 Enero 2026,IMPORTABLE,
312,2026-01-14,45356,AVON,EXACT,PLASTICO MIXTO,PLASTICO,PLASTICO MIXTO,SOURCE,EXACT,5980.000,5495.000,485.000,0.000,0.000,0.000,0.000,485.000,485.000,1.200,1.200,MATCH,0.000,582.000,582.000,Pendiente,No Facturado,PENDIENTE_DE_FACTURAR,PENDIENTE_DE_PAGO,SIN_CUBRIR,,Corte 12-17 Enero 2026,IMPORTABLE,
313,2026-01-12,45340,AVON,EXACT,PLASTICO MIXTO,PLASTICO,PLASTICO MIXTO,SOURCE,EXACT,5750.000,5320.000,430.000,0.000,0.000,0.000,0.000,430.000,430.000,1.200,1.200,MATCH,0.000,516.000,516.000,Pendiente,No Facturado,PENDIENTE_DE_FACTURAR,PENDIENTE_DE_PAGO,SIN_CUBRIR,,Corte 12-17 Enero 2026,IMPORTABLE,
314,2026-01-09,45330,AVON,EXACT,PLASTICO MIXTO,PLASTICO,PLASTICO MIXTO,SOURCE,EXACT,5940.000,5495.000,445.000,0.000,0.000,0.000,0.000,445.000,445.000,1.200,1.200,MATCH,0.000,534.000,534.000,Pendiente,No Facturado,PENDIENTE_DE_FACTURAR,PENDIENTE_DE_PAGO,SIN_CUBRIR,,CORTE 05-10 ENERO 2026,IMPORTABLE,
315,2026-01-08,45325,AVON,EXACT,PLASTICO MIXTO,PLASTICO,PLASTICO MIXTO,SOURCE,EXACT,5840.000,5320.000,520.000,0.000,0.000,0.000,0.000,520.000,520.000,1.200,1.200,MATCH,0.000,624.000,624.000,Pendiente,No Facturado,PENDIENTE_DE_FACTURAR,PENDIENTE_DE_PAGO,SIN_CUBRIR,,CORTE 05-10 ENERO 2026,IMPORTABLE,
316,2026-01-07,45315,AVON,EXACT,PLASTICO MIXTO,PLASTICO,PLASTICO MIXTO,SOURCE,EXACT,5990.000,5495.000,495.000,0.000,0.000,0.000,0.000,495.000,495.000,1.200,1.200,MATCH,0.000,594.000,594.000,Pendiente,No Facturado,PENDIENTE_DE_FACTURAR,PENDIENTE_DE_PAGO,SIN_CUBRIR,,CORTE 05-10 ENERO 2026,IMPORTABLE,
317,2026-01-06,45309,AVON,EXACT,PLASTICO MIXTO,PLASTICO,PLASTICO MIXTO,SOURCE,EXACT,5930.000,5495.000,435.000,0.000,0.000,0.000,0.000,435.000,435.000,1.200,1.200,MATCH,0.000,522.000,522.000,Pendiente,No Facturado,PENDIENTE_DE_FACTURAR,PENDIENTE_DE_PAGO,SIN_CUBRIR,,CORTE 05-10 ENERO 2026,IMPORTABLE,
318,2025-11-28,45090,AVON,EXACT,PLASTICO MIXTO,PLASTICO,PLASTICO MIXTO,SOURCE,EXACT,5780.000,5320.000,460.000,0.000,0.000,0.000,0.000,460.000,460.000,1.200,1.200,MATCH,0.000,552.000,552.000,Pendiente,Facturado,FACTURADO,PENDIENTE_DE_PAGO,SIN_CUBRIR,C-919,Reporte 24-28 noviembre 2025,IMPORTABLE,
319,2025-11-27,45085,AVON,EXACT,PLASTICO MIXTO,PLASTICO,PLASTICO MIXTO,SOURCE,EXACT,5970.000,5495.000,475.000,0.000,0.000,0.000,0.000,475.000,475.000,1.200,1.200,MATCH,0.000,570.000,570.000,Pendiente,Facturado,FACTURADO,PENDIENTE_DE_PAGO,SIN_CUBRIR,C-919,Reporte 24-28 noviembre 2025,IMPORTABLE,
320,2025-11-27,45078,AVON,EXACT,PLASTICO MIXTO,PLASTICO,PLASTICO MIXTO,SOURCE,EXACT,5790.000,5320.000,470.000,0.000,0.000,0.000,0.000,470.000,470.000,1.200,1.200,MATCH,0.000,564.000,564.000,Pendiente,Facturado,FACTURADO,PENDIENTE_DE_PAGO,SIN_CUBRIR,C-919,Reporte 24-28 noviembre 2025,IMPORTABLE,
321,2025-11-26,45069,AVON,EXACT,PLASTICO MIXTO,PLASTICO,PLASTICO MIXTO,SOURCE,EXACT,6000.000,5495.000,505.000,0.000,0.000,0.000,0.000,505.000,505.000,1.200,1.200,MATCH,0.000,606.000,606.000,Pendiente,Facturado,FACTURADO,PENDIENTE_DE_PAGO,SIN_CUBRIR,Corte 24-29 noviembre 2025,C-919,IMPORTABLE,
322,2025-11-24,45046,AVON,EXACT,PLASTICO MIXTO,PLASTICO,PLASTICO MIXTO,SOURCE,EXACT,5780.000,5320.000,460.000,0.000,0.000,0.000,0.000,460.000,460.000,1.200,1.200,MATCH,0.000,552.000,552.000,Pendiente,Facturado,FACTURADO,PENDIENTE_DE_PAGO,SIN_CUBRIR,Corte 24-29 noviembre 2025,C-919,IMPORTABLE,
323,2025-11-24,45037,AVON,EXACT,PLASTICO MIXTO,PLASTICO,PLASTICO MIXTO,SOURCE,EXACT,6020.000,5495.000,525.000,0.000,0.000,0.000,0.000,525.000,525.000,1.200,1.200,MATCH,0.000,630.000,630.000,Pendiente,Facturado,FACTURADO,PENDIENTE_DE_PAGO,SIN_CUBRIR,Corte 24-29 noviembre 2025,C-919,IMPORTABLE,
324,2026-05-13,78818,SETEXMES,EXACT,PLASTICO,PLASTICO,PLASTICO,SOURCE,EXACT,13980.000,13035.000,945.000,0.000,0.000,0.000,0.000,945.000,945.000,1.500,1.500,MATCH,0.000,1417.500,1417.500,Pendiente,No Facturado,PENDIENTE_DE_FACTURAR,PENDIENTE_DE_PAGO,SIN_CUBRIR,,REPORTE MAYO 2026,IMPORTABLE,
325,2026-04-21,78709,SETEXMES,EXACT,PLASTICO,PLASTICO,PLASTICO,SOURCE,EXACT,14300.000,13015.000,1285.000,0.000,0.000,0.000,0.000,1285.000,1285.000,1.500,1.500,MATCH,0.000,1927.500,1927.500,Pendiente,No Facturado,PENDIENTE_DE_FACTURAR,PENDIENTE_DE_PAGO,SIN_CUBRIR,,REPORTE ABRIL 2026,IMPORTABLE,
326,2026-04-02,1083,KS,EXACT,PLASTICO,PLASTICO,PLASTICO,SOURCE,EXACT,400.000,0.000,400.000,0.000,0.000,0.000,0.000,400.000,400.000,2.640,2.640,MATCH,0.000,1056.000,1056.000,Pendiente,No Facturado,PENDIENTE_DE_FACTURAR,PENDIENTE_DE_PAGO,SIN_CUBRIR,,REPORTE ABRIL 2026,IMPORTABLE,
327,2026-03-19,78547,SETEXMES,EXACT,PLASTICO,PLASTICO,PLASTICO,SOURCE,EXACT,14185.000,13045.000,1140.000,0.000,0.000,0.000,0.000,1140.000,1140.000,1.500,1.500,MATCH,0.000,1710.000,1710.000,Pendiente,Facturado,FACTURADO,PENDIENTE_DE_PAGO,SIN_CUBRIR,,REPORTE MARZO 2026,IMPORTABLE,
328,2026-03-09,1073,KS,EXACT,PLASTICO,PLASTICO,PLASTICO,SOURCE,EXACT,290.000,0.000,290.000,0.000,0.000,0.000,0.000,290.000,290.000,2.640,2.640,MATCH,0.000,765.600,765.600,Pendiente,No Facturado,PENDIENTE_DE_FACTURAR,PENDIENTE_DE_PAGO,SIN_CUBRIR,,REPORTE MARZO 2026,IMPORTABLE,
329,2026-03-04,1071,KS,EXACT,PLASTICO,PLASTICO,PLASTICO,SOURCE,EXACT,570.000,0.000,570.000,0.000,0.000,0.000,0.000,570.000,570.000,2.640,2.640,MATCH,0.000,1504.800,1504.800,Pendiente,No Facturado,PENDIENTE_DE_FACTURAR,PENDIENTE_DE_PAGO,SIN_CUBRIR,,REPORTE MARZO 2026,IMPORTABLE,
330,2026-02-26,6552,YOROZU,EXACT,PLASTICO,PLASTICO,PLASTICO,SOURCE,EXACT,1375.000,1245.000,130.000,0.000,0.000,0.000,0.000,130.000,130.000,1.500,1.500,MATCH,0.000,195.000,195.000,Pendiente,Facturado,FACTURADO,PENDIENTE_DE_PAGO,SIN_CUBRIR,,REPORTE DE FEBRERO 2026,IMPORTABLE,
331,2026-02-23,6536,YOROZU,EXACT,PLASTICO,PET,PLASTICO,SOURCE,EXACT,1540.000,1400.000,140.000,0.000,0.000,0.000,0.000,140.000,140.000,2.000,1.500,DIFFERS,0.000,280.000,280.000,Pendiente,Facturado,FACTURADO,PENDIENTE_DE_PAGO,SIN_CUBRIR,,REPORTE DE FEBRERO 2026,REVIEW,
332,2026-02-16,6469,YOROZU,EXACT,PLASTICO,PLASTICO,PLASTICO,SOURCE,EXACT,1715.000,1245.000,470.000,0.000,0.000,0.000,0.000,470.000,470.000,1.500,1.500,MATCH,0.000,705.000,705.000,Pendiente,Facturado,FACTURADO,PENDIENTE_DE_PAGO,SIN_CUBRIR,,REPORTE DE FEBRERO 2026,IMPORTABLE,
333,2026-01-13,14601,MONROE,EXACT,PLASTICO,PLASTICO,PLASTICO,SOURCE,EXACT,11450.000,9520.000,1930.000,0.000,0.000,0.000,0.000,1930.000,1930.000,2.250,2.250,MATCH,0.000,4342.500,4342.500,Pendiente,No Facturado,PENDIENTE_DE_FACTURAR,PENDIENTE_DE_PAGO,SIN_CUBRIR,,REPORTE 12-17 ENERO 2026,IMPORTABLE,
334,2026-01-13,14625,MONROE,EXACT,PLASTICO,PLASTICO,PLASTICO,SOURCE,EXACT,6940.000,4680.000,2260.000,0.000,0.000,0.000,0.000,2260.000,2260.000,2.250,2.250,MATCH,0.000,5085.000,5085.000,Pendiente,No Facturado,PENDIENTE_DE_FACTURAR,PENDIENTE_DE_PAGO,SIN_CUBRIR,,REPORTE 12-17 ENERO 2026,IMPORTABLE,
335,2026-01-12,14524,MONROE,EXACT,PLASTICO,PLASTICO,PLASTICO,SOURCE,EXACT,7680.000,3690.000,3990.000,0.000,0.000,0.000,0.000,3990.000,3990.000,2.250,2.250,MATCH,0.000,8977.500,8977.500,Pendiente,No Facturado,PENDIENTE_DE_FACTURAR,PENDIENTE_DE_PAGO,SIN_CUBRIR,,REPORTE 12-17 ENERO 2026,IMPORTABLE,
336,2026-01-12,14551,MONROE,EXACT,PLASTICO,PLASTICO,PLASTICO,SOURCE,EXACT,5600.000,1900.000,3700.000,0.000,0.000,0.000,0.000,3700.000,3700.000,2.250,2.250,MATCH,0.000,8325.000,8325.000,Pendiente,No Facturado,PENDIENTE_DE_FACTURAR,PENDIENTE_DE_PAGO,SIN_CUBRIR,,REPORTE 12-17 ENERO 2026,IMPORTABLE,
337,2026-01-06,14334,MONROE,EXACT,PLASTICO,PLASTICO,PLASTICO,SOURCE,EXACT,7620.000,5050.000,2570.000,0.000,0.000,0.000,0.000,2570.000,2570.000,2.250,2.250,MATCH,0.000,5782.500,5782.500,Pendiente,No Facturado,PENDIENTE_DE_FACTURAR,PENDIENTE_DE_PAGO,SIN_CUBRIR,,REPORTE 02-09 ENERO 2026,IMPORTABLE,
338,2025-11-12,1016,KS,EXACT,PLASTICO,PLASTICO,PLASTICO,SOURCE,EXACT,430.000,0.000,430.000,0.000,0.000,0.000,0.000,430.000,430.000,2.640,2.640,MATCH,0.000,1135.200,1135.200,Pendiente,Facturado,FACTURADO,PENDIENTE_DE_PAGO,SIN_CUBRIR,,,IMPORTABLE,
339,2025-11-06,1012,KS,EXACT,PLASTICO,PLASTICO,PLASTICO,SOURCE,EXACT,850.000,0.000,850.000,0.000,0.000,0.000,0.000,850.000,850.000,2.640,2.640,MATCH,0.000,2244.000,2244.000,Pendiente,Facturado,FACTURADO,PENDIENTE_DE_PAGO,SIN_CUBRIR,,,IMPORTABLE,
340,2025-11-06,1012,KS,EXACT,PLASTICO,PLASTICO,PLASTICO,SOURCE,EXACT,430.000,0.000,430.000,0.000,0.000,0.000,0.000,430.000,430.000,2.640,2.640,MATCH,0.000,1135.200,1135.200,Pendiente,Facturado,FACTURADO,PENDIENTE_DE_PAGO,SIN_CUBRIR,,,IMPORTABLE,
341,2023-10-04,10083,ADOLFO GUTIERREZ,EXACT,PLASTICO,PLASTICO,PLASTICO,SOURCE,EXACT,3760.000,3050.000,710.000,0.000,0.000,0.000,0.000,710.000,710.000,0.500,0.500,MATCH,0.000,355.000,355.000,Pendiente,No Facturado,PENDIENTE_DE_FACTURAR,PENDIENTE_DE_PAGO,SIN_CUBRIR,OPERADOR ADOLFO GUTIERREZ,SE VENDIO A ADOLFO GUTIERREZ,IMPORTABLE,
342,2026-04-27,1092,KS,EXACT,PISTON DE ACERO,ACERO,PISTON DE ACERO,SOURCE,EXACT,2310.000,0.000,2310.000,0.000,0.000,0.000,0.000,2310.000,2310.000,3.300,3.110,DIFFERS,0.000,7623.000,7623.000,Pendiente,No Facturado,PENDIENTE_DE_FACTURAR,PENDIENTE_DE_PAGO,SIN_CUBRIR,,REPORTE ABRIL 2026,REVIEW,
343,2026-04-07,1084,KS,EXACT,PISTON DE ACERO,ACERO,PISTON DE ACERO,SOURCE,EXACT,1980.000,0.000,1980.000,0.000,0.000,0.000,0.000,1980.000,1980.000,3.300,3.110,DIFFERS,0.000,6534.000,6534.000,Pendiente,No Facturado,PENDIENTE_DE_FACTURAR,PENDIENTE_DE_PAGO,SIN_CUBRIR,,REPORTE ABRIL 2026,REVIEW,
344,2026-04-06,1084,KS,EXACT,PISTON DE ACERO,ACERO,PISTON DE ACERO,SOURCE,EXACT,2740.000,0.000,2740.000,0.000,0.000,0.000,0.000,2740.000,2740.000,3.300,3.110,DIFFERS,0.000,9042.000,9042.000,Pendiente,No Facturado,PENDIENTE_DE_FACTURAR,PENDIENTE_DE_PAGO,SIN_CUBRIR,,REPORTE ABRIL 2026,REVIEW,
345,2026-03-12,1074,KS,EXACT,PISTON DE ACERO,ACERO,PISTON DE ACERO,SOURCE,EXACT,5900.000,0.000,5900.000,0.000,0.000,0.000,0.000,5900.000,5900.000,2.860,3.110,DIFFERS,0.000,16874.000,16874.000,Pendiente,No Facturado,PENDIENTE_DE_FACTURAR,PENDIENTE_DE_PAGO,SIN_CUBRIR,,REPORTE MARZO 2026,REVIEW,
346,2026-06-02,46282,AVON,EXACT,PEDACERIA MADERA,MADERA,PEDACERIA MADERA,SOURCE,EXACT,6680.000,5490.000,1190.000,0.000,0.000,0.000,0.000,1190.000,1190.000,0.000,0.000,MATCH,0.000,0.000,0.000,Pendiente,No Facturado,PENDIENTE_DE_FACTURAR,PENDIENTE_DE_PAGO,SIN_CUBRIR,,CORTE 01-06 JUNIO 2026,IMPORTABLE,
347,2026-04-29,46041,AVON,EXACT,PEDACERIA MADERA,MADERA,PEDACERIA MADERA,SOURCE,EXACT,5540.000,4865.000,675.000,0.000,0.000,0.000,0.000,675.000,675.000,0.000,0.000,MATCH,0.000,0.000,0.000,Pendiente,No Facturado,PENDIENTE_DE_FACTURAR,PENDIENTE_DE_PAGO,SIN_CUBRIR,,CORTE 27-30 ABRIL 2026,IMPORTABLE,
348,2026-04-10,45891,AVON,EXACT,PEDACERIA MADERA,MADERA,PEDACERIA MADERA,SOURCE,EXACT,6550.000,5490.000,1060.000,0.000,0.000,0.000,0.000,1060.000,1060.000,0.000,0.000,MATCH,0.000,0.000,0.000,Pendiente,No Facturado,PENDIENTE_DE_FACTURAR,PENDIENTE_DE_PAGO,SIN_CUBRIR,,CORTE 06-11 ABRIL 2026,IMPORTABLE,
349,2026-03-06,45691,AVON,EXACT,PEDACERIA MADERA,MADERA,PEDACERIA MADERA,SOURCE,EXACT,6510.000,5490.000,1020.000,0.000,0.000,0.000,0.000,1020.000,1020.000,0.000,0.000,MATCH,0.000,0.000,0.000,Pendiente,No Facturado,PENDIENTE_DE_FACTURAR,PENDIENTE_DE_PAGO,SIN_CUBRIR,,CORTE 02-07 MARZO 2026,IMPORTABLE,
350,2026-02-13,45562,AVON,EXACT,PEDACERIA MADERA,MADERA,PEDACERIA MADERA,SOURCE,EXACT,6510.000,5490.000,1020.000,0.000,0.000,0.000,0.000,1020.000,1020.000,0.000,0.000,MATCH,0.000,0.000,0.000,Pendiente,No Facturado,PENDIENTE_DE_FACTURAR,PENDIENTE_DE_PAGO,SIN_CUBRIR,,CORTE 09-14 FEBRERO 2026,IMPORTABLE,
351,2026-04-29,1094,KS,EXACT,MADERA,MADERA,MADERA,SOURCE,EXACT,1160.000,0.000,1160.000,0.000,0.000,0.000,0.000,1160.000,1160.000,0.300,0.300,MATCH,0.000,348.000,348.000,Pendiente,No Facturado,PENDIENTE_DE_FACTURAR,PENDIENTE_DE_PAGO,SIN_CUBRIR,,REPORTE ABRIL 2026,IMPORTABLE,
352,2026-04-28,1093,KS,EXACT,MADERA,MADERA,MADERA,SOURCE,EXACT,1415.000,0.000,1415.000,0.000,0.000,0.000,0.000,1415.000,1415.000,0.300,0.300,MATCH,0.000,424.500,424.500,Pendiente,No Facturado,PENDIENTE_DE_FACTURAR,PENDIENTE_DE_PAGO,SIN_CUBRIR,,REPORTE ABRIL 2026,IMPORTABLE,
353,2026-04-23,1091,KS,EXACT,MADERA,MADERA,MADERA,SOURCE,EXACT,1235.000,0.000,1235.000,0.000,0.000,0.000,0.000,1235.000,1235.000,0.300,0.300,MATCH,0.000,370.500,370.500,Pendiente,No Facturado,PENDIENTE_DE_FACTURAR,PENDIENTE_DE_PAGO,SIN_CUBRIR,,REPORTE ABRIL 2026,IMPORTABLE,
354,2026-04-21,1090,KS,EXACT,MADERA,MADERA,MADERA,SOURCE,EXACT,1385.000,0.000,1385.000,0.000,0.000,0.000,0.000,1385.000,1385.000,0.300,0.300,MATCH,0.000,415.500,415.500,Pendiente,No Facturado,PENDIENTE_DE_FACTURAR,PENDIENTE_DE_PAGO,SIN_CUBRIR,,REPORTE ABRIL 2026,IMPORTABLE,
355,2026-04-20,1089,KS,EXACT,MADERA,MADERA,MADERA,SOURCE,EXACT,1270.000,0.000,1270.000,0.000,0.000,0.000,0.000,1270.000,1270.000,0.300,0.300,MATCH,0.000,381.000,381.000,Pendiente,No Facturado,PENDIENTE_DE_FACTURAR,PENDIENTE_DE_PAGO,SIN_CUBRIR,,REPORTE ABRIL 2026,IMPORTABLE,
356,2026-04-17,1089,KS,EXACT,MADERA,MADERA,MADERA,SOURCE,EXACT,1090.000,0.000,1090.000,0.000,0.000,0.000,0.000,1090.000,1090.000,0.300,0.300,MATCH,0.000,327.000,327.000,Pendiente,No Facturado,PENDIENTE_DE_FACTURAR,PENDIENTE_DE_PAGO,SIN_CUBRIR,,REPORTE ABRIL 2026,IMPORTABLE,
357,2026-04-15,1088,KS,EXACT,MADERA,MADERA,MADERA,SOURCE,EXACT,1420.000,0.000,1420.000,0.000,0.000,0.000,0.000,1420.000,1420.000,0.300,0.300,MATCH,0.000,426.000,426.000,Pendiente,No Facturado,PENDIENTE_DE_FACTURAR,PENDIENTE_DE_PAGO,SIN_CUBRIR,,REPORTE ABRIL 2026,IMPORTABLE,
358,2026-04-15,1088,KS,EXACT,MADERA,MADERA,MADERA,SOURCE,EXACT,1425.000,0.000,1425.000,0.000,0.000,0.000,0.000,1425.000,1425.000,0.300,0.300,MATCH,0.000,427.500,427.500,Pendiente,No Facturado,PENDIENTE_DE_FACTURAR,PENDIENTE_DE_PAGO,SIN_CUBRIR,,REPORTE ABRIL 2026,IMPORTABLE,
359,2026-04-13,1087,KS,EXACT,MADERA,MADERA,MADERA,SOURCE,EXACT,1075.000,0.000,1075.000,0.000,0.000,0.000,0.000,1075.000,1075.000,0.300,0.300,MATCH,0.000,322.500,322.500,Pendiente,No Facturado,PENDIENTE_DE_FACTURAR,PENDIENTE_DE_PAGO,SIN_CUBRIR,,REPORTE ABRIL 2026,IMPORTABLE,
360,2026-04-10,1086,KS,EXACT,MADERA,MADERA,MADERA,SOURCE,EXACT,1235.000,0.000,1235.000,0.000,0.000,0.000,0.000,1235.000,1235.000,0.300,0.300,MATCH,0.000,370.500,370.500,Pendiente,No Facturado,PENDIENTE_DE_FACTURAR,PENDIENTE_DE_PAGO,SIN_CUBRIR,,REPORTE ABRIL 2026,IMPORTABLE,
361,2026-04-09,1085,KS,EXACT,MADERA,MADERA,MADERA,SOURCE,EXACT,1405.000,0.000,1405.000,0.000,0.000,0.000,0.000,1405.000,1405.000,0.300,0.300,MATCH,0.000,421.500,421.500,Pendiente,No Facturado,PENDIENTE_DE_FACTURAR,PENDIENTE_DE_PAGO,SIN_CUBRIR,,REPORTE ABRIL 2026,IMPORTABLE,
362,2026-04-07,1084,KS,EXACT,MADERA,MADERA,MADERA,SOURCE,EXACT,1245.000,0.000,1245.000,0.000,0.000,0.000,0.000,1245.000,1245.000,0.300,0.300,MATCH,0.000,373.500,373.500,Pendiente,No Facturado,PENDIENTE_DE_FACTURAR,PENDIENTE_DE_PAGO,SIN_CUBRIR,,REPORTE ABRIL 2026,IMPORTABLE,
363,2026-04-01,1083,KS,EXACT,MADERA,MADERA,MADERA,SOURCE,EXACT,1720.000,0.000,1720.000,0.000,0.000,0.000,0.000,1720.000,1720.000,0.300,0.300,MATCH,0.000,516.000,516.000,Pendiente,No Facturado,PENDIENTE_DE_FACTURAR,PENDIENTE_DE_PAGO,SIN_CUBRIR,,REPORTE ABRIL 2026,IMPORTABLE,
364,2026-03-31,1082,KS,EXACT,MADERA,MADERA,MADERA,SOURCE,EXACT,1440.000,0.000,1440.000,0.000,0.000,0.000,0.000,1440.000,1440.000,0.300,0.300,MATCH,0.000,432.000,432.000,Pendiente,No Facturado,PENDIENTE_DE_FACTURAR,PENDIENTE_DE_PAGO,SIN_CUBRIR,,REPORTE MARZO 2026,IMPORTABLE,
365,2026-03-30,1081,KS,EXACT,MADERA,MADERA,MADERA,SOURCE,EXACT,1380.000,0.000,1380.000,0.000,0.000,0.000,0.000,1380.000,1380.000,0.300,0.300,MATCH,0.000,414.000,414.000,Pendiente,No Facturado,PENDIENTE_DE_FACTURAR,PENDIENTE_DE_PAGO,SIN_CUBRIR,,REPORTE MARZO 2026,IMPORTABLE,
366,2026-03-26,1080,KS,EXACT,MADERA,MADERA,MADERA,SOURCE,EXACT,1360.000,0.000,1360.000,0.000,0.000,0.000,0.000,1360.000,1360.000,0.300,0.300,MATCH,0.000,408.000,408.000,Pendiente,No Facturado,PENDIENTE_DE_FACTURAR,PENDIENTE_DE_PAGO,SIN_CUBRIR,,REPORTE MARZO 2026,IMPORTABLE,
367,2026-03-24,1079,KS,EXACT,MADERA,MADERA,MADERA,SOURCE,EXACT,1110.000,0.000,1110.000,0.000,0.000,0.000,0.000,1110.000,1110.000,0.300,0.300,MATCH,0.000,333.000,333.000,Pendiente,No Facturado,PENDIENTE_DE_FACTURAR,PENDIENTE_DE_PAGO,SIN_CUBRIR,,REPORTE MARZO 2026,IMPORTABLE,
368,2026-03-23,1078,KS,EXACT,MADERA,MADERA,MADERA,SOURCE,EXACT,1250.000,0.000,1250.000,0.000,0.000,0.000,0.000,1250.000,1250.000,0.300,0.300,MATCH,0.000,375.000,375.000,Pendiente,No Facturado,PENDIENTE_DE_FACTURAR,PENDIENTE_DE_PAGO,SIN_CUBRIR,,REPORTE MARZO 2026,IMPORTABLE,
369,2026-03-19,1077,KS,EXACT,MADERA,MADERA,MADERA,SOURCE,EXACT,1360.000,0.000,1360.000,0.000,0.000,0.000,0.000,1360.000,1360.000,0.300,0.300,MATCH,0.000,408.000,408.000,Pendiente,No Facturado,PENDIENTE_DE_FACTURAR,PENDIENTE_DE_PAGO,SIN_CUBRIR,,REPORTE MARZO 2026,IMPORTABLE,
370,2026-03-18,7077,KS,EXACT,MADERA,MADERA,MADERA,SOURCE,EXACT,980.000,0.000,980.000,0.000,0.000,0.000,0.000,980.000,980.000,0.300,0.300,MATCH,0.000,294.000,294.000,Pendiente,No Facturado,PENDIENTE_DE_FACTURAR,PENDIENTE_DE_PAGO,SIN_CUBRIR,,REPORTE MARZO 2026,IMPORTABLE,
371,2026-03-17,1076,KS,EXACT,MADERA,MADERA,MADERA,SOURCE,EXACT,1190.000,0.000,1190.000,0.000,0.000,0.000,0.000,1190.000,1190.000,0.300,0.300,MATCH,0.000,357.000,357.000,Pendiente,No Facturado,PENDIENTE_DE_FACTURAR,PENDIENTE_DE_PAGO,SIN_CUBRIR,,REPORTE MARZO 2026,IMPORTABLE,
372,2026-03-17,1076,KS,EXACT,MADERA,MADERA,MADERA,SOURCE,EXACT,640.000,0.000,640.000,0.000,0.000,0.000,0.000,640.000,640.000,0.300,0.300,MATCH,0.000,192.000,192.000,Pendiente,No Facturado,PENDIENTE_DE_FACTURAR,PENDIENTE_DE_PAGO,SIN_CUBRIR,,REPORTE MARZO 2026,IMPORTABLE,
373,2026-03-13,1075,KS,EXACT,MADERA,MADERA,MADERA,SOURCE,EXACT,1370.000,0.000,1370.000,0.000,0.000,0.000,0.000,1370.000,1370.000,0.300,0.300,MATCH,0.000,411.000,411.000,Pendiente,No Facturado,PENDIENTE_DE_FACTURAR,PENDIENTE_DE_PAGO,SIN_CUBRIR,,REPORTE MARZO 2026,IMPORTABLE,
374,2026-03-12,1074,KS,EXACT,MADERA,MADERA,MADERA,SOURCE,EXACT,2190.000,0.000,2190.000,0.000,0.000,0.000,0.000,2190.000,2190.000,0.300,0.300,MATCH,0.000,657.000,657.000,Pendiente,No Facturado,PENDIENTE_DE_FACTURAR,PENDIENTE_DE_PAGO,SIN_CUBRIR,,REPORTE MARZO 2026,IMPORTABLE,
375,2026-03-11,1074,KS,EXACT,MADERA,MADERA,MADERA,SOURCE,EXACT,1210.000,0.000,1210.000,0.000,0.000,0.000,0.000,1210.000,1210.000,0.300,0.300,MATCH,0.000,363.000,363.000,Pendiente,No Facturado,PENDIENTE_DE_FACTURAR,PENDIENTE_DE_PAGO,SIN_CUBRIR,,REPORTE MARZO 2026,IMPORTABLE,
376,2026-03-06,1072,KS,EXACT,MADERA,MADERA,MADERA,SOURCE,EXACT,1540.000,0.000,1540.000,0.000,0.000,0.000,0.000,1540.000,1540.000,0.300,0.300,MATCH,0.000,462.000,462.000,Pendiente,No Facturado,PENDIENTE_DE_FACTURAR,PENDIENTE_DE_PAGO,SIN_CUBRIR,,REPORTE MARZO 2026,IMPORTABLE,
377,2026-03-05,1072,KS,EXACT,MADERA,MADERA,MADERA,SOURCE,EXACT,1450.000,0.000,1450.000,0.000,0.000,0.000,0.000,1450.000,1450.000,0.300,0.300,MATCH,0.000,435.000,435.000,Pendiente,No Facturado,PENDIENTE_DE_FACTURAR,PENDIENTE_DE_PAGO,SIN_CUBRIR,,REPORTE MARZO 2026,IMPORTABLE,
378,2026-03-03,1071,KS,EXACT,MADERA,MADERA,MADERA,SOURCE,EXACT,3390.000,0.000,3390.000,0.000,0.000,0.000,0.000,3390.000,3390.000,0.300,0.300,MATCH,0.000,1017.000,1017.000,Pendiente,No Facturado,PENDIENTE_DE_FACTURAR,PENDIENTE_DE_PAGO,SIN_CUBRIR,,REPORTE MARZO 2026,IMPORTABLE,
379,2026-03-02,1070,KS,EXACT,MADERA,MADERA,MADERA,SOURCE,EXACT,1260.000,0.000,1260.000,0.000,0.000,0.000,0.000,1260.000,1260.000,0.300,0.300,MATCH,0.000,378.000,378.000,Pendiente,No Facturado,PENDIENTE_DE_FACTURAR,PENDIENTE_DE_PAGO,SIN_CUBRIR,,REPORTE MARZO 2026,IMPORTABLE,
380,2026-02-18,6505,YOROZU,EXACT,MADERA,MADERA,MADERA,SOURCE,EXACT,7160.000,3090.000,4070.000,0.000,0.000,0.000,0.000,4070.000,4070.000,0.000,0.000,MATCH,0.000,0.410,0.000,Pendiente,Facturado,FACTURADO,PENDIENTE_DE_PAGO,SIN_CUBRIR,,REPORTE DE FEBRERO 2026,IMPORTABLE,
381,2025-11-13,1017,KS,EXACT,MADERA,MADERA,MADERA,SOURCE,EXACT,1250.000,0.000,1250.000,0.000,0.000,0.000,0.000,1250.000,1250.000,0.300,0.300,MATCH,0.000,375.000,375.000,Pendiente,Facturado,FACTURADO,PENDIENTE_DE_PAGO,SIN_CUBRIR,,,IMPORTABLE,
382,2025-11-12,1016,KS,EXACT,MADERA,MADERA,MADERA,SOURCE,EXACT,1150.000,0.000,1150.000,0.000,0.000,0.000,0.000,1150.000,1150.000,0.300,0.300,MATCH,0.000,345.000,345.000,Pendiente,Facturado,FACTURADO,PENDIENTE_DE_PAGO,SIN_CUBRIR,,,IMPORTABLE,
383,2025-11-11,1015,KS,EXACT,MADERA,MADERA,MADERA,SOURCE,EXACT,1490.000,0.000,1490.000,0.000,0.000,0.000,0.000,1490.000,1490.000,0.300,0.300,MATCH,0.000,447.000,447.000,Pendiente,Facturado,FACTURADO,PENDIENTE_DE_PAGO,SIN_CUBRIR,,,IMPORTABLE,
384,2025-11-10,1014,KS,EXACT,MADERA,MADERA,MADERA,SOURCE,EXACT,1750.000,0.000,1750.000,0.000,0.000,0.000,0.000,1750.000,1750.000,0.300,0.300,MATCH,0.000,525.000,525.000,Pendiente,Facturado,FACTURADO,PENDIENTE_DE_PAGO,SIN_CUBRIR,,,IMPORTABLE,
385,2025-11-07,1013,KS,EXACT,MADERA,MADERA,MADERA,SOURCE,EXACT,1410.000,0.000,1410.000,0.000,0.000,0.000,0.000,1410.000,1410.000,0.300,0.300,MATCH,0.000,423.000,423.000,Pendiente,Facturado,FACTURADO,PENDIENTE_DE_PAGO,SIN_CUBRIR,,,IMPORTABLE,
386,2025-11-05,1011,KS,EXACT,MADERA,MADERA,MADERA,SOURCE,EXACT,1420.000,0.000,1420.000,0.000,0.000,0.000,0.000,1420.000,1420.000,0.300,0.300,MATCH,0.000,426.000,426.000,Pendiente,Facturado,FACTURADO,PENDIENTE_DE_PAGO,SIN_CUBRIR,,REPORTE NOVIEMBRE 2025,IMPORTABLE,
387,2025-11-04,1010,KS,EXACT,MADERA,MADERA,MADERA,SOURCE,EXACT,1450.000,0.000,1450.000,0.000,0.000,0.000,0.000,1450.000,1450.000,0.300,0.300,MATCH,0.000,435.000,435.000,Pendiente,Facturado,FACTURADO,PENDIENTE_DE_PAGO,SIN_CUBRIR,,REPORTE NOVIEMBRE 2025,IMPORTABLE,
388,2025-11-03,1009,KS,EXACT,MADERA,MADERA,MADERA,SOURCE,EXACT,1500.000,0.000,1500.000,0.000,0.000,0.000,0.000,1500.000,1500.000,0.300,0.300,MATCH,0.000,450.000,450.000,Pendiente,Facturado,FACTURADO,PENDIENTE_DE_PAGO,SIN_CUBRIR,,REPORTE NOVIEMBRE 2025,IMPORTABLE,
389,2026-05-29,5524,MONROE,EXACT,LENA,MADERA,LENA,SOURCE,EXACT,6750.000,5000.000,1750.000,0.000,0.000,0.000,0.000,1750.000,1750.000,0.350,0.350,MATCH,0.000,612.500,612.500,Pendiente,No Facturado,PENDIENTE_DE_FACTURAR,PENDIENTE_DE_PAGO,SIN_CUBRIR,,REPORTE 25-29 MAYO 2026,IMPORTABLE,
390,2026-05-29,5517,MONROE,EXACT,LENA,MADERA,LENA,SOURCE,EXACT,6540.000,5010.000,1530.000,0.000,0.000,0.000,0.000,1530.000,1530.000,0.350,0.350,MATCH,0.000,535.500,535.500,Pendiente,No Facturado,PENDIENTE_DE_FACTURAR,PENDIENTE_DE_PAGO,SIN_CUBRIR,,REPORTE 25-29 MAYO 2026,IMPORTABLE,
391,2026-05-28,5460,MONROE,EXACT,LENA,MADERA,LENA,SOURCE,EXACT,6710.000,4910.000,1800.000,0.000,0.000,0.000,0.000,1800.000,1800.000,0.350,0.350,MATCH,0.000,630.000,630.000,Pendiente,No Facturado,PENDIENTE_DE_FACTURAR,PENDIENTE_DE_PAGO,SIN_CUBRIR,,REPORTE 25-29 MAYO 2026,IMPORTABLE,
392,2026-05-28,5459,MONROE,EXACT,LENA,MADERA,LENA,SOURCE,EXACT,6710.000,4910.000,1800.000,0.000,0.000,0.000,0.000,1800.000,1800.000,0.350,0.350,MATCH,0.000,630.000,630.000,Pendiente,No Facturado,PENDIENTE_DE_FACTURAR,PENDIENTE_DE_PAGO,SIN_CUBRIR,,REPORTE 25-29 MAYO 2026,IMPORTABLE,
393,2026-05-27,5412,MONROE,EXACT,LENA,MADERA,LENA,SOURCE,EXACT,6830.000,4820.000,2010.000,0.000,0.000,0.000,0.000,2010.000,2010.000,0.350,0.350,MATCH,0.000,703.500,703.500,Pendiente,No Facturado,PENDIENTE_DE_FACTURAR,PENDIENTE_DE_PAGO,SIN_CUBRIR,,REPORTE 25-29 MAYO 2026,IMPORTABLE,
394,2026-05-27,5413,MONROE,EXACT,LENA,MADERA,LENA,SOURCE,EXACT,7440.000,4820.000,2620.000,0.000,0.000,0.000,0.000,2620.000,2620.000,0.350,0.350,MATCH,0.000,917.000,917.000,Pendiente,No Facturado,PENDIENTE_DE_FACTURAR,PENDIENTE_DE_PAGO,SIN_CUBRIR,,REPORTE 25-29 MAYO 2026,IMPORTABLE,
395,2026-05-26,5357,MONROE,EXACT,LENA,MADERA,LENA,SOURCE,EXACT,6500.000,5020.000,1480.000,0.000,0.000,0.000,0.000,1480.000,1480.000,0.350,0.350,MATCH,0.000,518.000,518.000,Pendiente,No Facturado,PENDIENTE_DE_FACTURAR,PENDIENTE_DE_PAGO,SIN_CUBRIR,,REPORTE 25-29 MAYO 2026,IMPORTABLE,
396,2026-05-26,5369,MONROE,EXACT,LENA,MADERA,LENA,SOURCE,EXACT,6110.000,5020.000,1090.000,0.000,0.000,0.000,0.000,1090.000,1090.000,0.350,0.350,MATCH,0.000,381.500,381.500,Pendiente,No Facturado,PENDIENTE_DE_FACTURAR,PENDIENTE_DE_PAGO,SIN_CUBRIR,,REPORTE 25-29 MAYO 2026,IMPORTABLE,
397,2026-05-25,5302,MONROE,EXACT,LENA,MADERA,LENA,SOURCE,EXACT,6870.000,5020.000,1850.000,0.000,0.000,0.000,0.000,1850.000,1850.000,0.350,0.350,MATCH,0.000,647.500,647.500,Pendiente,No Facturado,PENDIENTE_DE_FACTURAR,PENDIENTE_DE_PAGO,SIN_CUBRIR,,REPORTE 25-29 MAYO 2026,IMPORTABLE,
398,2026-05-25,5318,MONROE,EXACT,LENA,MADERA,LENA,SOURCE,EXACT,6410.000,5020.000,1390.000,0.000,0.000,0.000,0.000,1390.000,1390.000,0.350,0.350,MATCH,0.000,486.500,486.500,Pendiente,No Facturado,PENDIENTE_DE_FACTURAR,PENDIENTE_DE_PAGO,SIN_CUBRIR,,REPORTE 25-29 MAYO 2026,IMPORTABLE,
399,2026-05-25,5311,MONROE,EXACT,LENA,MADERA,LENA,SOURCE,EXACT,7330.000,5020.000,2310.000,0.000,0.000,0.000,0.000,2310.000,2310.000,0.350,0.350,MATCH,0.000,808.500,808.500,Pendiente,No Facturado,PENDIENTE_DE_FACTURAR,PENDIENTE_DE_PAGO,SIN_CUBRIR,,REPORTE 25-29 MAYO 2026,IMPORTABLE,
400,2026-05-22,5227,MONROE,EXACT,LENA,MADERA,LENA,SOURCE,EXACT,6170.000,5020.000,1150.000,0.000,0.000,0.000,0.000,1150.000,1150.000,0.350,0.350,MATCH,0.000,402.500,402.500,Pendiente,No Facturado,PENDIENTE_DE_FACTURAR,PENDIENTE_DE_PAGO,SIN_CUBRIR,,REPORTE 18-22 MAYO 2026,IMPORTABLE,
401,2026-05-22,5213,MONROE,EXACT,LENA,MADERA,LENA,SOURCE,EXACT,7070.000,5030.000,2040.000,0.000,0.000,0.000,0.000,2040.000,2040.000,0.350,0.350,MATCH,0.000,714.000,714.000,Pendiente,No Facturado,PENDIENTE_DE_FACTURAR,PENDIENTE_DE_PAGO,SIN_CUBRIR,,REPORTE 18-22 MAYO 2026,IMPORTABLE,
402,2026-05-21,5157,MONROE,EXACT,LENA,MADERA,LENA,SOURCE,EXACT,6270.000,4680.000,1590.000,0.000,0.000,0.000,0.000,1590.000,1590.000,0.350,0.350,MATCH,0.000,556.500,556.500,Pendiente,No Facturado,PENDIENTE_DE_FACTURAR,PENDIENTE_DE_PAGO,SIN_CUBRIR,,REPORTE 18-22 MAYO 2026,IMPORTABLE,
403,2026-05-21,5158,MONROE,EXACT,LENA,MADERA,LENA,SOURCE,EXACT,6950.000,4680.000,2270.000,0.000,0.000,0.000,0.000,2270.000,2270.000,0.350,0.350,MATCH,0.000,794.500,794.500,Pendiente,No Facturado,PENDIENTE_DE_FACTURAR,PENDIENTE_DE_PAGO,SIN_CUBRIR,,REPORTE 18-22 MAYO 2026,IMPORTABLE,
404,2026-05-20,5103,MONROE,EXACT,LENA,MADERA,LENA,SOURCE,EXACT,6840.000,4710.000,2130.000,0.000,0.000,0.000,0.000,2130.000,2130.000,0.350,0.350,MATCH,0.000,745.500,745.500,Pendiente,No Facturado,PENDIENTE_DE_FACTURAR,PENDIENTE_DE_PAGO,SIN_CUBRIR,,REPORTE 18-22 MAYO 2026,IMPORTABLE,
405,2026-05-20,5102,MONROE,EXACT,LENA,MADERA,LENA,SOURCE,EXACT,7390.000,4710.000,2680.000,0.000,0.000,0.000,0.000,2680.000,2680.000,0.350,0.350,MATCH,0.000,938.000,938.000,Pendiente,No Facturado,PENDIENTE_DE_FACTURAR,PENDIENTE_DE_PAGO,SIN_CUBRIR,,REPORTE 18-22 MAYO 2026,IMPORTABLE,
406,2026-05-19,5057,MONROE,EXACT,LENA,MADERA,LENA,SOURCE,EXACT,6720.000,5050.000,1670.000,0.000,0.000,0.000,0.000,1670.000,1670.000,0.350,0.350,MATCH,0.000,584.500,584.500,Pendiente,No Facturado,PENDIENTE_DE_FACTURAR,PENDIENTE_DE_PAGO,SIN_CUBRIR,,REPORTE 18-22 MAYO 2026,IMPORTABLE,
407,2026-05-19,5062,MONROE,EXACT,LENA,MADERA,LENA,SOURCE,EXACT,6040.000,5060.000,980.000,0.000,0.000,0.000,0.000,980.000,980.000,0.350,0.350,MATCH,0.000,343.000,343.000,Pendiente,No Facturado,PENDIENTE_DE_FACTURAR,PENDIENTE_DE_PAGO,SIN_CUBRIR,,REPORTE 18-22 MAYO 2026,IMPORTABLE,
408,2026-05-18,5005,MONROE,EXACT,LENA,MADERA,LENA,SOURCE,EXACT,7110.000,4870.000,2240.000,0.000,0.000,0.000,0.000,2240.000,2240.000,0.350,0.350,MATCH,0.000,784.000,784.000,Pendiente,No Facturado,PENDIENTE_DE_FACTURAR,PENDIENTE_DE_PAGO,SIN_CUBRIR,,REPORTE 18-22 MAYO 2026,IMPORTABLE,
409,2026-05-18,5004,MONROE,EXACT,LENA,MADERA,LENA,SOURCE,EXACT,6960.000,4870.000,2090.000,0.000,0.000,0.000,0.000,2090.000,2090.000,0.350,0.350,MATCH,0.000,731.500,731.500,Pendiente,No Facturado,PENDIENTE_DE_FACTURAR,PENDIENTE_DE_PAGO,SIN_CUBRIR,,REPORTE 18-22 MAYO 2026,IMPORTABLE,
410,2026-05-15,4935,MONROE,EXACT,LENA,MADERA,LENA,SOURCE,EXACT,6180.000,5060.000,1120.000,0.000,0.000,0.000,0.000,1120.000,1120.000,0.350,0.350,MATCH,0.000,392.000,392.000,Pendiente,No Facturado,PENDIENTE_DE_FACTURAR,PENDIENTE_DE_PAGO,SIN_CUBRIR,,REPORTE 11-15 MAYO 2026,IMPORTABLE,
411,2026-05-15,4930,MONROE,EXACT,LENA,MADERA,LENA,SOURCE,EXACT,6680.000,5060.000,1620.000,0.000,0.000,0.000,0.000,1620.000,1620.000,0.350,0.350,MATCH,0.000,567.000,567.000,Pendiente,No Facturado,PENDIENTE_DE_FACTURAR,PENDIENTE_DE_PAGO,SIN_CUBRIR,,REPORTE 11-15 MAYO 2026,IMPORTABLE,
412,2026-05-14,4867,MONROE,EXACT,LENA,MADERA,LENA,SOURCE,EXACT,6320.000,5110.000,1210.000,0.000,0.000,0.000,0.000,1210.000,1210.000,0.350,0.350,MATCH,0.000,423.500,423.500,Pendiente,No Facturado,PENDIENTE_DE_FACTURAR,PENDIENTE_DE_PAGO,SIN_CUBRIR,,REPORTE 11-15 MAYO 2026,IMPORTABLE,
413,2026-05-14,4866,MONROE,EXACT,LENA,MADERA,LENA,SOURCE,EXACT,6680.000,5100.000,1580.000,0.000,0.000,0.000,0.000,1580.000,1580.000,0.350,0.350,MATCH,0.000,553.000,553.000,Pendiente,No Facturado,PENDIENTE_DE_FACTURAR,PENDIENTE_DE_PAGO,SIN_CUBRIR,,REPORTE 11-15 MAYO 2026,IMPORTABLE,
414,2026-05-13,4819,MONROE,EXACT,LENA,MADERA,LENA,SOURCE,EXACT,6100.000,5140.000,960.000,0.000,0.000,0.000,0.000,960.000,960.000,0.350,0.350,MATCH,0.000,336.000,336.000,Pendiente,No Facturado,PENDIENTE_DE_FACTURAR,PENDIENTE_DE_PAGO,SIN_CUBRIR,,REPORTE 11-15 MAYO 2026,IMPORTABLE,
415,2026-05-13,4820,MONROE,EXACT,LENA,MADERA,LENA,SOURCE,EXACT,6320.000,5140.000,1180.000,0.000,0.000,0.000,0.000,1180.000,1180.000,0.350,0.350,MATCH,0.000,413.000,413.000,Pendiente,No Facturado,PENDIENTE_DE_FACTURAR,PENDIENTE_DE_PAGO,SIN_CUBRIR,,REPORTE 11-15 MAYO 2026,IMPORTABLE,
416,2026-05-12,4754,MONROE,EXACT,LENA,MADERA,LENA,SOURCE,EXACT,6730.000,5010.000,1720.000,0.000,0.000,0.000,0.000,1720.000,1720.000,0.350,0.350,MATCH,0.000,602.000,602.000,Pendiente,No Facturado,PENDIENTE_DE_FACTURAR,PENDIENTE_DE_PAGO,SIN_CUBRIR,,REPORTE 11-15 MAYO 2026,IMPORTABLE,
417,2026-05-12,4761,MONROE,EXACT,LENA,MADERA,LENA,SOURCE,EXACT,6740.000,5010.000,1730.000,0.000,0.000,0.000,0.000,1730.000,1730.000,0.350,0.350,MATCH,0.000,605.500,605.500,Pendiente,No Facturado,PENDIENTE_DE_FACTURAR,PENDIENTE_DE_PAGO,SIN_CUBRIR,,REPORTE 11-15 MAYO 2026,IMPORTABLE,
418,2026-05-11,4731,MONROE,EXACT,LENA,MADERA,LENA,SOURCE,EXACT,6670.000,5060.000,1610.000,0.000,0.000,0.000,0.000,1610.000,1610.000,0.350,0.350,MATCH,0.000,563.500,563.500,Pendiente,No Facturado,PENDIENTE_DE_FACTURAR,PENDIENTE_DE_PAGO,SIN_CUBRIR,,REPORTE 11-15 MAYO 2026,IMPORTABLE,
419,2026-05-11,4723,MONROE,EXACT,LENA,MADERA,LENA,SOURCE,EXACT,7310.000,5070.000,2240.000,0.000,0.000,0.000,0.000,2240.000,2240.000,0.350,0.350,MATCH,0.000,784.000,784.000,Pendiente,No Facturado,PENDIENTE_DE_FACTURAR,PENDIENTE_DE_PAGO,SIN_CUBRIR,,REPORTE 11-15 MAYO 2026,IMPORTABLE,
420,2026-05-08,4646,MONROE,EXACT,LENA,MADERA,LENA,SOURCE,EXACT,7090.000,5220.000,1870.000,0.000,0.000,0.000,0.000,1870.000,1870.000,0.350,0.350,MATCH,0.000,654.500,654.500,Pendiente,No Facturado,PENDIENTE_DE_FACTURAR,PENDIENTE_DE_PAGO,SIN_CUBRIR,,REPORTE 04-08 MAYO 2026,IMPORTABLE,
421,2026-05-08,4647,MONROE,EXACT,LENA,MADERA,LENA,SOURCE,EXACT,6610.000,5220.000,1390.000,0.000,0.000,0.000,0.000,1390.000,1390.000,0.350,0.350,MATCH,0.000,486.500,486.500,Pendiente,No Facturado,PENDIENTE_DE_FACTURAR,PENDIENTE_DE_PAGO,SIN_CUBRIR,,REPORTE 04-08 MAYO 2026,IMPORTABLE,
422,2026-05-07,4595,MONROE,EXACT,LENA,MADERA,LENA,SOURCE,EXACT,6880.000,5330.000,1550.000,0.000,0.000,0.000,0.000,1550.000,1550.000,0.350,0.350,MATCH,0.000,542.500,542.500,Pendiente,No Facturado,PENDIENTE_DE_FACTURAR,PENDIENTE_DE_PAGO,SIN_CUBRIR,,REPORTE 04-08 MAYO 2026,IMPORTABLE,
423,2026-05-07,4596,MONROE,EXACT,LENA,MADERA,LENA,SOURCE,EXACT,6880.000,5500.000,1380.000,0.000,0.000,0.000,0.000,1380.000,1380.000,0.350,0.350,MATCH,0.000,483.000,483.000,Pendiente,No Facturado,PENDIENTE_DE_FACTURAR,PENDIENTE_DE_PAGO,SIN_CUBRIR,,REPORTE 04-08 MAYO 2026,IMPORTABLE,
424,2026-05-06,4500,MONROE,EXACT,LENA,MADERA,LENA,SOURCE,EXACT,7370.000,5550.000,1820.000,0.000,0.000,0.000,0.000,1820.000,1820.000,0.350,0.350,MATCH,0.000,637.000,637.000,Pendiente,No Facturado,PENDIENTE_DE_FACTURAR,PENDIENTE_DE_PAGO,SIN_CUBRIR,,REPORTE 04-08 MAYO 2026,IMPORTABLE,
425,2026-05-06,4483,MONROE,EXACT,LENA,MADERA,LENA,SOURCE,EXACT,6790.000,5550.000,1240.000,0.000,0.000,0.000,0.000,1240.000,1240.000,0.350,0.350,MATCH,0.000,434.000,434.000,Pendiente,No Facturado,PENDIENTE_DE_FACTURAR,PENDIENTE_DE_PAGO,SIN_CUBRIR,,REPORTE 04-08 MAYO 2026,IMPORTABLE,
426,2026-05-06,4495,MONROE,EXACT,LENA,MADERA,LENA,SOURCE,EXACT,4520.000,3240.000,1280.000,0.000,0.000,0.000,0.000,1280.000,1280.000,0.350,0.350,MATCH,0.000,448.000,448.000,Pendiente,No Facturado,PENDIENTE_DE_FACTURAR,PENDIENTE_DE_PAGO,SIN_CUBRIR,,REPORTE 04-08 MAYO 2026,IMPORTABLE,
427,2026-05-05,4458,MONROE,EXACT,LENA,MADERA,LENA,SOURCE,EXACT,7280.000,5490.000,1790.000,0.000,0.000,0.000,0.000,1790.000,1790.000,0.350,0.350,MATCH,0.000,626.500,626.500,Pendiente,No Facturado,PENDIENTE_DE_FACTURAR,PENDIENTE_DE_PAGO,SIN_CUBRIR,,REPORTE 04-08 MAYO 2026,IMPORTABLE,
428,2026-05-05,4455,MONROE,EXACT,LENA,MADERA,LENA,SOURCE,EXACT,6830.000,5480.000,1350.000,0.000,0.000,0.000,0.000,1350.000,1350.000,0.350,0.350,MATCH,0.000,472.500,472.500,Pendiente,No Facturado,PENDIENTE_DE_FACTURAR,PENDIENTE_DE_PAGO,SIN_CUBRIR,,REPORTE 04-08 MAYO 2026,IMPORTABLE,
429,2026-05-04,4399,MONROE,EXACT,LENA,MADERA,LENA,SOURCE,EXACT,7000.000,5520.000,1480.000,0.000,0.000,0.000,0.000,1480.000,1480.000,0.350,0.350,MATCH,0.000,518.000,518.000,Pendiente,No Facturado,PENDIENTE_DE_FACTURAR,PENDIENTE_DE_PAGO,SIN_CUBRIR,,REPORTE 04-08 MAYO 2026,IMPORTABLE,
430,2026-05-04,4405,MONROE,EXACT,LENA,MADERA,LENA,SOURCE,EXACT,6900.000,5520.000,1380.000,0.000,0.000,0.000,0.000,1380.000,1380.000,0.350,0.350,MATCH,0.000,483.000,483.000,Pendiente,No Facturado,PENDIENTE_DE_FACTURAR,PENDIENTE_DE_PAGO,SIN_CUBRIR,,REPORTE 04-08 MAYO 2026,IMPORTABLE,
431,2026-04-30,4282,MONROE,EXACT,LENA,MADERA,LENA,SOURCE,EXACT,7740.000,5610.000,2130.000,0.000,0.000,0.000,0.000,2130.000,2130.000,0.350,0.350,MATCH,0.000,745.500,745.500,Pendiente,No Facturado,PENDIENTE_DE_FACTURAR,PENDIENTE_DE_PAGO,SIN_CUBRIR,,REPORTE 27-30 ABRIL 2026,IMPORTABLE,
432,2026-04-30,4281,MONROE,EXACT,LENA,MADERA,LENA,SOURCE,EXACT,6840.000,5610.000,1230.000,0.000,0.000,0.000,0.000,1230.000,1230.000,0.350,0.350,MATCH,0.000,430.500,430.500,Pendiente,No Facturado,PENDIENTE_DE_FACTURAR,PENDIENTE_DE_PAGO,SIN_CUBRIR,,REPORTE 27-30 ABRIL 2026,IMPORTABLE,
433,2026-04-29,4205,MONROE,EXACT,LENA,MADERA,LENA,SOURCE,EXACT,6850.000,5500.000,1350.000,0.000,0.000,0.000,0.000,1350.000,1350.000,0.350,0.350,MATCH,0.000,472.500,472.500,Pendiente,No Facturado,PENDIENTE_DE_FACTURAR,PENDIENTE_DE_PAGO,SIN_CUBRIR,,REPORTE 27-30 ABRIL 2026,IMPORTABLE,
434,2026-04-29,4209,MONROE,EXACT,LENA,MADERA,LENA,SOURCE,EXACT,7220.000,5500.000,1720.000,0.000,0.000,0.000,0.000,1720.000,1720.000,0.350,0.350,MATCH,0.000,602.000,602.000,Pendiente,No Facturado,PENDIENTE_DE_FACTURAR,PENDIENTE_DE_PAGO,SIN_CUBRIR,,REPORTE 27-30 ABRIL 2026,IMPORTABLE,
435,2026-04-28,4153,MONROE,EXACT,LENA,MADERA,LENA,SOURCE,EXACT,7400.000,5540.000,1860.000,0.000,0.000,0.000,0.000,1860.000,1860.000,0.350,0.350,MATCH,0.000,651.000,651.000,Pendiente,No Facturado,PENDIENTE_DE_FACTURAR,PENDIENTE_DE_PAGO,SIN_CUBRIR,,REPORTE 27-30 ABRIL 2026,IMPORTABLE,
436,2026-04-28,4141,MONROE,EXACT,LENA,MADERA,LENA,SOURCE,EXACT,7210.000,5540.000,1670.000,0.000,0.000,0.000,0.000,1670.000,1670.000,0.350,0.350,MATCH,0.000,584.500,584.500,Pendiente,No Facturado,PENDIENTE_DE_FACTURAR,PENDIENTE_DE_PAGO,SIN_CUBRIR,,REPORTE 27-30 ABRIL 2026,IMPORTABLE,
437,2026-04-27,4068,MONROE,EXACT,LENA,MADERA,LENA,SOURCE,EXACT,7020.000,5440.000,1580.000,0.000,0.000,0.000,0.000,1580.000,1580.000,0.350,0.350,MATCH,0.000,553.000,553.000,Pendiente,No Facturado,PENDIENTE_DE_FACTURAR,PENDIENTE_DE_PAGO,SIN_CUBRIR,,REPORTE 27-30 ABRIL 2026,IMPORTABLE,
438,2026-04-27,4055,MONROE,EXACT,LENA,MADERA,LENA,SOURCE,EXACT,7830.000,5440.000,2390.000,0.000,0.000,0.000,0.000,2390.000,2390.000,0.350,0.350,MATCH,0.000,836.500,836.500,Pendiente,No Facturado,PENDIENTE_DE_FACTURAR,PENDIENTE_DE_PAGO,SIN_CUBRIR,,REPORTE 27-30 ABRIL 2026,IMPORTABLE,
439,2026-04-24,3984,MONROE,EXACT,LENA,MADERA,LENA,SOURCE,EXACT,7260.000,5440.000,1820.000,0.000,0.000,0.000,0.000,1820.000,1820.000,0.350,0.350,MATCH,0.000,637.000,637.000,Pendiente,No Facturado,PENDIENTE_DE_FACTURAR,PENDIENTE_DE_PAGO,SIN_CUBRIR,,REPORTE 20-25 ABRIL 2026,IMPORTABLE,
440,2026-04-24,3979,MONROE,EXACT,LENA,MADERA,LENA,SOURCE,EXACT,7070.000,5450.000,1620.000,0.000,0.000,0.000,0.000,1620.000,1620.000,0.350,0.350,MATCH,0.000,567.000,567.000,Pendiente,No Facturado,PENDIENTE_DE_FACTURAR,PENDIENTE_DE_PAGO,SIN_CUBRIR,,REPORTE 20-25 ABRIL 2026,IMPORTABLE,
441,2026-04-23,3927,MONROE,EXACT,LENA,MADERA,LENA,SOURCE,EXACT,6590.000,5530.000,1060.000,0.000,0.000,0.000,0.000,1060.000,1060.000,0.350,0.350,MATCH,0.000,371.000,371.000,Pendiente,No Facturado,PENDIENTE_DE_FACTURAR,PENDIENTE_DE_PAGO,SIN_CUBRIR,,REPORTE 20-25 ABRIL 2026,IMPORTABLE,
442,2026-04-23,3912,MONROE,EXACT,LENA,MADERA,LENA,SOURCE,EXACT,7520.000,5530.000,1990.000,0.000,0.000,0.000,0.000,1990.000,1990.000,0.350,0.350,MATCH,0.000,696.500,696.500,Pendiente,No Facturado,PENDIENTE_DE_FACTURAR,PENDIENTE_DE_PAGO,SIN_CUBRIR,,REPORTE 20-25 ABRIL 2026,IMPORTABLE,
443,2026-04-22,3894,MONROE,EXACT,LENA,MADERA,LENA,SOURCE,EXACT,7400.000,5530.000,1870.000,0.000,0.000,0.000,0.000,1870.000,1870.000,0.350,0.350,MATCH,0.000,654.500,654.500,Pendiente,No Facturado,PENDIENTE_DE_FACTURAR,PENDIENTE_DE_PAGO,SIN_CUBRIR,,REPORTE 20-25 ABRIL 2026,IMPORTABLE,
444,2026-04-22,3902,MONROE,EXACT,LENA,MADERA,LENA,SOURCE,EXACT,7610.000,5530.000,2080.000,0.000,0.000,0.000,0.000,2080.000,2080.000,0.350,0.350,MATCH,0.000,728.000,728.000,Pendiente,No Facturado,PENDIENTE_DE_FACTURAR,PENDIENTE_DE_PAGO,SIN_CUBRIR,,REPORTE 20-25 ABRIL 2026,IMPORTABLE,
445,2026-04-21,3803,MONROE,EXACT,LENA,MADERA,LENA,SOURCE,EXACT,7690.000,5500.000,2190.000,0.000,0.000,0.000,0.000,2190.000,2190.000,0.350,0.350,MATCH,0.000,766.500,766.500,Pendiente,No Facturado,PENDIENTE_DE_FACTURAR,PENDIENTE_DE_PAGO,SIN_CUBRIR,,REPORTE 20-25 ABRIL 2026,IMPORTABLE,
446,2026-04-21,3815,MONROE,EXACT,LENA,MADERA,LENA,SOURCE,EXACT,7280.000,5500.000,1780.000,0.000,0.000,0.000,0.000,1780.000,1780.000,0.350,0.350,MATCH,0.000,623.000,623.000,Pendiente,No Facturado,PENDIENTE_DE_FACTURAR,PENDIENTE_DE_PAGO,SIN_CUBRIR,,REPORTE 20-25 ABRIL 2026,IMPORTABLE,
447,2026-04-20,3790,MONROE,EXACT,LENA,MADERA,LENA,SOURCE,EXACT,7250.000,5410.000,1840.000,0.000,0.000,0.000,0.000,1840.000,1840.000,0.350,0.350,MATCH,0.000,644.000,644.000,Pendiente,No Facturado,PENDIENTE_DE_FACTURAR,PENDIENTE_DE_PAGO,SIN_CUBRIR,,REPORTE 20-25 ABRIL 2026,IMPORTABLE,
448,2026-04-20,3791,MONROE,EXACT,LENA,MADERA,LENA,SOURCE,EXACT,7180.000,5500.000,1680.000,0.000,0.000,0.000,0.000,1680.000,1680.000,0.350,0.350,MATCH,0.000,588.000,588.000,Pendiente,No Facturado,PENDIENTE_DE_FACTURAR,PENDIENTE_DE_PAGO,SIN_CUBRIR,,REPORTE 20-25 ABRIL 2026,IMPORTABLE,
449,2026-04-17,3653,MONROE,EXACT,LENA,MADERA,LENA,SOURCE,EXACT,7310.000,5550.000,1760.000,0.000,0.000,0.000,0.000,1760.000,1760.000,0.350,0.350,MATCH,0.000,616.000,616.000,Pendiente,No Facturado,PENDIENTE_DE_FACTURAR,PENDIENTE_DE_PAGO,SIN_CUBRIR,,REPORTE 13-18 ABRIL 2026,IMPORTABLE,
450,2026-04-17,3641,MONROE,EXACT,LENA,MADERA,LENA,SOURCE,EXACT,6950.000,5550.000,1400.000,0.000,0.000,0.000,0.000,1400.000,1400.000,0.350,0.350,MATCH,0.000,490.000,490.000,Pendiente,No Facturado,PENDIENTE_DE_FACTURAR,PENDIENTE_DE_PAGO,SIN_CUBRIR,,REPORTE 13-18 ABRIL 2026,IMPORTABLE,
451,2026-04-16,3596,MONROE,EXACT,LENA,MADERA,LENA,SOURCE,EXACT,6590.000,5520.000,1070.000,0.000,0.000,0.000,0.000,1070.000,1070.000,0.350,0.350,MATCH,0.000,374.500,374.500,Pendiente,No Facturado,PENDIENTE_DE_FACTURAR,PENDIENTE_DE_PAGO,SIN_CUBRIR,,REPORTE 13-18 ABRIL 2026,IMPORTABLE,
452,2026-04-16,3573,MONROE,EXACT,LENA,MADERA,LENA,SOURCE,EXACT,7280.000,5520.000,1760.000,0.000,0.000,0.000,0.000,1760.000,1760.000,0.350,0.350,MATCH,0.000,616.000,616.000,Pendiente,No Facturado,PENDIENTE_DE_FACTURAR,PENDIENTE_DE_PAGO,SIN_CUBRIR,,REPORTE 13-18 ABRIL 2026,IMPORTABLE,
453,2026-04-15,3517,MONROE,EXACT,LENA,MADERA,LENA,SOURCE,EXACT,7100.000,5490.000,1610.000,0.000,0.000,0.000,0.000,1610.000,1610.000,0.350,0.350,MATCH,0.000,563.500,563.500,Pendiente,No Facturado,PENDIENTE_DE_FACTURAR,PENDIENTE_DE_PAGO,SIN_CUBRIR,,REPORTE 13-18 ABRIL 2026,IMPORTABLE,
454,2026-04-15,3526,MONROE,EXACT,LENA,MADERA,LENA,SOURCE,EXACT,7360.000,5490.000,1870.000,0.000,0.000,0.000,0.000,1870.000,1870.000,0.350,0.350,MATCH,0.000,654.500,654.500,Pendiente,No Facturado,PENDIENTE_DE_FACTURAR,PENDIENTE_DE_PAGO,SIN_CUBRIR,,REPORTE 13-18 ABRIL 2026,IMPORTABLE,
455,2026-04-14,3471,MONROE,EXACT,LENA,MADERA,LENA,SOURCE,EXACT,6750.000,5460.000,1290.000,0.000,0.000,0.000,0.000,1290.000,1290.000,0.350,0.350,MATCH,0.000,451.500,451.500,Pendiente,No Facturado,PENDIENTE_DE_FACTURAR,PENDIENTE_DE_PAGO,SIN_CUBRIR,,REPORTE 13-18 ABRIL 2026,IMPORTABLE,
456,2026-04-14,3468,MONROE,EXACT,LENA,MADERA,LENA,SOURCE,EXACT,6970.000,5460.000,1510.000,0.000,0.000,0.000,0.000,1510.000,1510.000,0.350,0.350,MATCH,0.000,528.500,528.500,Pendiente,No Facturado,PENDIENTE_DE_FACTURAR,PENDIENTE_DE_PAGO,SIN_CUBRIR,,REPORTE 13-18 ABRIL 2026,IMPORTABLE,
457,2026-04-13,3418,MONROE,EXACT,LENA,MADERA,LENA,SOURCE,EXACT,7230.000,5500.000,1730.000,0.000,0.000,0.000,0.000,1730.000,1730.000,0.350,0.350,MATCH,0.000,605.500,605.500,Pendiente,No Facturado,PENDIENTE_DE_FACTURAR,PENDIENTE_DE_PAGO,SIN_CUBRIR,,REPORTE 13-18 ABRIL 2026,IMPORTABLE,
458,2026-04-13,3422,MONROE,EXACT,LENA,MADERA,LENA,SOURCE,EXACT,8000.000,5500.000,2500.000,0.000,0.000,0.000,0.000,2500.000,2500.000,0.350,0.350,MATCH,0.000,875.000,875.000,Pendiente,No Facturado,PENDIENTE_DE_FACTURAR,PENDIENTE_DE_PAGO,SIN_CUBRIR,,REPORTE 13-18 ABRIL 2026,IMPORTABLE,
459,2026-04-10,3361,MONROE,EXACT,LENA,MADERA,LENA,SOURCE,EXACT,6770.000,5520.000,1250.000,0.000,0.000,0.000,0.000,1250.000,1250.000,0.350,0.350,MATCH,0.000,437.500,437.500,Pendiente,No Facturado,PENDIENTE_DE_FACTURAR,PENDIENTE_DE_PAGO,SIN_CUBRIR,,REPORTE 06-11 ABRIL 2026,IMPORTABLE,
460,2026-04-10,3364,MONROE,EXACT,LENA,MADERA,LENA,SOURCE,EXACT,7100.000,5510.000,1590.000,0.000,0.000,0.000,0.000,1590.000,1590.000,0.350,0.350,MATCH,0.000,556.500,556.500,Pendiente,No Facturado,PENDIENTE_DE_FACTURAR,PENDIENTE_DE_PAGO,SIN_CUBRIR,,REPORTE 06-11 ABRIL 2026,IMPORTABLE,
461,2026-04-09,3297,MONROE,EXACT,LENA,MADERA,LENA,SOURCE,EXACT,6790.000,5470.000,1320.000,0.000,0.000,0.000,0.000,1320.000,1320.000,0.350,0.350,MATCH,0.000,462.000,462.000,Pendiente,No Facturado,PENDIENTE_DE_FACTURAR,PENDIENTE_DE_PAGO,SIN_CUBRIR,,REPORTE 06-11 ABRIL 2026,IMPORTABLE,
462,2026-04-09,3298,MONROE,EXACT,LENA,MADERA,LENA,SOURCE,EXACT,7530.000,5470.000,2060.000,0.000,0.000,0.000,0.000,2060.000,2060.000,0.350,0.350,MATCH,0.000,721.000,721.000,Pendiente,No Facturado,PENDIENTE_DE_FACTURAR,PENDIENTE_DE_PAGO,SIN_CUBRIR,,REPORTE 06-11 ABRIL 2026,IMPORTABLE,
463,2026-04-08,3252,MONROE,EXACT,LENA,MADERA,LENA,SOURCE,EXACT,6550.000,5500.000,1050.000,0.000,0.000,0.000,0.000,1050.000,1050.000,0.350,0.350,MATCH,0.000,367.500,367.500,Pendiente,No Facturado,PENDIENTE_DE_FACTURAR,PENDIENTE_DE_PAGO,SIN_CUBRIR,,REPORTE 06-11 ABRIL 2026,IMPORTABLE,
464,2026-04-08,3220,MONROE,EXACT,LENA,MADERA,LENA,SOURCE,EXACT,6970.000,5550.000,1420.000,0.000,0.000,0.000,0.000,1420.000,1420.000,0.350,0.350,MATCH,0.000,497.000,497.000,Pendiente,No Facturado,PENDIENTE_DE_FACTURAR,PENDIENTE_DE_PAGO,SIN_CUBRIR,,REPORTE 06-11 ABRIL 2026,IMPORTABLE,
465,2026-04-07,3192,MONROE,EXACT,LENA,MADERA,LENA,SOURCE,EXACT,6880.000,5510.000,1370.000,0.000,0.000,0.000,0.000,1370.000,1370.000,0.350,0.350,MATCH,0.000,479.500,479.500,Pendiente,No Facturado,PENDIENTE_DE_FACTURAR,PENDIENTE_DE_PAGO,SIN_CUBRIR,,REPORTE 06-11 ABRIL 2026,IMPORTABLE,
466,2026-04-07,3193,MONROE,EXACT,LENA,MADERA,LENA,SOURCE,EXACT,7360.000,5470.000,1890.000,0.000,0.000,0.000,0.000,1890.000,1890.000,0.350,0.350,MATCH,0.000,661.500,661.500,Pendiente,No Facturado,PENDIENTE_DE_FACTURAR,PENDIENTE_DE_PAGO,SIN_CUBRIR,,REPORTE 06-11 ABRIL 2026,IMPORTABLE,
467,2026-04-06,3056,MONROE,EXACT,LENA,MADERA,LENA,SOURCE,EXACT,13930.000,12820.000,1110.000,0.000,0.000,0.000,0.000,1110.000,1110.000,0.350,0.350,MATCH,0.000,388.500,388.500,Pendiente,No Facturado,PENDIENTE_DE_FACTURAR,PENDIENTE_DE_PAGO,SIN_CUBRIR,,REPORTE 06-11 ABRIL 2026,IMPORTABLE,
468,2026-04-02,3058,MONROE,EXACT,LENA,MADERA,LENA,SOURCE,EXACT,7450.000,5480.000,1970.000,0.000,0.000,0.000,0.000,1970.000,1970.000,0.350,0.350,MATCH,0.000,689.500,689.500,Pendiente,No Facturado,PENDIENTE_DE_FACTURAR,PENDIENTE_DE_PAGO,SIN_CUBRIR,,REPORTE 01-04 ABRIL 2026,IMPORTABLE,
469,2026-04-02,3057,MONROE,EXACT,LENA,MADERA,LENA,SOURCE,EXACT,7110.000,5480.000,1630.000,0.000,0.000,0.000,0.000,1630.000,1630.000,0.350,0.350,MATCH,0.000,570.500,570.500,Pendiente,No Facturado,PENDIENTE_DE_FACTURAR,PENDIENTE_DE_PAGO,SIN_CUBRIR,,REPORTE 01-04 ABRIL 2026,IMPORTABLE,
470,2026-04-01,3011,MONROE,EXACT,LENA,MADERA,LENA,SOURCE,EXACT,6890.000,5490.000,1400.000,0.000,0.000,0.000,0.000,1400.000,1400.000,0.350,0.350,MATCH,0.000,490.000,490.000,Pendiente,No Facturado,PENDIENTE_DE_FACTURAR,PENDIENTE_DE_PAGO,SIN_CUBRIR,,REPORTE 01-04 ABRIL 2026,IMPORTABLE,
471,2026-04-01,3005,MONROE,EXACT,LENA,MADERA,LENA,SOURCE,EXACT,7160.000,5490.000,1670.000,0.000,0.000,0.000,0.000,1670.000,1670.000,0.350,0.350,MATCH,0.000,584.500,584.500,Pendiente,No Facturado,PENDIENTE_DE_FACTURAR,PENDIENTE_DE_PAGO,SIN_CUBRIR,,REPORTE 01-04 ABRIL 2026,IMPORTABLE,
472,2026-03-31,2948,MONROE,EXACT,LENA,MADERA,LENA,SOURCE,EXACT,7350.000,5550.000,1800.000,0.000,0.000,0.000,0.000,1800.000,1800.000,0.350,0.350,MATCH,0.000,630.000,630.000,Pendiente,No Facturado,PENDIENTE_DE_FACTURAR,PENDIENTE_DE_PAGO,SIN_CUBRIR,,REPORTE 23-31 MARZO 2026,IMPORTABLE,
473,2026-03-31,2949,MONROE,EXACT,LENA,MADERA,LENA,SOURCE,EXACT,7710.000,5550.000,2160.000,0.000,0.000,0.000,0.000,2160.000,2160.000,0.350,0.350,MATCH,0.000,756.000,756.000,Pendiente,No Facturado,PENDIENTE_DE_FACTURAR,PENDIENTE_DE_PAGO,SIN_CUBRIR,,REPORTE 23-31 MARZO 2026,IMPORTABLE,
474,2026-03-30,2888,MONROE,EXACT,LENA,MADERA,LENA,SOURCE,EXACT,7260.000,5520.000,1740.000,0.000,0.000,0.000,0.000,1740.000,1740.000,0.350,0.350,MATCH,0.000,609.000,609.000,Pendiente,No Facturado,PENDIENTE_DE_FACTURAR,PENDIENTE_DE_PAGO,SIN_CUBRIR,,REPORTE 23-31 MARZO 2026,IMPORTABLE,
475,2026-03-30,2887,MONROE,EXACT,LENA,MADERA,LENA,SOURCE,EXACT,7590.000,5520.000,2070.000,0.000,0.000,0.000,0.000,2070.000,2070.000,0.350,0.350,MATCH,0.000,724.500,724.500,Pendiente,No Facturado,PENDIENTE_DE_FACTURAR,PENDIENTE_DE_PAGO,SIN_CUBRIR,,REPORTE 23-31 MARZO 2026,IMPORTABLE,
476,2026-03-27,2833,MONROE,EXACT,LENA,MADERA,LENA,SOURCE,EXACT,7100.000,5520.000,1580.000,0.000,0.000,0.000,0.000,1580.000,1580.000,0.350,0.350,MATCH,0.000,553.000,553.000,Pendiente,No Facturado,PENDIENTE_DE_FACTURAR,PENDIENTE_DE_PAGO,SIN_CUBRIR,,REPORTE 23-31 MARZO 2026,IMPORTABLE,
477,2026-03-27,2834,MONROE,EXACT,LENA,MADERA,LENA,SOURCE,EXACT,6570.000,5460.000,1110.000,0.000,0.000,0.000,0.000,1110.000,1110.000,0.350,0.350,MATCH,0.000,388.500,388.500,Pendiente,No Facturado,PENDIENTE_DE_FACTURAR,PENDIENTE_DE_PAGO,SIN_CUBRIR,,REPORTE 23-31 MARZO 2026,IMPORTABLE,
478,2026-03-26,2760,MONROE,EXACT,LENA,MADERA,LENA,SOURCE,EXACT,7090.000,5510.000,1580.000,0.000,0.000,0.000,0.000,1580.000,1580.000,0.350,0.350,MATCH,0.000,553.000,553.000,Pendiente,No Facturado,PENDIENTE_DE_FACTURAR,PENDIENTE_DE_PAGO,SIN_CUBRIR,,REPORTE 23-31 MARZO 2026,IMPORTABLE,
479,2026-03-26,2767,MONROE,EXACT,LENA,MADERA,LENA,SOURCE,EXACT,6760.000,5510.000,1250.000,0.000,0.000,0.000,0.000,1250.000,1250.000,0.350,0.350,MATCH,0.000,437.500,437.500,Pendiente,No Facturado,PENDIENTE_DE_FACTURAR,PENDIENTE_DE_PAGO,SIN_CUBRIR,,REPORTE 23-31 MARZO 2026,IMPORTABLE,
480,2026-03-25,2711,MONROE,EXACT,LENA,MADERA,LENA,SOURCE,EXACT,7240.000,5580.000,1660.000,0.000,0.000,0.000,0.000,1660.000,1660.000,0.350,0.350,MATCH,0.000,581.000,581.000,Pendiente,No Facturado,PENDIENTE_DE_FACTURAR,PENDIENTE_DE_PAGO,SIN_CUBRIR,,REPORTE 23-31 MARZO 2026,IMPORTABLE,
481,2026-03-25,2716,MONROE,EXACT,LENA,MADERA,LENA,SOURCE,EXACT,7180.000,5580.000,1600.000,0.000,0.000,0.000,0.000,1600.000,1600.000,0.350,0.350,MATCH,0.000,560.000,560.000,Pendiente,No Facturado,PENDIENTE_DE_FACTURAR,PENDIENTE_DE_PAGO,SIN_CUBRIR,,REPORTE 23-31 MARZO 2026,IMPORTABLE,
482,2026-03-24,2618,MONROE,EXACT,LENA,MADERA,LENA,SOURCE,EXACT,7080.000,5520.000,1560.000,0.000,0.000,0.000,0.000,1560.000,1560.000,0.350,0.350,MATCH,0.000,546.000,546.000,Pendiente,No Facturado,PENDIENTE_DE_FACTURAR,PENDIENTE_DE_PAGO,SIN_CUBRIR,,REPORTE 23-31 MARZO 2026,IMPORTABLE,
483,2026-03-24,2619,MONROE,EXACT,LENA,MADERA,LENA,SOURCE,EXACT,6990.000,5520.000,1470.000,0.000,0.000,0.000,0.000,1470.000,1470.000,0.350,0.350,MATCH,0.000,514.500,514.500,Pendiente,No Facturado,PENDIENTE_DE_FACTURAR,PENDIENTE_DE_PAGO,SIN_CUBRIR,,REPORTE 23-31 MARZO 2026,IMPORTABLE,
484,2026-03-23,2482,MONROE,EXACT,LENA,MADERA,LENA,SOURCE,EXACT,15550.000,13120.000,2430.000,0.000,0.000,0.000,0.000,2430.000,2430.000,0.350,0.350,MATCH,0.000,850.500,850.500,Pendiente,No Facturado,PENDIENTE_DE_FACTURAR,PENDIENTE_DE_PAGO,SIN_CUBRIR,,REPORTE 23-31 MARZO 2026,IMPORTABLE,
485,2026-03-23,2615,MONROE,EXACT,LENA,MADERA,LENA,SOURCE,EXACT,7500.000,5520.000,1980.000,0.000,0.000,0.000,0.000,1980.000,1980.000,0.350,0.350,MATCH,0.000,693.000,693.000,Pendiente,No Facturado,PENDIENTE_DE_FACTURAR,PENDIENTE_DE_PAGO,SIN_CUBRIR,,REPORTE 23-31 MARZO 2026,IMPORTABLE,
486,2026-03-20,2469,MONROE,EXACT,LENA,MADERA,LENA,SOURCE,EXACT,6700.000,5470.000,1230.000,0.000,0.000,0.000,0.000,1230.000,1230.000,0.350,0.350,MATCH,0.000,430.500,430.500,Pendiente,No Facturado,PENDIENTE_DE_FACTURAR,PENDIENTE_DE_PAGO,SIN_CUBRIR,,REPORTE 16-21 MARZO 2026,IMPORTABLE,
487,2026-03-20,2451,MONROE,EXACT,LENA,MADERA,LENA,SOURCE,EXACT,6600.000,5470.000,1130.000,0.000,0.000,0.000,0.000,1130.000,1130.000,0.350,0.350,MATCH,0.000,395.500,395.500,Pendiente,No Facturado,PENDIENTE_DE_FACTURAR,PENDIENTE_DE_PAGO,SIN_CUBRIR,,REPORTE 16-21 MARZO 2026,IMPORTABLE,
488,2026-03-19,2403,MONROE,EXACT,LENA,MADERA,LENA,SOURCE,EXACT,7200.000,5680.000,1520.000,0.000,0.000,0.000,0.000,1520.000,1520.000,0.350,0.350,MATCH,0.000,532.000,532.000,Pendiente,No Facturado,PENDIENTE_DE_FACTURAR,PENDIENTE_DE_PAGO,SIN_CUBRIR,,REPORTE 16-21 MARZO 2026,IMPORTABLE,
489,2026-03-19,2429,MONROE,EXACT,LENA,MADERA,LENA,SOURCE,EXACT,7060.000,5540.000,1520.000,0.000,0.000,0.000,0.000,1520.000,1520.000,0.350,0.350,MATCH,0.000,532.000,532.000,Pendiente,No Facturado,PENDIENTE_DE_FACTURAR,PENDIENTE_DE_PAGO,SIN_CUBRIR,,REPORTE 16-21 MARZO 2026,IMPORTABLE,
490,2026-03-18,2371,MONROE,EXACT,LENA,MADERA,LENA,SOURCE,EXACT,6960.000,5560.000,1400.000,0.000,0.000,0.000,0.000,1400.000,1400.000,0.350,0.350,MATCH,0.000,490.000,490.000,Pendiente,No Facturado,PENDIENTE_DE_FACTURAR,PENDIENTE_DE_PAGO,SIN_CUBRIR,,REPORTE 16-21 MARZO 2026,IMPORTABLE,
491,2026-03-18,2382,MONROE,EXACT,LENA,MADERA,LENA,SOURCE,EXACT,6970.000,5560.000,1410.000,0.000,0.000,0.000,0.000,1410.000,1410.000,0.350,0.350,MATCH,0.000,493.500,493.500,Pendiente,No Facturado,PENDIENTE_DE_FACTURAR,PENDIENTE_DE_PAGO,SIN_CUBRIR,,REPORTE 16-21 MARZO 2026,IMPORTABLE,
492,2026-03-17,2308,MONROE,EXACT,LENA,MADERA,LENA,SOURCE,EXACT,7350.000,5500.000,1850.000,0.000,0.000,0.000,0.000,1850.000,1850.000,0.350,0.350,MATCH,0.000,647.500,647.500,Pendiente,No Facturado,PENDIENTE_DE_FACTURAR,PENDIENTE_DE_PAGO,SIN_CUBRIR,,REPORTE 16-21 MARZO 2026,IMPORTABLE,
493,2026-03-17,2301,MONROE,EXACT,LENA,MADERA,LENA,SOURCE,EXACT,7290.000,5500.000,1790.000,0.000,0.000,0.000,0.000,1790.000,1790.000,0.350,0.350,MATCH,0.000,626.500,626.500,Pendiente,No Facturado,PENDIENTE_DE_FACTURAR,PENDIENTE_DE_PAGO,SIN_CUBRIR,,REPORTE 16-21 MARZO 2026,IMPORTABLE,
494,2026-03-14,2234,MONROE,EXACT,LENA,MADERA,LENA,SOURCE,EXACT,6690.000,5420.000,1270.000,0.000,0.000,0.000,0.000,1270.000,1270.000,0.350,0.350,MATCH,0.000,444.500,444.500,Pendiente,No Facturado,PENDIENTE_DE_FACTURAR,PENDIENTE_DE_PAGO,SIN_CUBRIR,,REPORTE 09-14 MARZO 2026,IMPORTABLE,
495,2026-03-13,2215,MONROE,EXACT,LENA,MADERA,LENA,SOURCE,EXACT,6960.000,5850.000,1110.000,0.000,0.000,0.000,0.000,1110.000,1110.000,0.350,0.350,MATCH,0.000,388.500,388.500,Pendiente,No Facturado,PENDIENTE_DE_FACTURAR,PENDIENTE_DE_PAGO,SIN_CUBRIR,,REPORTE 09-14 MARZO 2026,IMPORTABLE,
496,2026-03-13,2216,MONROE,EXACT,LENA,MADERA,LENA,SOURCE,EXACT,7060.000,5850.000,1210.000,0.000,0.000,0.000,0.000,1210.000,1210.000,0.350,0.350,MATCH,0.000,423.500,423.500,Pendiente,No Facturado,PENDIENTE_DE_FACTURAR,PENDIENTE_DE_PAGO,SIN_CUBRIR,,REPORTE 09-14 MARZO 2026,IMPORTABLE,
497,2026-03-12,2104,MONROE,EXACT,LENA,MADERA,LENA,SOURCE,EXACT,7070.000,5350.000,1720.000,0.000,0.000,0.000,0.000,1720.000,1720.000,0.350,0.350,MATCH,0.000,602.000,602.000,Pendiente,No Facturado,PENDIENTE_DE_FACTURAR,PENDIENTE_DE_PAGO,SIN_CUBRIR,,REPORTE 09-14 MARZO 2026,IMPORTABLE,
498,2026-03-12,2103,MONROE,EXACT,LENA,MADERA,LENA,SOURCE,EXACT,7060.000,5350.000,1710.000,0.000,0.000,0.000,0.000,1710.000,1710.000,0.350,0.350,MATCH,0.000,598.500,598.500,Pendiente,No Facturado,PENDIENTE_DE_FACTURAR,PENDIENTE_DE_PAGO,SIN_CUBRIR,,REPORTE 09-14 MARZO 2026,IMPORTABLE,
499,2026-03-11,2081,MONROE,EXACT,LENA,MADERA,LENA,SOURCE,EXACT,7480.000,5650.000,1830.000,0.000,0.000,0.000,0.000,1830.000,1830.000,0.350,0.350,MATCH,0.000,640.500,640.500,Pendiente,No Facturado,PENDIENTE_DE_FACTURAR,PENDIENTE_DE_PAGO,SIN_CUBRIR,,REPORTE 09-14 MARZO 2026,IMPORTABLE,
500,2026-03-11,2080,MONROE,EXACT,LENA,MADERA,LENA,SOURCE,EXACT,6690.000,5520.000,1170.000,0.000,0.000,0.000,0.000,1170.000,1170.000,0.350,0.350,MATCH,0.000,409.500,409.500,Pendiente,No Facturado,PENDIENTE_DE_FACTURAR,PENDIENTE_DE_PAGO,SIN_CUBRIR,,REPORTE 09-14 MARZO 2026,IMPORTABLE,
501,2026-03-10,1977,MONROE,EXACT,LENA,MADERA,LENA,SOURCE,EXACT,6840.000,5520.000,1320.000,0.000,0.000,0.000,0.000,1320.000,1320.000,0.350,0.350,MATCH,0.000,462.000,462.000,Pendiente,No Facturado,PENDIENTE_DE_FACTURAR,PENDIENTE_DE_PAGO,SIN_CUBRIR,,REPORTE 09-14 MARZO 2026,IMPORTABLE,
502,2026-03-10,1956,MONROE,EXACT,LENA,MADERA,LENA,SOURCE,EXACT,7230.000,5340.000,1890.000,0.000,0.000,0.000,0.000,1890.000,1890.000,0.350,0.350,MATCH,0.000,661.500,661.500,Pendiente,No Facturado,PENDIENTE_DE_FACTURAR,PENDIENTE_DE_PAGO,SIN_CUBRIR,,REPORTE 09-14 MARZO 2026,IMPORTABLE,
503,2026-03-09,1957,MONROE,EXACT,LENA,MADERA,LENA,SOURCE,EXACT,7350.000,5430.000,1920.000,0.000,0.000,0.000,0.000,1920.000,1920.000,0.350,0.350,MATCH,0.000,672.000,672.000,Pendiente,No Facturado,PENDIENTE_DE_FACTURAR,PENDIENTE_DE_PAGO,SIN_CUBRIR,,REPORTE 09-14 MARZO 2026,IMPORTABLE,
504,2026-03-07,1892,MONROE,EXACT,LENA,MADERA,LENA,SOURCE,EXACT,6820.000,5490.000,1330.000,0.000,0.000,0.000,0.000,1330.000,1330.000,0.350,0.350,MATCH,0.000,465.500,465.500,Pendiente,No Facturado,PENDIENTE_DE_FACTURAR,PENDIENTE_DE_PAGO,SIN_CUBRIR,,REPORTE 02-07 MARZO 2026,IMPORTABLE,
505,2026-03-07,1891,MONROE,EXACT,LENA,MADERA,LENA,SOURCE,EXACT,7190.000,5490.000,1700.000,0.000,0.000,0.000,0.000,1700.000,1700.000,0.350,0.350,MATCH,0.000,595.000,595.000,Pendiente,No Facturado,PENDIENTE_DE_FACTURAR,PENDIENTE_DE_PAGO,SIN_CUBRIR,,REPORTE 02-07 MARZO 2026,IMPORTABLE,
506,2026-03-06,1876,MONROE,EXACT,LENA,MADERA,LENA,SOURCE,EXACT,6740.000,5530.000,1210.000,0.000,0.000,0.000,0.000,1210.000,1210.000,0.350,0.350,MATCH,0.000,423.500,423.500,Pendiente,No Facturado,PENDIENTE_DE_FACTURAR,PENDIENTE_DE_PAGO,SIN_CUBRIR,,REPORTE 02-07 MARZO 2026,IMPORTABLE,
507,2026-03-06,1872,MONROE,EXACT,LENA,MADERA,LENA,SOURCE,EXACT,7510.000,5530.000,1980.000,0.000,0.000,0.000,0.000,1980.000,1980.000,0.350,0.350,MATCH,0.000,693.000,693.000,Pendiente,No Facturado,PENDIENTE_DE_FACTURAR,PENDIENTE_DE_PAGO,SIN_CUBRIR,,REPORTE 02-07 MARZO 2026,IMPORTABLE,
508,2026-03-05,1781,MONROE,EXACT,LENA,MADERA,LENA,SOURCE,EXACT,4620.000,2900.000,1720.000,0.000,0.000,0.000,0.000,1720.000,1720.000,0.350,0.350,MATCH,0.000,602.000,602.000,Pendiente,No Facturado,PENDIENTE_DE_FACTURAR,PENDIENTE_DE_PAGO,SIN_CUBRIR,,REPORTE 02-07 MARZO 2026,IMPORTABLE,
509,2026-03-05,1793,MONROE,EXACT,LENA,MADERA,LENA,SOURCE,EXACT,7400.000,5530.000,1870.000,0.000,0.000,0.000,0.000,1870.000,1870.000,0.350,0.350,MATCH,0.000,654.500,654.500,Pendiente,No Facturado,PENDIENTE_DE_FACTURAR,PENDIENTE_DE_PAGO,SIN_CUBRIR,,REPORTE 02-07 MARZO 2026,IMPORTABLE,
510,2026-03-05,1799,MONROE,EXACT,LENA,MADERA,LENA,SOURCE,EXACT,6080.000,5540.000,540.000,0.000,0.000,0.000,0.000,540.000,540.000,0.350,0.350,MATCH,0.000,189.000,189.000,Pendiente,No Facturado,PENDIENTE_DE_FACTURAR,PENDIENTE_DE_PAGO,SIN_CUBRIR,,REPORTE 02-07 MARZO 2026,IMPORTABLE,
511,2026-03-04,1747,MONROE,EXACT,LENA,MADERA,LENA,SOURCE,EXACT,7090.000,5210.000,1880.000,0.000,0.000,0.000,0.000,1880.000,1880.000,0.350,0.350,MATCH,0.000,658.000,658.000,Pendiente,No Facturado,PENDIENTE_DE_FACTURAR,PENDIENTE_DE_PAGO,SIN_CUBRIR,,REPORTE 02-07 MARZO 2026,IMPORTABLE,
512,2026-03-04,1748,MONROE,EXACT,LENA,MADERA,LENA,SOURCE,EXACT,7090.000,5210.000,1880.000,0.000,0.000,0.000,0.000,1880.000,1880.000,0.350,0.350,MATCH,0.000,658.000,658.000,Pendiente,No Facturado,PENDIENTE_DE_FACTURAR,PENDIENTE_DE_PAGO,SIN_CUBRIR,,REPORTE 02-07 MARZO 2026,IMPORTABLE,
513,2026-03-03,1688,MONROE,EXACT,LENA,MADERA,LENA,SOURCE,EXACT,13560.000,12360.000,1200.000,0.000,0.000,0.000,0.000,1200.000,1200.000,0.350,0.350,MATCH,0.000,420.000,420.000,Pendiente,No Facturado,PENDIENTE_DE_FACTURAR,PENDIENTE_DE_PAGO,SIN_CUBRIR,,REPORTE 02-07 MARZO 2026,IMPORTABLE,
514,2026-03-02,1635,MONROE,EXACT,LENA,MADERA,LENA,SOURCE,EXACT,6920.000,5660.000,1260.000,0.000,0.000,0.000,0.000,1260.000,1260.000,0.350,0.350,MATCH,0.000,441.000,441.000,Pendiente,No Facturado,PENDIENTE_DE_FACTURAR,PENDIENTE_DE_PAGO,SIN_CUBRIR,,REPORTE 02-07 MARZO 2026,IMPORTABLE,
515,2026-03-02,1634,MONROE,EXACT,LENA,MADERA,LENA,SOURCE,EXACT,7640.000,5660.000,1980.000,0.000,0.000,0.000,0.000,1980.000,1980.000,0.350,0.350,MATCH,0.000,693.000,693.000,Pendiente,No Facturado,PENDIENTE_DE_FACTURAR,PENDIENTE_DE_PAGO,SIN_CUBRIR,,REPORTE 02-07 MARZO 2026,IMPORTABLE,
516,2026-02-27,1588,MONROE,EXACT,LENA,MADERA,LENA,SOURCE,EXACT,7240.000,5270.000,1970.000,0.000,0.000,0.000,0.000,1970.000,1970.000,0.350,0.350,MATCH,0.000,689.500,689.500,Pendiente,No Facturado,PENDIENTE_DE_FACTURAR,PENDIENTE_DE_PAGO,SIN_CUBRIR,,REPORTE 23-28 FEBRERO 2026,IMPORTABLE,
517,2026-02-27,1589,MONROE,EXACT,LENA,MADERA,LENA,SOURCE,EXACT,6630.000,5280.000,1350.000,0.000,0.000,0.000,0.000,1350.000,1350.000,0.350,0.350,MATCH,0.000,472.500,472.500,Pendiente,No Facturado,PENDIENTE_DE_FACTURAR,PENDIENTE_DE_PAGO,SIN_CUBRIR,,REPORTE 23-28 FEBRERO 2026,IMPORTABLE,
518,2026-02-26,1491,MONROE,EXACT,LENA,MADERA,LENA,SOURCE,EXACT,6920.000,5150.000,1770.000,0.000,0.000,0.000,0.000,1770.000,1770.000,0.350,0.350,MATCH,0.000,619.500,619.500,Pendiente,No Facturado,PENDIENTE_DE_FACTURAR,PENDIENTE_DE_PAGO,SIN_CUBRIR,,REPORTE 23-28 FEBRERO 2026,IMPORTABLE,
519,2026-02-26,1490,MONROE,EXACT,LENA,MADERA,LENA,SOURCE,EXACT,6750.000,5150.000,1600.000,0.000,0.000,0.000,0.000,1600.000,1600.000,0.350,0.350,MATCH,0.000,560.000,560.000,Pendiente,No Facturado,PENDIENTE_DE_FACTURAR,PENDIENTE_DE_PAGO,SIN_CUBRIR,,REPORTE 23-28 FEBRERO 2026,IMPORTABLE,
520,2026-02-25,1447,MONROE,EXACT,LENA,MADERA,LENA,SOURCE,EXACT,6750.000,5530.000,1220.000,0.000,0.000,0.000,0.000,1220.000,1220.000,0.350,0.350,MATCH,0.000,427.000,427.000,Pendiente,No Facturado,PENDIENTE_DE_FACTURAR,PENDIENTE_DE_PAGO,SIN_CUBRIR,,REPORTE 23-28 FEBRERO 2026,IMPORTABLE,
521,2026-02-25,1432,MONROE,EXACT,LENA,MADERA,LENA,SOURCE,EXACT,7330.000,5560.000,1770.000,0.000,0.000,0.000,0.000,1770.000,1770.000,0.350,0.350,MATCH,0.000,619.500,619.500,Pendiente,No Facturado,PENDIENTE_DE_FACTURAR,PENDIENTE_DE_PAGO,SIN_CUBRIR,,REPORTE 23-28 FEBRERO 2026,IMPORTABLE,
522,2026-02-24,1415,MONROE,EXACT,LENA,MADERA,LENA,SOURCE,EXACT,7180.000,5560.000,1620.000,0.000,0.000,0.000,0.000,1620.000,1620.000,0.350,0.350,MATCH,0.000,567.000,567.000,Pendiente,No Facturado,PENDIENTE_DE_FACTURAR,PENDIENTE_DE_PAGO,SIN_CUBRIR,,REPORTE 23-28 FEBRERO 2026,IMPORTABLE,
523,2026-02-24,1406,MONROE,EXACT,LENA,MADERA,LENA,SOURCE,EXACT,7060.000,5560.000,1500.000,0.000,0.000,0.000,0.000,1500.000,1500.000,0.350,0.350,MATCH,0.000,525.000,525.000,Pendiente,No Facturado,PENDIENTE_DE_FACTURAR,PENDIENTE_DE_PAGO,SIN_CUBRIR,,REPORTE 23-28 FEBRERO 2026,IMPORTABLE,
524,2026-02-23,1350,MONROE,EXACT,LENA,MADERA,LENA,SOURCE,EXACT,8050.000,5600.000,2450.000,0.000,0.000,0.000,0.000,2450.000,2450.000,0.350,0.350,MATCH,0.000,857.500,857.500,Pendiente,No Facturado,PENDIENTE_DE_FACTURAR,PENDIENTE_DE_PAGO,SIN_CUBRIR,,REPORTE 23-28 FEBRERO 2026,IMPORTABLE,
525,2026-02-23,1358,MONROE,EXACT,LENA,MADERA,LENA,SOURCE,EXACT,7080.000,5600.000,1480.000,0.000,0.000,0.000,0.000,1480.000,1480.000,0.350,0.350,MATCH,0.000,518.000,518.000,Pendiente,No Facturado,PENDIENTE_DE_FACTURAR,PENDIENTE_DE_PAGO,SIN_CUBRIR,,REPORTE 23-28 FEBRERO 2026,IMPORTABLE,
526,2026-02-20,1254,MONROE,EXACT,LENA,MADERA,LENA,SOURCE,EXACT,3260.000,2890.000,370.000,0.000,0.000,0.000,0.000,370.000,370.000,0.350,0.350,MATCH,0.000,129.500,129.500,Pendiente,No Facturado,PENDIENTE_DE_FACTURAR,PENDIENTE_DE_PAGO,SIN_CUBRIR,,REPORTE 16-21 FEBRERO 2026,IMPORTABLE,
527,2026-02-20,1252,MONROE,EXACT,LENA,MADERA,LENA,SOURCE,EXACT,16200.000,13520.000,2680.000,0.000,0.000,0.000,0.000,2680.000,2680.000,0.350,0.350,MATCH,0.000,938.000,938.000,Pendiente,No Facturado,PENDIENTE_DE_FACTURAR,PENDIENTE_DE_PAGO,SIN_CUBRIR,,REPORTE 16-21 FEBRERO 2026,IMPORTABLE,
528,2026-02-19,1199,MONROE,EXACT,LENA,MADERA,LENA,SOURCE,EXACT,6520.000,4890.000,1630.000,0.000,0.000,0.000,0.000,1630.000,1630.000,0.350,0.350,MATCH,0.000,570.500,570.500,Pendiente,No Facturado,PENDIENTE_DE_FACTURAR,PENDIENTE_DE_PAGO,SIN_CUBRIR,,REPORTE 16-21 FEBRERO 2026,IMPORTABLE,
529,2026-02-19,1200,MONROE,EXACT,LENA,MADERA,LENA,SOURCE,EXACT,6630.000,4890.000,1740.000,0.000,0.000,0.000,0.000,1740.000,1740.000,0.350,0.350,MATCH,0.000,609.000,609.000,Pendiente,No Facturado,PENDIENTE_DE_FACTURAR,PENDIENTE_DE_PAGO,SIN_CUBRIR,,REPORTE 16-21 FEBRERO 2026,IMPORTABLE,
530,2026-02-18,1143,MONROE,EXACT,LENA,MADERA,LENA,SOURCE,EXACT,6680.000,4890.000,1790.000,0.000,0.000,0.000,0.000,1790.000,1790.000,0.350,0.350,MATCH,0.000,626.500,626.500,Pendiente,No Facturado,PENDIENTE_DE_FACTURAR,PENDIENTE_DE_PAGO,SIN_CUBRIR,,REPORTE 16-21 FEBRERO 2026,IMPORTABLE,
531,2026-02-18,1142,MONROE,EXACT,LENA,MADERA,LENA,SOURCE,EXACT,6150.000,4890.000,1260.000,0.000,0.000,0.000,0.000,1260.000,1260.000,0.350,0.350,MATCH,0.000,441.000,441.000,Pendiente,No Facturado,PENDIENTE_DE_FACTURAR,PENDIENTE_DE_PAGO,SIN_CUBRIR,,REPORTE 16-21 FEBRERO 2026,IMPORTABLE,
532,2026-02-18,1070,MONROE,EXACT,LENA,MADERA,LENA,SOURCE,EXACT,5820.000,4890.000,930.000,0.000,0.000,0.000,0.000,930.000,930.000,0.350,0.350,MATCH,0.000,325.500,325.500,Pendiente,No Facturado,PENDIENTE_DE_FACTURAR,PENDIENTE_DE_PAGO,SIN_CUBRIR,,REPORTE 16-21 FEBRERO 2026,IMPORTABLE,
533,2026-02-17,1106,MONROE,EXACT,LENA,MADERA,LENA,SOURCE,EXACT,6520.000,5080.000,1440.000,0.000,0.000,0.000,0.000,1440.000,1440.000,0.350,0.350,MATCH,0.000,504.000,504.000,Pendiente,No Facturado,PENDIENTE_DE_FACTURAR,PENDIENTE_DE_PAGO,SIN_CUBRIR,,REPORTE 16-21 FEBRERO 2026,IMPORTABLE,
534,2026-02-17,1115,MONROE,EXACT,LENA,MADERA,LENA,SOURCE,EXACT,6310.000,5080.000,1230.000,0.000,0.000,0.000,0.000,1230.000,1230.000,0.350,0.350,MATCH,0.000,430.500,430.500,Pendiente,No Facturado,PENDIENTE_DE_FACTURAR,PENDIENTE_DE_PAGO,SIN_CUBRIR,,REPORTE 16-21 FEBRERO 2026,IMPORTABLE,
535,2026-02-16,1156,MONROE,EXACT,LENA,MADERA,LENA,SOURCE,EXACT,3780.000,2900.000,880.000,0.000,0.000,0.000,0.000,880.000,880.000,0.350,0.350,MATCH,0.000,308.000,308.000,Pendiente,No Facturado,PENDIENTE_DE_FACTURAR,PENDIENTE_DE_PAGO,SIN_CUBRIR,,REPORTE 16-21 FEBRERO 2026,IMPORTABLE,
536,2026-02-16,1045,MONROE,EXACT,LENA,MADERA,LENA,SOURCE,EXACT,6740.000,4720.000,2020.000,0.000,0.000,0.000,0.000,2020.000,2020.000,0.350,0.350,MATCH,0.000,707.000,707.000,Pendiente,No Facturado,PENDIENTE_DE_FACTURAR,PENDIENTE_DE_PAGO,SIN_CUBRIR,,REPORTE 16-21 FEBRERO 2026,IMPORTABLE,
537,2026-02-16,1044,MONROE,EXACT,LENA,MADERA,LENA,SOURCE,EXACT,7070.000,4720.000,2350.000,0.000,0.000,0.000,0.000,2350.000,2350.000,0.350,0.350,MATCH,0.000,822.500,822.500,Pendiente,No Facturado,PENDIENTE_DE_FACTURAR,PENDIENTE_DE_PAGO,SIN_CUBRIR,,REPORTE 16-21 FEBRERO 2026,IMPORTABLE,
538,2026-02-13,958,MONROE,EXACT,LENA,MADERA,LENA,SOURCE,EXACT,6240.000,4970.000,1270.000,0.000,0.000,0.000,0.000,1270.000,1270.000,0.350,0.350,MATCH,0.000,444.500,444.500,Pendiente,No Facturado,PENDIENTE_DE_FACTURAR,PENDIENTE_DE_PAGO,SIN_CUBRIR,,REPORTE 09-14 FEBRERO 2026,IMPORTABLE,
539,2026-02-13,957,MONROE,EXACT,LENA,MADERA,LENA,SOURCE,EXACT,6550.000,4970.000,1580.000,0.000,0.000,0.000,0.000,1580.000,1580.000,0.350,0.350,MATCH,0.000,553.000,553.000,Pendiente,No Facturado,PENDIENTE_DE_FACTURAR,PENDIENTE_DE_PAGO,SIN_CUBRIR,,REPORTE 09-14 FEBRERO 2026,IMPORTABLE,
540,2026-02-12,886,MONROE,EXACT,LENA,MADERA,LENA,SOURCE,EXACT,6580.000,4890.000,1690.000,0.000,0.000,0.000,0.000,1690.000,1690.000,0.350,0.350,MATCH,0.000,591.500,591.500,Pendiente,No Facturado,PENDIENTE_DE_FACTURAR,PENDIENTE_DE_PAGO,SIN_CUBRIR,,REPORTE 09-14 FEBRERO 2026,IMPORTABLE,
541,2026-02-12,885,MONROE,EXACT,LENA,MADERA,LENA,SOURCE,EXACT,6540.000,4890.000,1650.000,0.000,0.000,0.000,0.000,1650.000,1650.000,0.350,0.350,MATCH,0.000,577.500,577.500,Pendiente,No Facturado,PENDIENTE_DE_FACTURAR,PENDIENTE_DE_PAGO,SIN_CUBRIR,,REPORTE 09-14 FEBRERO 2026,IMPORTABLE,
542,2026-02-11,828,MONROE,EXACT,LENA,MADERA,LENA,SOURCE,EXACT,6930.000,5030.000,1900.000,0.000,0.000,0.000,0.000,1900.000,1900.000,0.350,0.350,MATCH,0.000,665.000,665.000,Pendiente,No Facturado,PENDIENTE_DE_FACTURAR,PENDIENTE_DE_PAGO,SIN_CUBRIR,,REPORTE 09-14 FEBRERO 2026,IMPORTABLE,
543,2026-02-11,827,MONROE,EXACT,LENA,MADERA,LENA,SOURCE,EXACT,6410.000,5030.000,1380.000,0.000,0.000,0.000,0.000,1380.000,1380.000,0.350,0.350,MATCH,0.000,483.000,483.000,Pendiente,No Facturado,PENDIENTE_DE_FACTURAR,PENDIENTE_DE_PAGO,SIN_CUBRIR,,REPORTE 09-14 FEBRERO 2026,IMPORTABLE,
544,2026-02-10,781,MONROE,EXACT,LENA,MADERA,LENA,SOURCE,EXACT,6280.000,5180.000,1100.000,0.000,0.000,0.000,0.000,1100.000,1100.000,0.350,0.350,MATCH,0.000,385.000,385.000,Pendiente,No Facturado,PENDIENTE_DE_FACTURAR,PENDIENTE_DE_PAGO,SIN_CUBRIR,,REPORTE 09-14 FEBRERO 2026,IMPORTABLE,
545,2026-02-10,782,MONROE,EXACT,LENA,MADERA,LENA,SOURCE,EXACT,6600.000,5180.000,1420.000,0.000,0.000,0.000,0.000,1420.000,1420.000,0.350,0.350,MATCH,0.000,497.000,497.000,Pendiente,No Facturado,PENDIENTE_DE_FACTURAR,PENDIENTE_DE_PAGO,SIN_CUBRIR,,REPORTE 09-14 FEBRERO 2026,IMPORTABLE,
546,2026-02-09,751,MONROE,EXACT,LENA,MADERA,LENA,SOURCE,EXACT,7140.000,4840.000,2300.000,0.000,0.000,0.000,0.000,2300.000,2300.000,0.350,0.350,MATCH,0.000,805.000,805.000,Pendiente,No Facturado,PENDIENTE_DE_FACTURAR,PENDIENTE_DE_PAGO,SIN_CUBRIR,,REPORTE 09-14 FEBRERO 2026,IMPORTABLE,
547,2026-02-09,727,MONROE,EXACT,LENA,MADERA,LENA,SOURCE,EXACT,7160.000,5300.000,1860.000,0.000,0.000,0.000,0.000,1860.000,1860.000,0.350,0.350,MATCH,0.000,651.000,651.000,Pendiente,No Facturado,PENDIENTE_DE_FACTURAR,PENDIENTE_DE_PAGO,SIN_CUBRIR,,REPORTE 09-14 FEBRERO 2026,IMPORTABLE,
548,2026-02-09,728,MONROE,EXACT,LENA,MADERA,LENA,SOURCE,EXACT,6810.000,5300.000,1510.000,0.000,0.000,0.000,0.000,1510.000,1510.000,0.350,0.350,MATCH,0.000,528.500,528.500,Pendiente,No Facturado,PENDIENTE_DE_FACTURAR,PENDIENTE_DE_PAGO,SIN_CUBRIR,,REPORTE 09-14 FEBRERO 2026,IMPORTABLE,
549,2026-02-06,633,MONROE,EXACT,LENA,MADERA,LENA,SOURCE,EXACT,6670.000,4750.000,1920.000,0.000,0.000,0.000,0.000,1920.000,1920.000,0.350,0.350,MATCH,0.000,672.000,672.000,Pendiente,No Facturado,PENDIENTE_DE_FACTURAR,PENDIENTE_DE_PAGO,SIN_CUBRIR,,REPORTE 03-07 FEBRERO 2026,IMPORTABLE,
550,2026-02-06,632,MONROE,EXACT,LENA,MADERA,LENA,SOURCE,EXACT,6440.000,4750.000,1690.000,0.000,0.000,0.000,0.000,1690.000,1690.000,0.350,0.350,MATCH,0.000,591.500,591.500,Pendiente,No Facturado,PENDIENTE_DE_FACTURAR,PENDIENTE_DE_PAGO,SIN_CUBRIR,,REPORTE 03-07 FEBRERO 2026,IMPORTABLE,
551,2026-02-05,579,MONROE,EXACT,LENA,MADERA,LENA,SOURCE,EXACT,6320.000,4690.000,1630.000,0.000,0.000,0.000,0.000,1630.000,1630.000,0.350,0.350,MATCH,0.000,570.500,570.500,Pendiente,No Facturado,PENDIENTE_DE_FACTURAR,PENDIENTE_DE_PAGO,SIN_CUBRIR,,REPORTE 03-07 FEBRERO 2026,IMPORTABLE,
552,2026-02-05,578,MONROE,EXACT,LENA,MADERA,LENA,SOURCE,EXACT,6960.000,4690.000,2270.000,0.000,0.000,0.000,0.000,2270.000,2270.000,0.350,0.350,MATCH,0.000,794.500,794.500,Pendiente,No Facturado,PENDIENTE_DE_FACTURAR,PENDIENTE_DE_PAGO,SIN_CUBRIR,,REPORTE 03-07 FEBRERO 2026,IMPORTABLE,
553,2026-02-04,517,MONROE,EXACT,LENA,MADERA,LENA,SOURCE,EXACT,6510.000,4980.000,1530.000,0.000,0.000,0.000,0.000,1530.000,1530.000,0.350,0.350,MATCH,0.000,535.500,535.500,Pendiente,No Facturado,PENDIENTE_DE_FACTURAR,PENDIENTE_DE_PAGO,SIN_CUBRIR,,REPORTE 03-07 FEBRERO 2026,IMPORTABLE,
554,2026-02-04,518,MONROE,EXACT,LENA,MADERA,LENA,SOURCE,EXACT,6660.000,4980.000,1680.000,0.000,0.000,0.000,0.000,1680.000,1680.000,0.350,0.350,MATCH,0.000,588.000,588.000,Pendiente,No Facturado,PENDIENTE_DE_FACTURAR,PENDIENTE_DE_PAGO,SIN_CUBRIR,,REPORTE 03-07 FEBRERO 2026,IMPORTABLE,
555,2026-02-03,494,MONROE,EXACT,LENA,MADERA,LENA,SOURCE,EXACT,6630.000,5070.000,1560.000,0.000,0.000,0.000,0.000,1560.000,1560.000,0.350,0.350,MATCH,0.000,546.000,546.000,Pendiente,No Facturado,PENDIENTE_DE_FACTURAR,PENDIENTE_DE_PAGO,SIN_CUBRIR,,REPORTE 03-07 FEBRERO 2026,IMPORTABLE,
556,2026-02-03,492,MONROE,EXACT,LENA,MADERA,LENA,SOURCE,EXACT,6810.000,5070.000,1740.000,0.000,0.000,0.000,0.000,1740.000,1740.000,0.350,0.350,MATCH,0.000,609.000,609.000,Pendiente,No Facturado,PENDIENTE_DE_FACTURAR,PENDIENTE_DE_PAGO,SIN_CUBRIR,,REPORTE 03-07 FEBRERO 2026,IMPORTABLE,
557,2026-01-31,444,MONROE,EXACT,LENA,MADERA,LENA,SOURCE,EXACT,6470.000,4880.000,1590.000,0.000,0.000,0.000,0.000,1590.000,1590.000,0.350,0.350,MATCH,0.000,556.500,556.500,Pendiente,No Facturado,PENDIENTE_DE_FACTURAR,PENDIENTE_DE_PAGO,SIN_CUBRIR,,REPORTE 26-31 ENERO 2026,IMPORTABLE,
558,2026-01-30,418,MONROE,EXACT,LENA,MADERA,LENA,SOURCE,EXACT,6700.000,4880.000,1820.000,0.000,0.000,0.000,0.000,1820.000,1820.000,0.350,0.350,MATCH,0.000,637.000,637.000,Pendiente,No Facturado,PENDIENTE_DE_FACTURAR,PENDIENTE_DE_PAGO,SIN_CUBRIR,,REPORTE 26-31 ENERO 2026,IMPORTABLE,
559,2026-01-30,398,MONROE,EXACT,LENA,MADERA,LENA,SOURCE,EXACT,7000.000,4880.000,2120.000,0.000,0.000,0.000,0.000,2120.000,2120.000,0.350,0.350,MATCH,0.000,742.000,742.000,Pendiente,No Facturado,PENDIENTE_DE_FACTURAR,PENDIENTE_DE_PAGO,SIN_CUBRIR,,REPORTE 26-31 ENERO 2026,IMPORTABLE,
560,2026-01-29,333,MONROE,EXACT,LENA,MADERA,LENA,SOURCE,EXACT,5790.000,4730.000,1060.000,0.000,0.000,0.000,0.000,1060.000,1060.000,0.350,0.350,MATCH,0.000,371.000,371.000,Pendiente,No Facturado,PENDIENTE_DE_FACTURAR,PENDIENTE_DE_PAGO,SIN_CUBRIR,,REPORTE 26-31 ENERO 2026,IMPORTABLE,
561,2026-01-28,281,MONROE,EXACT,LENA,MADERA,LENA,SOURCE,EXACT,6560.000,4740.000,1820.000,0.000,0.000,0.000,0.000,1820.000,1820.000,0.350,0.350,MATCH,0.000,637.000,637.000,Pendiente,No Facturado,PENDIENTE_DE_FACTURAR,PENDIENTE_DE_PAGO,SIN_CUBRIR,,REPORTE 26-31 ENERO 2026,IMPORTABLE,
562,2026-01-28,282,MONROE,EXACT,LENA,MADERA,LENA,SOURCE,EXACT,6580.000,4740.000,1840.000,0.000,0.000,0.000,0.000,1840.000,1840.000,0.350,0.350,MATCH,0.000,644.000,644.000,Pendiente,No Facturado,PENDIENTE_DE_FACTURAR,PENDIENTE_DE_PAGO,SIN_CUBRIR,,REPORTE 26-31 ENERO 2026,IMPORTABLE,
563,2026-01-27,332,MONROE,EXACT,LENA,MADERA,LENA,SOURCE,EXACT,6730.000,4730.000,2000.000,0.000,0.000,0.000,0.000,2000.000,2000.000,0.350,0.350,MATCH,0.000,700.000,700.000,Pendiente,No Facturado,PENDIENTE_DE_FACTURAR,PENDIENTE_DE_PAGO,SIN_CUBRIR,,REPORTE 26-31 ENERO 2026,IMPORTABLE,
564,2026-01-27,225,MONROE,EXACT,LENA,MADERA,LENA,SOURCE,EXACT,6800.000,5000.000,1800.000,0.000,0.000,0.000,0.000,1800.000,1800.000,0.350,0.350,MATCH,0.000,630.000,630.000,Pendiente,No Facturado,PENDIENTE_DE_FACTURAR,PENDIENTE_DE_PAGO,SIN_CUBRIR,,REPORTE 26-31 ENERO 2026,IMPORTABLE,
565,2026-01-27,224,MONROE,EXACT,LENA,MADERA,LENA,SOURCE,EXACT,6230.000,5000.000,1230.000,0.000,0.000,0.000,0.000,1230.000,1230.000,0.350,0.350,MATCH,0.000,430.500,430.500,Pendiente,No Facturado,PENDIENTE_DE_FACTURAR,PENDIENTE_DE_PAGO,SIN_CUBRIR,,REPORTE 26-31 ENERO 2026,IMPORTABLE,
566,2026-01-26,162,MONROE,EXACT,LENA,MADERA,LENA,SOURCE,EXACT,6500.000,5070.000,1430.000,0.000,0.000,0.000,0.000,1430.000,1430.000,0.350,0.350,MATCH,0.000,500.500,500.500,Pendiente,No Facturado,PENDIENTE_DE_FACTURAR,PENDIENTE_DE_PAGO,SIN_CUBRIR,,REPORTE 26-31 ENERO 2026,IMPORTABLE,
567,2026-01-26,163,MONROE,EXACT,LENA,MADERA,LENA,SOURCE,EXACT,6770.000,5070.000,1700.000,0.000,0.000,0.000,0.000,1700.000,1700.000,0.350,0.350,MATCH,0.000,595.000,595.000,Pendiente,No Facturado,PENDIENTE_DE_FACTURAR,PENDIENTE_DE_PAGO,SIN_CUBRIR,,REPORTE 26-31 ENERO 2026,IMPORTABLE,
568,2026-01-24,138,MONROE,EXACT,LENA,MADERA,LENA,SOURCE,EXACT,6730.000,4990.000,1740.000,0.000,0.000,0.000,0.000,1740.000,1740.000,0.350,0.350,MATCH,0.000,609.000,609.000,Pendiente,No Facturado,PENDIENTE_DE_FACTURAR,PENDIENTE_DE_PAGO,SIN_CUBRIR,,REPORTE 19-24 ENERO 2026,IMPORTABLE,
569,2026-01-23,69,MONROE,EXACT,LENA,MADERA,LENA,SOURCE,EXACT,5900.000,5200.000,700.000,0.000,0.000,0.000,0.000,700.000,700.000,0.350,0.350,MATCH,0.000,245.000,245.000,Pendiente,No Facturado,PENDIENTE_DE_FACTURAR,PENDIENTE_DE_PAGO,SIN_CUBRIR,,REPORTE 19-24 ENERO 2026,IMPORTABLE,
570,2026-01-23,68,MONROE,EXACT,LENA,MADERA,LENA,SOURCE,EXACT,6680.000,5200.000,1480.000,0.000,0.000,0.000,0.000,1480.000,1480.000,0.350,0.350,MATCH,0.000,518.000,518.000,Pendiente,No Facturado,PENDIENTE_DE_FACTURAR,PENDIENTE_DE_PAGO,SIN_CUBRIR,,REPORTE 19-24 ENERO 2026,IMPORTABLE,
571,2026-01-22,18,MONROE,EXACT,LENA,MADERA,LENA,SOURCE,EXACT,6460.000,4750.000,1710.000,0.000,0.000,0.000,0.000,1710.000,1710.000,0.350,0.350,MATCH,0.000,598.500,598.500,Pendiente,No Facturado,PENDIENTE_DE_FACTURAR,PENDIENTE_DE_PAGO,SIN_CUBRIR,,REPORTE 19-24 ENERO 2026,IMPORTABLE,
572,2026-01-22,17,MONROE,EXACT,LENA,MADERA,LENA,SOURCE,EXACT,6370.000,4740.000,1630.000,0.000,0.000,0.000,0.000,1630.000,1630.000,0.350,0.350,MATCH,0.000,570.500,570.500,Pendiente,No Facturado,PENDIENTE_DE_FACTURAR,PENDIENTE_DE_PAGO,SIN_CUBRIR,,REPORTE 19-24 ENERO 2026,IMPORTABLE,
573,2026-01-21,14963,MONROE,EXACT,LENA,MADERA,LENA,SOURCE,EXACT,6420.000,4750.000,1670.000,0.000,0.000,0.000,0.000,1670.000,1670.000,0.350,0.350,MATCH,0.000,584.500,584.500,Pendiente,No Facturado,PENDIENTE_DE_FACTURAR,PENDIENTE_DE_PAGO,SIN_CUBRIR,,REPORTE 19-24 ENERO 2026,IMPORTABLE,
574,2026-01-21,14962,MONROE,EXACT,LENA,MADERA,LENA,SOURCE,EXACT,6390.000,4750.000,1640.000,0.000,0.000,0.000,0.000,1640.000,1640.000,0.350,0.350,MATCH,0.000,574.000,574.000,Pendiente,No Facturado,PENDIENTE_DE_FACTURAR,PENDIENTE_DE_PAGO,SIN_CUBRIR,,REPORTE 19-24 ENERO 2026,IMPORTABLE,
575,2026-01-20,14907,MONROE,EXACT,LENA,MADERA,LENA,SOURCE,EXACT,6430.000,5050.000,1380.000,0.000,0.000,0.000,0.000,1380.000,1380.000,0.350,0.350,MATCH,0.000,483.000,483.000,Pendiente,No Facturado,PENDIENTE_DE_FACTURAR,PENDIENTE_DE_PAGO,SIN_CUBRIR,,REPORTE 19-24 ENERO 2026,IMPORTABLE,
576,2026-01-20,14906,MONROE,EXACT,LENA,MADERA,LENA,SOURCE,EXACT,6690.000,5050.000,1640.000,0.000,0.000,0.000,0.000,1640.000,1640.000,0.350,0.350,MATCH,0.000,574.000,574.000,Pendiente,No Facturado,PENDIENTE_DE_FACTURAR,PENDIENTE_DE_PAGO,SIN_CUBRIR,,REPORTE 19-24 ENERO 2026,IMPORTABLE,
577,2026-01-19,14867,MONROE,EXACT,LENA,MADERA,LENA,SOURCE,EXACT,6390.000,4870.000,1520.000,0.000,0.000,0.000,0.000,1520.000,1520.000,0.350,0.350,MATCH,0.000,532.000,532.000,Pendiente,No Facturado,PENDIENTE_DE_FACTURAR,PENDIENTE_DE_PAGO,SIN_CUBRIR,,REPORTE 19-24 ENERO 2026,IMPORTABLE,
578,2026-01-17,14866,MONROE,EXACT,LENA,TARIMAS,LENA,SOURCE,EXACT,6590.000,4870.000,1720.000,0.000,0.000,0.000,0.000,1720.000,1720.000,0.350,0.350,MATCH,0.000,602.000,602.000,Pendiente,No Facturado,PENDIENTE_DE_FACTURAR,PENDIENTE_DE_PAGO,SIN_CUBRIR,,REPORTE 12-17 ENERO 2026,IMPORTABLE,
579,2026-01-17,14836,MONROE,EXACT,LENA,TARIMAS,LENA,SOURCE,EXACT,6060.000,5050.000,1010.000,0.000,0.000,0.000,0.000,1010.000,1010.000,0.350,0.350,MATCH,0.000,353.500,353.500,Pendiente,No Facturado,PENDIENTE_DE_FACTURAR,PENDIENTE_DE_PAGO,SIN_CUBRIR,,REPORTE 12-17 ENERO 2026,IMPORTABLE,
580,2026-01-16,14795,MONROE,EXACT,LENA,TARIMAS,LENA,SOURCE,EXACT,6560.000,5080.000,1480.000,0.000,0.000,0.000,0.000,1480.000,1480.000,0.350,0.350,MATCH,0.000,518.000,518.000,Pendiente,No Facturado,PENDIENTE_DE_FACTURAR,PENDIENTE_DE_PAGO,SIN_CUBRIR,,REPORTE 12-17 ENERO 2026,IMPORTABLE,
581,2026-01-16,14802,MONROE,EXACT,LENA,TARIMAS,LENA,SOURCE,EXACT,6360.000,5080.000,1280.000,0.000,0.000,0.000,0.000,1280.000,1280.000,0.350,0.350,MATCH,0.000,448.000,448.000,Pendiente,No Facturado,PENDIENTE_DE_FACTURAR,PENDIENTE_DE_PAGO,SIN_CUBRIR,,REPORTE 12-17 ENERO 2026,IMPORTABLE,
582,2026-01-15,14718,MONROE,EXACT,LENA,TARIMAS,LENA,SOURCE,EXACT,6600.000,4710.000,1890.000,0.000,0.000,0.000,0.000,1890.000,1890.000,0.350,0.350,MATCH,0.000,661.500,661.500,Pendiente,No Facturado,PENDIENTE_DE_FACTURAR,PENDIENTE_DE_PAGO,SIN_CUBRIR,,REPORTE 12-17 ENERO 2026,IMPORTABLE,
583,2026-01-15,14717,MONROE,EXACT,LENA,TARIMAS,LENA,SOURCE,EXACT,6270.000,4710.000,1560.000,0.000,0.000,0.000,0.000,1560.000,1560.000,0.350,0.350,MATCH,0.000,546.000,546.000,Pendiente,No Facturado,PENDIENTE_DE_FACTURAR,PENDIENTE_DE_PAGO,SIN_CUBRIR,,REPORTE 12-17 ENERO 2026,IMPORTABLE,
584,2026-01-14,14670,MONROE,EXACT,LENA,TARIMAS,LENA,SOURCE,EXACT,5710.000,4730.000,980.000,0.000,0.000,0.000,0.000,980.000,980.000,0.350,0.350,MATCH,0.000,343.000,343.000,Pendiente,No Facturado,PENDIENTE_DE_FACTURAR,PENDIENTE_DE_PAGO,SIN_CUBRIR,,REPORTE 12-17 ENERO 2026,IMPORTABLE,
585,2026-01-14,14669,MONROE,EXACT,LENA,TARIMAS,LENA,SOURCE,EXACT,6210.000,4730.000,1480.000,0.000,0.000,0.000,0.000,1480.000,1480.000,0.350,0.350,MATCH,0.000,518.000,518.000,Pendiente,No Facturado,PENDIENTE_DE_FACTURAR,PENDIENTE_DE_PAGO,SIN_CUBRIR,,REPORTE 12-17 ENERO 2026,IMPORTABLE,
586,2026-01-13,14584,MONROE,EXACT,LENA,MADERA,LENA,SOURCE,EXACT,6560.000,5140.000,1420.000,0.000,0.000,0.000,0.000,1420.000,1420.000,0.350,0.350,MATCH,0.000,497.000,497.000,Pendiente,No Facturado,PENDIENTE_DE_FACTURAR,PENDIENTE_DE_PAGO,SIN_CUBRIR,,REPORTE 12-17 ENERO 2026,IMPORTABLE,
587,2026-01-13,14583,MONROE,EXACT,LENA,TARIMAS,LENA,SOURCE,EXACT,6270.000,5140.000,1130.000,0.000,0.000,0.000,0.000,1130.000,1130.000,0.350,0.350,MATCH,0.000,395.500,395.500,Pendiente,No Facturado,PENDIENTE_DE_FACTURAR,PENDIENTE_DE_PAGO,SIN_CUBRIR,,REPORTE 12-17 ENERO 2026,IMPORTABLE,
588,2026-01-12,14515,MONROE,EXACT,LENA,MADERA,LENA,SOURCE,EXACT,6730.000,4850.000,1880.000,0.000,0.000,0.000,0.000,1880.000,1880.000,0.350,0.350,MATCH,0.000,658.000,658.000,Pendiente,No Facturado,PENDIENTE_DE_FACTURAR,PENDIENTE_DE_PAGO,SIN_CUBRIR,,REPORTE 12-17 ENERO 2026,IMPORTABLE,
589,2026-01-12,14514,MONROE,EXACT,LENA,TARIMAS,LENA,SOURCE,EXACT,7130.000,4850.000,2280.000,0.000,0.000,0.000,0.000,2280.000,2280.000,0.350,0.350,MATCH,0.000,798.000,798.000,Pendiente,No Facturado,PENDIENTE_DE_FACTURAR,PENDIENTE_DE_PAGO,SIN_CUBRIR,,REPORTE 12-17 ENERO 2026,IMPORTABLE,
590,2026-01-09,14448,MONROE,EXACT,LENA,MADERA,LENA,SOURCE,EXACT,6800.000,5050.000,1750.000,0.000,0.000,0.000,0.000,1750.000,1750.000,0.350,0.350,MATCH,0.000,612.500,612.500,Pendiente,No Facturado,PENDIENTE_DE_FACTURAR,PENDIENTE_DE_PAGO,SIN_CUBRIR,,REPORTE 02-09 ENERO 2026,IMPORTABLE,
591,2026-01-09,14436,MONROE,EXACT,LENA,MADERA,LENA,SOURCE,EXACT,6530.000,5050.000,1480.000,0.000,0.000,0.000,0.000,1480.000,1480.000,0.350,0.350,MATCH,0.000,518.000,518.000,Pendiente,No Facturado,PENDIENTE_DE_FACTURAR,PENDIENTE_DE_PAGO,SIN_CUBRIR,,REPORTE 02-09 ENERO 2026,IMPORTABLE,
592,2026-01-08,14368,MONROE,EXACT,LENA,MADERA,LENA,SOURCE,EXACT,6490.000,4920.000,1570.000,0.000,0.000,0.000,0.000,1570.000,1570.000,0.350,0.350,MATCH,0.000,549.500,549.500,Pendiente,No Facturado,PENDIENTE_DE_FACTURAR,PENDIENTE_DE_PAGO,SIN_CUBRIR,,REPORTE 02-09 ENERO 2026,IMPORTABLE,
593,2026-01-07,14320,MONROE,EXACT,LENA,MADERA,LENA,SOURCE,EXACT,6440.000,4890.000,1550.000,0.000,0.000,0.000,0.000,1550.000,1550.000,0.350,0.350,MATCH,0.000,542.500,542.500,Pendiente,No Facturado,PENDIENTE_DE_FACTURAR,PENDIENTE_DE_PAGO,SIN_CUBRIR,,REPORTE 02-09 ENERO 2026,IMPORTABLE,
594,2026-01-07,14321,MONROE,EXACT,LENA,MADERA,LENA,SOURCE,EXACT,6360.000,4890.000,1470.000,0.000,0.000,0.000,0.000,1470.000,1470.000,0.350,0.350,MATCH,0.000,514.500,514.500,Pendiente,No Facturado,PENDIENTE_DE_FACTURAR,PENDIENTE_DE_PAGO,SIN_CUBRIR,,REPORTE 02-09 ENERO 2026,IMPORTABLE,
595,2026-01-06,14282,MONROE,EXACT,LENA,MADERA,LENA,SOURCE,EXACT,6400.000,5050.000,1350.000,0.000,0.000,0.000,0.000,1350.000,1350.000,0.350,0.350,MATCH,0.000,472.500,472.500,Pendiente,No Facturado,PENDIENTE_DE_FACTURAR,PENDIENTE_DE_PAGO,SIN_CUBRIR,,REPORTE 02-09 ENERO 2026,IMPORTABLE,
596,2026-01-05,14246,MONROE,EXACT,LENA,MADERA,LENA,SOURCE,EXACT,7090.000,5020.000,2070.000,0.000,0.000,0.000,0.000,2070.000,2070.000,0.350,0.350,MATCH,0.000,724.500,724.500,Pendiente,No Facturado,PENDIENTE_DE_FACTURAR,PENDIENTE_DE_PAGO,SIN_CUBRIR,,REPORTE 02-09 ENERO 2026,IMPORTABLE,
597,2026-01-05,14226,MONROE,EXACT,LENA,MADERA,LENA,SOURCE,EXACT,6770.000,4710.000,2060.000,0.000,0.000,0.000,0.000,2060.000,2060.000,0.350,0.350,MATCH,0.000,721.000,721.000,Pendiente,No Facturado,PENDIENTE_DE_FACTURAR,PENDIENTE_DE_PAGO,SIN_CUBRIR,,REPORTE 02-09 ENERO 2026,IMPORTABLE,
598,2026-01-05,14225,MONROE,EXACT,LENA,MADERA,LENA,SOURCE,EXACT,6070.000,4710.000,1360.000,0.000,0.000,0.000,0.000,1360.000,1360.000,0.350,0.350,MATCH,0.000,476.000,476.000,Pendiente,No Facturado,PENDIENTE_DE_FACTURAR,PENDIENTE_DE_PAGO,SIN_CUBRIR,,REPORTE 02-09 ENERO 2026,IMPORTABLE,
599,2025-12-31,14133,MONROE,EXACT,LENA,MADERA,LENA,SOURCE,EXACT,6570.000,4710.000,1860.000,0.000,0.000,0.000,0.000,1860.000,1860.000,0.350,0.350,MATCH,0.000,651.000,651.000,Pendiente,No Facturado,PENDIENTE_DE_FACTURAR,PENDIENTE_DE_PAGO,SIN_CUBRIR,,REPORTE 29-31 DICIEMBRE 2025,IMPORTABLE,
600,2025-12-30,14151,MONROE,EXACT,LENA,MADERA,LENA,SOURCE,EXACT,5690.000,4690.000,1000.000,0.000,0.000,0.000,0.000,1000.000,1000.000,0.350,0.350,MATCH,0.000,350.000,350.000,Pendiente,No Facturado,PENDIENTE_DE_FACTURAR,PENDIENTE_DE_PAGO,SIN_CUBRIR,,REPORTE 29-31 DICIEMBRE 2025,IMPORTABLE,
601,2025-12-30,14132,MONROE,EXACT,LENA,MADERA,LENA,SOURCE,EXACT,6090.000,4710.000,1380.000,0.000,0.000,0.000,0.000,1380.000,1380.000,0.350,0.350,MATCH,0.000,483.000,483.000,Pendiente,No Facturado,PENDIENTE_DE_FACTURAR,PENDIENTE_DE_PAGO,SIN_CUBRIR,,REPORTE 29-31 DICIEMBRE 2025,IMPORTABLE,
602,2025-12-29,14098,MONROE,EXACT,LENA,MADERA,LENA,SOURCE,EXACT,6030.000,5030.000,1000.000,0.000,0.000,0.000,0.000,1000.000,1000.000,0.350,0.350,MATCH,0.000,350.000,350.000,Pendiente,No Facturado,PENDIENTE_DE_FACTURAR,PENDIENTE_DE_PAGO,SIN_CUBRIR,,REPORTE 29-31 DICIEMBRE 2025,IMPORTABLE,
603,2025-12-29,14081,MONROE,EXACT,LENA,MADERA,LENA,SOURCE,EXACT,6780.000,4720.000,2060.000,0.000,0.000,0.000,0.000,2060.000,2060.000,0.350,0.350,MATCH,0.000,721.000,721.000,Pendiente,No Facturado,PENDIENTE_DE_FACTURAR,PENDIENTE_DE_PAGO,SIN_CUBRIR,,REPORTE 29-31 DICIEMBRE 2025,IMPORTABLE,
604,2025-12-12,13519,MONROE,EXACT,LENA,LENA,LENA,SOURCE,EXACT,6430.000,5360.000,1070.000,0.000,0.000,0.000,0.000,1070.000,1070.000,0.350,0.350,MATCH,0.000,374.500,374.500,Pendiente,No Facturado,PENDIENTE_DE_FACTURAR,PENDIENTE_DE_PAGO,SIN_CUBRIR,,Reporte 08-12 diciembre 2025,IMPORTABLE,
605,2025-12-12,13520,MONROE,EXACT,LENA,LENA,LENA,SOURCE,EXACT,6230.000,5360.000,870.000,0.000,0.000,0.000,0.000,870.000,870.000,0.350,0.350,MATCH,0.000,304.500,304.500,Pendiente,No Facturado,PENDIENTE_DE_FACTURAR,PENDIENTE_DE_PAGO,SIN_CUBRIR,,Reporte 08-12 diciembre 2025,IMPORTABLE,
606,2025-12-11,13457,MONROE,EXACT,LENA,LENA,LENA,SOURCE,EXACT,6490.000,4730.000,1760.000,0.000,0.000,0.000,0.000,1760.000,1760.000,0.350,0.350,MATCH,0.000,616.000,616.000,Pendiente,No Facturado,PENDIENTE_DE_FACTURAR,PENDIENTE_DE_PAGO,SIN_CUBRIR,,Reporte 08-12 diciembre 2025,IMPORTABLE,
607,2025-12-11,13456,MONROE,EXACT,LENA,LENA,LENA,SOURCE,EXACT,6340.000,4730.000,1610.000,0.000,0.000,0.000,0.000,1610.000,1610.000,0.350,0.350,MATCH,0.000,563.500,563.500,Pendiente,No Facturado,PENDIENTE_DE_FACTURAR,PENDIENTE_DE_PAGO,SIN_CUBRIR,,Reporte 08-12 diciembre 2025,IMPORTABLE,
608,2025-12-10,13400,MONROE,EXACT,LENA,LENA,LENA,SOURCE,EXACT,6320.000,4700.000,1620.000,0.000,0.000,0.000,0.000,1620.000,1620.000,0.350,0.350,MATCH,0.000,567.000,567.000,Pendiente,No Facturado,PENDIENTE_DE_FACTURAR,PENDIENTE_DE_PAGO,SIN_CUBRIR,,Reporte 08-12 diciembre 2025,IMPORTABLE,
609,2025-12-10,13401,MONROE,EXACT,LENA,LENA,LENA,SOURCE,EXACT,6530.000,4700.000,1830.000,0.000,0.000,0.000,0.000,1830.000,1830.000,0.350,0.350,MATCH,0.000,640.500,640.500,Pendiente,No Facturado,PENDIENTE_DE_FACTURAR,PENDIENTE_DE_PAGO,SIN_CUBRIR,,Reporte 08-12 diciembre 2025,IMPORTABLE,
610,2025-12-09,13381,MONROE,EXACT,LENA,LENA,LENA,SOURCE,EXACT,6360.000,5080.000,1280.000,0.000,0.000,0.000,0.000,1280.000,1280.000,0.350,0.350,MATCH,0.000,448.000,448.000,Pendiente,No Facturado,PENDIENTE_DE_FACTURAR,PENDIENTE_DE_PAGO,SIN_CUBRIR,,Reporte 08-12 diciembre 2025,IMPORTABLE,
611,2025-12-09,13306,MONROE,EXACT,LENA,LENA,LENA,SOURCE,EXACT,6600.000,5030.000,1570.000,0.000,0.000,0.000,0.000,1570.000,1570.000,0.350,0.350,MATCH,0.000,549.500,549.500,Pendiente,No Facturado,PENDIENTE_DE_FACTURAR,PENDIENTE_DE_PAGO,SIN_CUBRIR,,Reporte 08-12 diciembre 2025,IMPORTABLE,
612,2025-12-08,13305,MONROE,EXACT,LENA,LENA,LENA,SOURCE,EXACT,6850.000,5030.000,1820.000,0.000,0.000,0.000,0.000,1820.000,1820.000,0.350,0.350,MATCH,0.000,637.000,637.000,Pendiente,No Facturado,PENDIENTE_DE_FACTURAR,PENDIENTE_DE_PAGO,SIN_CUBRIR,,Reporte 08-12 diciembre 2025,IMPORTABLE,
613,2025-12-06,13268,MONROE,EXACT,LENA,LENA,LENA,SOURCE,EXACT,6010.000,5070.000,940.000,0.000,0.000,0.000,0.000,940.000,940.000,0.350,0.350,MATCH,0.000,329.000,329.000,Pendiente,Facturado,FACTURADO,PENDIENTE_DE_PAGO,SIN_CUBRIR,,Reporte 01-06 diciembre 2025,IMPORTABLE,
614,2025-12-05,13207,MONROE,EXACT,LENA,LENA,LENA,SOURCE,EXACT,6440.000,5350.000,1090.000,0.000,0.000,0.000,0.000,1090.000,1090.000,0.350,0.350,MATCH,0.000,381.500,381.500,Pendiente,Facturado,FACTURADO,PENDIENTE_DE_PAGO,SIN_CUBRIR,,Reporte 01-06 diciembre 2025,IMPORTABLE,
615,2025-12-03,13098,MONROE,EXACT,LENA,LENA,LENA,SOURCE,EXACT,6280.000,4670.000,1610.000,0.000,0.000,0.000,0.000,1610.000,1610.000,0.350,0.350,MATCH,0.000,563.500,563.500,Pendiente,Facturado,FACTURADO,PENDIENTE_DE_PAGO,SIN_CUBRIR,,Reporte 01-06 diciembre 2025,IMPORTABLE,
616,2025-11-29,12974,MONROE,EXACT,LENA,LENA,LENA,SOURCE,EXACT,6190.000,4880.000,1310.000,0.000,0.000,0.000,0.000,1310.000,1310.000,0.350,0.350,MATCH,0.000,458.500,458.500,Pendiente,Facturado,FACTURADO,PENDIENTE_DE_PAGO,SIN_CUBRIR,,Reporte 24-28 noviembre  2025,IMPORTABLE,
617,2025-11-24,12702,MONROE,EXACT,LENA,LENA,LENA,SOURCE,EXACT,6700.000,4990.000,1710.000,0.000,0.000,0.000,0.000,1710.000,1710.000,0.350,0.350,MATCH,0.000,598.500,598.500,Pendiente,Facturado,FACTURADO,PENDIENTE_DE_PAGO,SIN_CUBRIR,,Reporte 24-28 noviembre  2025,IMPORTABLE,
618,2025-11-18,12386,MONROE,EXACT,LENA,LENA,LENA,SOURCE,EXACT,6610.000,5020.000,1590.000,0.000,0.000,0.000,0.000,1590.000,1590.000,0.350,0.350,MATCH,0.000,556.500,556.500,Pendiente,Facturado,FACTURADO,PENDIENTE_DE_PAGO,SIN_CUBRIR,,Reporte 17-21 noviembre  2025,IMPORTABLE,
619,2025-11-11,12115,MONROE,EXACT,LENA,LENA,LENA,SOURCE,EXACT,6580.000,5030.000,1550.000,0.000,0.000,0.000,0.000,1550.000,1550.000,0.350,0.350,MATCH,0.000,542.500,542.500,Pendiente,Facturado,FACTURADO,PENDIENTE_DE_PAGO,SIN_CUBRIR,,Reporte 10-14 noviembre  2025,IMPORTABLE,
620,2025-11-10,12074,MONROE,EXACT,LENA,LENA,LENA,SOURCE,EXACT,6790.000,4650.000,2140.000,0.000,0.000,0.000,0.000,2140.000,2140.000,0.350,0.350,MATCH,0.000,749.000,749.000,Pendiente,Facturado,FACTURADO,PENDIENTE_DE_PAGO,SIN_CUBRIR,,Reporte 10-14 noviembre  2025,IMPORTABLE,
621,2025-11-10,12073,MONROE,EXACT,LENA,LENA,LENA,SOURCE,EXACT,6710.000,4650.000,2060.000,0.000,0.000,0.000,0.000,2060.000,2060.000,0.350,0.350,MATCH,0.000,721.000,721.000,Pendiente,Facturado,FACTURADO,PENDIENTE_DE_PAGO,SIN_CUBRIR,,Reporte 10-14 noviembre  2025,IMPORTABLE,
622,2025-11-07,11972,MONROE,EXACT,LENA,LENA,LENA,SOURCE,EXACT,6630.000,5280.000,1350.000,0.000,0.000,0.000,0.000,1350.000,1350.000,0.350,0.350,MATCH,0.000,472.500,472.500,Pendiente,No Facturado,PENDIENTE_DE_FACTURAR,PENDIENTE_DE_PAGO,SIN_CUBRIR,,Reporte 01-07 noviembre  2025,IMPORTABLE,
623,2025-11-07,12018,MONROE,EXACT,LENA,LENA,LENA,SOURCE,EXACT,5810.000,5100.000,710.000,0.000,0.000,0.000,0.000,710.000,710.000,0.350,0.350,MATCH,0.000,248.500,248.500,Pendiente,No Facturado,PENDIENTE_DE_FACTURAR,PENDIENTE_DE_PAGO,SIN_CUBRIR,,Reporte 01-07 noviembre  2025,IMPORTABLE,
624,2025-11-06,11919,MONROE,EXACT,LENA,LENA,LENA,SOURCE,EXACT,6120.000,4840.000,1280.000,0.000,0.000,0.000,0.000,1280.000,1280.000,0.350,0.350,MATCH,0.000,448.000,448.000,Pendiente,No Facturado,PENDIENTE_DE_FACTURAR,PENDIENTE_DE_PAGO,SIN_CUBRIR,,Reporte 01-07 noviembre  2025,IMPORTABLE,
625,2025-11-06,11920,MONROE,EXACT,LENA,LENA,LENA,SOURCE,EXACT,6320.000,4840.000,1480.000,0.000,0.000,0.000,0.000,1480.000,1480.000,0.350,0.350,MATCH,0.000,518.000,518.000,Pendiente,No Facturado,PENDIENTE_DE_FACTURAR,PENDIENTE_DE_PAGO,SIN_CUBRIR,,Reporte 01-07 noviembre  2025,IMPORTABLE,
626,2025-11-05,11857,MONROE,EXACT,LENA,LENA,LENA,SOURCE,EXACT,6910.000,4850.000,2060.000,0.000,0.000,0.000,0.000,2060.000,2060.000,0.350,0.350,MATCH,0.000,721.000,721.000,Pendiente,No Facturado,PENDIENTE_DE_FACTURAR,PENDIENTE_DE_PAGO,SIN_CUBRIR,,Reporte 01-07 noviembre  2025,IMPORTABLE,
627,2025-11-05,11858,MONROE,EXACT,LENA,LENA,LENA,SOURCE,EXACT,6430.000,4850.000,1580.000,0.000,0.000,0.000,0.000,1580.000,1580.000,0.350,0.350,MATCH,0.000,553.000,553.000,Pendiente,No Facturado,PENDIENTE_DE_FACTURAR,PENDIENTE_DE_PAGO,SIN_CUBRIR,,Reporte 01-07 noviembre  2025,IMPORTABLE,
628,2025-11-04,23805,MONROE,EXACT,LENA,LENA,LENA,SOURCE,EXACT,13890.000,12500.000,1390.000,0.000,0.000,0.000,0.000,1390.000,1390.000,0.350,0.350,MATCH,0.000,486.500,486.500,Pendiente,No Facturado,PENDIENTE_DE_FACTURAR,PENDIENTE_DE_PAGO,SIN_CUBRIR,,Reporte 01-07 noviembre  2025,IMPORTABLE,
629,2025-11-04,11816,MONROE,EXACT,LENA,LENA,LENA,SOURCE,EXACT,6240.000,5060.000,1180.000,0.000,0.000,0.000,0.000,1180.000,1180.000,0.350,0.350,MATCH,0.000,413.000,413.000,Pendiente,No Facturado,PENDIENTE_DE_FACTURAR,PENDIENTE_DE_PAGO,SIN_CUBRIR,,Reporte 01-07 noviembre  2025,IMPORTABLE,
630,2025-11-04,11803,MONROE,EXACT,LENA,LENA,LENA,SOURCE,EXACT,6750.000,5060.000,1690.000,0.000,0.000,0.000,0.000,1690.000,1690.000,0.350,0.350,MATCH,0.000,591.500,591.500,Pendiente,No Facturado,PENDIENTE_DE_FACTURAR,PENDIENTE_DE_PAGO,SIN_CUBRIR,,Reporte 01-07 noviembre  2025,IMPORTABLE,
631,2025-11-03,11715,MONROE,EXACT,LENA,LENA,LENA,SOURCE,EXACT,6320.000,4690.000,1630.000,0.000,0.000,0.000,0.000,1630.000,1630.000,0.350,0.350,MATCH,0.000,570.500,570.500,Pendiente,No Facturado,PENDIENTE_DE_FACTURAR,PENDIENTE_DE_PAGO,SIN_CUBRIR,,Reporte 01-07 noviembre  2025,IMPORTABLE,
632,2025-11-03,11759,MONROE,EXACT,LENA,LENA,LENA,SOURCE,EXACT,6530.000,5050.000,1480.000,0.000,0.000,0.000,0.000,1480.000,1480.000,0.350,0.350,MATCH,0.000,518.000,518.000,Pendiente,No Facturado,PENDIENTE_DE_FACTURAR,PENDIENTE_DE_PAGO,SIN_CUBRIR,,Reporte 01-07 noviembre  2025,IMPORTABLE,
633,2025-11-03,11760,MONROE,EXACT,LENA,LENA,LENA,SOURCE,EXACT,6070.000,5050.000,1020.000,0.000,0.000,0.000,0.000,1020.000,1020.000,0.350,0.350,MATCH,0.000,357.000,357.000,Pendiente,No Facturado,PENDIENTE_DE_FACTURAR,PENDIENTE_DE_PAGO,SIN_CUBRIR,,Reporte 01-07 noviembre  2025,IMPORTABLE,
634,2025-10-20,11191,MONROE,EXACT,LENA,LENA,LENA,SOURCE,EXACT,7030.000,5020.000,2010.000,0.000,0.000,0.000,0.000,2010.000,2010.000,0.350,0.350,MATCH,0.000,703.500,703.500,Pendiente,Facturado,FACTURADO,PENDIENTE_DE_PAGO,SIN_CUBRIR,,Reporte 20-24 octubre 2025,IMPORTABLE,
635,2025-10-18,11153,MONROE,EXACT,LENA,LENA,LENA,SOURCE,EXACT,6570.000,4870.000,1700.000,0.000,0.000,0.000,0.000,1700.000,1700.000,0.350,0.350,MATCH,0.000,595.000,595.000,Pendiente,Facturado,FACTURADO,PENDIENTE_DE_PAGO,SIN_CUBRIR,,Reporte 13-17 octubre 2025,IMPORTABLE,
636,2025-10-17,11105,MONROE,EXACT,LENA,LENA,LENA,SOURCE,EXACT,6310.000,5160.000,1150.000,0.000,0.000,0.000,0.000,1150.000,1150.000,0.350,0.350,MATCH,0.000,402.500,402.500,Pendiente,Facturado,FACTURADO,PENDIENTE_DE_PAGO,SIN_CUBRIR,,Reporte 13-17 octubre 2025,IMPORTABLE,
637,2025-10-15,10982,MONROE,EXACT,LENA,LENA,LENA,SOURCE,EXACT,6480.000,4700.000,1780.000,0.000,0.000,0.000,0.000,1780.000,1780.000,0.350,0.350,MATCH,0.000,623.000,623.000,Pendiente,Facturado,FACTURADO,PENDIENTE_DE_PAGO,SIN_CUBRIR,,Reporte 13-17 octubre 2025,IMPORTABLE,
638,2025-10-13,10869,MONROE,EXACT,LENA,LENA,LENA,SOURCE,EXACT,7110.000,4870.000,2240.000,0.000,0.000,0.000,0.000,2240.000,2240.000,0.350,0.350,MATCH,0.000,784.000,784.000,Pendiente,No Facturado,PENDIENTE_DE_FACTURAR,PENDIENTE_DE_PAGO,SIN_CUBRIR,,Reporte 13-17 octubre 2025,IMPORTABLE,
639,2025-10-13,10868,MONROE,EXACT,LENA,LENA,LENA,SOURCE,EXACT,6510.000,4870.000,1640.000,0.000,0.000,0.000,0.000,1640.000,1640.000,0.350,0.350,MATCH,0.000,574.000,574.000,Pendiente,No Facturado,PENDIENTE_DE_FACTURAR,PENDIENTE_DE_PAGO,SIN_CUBRIR,,Reporte 13-17 octubre 2025,IMPORTABLE,
640,2025-09-29,10262,MONROE,EXACT,LENA,LENA,LENA,SOURCE,EXACT,7290.000,4900.000,2390.000,0.000,0.000,0.000,0.000,2390.000,2390.000,0.350,0.350,MATCH,0.000,836.500,836.500,Pendiente,Facturado,FACTURADO,PENDIENTE_DE_PAGO,SIN_CUBRIR,,Reporte 22-30 septiembre 2025,IMPORTABLE,
641,2025-09-24,10066,MONROE,EXACT,LENA,LENA,LENA,SOURCE,EXACT,6810.000,4910.000,1900.000,0.000,0.000,0.000,0.000,1900.000,1900.000,0.350,0.350,MATCH,0.000,665.000,665.000,Pendiente,Facturado,FACTURADO,PENDIENTE_DE_PAGO,SIN_CUBRIR,,Reporte 15-19 septiembre 2025,IMPORTABLE,
642,2025-09-24,10067,MONROE,EXACT,LENA,LENA,LENA,SOURCE,EXACT,6460.000,4910.000,1550.000,0.000,0.000,0.000,0.000,1550.000,1550.000,0.350,0.350,MATCH,0.000,542.500,542.500,Pendiente,Facturado,FACTURADO,PENDIENTE_DE_PAGO,SIN_CUBRIR,,Reporte 22-30 septiembre 2025,IMPORTABLE,
643,2025-09-19,9846,MONROE,EXACT,LENA,LENA,LENA,SOURCE,EXACT,6990.000,5060.000,1930.000,0.000,0.000,0.000,0.000,1930.000,1930.000,0.350,0.350,MATCH,0.000,675.500,675.500,Pendiente,Facturado,FACTURADO,PENDIENTE_DE_PAGO,SIN_CUBRIR,,Reporte 15-19 septiembre 2025,IMPORTABLE,
644,2025-09-15,9703,MONROE,EXACT,LENA,LENA,LENA,SOURCE,EXACT,7000.000,4750.000,2250.000,0.000,0.000,0.000,0.000,2250.000,2250.000,0.350,0.350,MATCH,0.000,787.500,787.500,Pendiente,Facturado,FACTURADO,PENDIENTE_DE_PAGO,SIN_CUBRIR,,Reporte 15-19 septiembre 2025,IMPORTABLE,
645,2025-09-08,9415,MONROE,EXACT,LENA,LENA,LENA,SOURCE,EXACT,6440.000,5060.000,1380.000,0.000,0.000,0.000,0.000,1380.000,1380.000,0.350,0.350,MATCH,0.000,483.000,483.000,Pendiente,Facturado,FACTURADO,PENDIENTE_DE_PAGO,SIN_CUBRIR,,Reporte 08-12 septiembre 2025,IMPORTABLE,
646,2025-09-05,9349,MONROE,EXACT,LENA,LENA,LENA,SOURCE,EXACT,6490.000,5040.000,1450.000,0.000,0.000,0.000,0.000,1450.000,1450.000,0.350,0.350,MATCH,0.000,507.500,507.500,Pendiente,No Facturado,PENDIENTE_DE_FACTURAR,PENDIENTE_DE_PAGO,SIN_CUBRIR,,Reporte 01-05 septiembre 2025,IMPORTABLE,
647,2025-09-05,9331,MONROE,EXACT,LENA,LENA,LENA,SOURCE,EXACT,6600.000,5040.000,1560.000,0.000,0.000,0.000,0.000,1560.000,1560.000,0.350,0.350,MATCH,0.000,546.000,546.000,Pendiente,No Facturado,PENDIENTE_DE_FACTURAR,PENDIENTE_DE_PAGO,SIN_CUBRIR,,Reporte 01-05 septiembre 2025,IMPORTABLE,
648,2025-09-04,9271,MONROE,EXACT,LENA,LENA,LENA,SOURCE,EXACT,6990.000,4910.000,2080.000,0.000,0.000,0.000,0.000,2080.000,2080.000,0.350,0.350,MATCH,0.000,728.000,728.000,Pendiente,No Facturado,PENDIENTE_DE_FACTURAR,PENDIENTE_DE_PAGO,SIN_CUBRIR,,Reporte 01-05 septiembre 2025,IMPORTABLE,
649,2025-09-04,9270,MONROE,EXACT,LENA,LENA,LENA,SOURCE,EXACT,6640.000,4910.000,1730.000,0.000,0.000,0.000,0.000,1730.000,1730.000,0.350,0.350,MATCH,0.000,605.500,605.500,Pendiente,No Facturado,PENDIENTE_DE_FACTURAR,PENDIENTE_DE_PAGO,SIN_CUBRIR,,Reporte 01-05 septiembre 2025,IMPORTABLE,
650,2025-09-03,9225,MONROE,EXACT,LENA,LENA,LENA,SOURCE,EXACT,6780.000,4880.000,1900.000,0.000,0.000,0.000,0.000,1900.000,1900.000,0.350,0.350,MATCH,0.000,665.000,665.000,Pendiente,No Facturado,PENDIENTE_DE_FACTURAR,PENDIENTE_DE_PAGO,SIN_CUBRIR,,Reporte 01-05 septiembre 2025,IMPORTABLE,
651,2025-09-03,9226,MONROE,EXACT,LENA,LENA,LENA,SOURCE,EXACT,5940.000,4880.000,1060.000,0.000,0.000,0.000,0.000,1060.000,1060.000,0.350,0.350,MATCH,0.000,371.000,371.000,Pendiente,No Facturado,PENDIENTE_DE_FACTURAR,PENDIENTE_DE_PAGO,SIN_CUBRIR,,Reporte 01-05 septiembre 2025,IMPORTABLE,
652,2025-09-02,9204,MONROE,EXACT,LENA,LENA,LENA,SOURCE,EXACT,7060.000,4950.000,2110.000,0.000,0.000,0.000,0.000,2110.000,2110.000,0.350,0.350,MATCH,0.000,738.500,738.500,Pendiente,No Facturado,PENDIENTE_DE_FACTURAR,PENDIENTE_DE_PAGO,SIN_CUBRIR,,Reporte 01-05 septiembre 2025,IMPORTABLE,
653,2025-09-02,9186,MONROE,EXACT,LENA,LENA,LENA,SOURCE,EXACT,6420.000,4950.000,1470.000,0.000,0.000,0.000,0.000,1470.000,1470.000,0.350,0.350,MATCH,0.000,514.500,514.500,Pendiente,No Facturado,PENDIENTE_DE_FACTURAR,PENDIENTE_DE_PAGO,SIN_CUBRIR,,Reporte 01-05 septiembre 2025,IMPORTABLE,
654,2025-09-01,9148,MONROE,EXACT,LENA,LENA,LENA,SOURCE,EXACT,6780.000,4700.000,2080.000,0.000,0.000,0.000,0.000,2080.000,2080.000,0.350,0.350,MATCH,0.000,728.000,728.000,Pendiente,No Facturado,PENDIENTE_DE_FACTURAR,PENDIENTE_DE_PAGO,SIN_CUBRIR,,Reporte 01-05 septiembre 2025,IMPORTABLE,
655,2025-09-01,9149,MONROE,EXACT,LENA,LENA,LENA,SOURCE,EXACT,6420.000,4700.000,1720.000,0.000,0.000,0.000,0.000,1720.000,1720.000,0.350,0.350,MATCH,0.000,602.000,602.000,Pendiente,No Facturado,PENDIENTE_DE_FACTURAR,PENDIENTE_DE_PAGO,SIN_CUBRIR,,Reporte 01-05 septiembre 2025,IMPORTABLE,
656,2025-08-11,8301,MONROE,EXACT,LENA,LENA,LENA,SOURCE,EXACT,6590.000,4870.000,1720.000,0.000,0.000,0.000,0.000,1720.000,1720.000,0.350,0.350,MATCH,0.000,602.000,602.000,Pendiente,Facturado,FACTURADO,PENDIENTE_DE_PAGO,SIN_CUBRIR,1000000186,Reporte 11-15 agosto 2025,IMPORTABLE,
657,2025-08-11,8300,MONROE,EXACT,LENA,LENA,LENA,SOURCE,EXACT,5980.000,4870.000,1110.000,0.000,0.000,0.000,0.000,1110.000,1110.000,0.350,0.350,MATCH,0.000,388.500,388.500,Pendiente,Facturado,FACTURADO,PENDIENTE_DE_PAGO,SIN_CUBRIR,1000000186,Reporte 11-15 agosto 2025,IMPORTABLE,
658,2024-02-02,14922,MONROE,EXACT,LENA,LENA,LENA,SOURCE,EXACT,6740.000,5050.000,1690.000,0.000,0.000,0.000,0.000,1690.000,1690.000,0.350,0.350,MATCH,0.000,591.500,591.500,Pendiente,No Facturado,PENDIENTE_DE_FACTURAR,PENDIENTE_DE_PAGO,SIN_CUBRIR,Reporte del 01-02 febrero 2024,Reporte del 01-02 febrero 2024,IMPORTABLE,
659,2024-02-02,14930,MONROE,EXACT,LENA,LENA,LENA,SOURCE,EXACT,6260.000,5050.000,1210.000,0.000,0.000,0.000,0.000,1210.000,1210.000,0.350,0.350,MATCH,0.000,423.500,423.500,Pendiente,No Facturado,PENDIENTE_DE_FACTURAR,PENDIENTE_DE_PAGO,SIN_CUBRIR,Reporte del 01-02 febrero 2024,Reporte del 01-02 febrero 2024,IMPORTABLE,
660,2024-02-01,14871,MONROE,EXACT,LENA,LENA,LENA,SOURCE,EXACT,6620.000,5070.000,1550.000,0.000,0.000,0.000,0.000,1550.000,1550.000,0.350,0.350,MATCH,0.000,542.500,542.500,Pendiente,No Facturado,PENDIENTE_DE_FACTURAR,PENDIENTE_DE_PAGO,SIN_CUBRIR,Reporte del 01-02 febrero 2024,Reporte del 01-02 febrero 2024,IMPORTABLE,
661,2024-02-01,14877,MONROE,EXACT,LENA,LENA,LENA,SOURCE,EXACT,6490.000,5070.000,1420.000,0.000,0.000,0.000,0.000,1420.000,1420.000,0.350,0.350,MATCH,0.000,497.000,497.000,Pendiente,No Facturado,PENDIENTE_DE_FACTURAR,PENDIENTE_DE_PAGO,SIN_CUBRIR,Reporte del 01-02 febrero 2024,Reporte del 01-02 febrero 2024,IMPORTABLE,
662,2026-06-04,46302,AVON,EXACT,FOLLETO,FOLLETO,FOLLETO,SOURCE,EXACT,14330.000,10875.000,3455.000,0.000,0.000,0.000,0.000,3455.000,3455.000,0.700,0.700,MATCH,0.000,2418.500,2418.500,Pendiente,No Facturado,PENDIENTE_DE_FACTURAR,PENDIENTE_DE_PAGO,SIN_CUBRIR,,CORTE 01-06 JUNIO 2026,IMPORTABLE,
663,2026-04-30,46047,AVON,EXACT,FOLLETO,FOLLETO,FOLLETO,SOURCE,EXACT,7720.000,5350.000,2370.000,0.000,0.000,0.000,0.000,2370.000,2370.000,0.700,0.700,MATCH,0.000,1659.000,1659.000,Pendiente,No Facturado,PENDIENTE_DE_FACTURAR,PENDIENTE_DE_PAGO,SIN_CUBRIR,,CORTE 27-30 ABRIL 2026,IMPORTABLE,
664,2026-04-14,45916,AVON,EXACT,FOLLETO,FOLLETO,FOLLETO,SOURCE,EXACT,7870.000,5350.000,2520.000,0.000,0.000,0.000,0.000,2520.000,2520.000,0.700,0.700,MATCH,0.000,1764.000,1764.000,Pendiente,No Facturado,PENDIENTE_DE_FACTURAR,PENDIENTE_DE_PAGO,SIN_CUBRIR,,CORTE 13-18 ABRIL 2026,IMPORTABLE,
665,2026-03-24,45794,AVON,EXACT,FOLLETO,FOLLETO,FOLLETO,SOURCE,EXACT,6750.000,4865.000,1885.000,0.000,0.000,0.000,0.000,1885.000,1885.000,0.700,0.700,MATCH,0.000,1319.500,1319.500,Pendiente,No Facturado,PENDIENTE_DE_FACTURAR,PENDIENTE_DE_PAGO,SIN_CUBRIR,,CORTE 23-28 MARZO 2026,IMPORTABLE,
666,2026-03-18,45748,AVON,EXACT,FOLLETO,FOLLETO,FOLLETO,SOURCE,EXACT,7070.000,5505.000,1565.000,0.000,0.000,0.000,0.000,1565.000,1565.000,0.700,0.700,MATCH,0.000,1095.500,1095.500,Pendiente,No Facturado,PENDIENTE_DE_FACTURAR,PENDIENTE_DE_PAGO,SIN_CUBRIR,,CORTE 16-21 MARZO 2026,IMPORTABLE,
667,2026-03-12,45722,AVON,EXACT,FOLLETO,FOLLETO,FOLLETO,SOURCE,EXACT,17240.000,12795.000,4445.000,0.000,0.000,0.000,0.000,4445.000,4445.000,0.700,0.700,MATCH,0.000,3111.500,3111.500,Pendiente,No Facturado,PENDIENTE_DE_FACTURAR,PENDIENTE_DE_PAGO,SIN_CUBRIR,,CORTE 09-14 MARZO 2026,IMPORTABLE,
668,2026-03-10,45702,AVON,EXACT,FOLLETO,FOLLETO,FOLLETO,SOURCE,EXACT,22210.000,12785.000,9425.000,0.000,0.000,0.000,0.000,9425.000,9425.000,0.700,0.700,MATCH,0.000,6597.500,6597.500,Pendiente,No Facturado,PENDIENTE_DE_FACTURAR,PENDIENTE_DE_PAGO,SIN_CUBRIR,,CORTE 09-14 MARZO 2026,IMPORTABLE,
669,2026-03-09,45698,AVON,EXACT,FOLLETO,FOLLETO,FOLLETO,SOURCE,EXACT,6930.000,4865.000,2065.000,0.000,0.000,0.000,0.000,2065.000,2065.000,0.700,0.700,MATCH,0.000,1445.500,1445.500,Pendiente,No Facturado,PENDIENTE_DE_FACTURAR,PENDIENTE_DE_PAGO,SIN_CUBRIR,,CORTE 09-14 MARZO 2026,IMPORTABLE,
670,2026-02-25,45634,AVON,EXACT,FOLLETO,FOLLETO,FOLLETO,SOURCE,EXACT,6750.000,5505.000,1245.000,0.000,0.000,0.000,0.000,1245.000,1245.000,0.700,0.700,MATCH,0.000,871.500,871.500,Pendiente,No Facturado,PENDIENTE_DE_FACTURAR,PENDIENTE_DE_PAGO,SIN_CUBRIR,,CORTE 23-28 FEBRERO 2026,IMPORTABLE,
671,2026-02-18,45586,AVON,EXACT,FOLLETO,FOLLETO,FOLLETO,SOURCE,EXACT,19320.000,12635.000,6685.000,0.000,0.000,0.000,0.000,6685.000,6685.000,0.700,0.700,MATCH,0.000,4679.500,4679.500,Pendiente,No Facturado,PENDIENTE_DE_FACTURAR,PENDIENTE_DE_PAGO,SIN_CUBRIR,,CORTE 16-21 FEBRERO 2026,IMPORTABLE,
672,2026-02-10,45538,AVON,EXACT,FOLLETO,FOLLETO,FOLLETO,SOURCE,EXACT,21160.000,12735.000,8425.000,0.000,0.000,0.000,0.000,8425.000,8425.000,0.700,0.700,MATCH,0.000,5897.500,5897.500,Pendiente,No Facturado,PENDIENTE_DE_FACTURAR,PENDIENTE_DE_PAGO,SIN_CUBRIR,,CORTE 09-14 FEBRERO 2026,IMPORTABLE,
673,2025-11-27,45081,AVON,EXACT,FOLLETO,PAPEL,FOLLETO,SOURCE,EXACT,16990.000,12785.000,4205.000,0.000,0.000,0.000,0.000,4205.000,4205.000,0.700,0.700,MATCH,0.000,2943.500,2943.500,Pendiente,Facturado,FACTURADO,PENDIENTE_DE_PAGO,SIN_CUBRIR,C-919,Reporte 24-28 noviembre 2025,IMPORTABLE,
674,2025-11-24,45040,AVON,EXACT,FOLLETO,PAPEL,FOLLETO,SOURCE,EXACT,8830.000,5505.000,3325.000,0.000,0.000,0.000,0.000,3325.000,3325.000,0.700,0.700,MATCH,0.000,2327.500,2327.500,Pendiente,Facturado,FACTURADO,PENDIENTE_DE_PAGO,SIN_CUBRIR,Corte 24-29 noviembre 2025,C-919,IMPORTABLE,
675,2026-05-13,46147,AVON,EXACT,FILTROS DE CELULOSA,FLECHA,FILTROS DE CELULOSA,SOURCE,EXACT,5880.000,5320.000,560.000,0.000,0.000,0.000,0.000,560.000,560.000,0.500,0.500,MATCH,0.000,280.000,280.000,Pendiente,No Facturado,PENDIENTE_DE_FACTURAR,PENDIENTE_DE_PAGO,SIN_CUBRIR,,CORTE 11-16 MAYO 2026,IMPORTABLE,
676,2026-03-04,45672,AVON,EXACT,FILTROS DE CELULOSA,LIBRO,FILTROS DE CELULOSA,SOURCE,EXACT,5980.000,5320.000,660.000,0.000,0.000,0.000,0.000,660.000,660.000,0.500,0.500,MATCH,0.000,330.000,330.000,Pendiente,No Facturado,PENDIENTE_DE_FACTURAR,PENDIENTE_DE_PAGO,SIN_CUBRIR,,CORTE 02-07 MARZO 2026,IMPORTABLE,
677,2026-06-06,46314,AVON,EXACT,CORRUGADO CARTON,CARTON,CORRUGADO CARTON,SOURCE,EXACT,14180.000,12465.000,1715.000,0.000,0.000,0.000,0.000,1715.000,1715.000,1.200,1.200,MATCH,0.000,2058.000,2058.000,Pendiente,No Facturado,PENDIENTE_DE_FACTURAR,PENDIENTE_DE_PAGO,SIN_CUBRIR,,CORTE 01-06 JUNIO 2026,IMPORTABLE,
678,2026-06-06,46315,AVON,EXACT,CORRUGADO CARTON,CARTON,CORRUGADO CARTON,SOURCE,EXACT,13510.000,12795.000,715.000,0.000,0.000,0.000,0.000,715.000,715.000,1.200,1.200,MATCH,0.000,858.000,858.000,Pendiente,No Facturado,PENDIENTE_DE_FACTURAR,PENDIENTE_DE_PAGO,SIN_CUBRIR,,CORTE 01-06 JUNIO 2026,IMPORTABLE,
679,2026-06-05,46307,AVON,EXACT,CORRUGADO CARTON,CARTON,CORRUGADO CARTON,SOURCE,EXACT,14300.000,12610.000,1690.000,0.000,0.000,0.000,0.000,1690.000,1690.000,1.200,1.200,MATCH,0.000,2028.000,2028.000,Pendiente,No Facturado,PENDIENTE_DE_FACTURAR,PENDIENTE_DE_PAGO,SIN_CUBRIR,,CORTE 01-06 JUNIO 2026,IMPORTABLE,
680,2026-06-05,46309,AVON,EXACT,CORRUGADO CARTON,CARTON,CORRUGADO CARTON,SOURCE,EXACT,15290.000,12785.000,2505.000,0.000,0.000,0.000,0.000,2505.000,2505.000,1.200,1.200,MATCH,0.000,3006.000,3006.000,Pendiente,No Facturado,PENDIENTE_DE_FACTURAR,PENDIENTE_DE_PAGO,SIN_CUBRIR,,CORTE 01-06 JUNIO 2026,IMPORTABLE,
681,2026-06-05,46311,AVON,EXACT,CORRUGADO CARTON,CARTON,CORRUGADO CARTON,SOURCE,EXACT,13620.000,12465.000,1155.000,0.000,0.000,0.000,0.000,1155.000,1155.000,1.200,1.200,MATCH,0.000,1386.000,1386.000,Pendiente,No Facturado,PENDIENTE_DE_FACTURAR,PENDIENTE_DE_PAGO,SIN_CUBRIR,,CORTE 01-06 JUNIO 2026,IMPORTABLE,
682,2026-06-05,46312,AVON,EXACT,CORRUGADO CARTON,CARTON,CORRUGADO CARTON,SOURCE,EXACT,13260.000,12610.000,650.000,0.000,0.000,0.000,0.000,650.000,650.000,1.200,1.200,MATCH,0.000,780.000,780.000,Pendiente,No Facturado,PENDIENTE_DE_FACTURAR,PENDIENTE_DE_PAGO,SIN_CUBRIR,,CORTE 01-06 JUNIO 2026,IMPORTABLE,
683,2026-06-04,46299,AVON,EXACT,CORRUGADO CARTON,CARTON,CORRUGADO CARTON,SOURCE,EXACT,14180.000,12465.000,1715.000,0.000,0.000,0.000,0.000,1715.000,1715.000,1.200,1.200,MATCH,0.000,2058.000,2058.000,Pendiente,No Facturado,PENDIENTE_DE_FACTURAR,PENDIENTE_DE_PAGO,SIN_CUBRIR,,CORTE 01-06 JUNIO 2026,IMPORTABLE,
684,2026-06-04,46300,AVON,EXACT,CORRUGADO CARTON,CARTON,CORRUGADO CARTON,SOURCE,EXACT,13910.000,12610.000,1300.000,0.000,0.000,0.000,0.000,1300.000,1300.000,1.200,1.200,MATCH,0.000,1560.000,1560.000,Pendiente,No Facturado,PENDIENTE_DE_FACTURAR,PENDIENTE_DE_PAGO,SIN_CUBRIR,,CORTE 01-06 JUNIO 2026,IMPORTABLE,
685,2026-06-04,46305,AVON,EXACT,CORRUGADO CARTON,CARTON,CORRUGADO CARTON,SOURCE,EXACT,13900.000,12465.000,1435.000,0.000,0.000,0.000,0.000,1435.000,1435.000,1.200,1.200,MATCH,0.000,1722.000,1722.000,Pendiente,No Facturado,PENDIENTE_DE_FACTURAR,PENDIENTE_DE_PAGO,SIN_CUBRIR,,CORTE 01-06 JUNIO 2026,IMPORTABLE,
686,2026-06-03,46289,AVON,EXACT,CORRUGADO CARTON,CARTON,CORRUGADO CARTON,SOURCE,EXACT,14240.000,12795.000,1445.000,0.000,0.000,0.000,0.000,1445.000,1445.000,1.200,1.200,MATCH,0.000,1734.000,1734.000,Pendiente,No Facturado,PENDIENTE_DE_FACTURAR,PENDIENTE_DE_PAGO,SIN_CUBRIR,,CORTE 01-06 JUNIO 2026,IMPORTABLE,
687,2026-06-03,46291,AVON,EXACT,CORRUGADO CARTON,CARTON,CORRUGADO CARTON,SOURCE,EXACT,14480.000,12610.000,1870.000,0.000,0.000,0.000,0.000,1870.000,1870.000,1.200,1.200,MATCH,0.000,2244.000,2244.000,Pendiente,No Facturado,PENDIENTE_DE_FACTURAR,PENDIENTE_DE_PAGO,SIN_CUBRIR,,CORTE 01-06 JUNIO 2026,IMPORTABLE,
688,2026-06-03,46292,AVON,EXACT,CORRUGADO CARTON,CARTON,CORRUGADO CARTON,SOURCE,EXACT,15040.000,12985.000,2055.000,0.000,0.000,0.000,0.000,2055.000,2055.000,1.200,1.200,MATCH,0.000,2466.000,2466.000,Pendiente,No Facturado,PENDIENTE_DE_FACTURAR,PENDIENTE_DE_PAGO,SIN_CUBRIR,,CORTE 01-06 JUNIO 2026,IMPORTABLE,
689,2026-06-03,46294,AVON,EXACT,CORRUGADO CARTON,CARTON,CORRUGADO CARTON,SOURCE,EXACT,14120.000,12465.000,1655.000,0.000,0.000,0.000,0.000,1655.000,1655.000,1.200,1.200,MATCH,0.000,1986.000,1986.000,Pendiente,No Facturado,PENDIENTE_DE_FACTURAR,PENDIENTE_DE_PAGO,SIN_CUBRIR,,CORTE 01-06 JUNIO 2026,IMPORTABLE,
690,2026-06-03,46296,AVON,EXACT,CORRUGADO CARTON,CARTON,CORRUGADO CARTON,SOURCE,EXACT,14040.000,12795.000,1245.000,0.000,0.000,0.000,0.000,1245.000,1245.000,1.200,1.200,MATCH,0.000,1494.000,1494.000,Pendiente,No Facturado,PENDIENTE_DE_FACTURAR,PENDIENTE_DE_PAGO,SIN_CUBRIR,,CORTE 01-06 JUNIO 2026,IMPORTABLE,
691,2026-06-02,46280,AVON,EXACT,CORRUGADO CARTON,CARTON,CORRUGADO CARTON,SOURCE,EXACT,13920.000,12785.000,1135.000,0.000,0.000,0.000,0.000,1135.000,1135.000,1.200,1.200,MATCH,0.000,1362.000,1362.000,Pendiente,No Facturado,PENDIENTE_DE_FACTURAR,PENDIENTE_DE_PAGO,SIN_CUBRIR,,CORTE 01-06 JUNIO 2026,IMPORTABLE,
692,2026-06-02,46284,AVON,EXACT,CORRUGADO CARTON,CARTON,CORRUGADO CARTON,SOURCE,EXACT,14920.000,12795.000,2125.000,0.000,0.000,0.000,0.000,2125.000,2125.000,1.200,1.200,MATCH,0.000,2550.000,2550.000,Pendiente,No Facturado,PENDIENTE_DE_FACTURAR,PENDIENTE_DE_PAGO,SIN_CUBRIR,,CORTE 01-06 JUNIO 2026,IMPORTABLE,
693,2026-06-02,46285,AVON,EXACT,CORRUGADO CARTON,CARTON,CORRUGADO CARTON,SOURCE,EXACT,14150.000,12465.000,1685.000,0.000,0.000,0.000,0.000,1685.000,1685.000,1.200,1.200,MATCH,0.000,2022.000,2022.000,Pendiente,No Facturado,PENDIENTE_DE_FACTURAR,PENDIENTE_DE_PAGO,SIN_CUBRIR,,CORTE 01-06 JUNIO 2026,IMPORTABLE,
694,2026-06-02,46286,AVON,EXACT,CORRUGADO CARTON,CARTON,CORRUGADO CARTON,SOURCE,EXACT,14240.000,13555.000,685.000,0.000,0.000,0.000,0.000,685.000,685.000,1.200,1.200,MATCH,0.000,822.000,822.000,Pendiente,No Facturado,PENDIENTE_DE_FACTURAR,PENDIENTE_DE_PAGO,SIN_CUBRIR,,CORTE 01-06 JUNIO 2026,IMPORTABLE,
695,2026-06-01,46271,AVON,EXACT,CORRUGADO CARTON,CARTON,CORRUGADO CARTON,SOURCE,EXACT,14400.000,12785.000,1615.000,0.000,0.000,0.000,0.000,1615.000,1615.000,1.200,1.200,MATCH,0.000,1938.000,1938.000,Pendiente,No Facturado,PENDIENTE_DE_FACTURAR,PENDIENTE_DE_PAGO,SIN_CUBRIR,,CORTE 01-06 JUNIO 2026,IMPORTABLE,
696,2026-06-01,46272,AVON,EXACT,CORRUGADO CARTON,CARTON,CORRUGADO CARTON,SOURCE,EXACT,14030.000,12465.000,1565.000,0.000,0.000,0.000,0.000,1565.000,1565.000,1.200,1.200,MATCH,0.000,1878.000,1878.000,Pendiente,No Facturado,PENDIENTE_DE_FACTURAR,PENDIENTE_DE_PAGO,SIN_CUBRIR,,CORTE 01-06 JUNIO 2026,IMPORTABLE,
697,2026-06-01,46273,AVON,EXACT,CORRUGADO CARTON,CARTON,CORRUGADO CARTON,SOURCE,EXACT,15020.000,13380.000,1640.000,0.000,0.000,0.000,0.000,1640.000,1640.000,1.200,1.200,MATCH,0.000,1968.000,1968.000,Pendiente,No Facturado,PENDIENTE_DE_FACTURAR,PENDIENTE_DE_PAGO,SIN_CUBRIR,,CORTE 01-06 JUNIO 2026,IMPORTABLE,
698,2026-06-01,46275,AVON,EXACT,CORRUGADO CARTON,CARTON,CORRUGADO CARTON,SOURCE,EXACT,15310.000,12985.000,2325.000,0.000,0.000,0.000,0.000,2325.000,2325.000,1.200,1.200,MATCH,0.000,2790.000,2790.000,Pendiente,No Facturado,PENDIENTE_DE_FACTURAR,PENDIENTE_DE_PAGO,SIN_CUBRIR,,CORTE 01-06 JUNIO 2026,IMPORTABLE,
699,2026-06-01,46278,AVON,EXACT,CORRUGADO CARTON,CARTON,CORRUGADO CARTON,SOURCE,EXACT,13820.000,12465.000,1355.000,0.000,0.000,0.000,0.000,1355.000,1355.000,1.200,1.200,MATCH,0.000,1626.000,1626.000,Pendiente,No Facturado,PENDIENTE_DE_FACTURAR,PENDIENTE_DE_PAGO,SIN_CUBRIR,,CORTE 01-06 JUNIO 2026,IMPORTABLE,
700,2026-05-30,46269,AVON,EXACT,CORRUGADO CARTON,CARTON,CORRUGADO CARTON,SOURCE,EXACT,14320.000,12610.000,1710.000,0.000,0.000,0.000,0.000,1710.000,1710.000,1.200,1.200,MATCH,0.000,2052.000,2052.000,Pendiente,No Facturado,PENDIENTE_DE_FACTURAR,PENDIENTE_DE_PAGO,SIN_CUBRIR,,CORTE 25-30 MAYO 2026,IMPORTABLE,
701,2026-05-30,46270,AVON,EXACT,CORRUGADO CARTON,CARTON,CORRUGADO CARTON,SOURCE,EXACT,13670.000,12785.000,885.000,0.000,0.000,0.000,0.000,885.000,885.000,1.200,1.200,MATCH,0.000,1062.000,1062.000,Pendiente,No Facturado,PENDIENTE_DE_FACTURAR,PENDIENTE_DE_PAGO,SIN_CUBRIR,,CORTE 25-30 MAYO 2026,IMPORTABLE,
702,2026-05-29,46261,AVON,EXACT,CORRUGADO CARTON,CARTON,CORRUGADO CARTON,SOURCE,EXACT,13970.000,12465.000,1505.000,0.000,0.000,0.000,0.000,1505.000,1505.000,1.200,1.200,MATCH,0.000,1806.000,1806.000,Pendiente,No Facturado,PENDIENTE_DE_FACTURAR,PENDIENTE_DE_PAGO,SIN_CUBRIR,,CORTE 25-30 MAYO 2026,IMPORTABLE,
703,2026-05-29,46262,AVON,EXACT,CORRUGADO CARTON,CARTON,CORRUGADO CARTON,SOURCE,EXACT,13970.000,12785.000,1185.000,0.000,0.000,0.000,0.000,1185.000,1185.000,1.200,1.200,MATCH,0.000,1422.000,1422.000,Pendiente,No Facturado,PENDIENTE_DE_FACTURAR,PENDIENTE_DE_PAGO,SIN_CUBRIR,,CORTE 25-30 MAYO 2026,IMPORTABLE,
704,2026-05-29,46265,AVON,EXACT,CORRUGADO CARTON,CARTON,CORRUGADO CARTON,SOURCE,EXACT,14570.000,12795.000,1775.000,0.000,0.000,0.000,0.000,1775.000,1775.000,1.200,1.200,MATCH,0.000,2130.000,2130.000,Pendiente,No Facturado,PENDIENTE_DE_FACTURAR,PENDIENTE_DE_PAGO,SIN_CUBRIR,,CORTE 25-30 MAYO 2026,IMPORTABLE,
705,2026-05-28,46254,AVON,EXACT,CORRUGADO CARTON,CARTON,CORRUGADO CARTON,SOURCE,EXACT,14020.000,12465.000,1555.000,0.000,0.000,0.000,0.000,1555.000,1555.000,1.200,1.200,MATCH,0.000,1866.000,1866.000,Pendiente,No Facturado,PENDIENTE_DE_FACTURAR,PENDIENTE_DE_PAGO,SIN_CUBRIR,,CORTE 25-30 MAYO 2026,IMPORTABLE,
706,2026-05-28,46256,AVON,EXACT,CORRUGADO CARTON,CARTON,CORRUGADO CARTON,SOURCE,EXACT,15410.000,12985.000,2425.000,0.000,0.000,0.000,0.000,2425.000,2425.000,1.200,1.200,MATCH,0.000,2910.000,2910.000,Pendiente,No Facturado,PENDIENTE_DE_FACTURAR,PENDIENTE_DE_PAGO,SIN_CUBRIR,,CORTE 25-30 MAYO 2026,IMPORTABLE,
707,2026-05-28,46259,AVON,EXACT,CORRUGADO CARTON,CARTON,CORRUGADO CARTON,SOURCE,EXACT,14000.000,12785.000,1215.000,0.000,0.000,0.000,0.000,1215.000,1215.000,1.200,1.200,MATCH,0.000,1458.000,1458.000,Pendiente,No Facturado,PENDIENTE_DE_FACTURAR,PENDIENTE_DE_PAGO,SIN_CUBRIR,,CORTE 25-30 MAYO 2026,IMPORTABLE,
708,2026-05-28,46260,AVON,EXACT,CORRUGADO CARTON,CARTON,CORRUGADO CARTON,SOURCE,EXACT,14120.000,12610.000,1510.000,0.000,0.000,0.000,0.000,1510.000,1510.000,1.200,1.200,MATCH,0.000,1812.000,1812.000,Pendiente,No Facturado,PENDIENTE_DE_FACTURAR,PENDIENTE_DE_PAGO,SIN_CUBRIR,,CORTE 25-30 MAYO 2026,IMPORTABLE,
709,2026-05-27,46243,AVON,EXACT,CORRUGADO CARTON,CARTON,CORRUGADO CARTON,SOURCE,EXACT,14240.000,12785.000,1455.000,0.000,0.000,0.000,0.000,1455.000,1455.000,1.200,1.200,MATCH,0.000,1746.000,1746.000,Pendiente,No Facturado,PENDIENTE_DE_FACTURAR,PENDIENTE_DE_PAGO,SIN_CUBRIR,,CORTE 25-30 MAYO 2026,IMPORTABLE,
710,2026-05-27,46244,AVON,EXACT,CORRUGADO CARTON,CARTON,CORRUGADO CARTON,SOURCE,EXACT,15270.000,13380.000,1890.000,0.000,0.000,0.000,0.000,1890.000,1890.000,1.200,1.200,MATCH,0.000,2268.000,2268.000,Pendiente,No Facturado,PENDIENTE_DE_FACTURAR,PENDIENTE_DE_PAGO,SIN_CUBRIR,,CORTE 25-30 MAYO 2026,IMPORTABLE,
711,2026-05-27,46248,AVON,EXACT,CORRUGADO CARTON,CARTON,CORRUGADO CARTON,SOURCE,EXACT,14400.000,12465.000,1935.000,0.000,0.000,0.000,0.000,1935.000,1935.000,1.200,1.200,MATCH,0.000,2322.000,2322.000,Pendiente,No Facturado,PENDIENTE_DE_FACTURAR,PENDIENTE_DE_PAGO,SIN_CUBRIR,,CORTE 25-30 MAYO 2026,IMPORTABLE,
712,2026-05-27,46250,AVON,EXACT,CORRUGADO CARTON,CARTON,CORRUGADO CARTON,SOURCE,EXACT,14030.000,12785.000,1245.000,0.000,0.000,0.000,0.000,1245.000,1245.000,1.200,1.200,MATCH,0.000,1494.000,1494.000,Pendiente,No Facturado,PENDIENTE_DE_FACTURAR,PENDIENTE_DE_PAGO,SIN_CUBRIR,,CORTE 25-30 MAYO 2026,IMPORTABLE,
713,2026-05-26,46232,AVON,EXACT,CORRUGADO CARTON,CARTON,CORRUGADO CARTON,SOURCE,EXACT,13930.000,12465.000,1465.000,0.000,0.000,0.000,0.000,1465.000,1465.000,1.200,1.200,MATCH,0.000,1758.000,1758.000,Pendiente,No Facturado,PENDIENTE_DE_FACTURAR,PENDIENTE_DE_PAGO,SIN_CUBRIR,,CORTE 25-30 MAYO 2026,IMPORTABLE,
714,2026-05-26,46240,AVON,EXACT,CORRUGADO CARTON,CARTON,CORRUGADO CARTON,SOURCE,EXACT,13900.000,12610.000,1290.000,0.000,0.000,0.000,0.000,1290.000,1290.000,1.200,1.200,MATCH,0.000,1548.000,1548.000,Pendiente,No Facturado,PENDIENTE_DE_FACTURAR,PENDIENTE_DE_PAGO,SIN_CUBRIR,,CORTE 25-30 MAYO 2026,IMPORTABLE,
715,2026-05-26,46241,AVON,EXACT,CORRUGADO CARTON,CARTON,CORRUGADO CARTON,SOURCE,EXACT,14260.000,12795.000,1465.000,0.000,0.000,0.000,0.000,1465.000,1465.000,1.200,1.200,MATCH,0.000,1758.000,1758.000,Pendiente,No Facturado,PENDIENTE_DE_FACTURAR,PENDIENTE_DE_PAGO,SIN_CUBRIR,,CORTE 25-30 MAYO 2026,IMPORTABLE,
716,2026-05-26,46242,AVON,EXACT,CORRUGADO CARTON,CARTON,CORRUGADO CARTON,SOURCE,EXACT,13970.000,12465.000,1505.000,0.000,0.000,0.000,0.000,1505.000,1505.000,1.200,1.200,MATCH,0.000,1806.000,1806.000,Pendiente,No Facturado,PENDIENTE_DE_FACTURAR,PENDIENTE_DE_PAGO,SIN_CUBRIR,,CORTE 25-30 MAYO 2026,IMPORTABLE,
717,2026-05-25,46226,AVON,EXACT,CORRUGADO CARTON,CARTON,CORRUGADO CARTON,SOURCE,EXACT,13800.000,12465.000,1335.000,0.000,0.000,0.000,0.000,1335.000,1335.000,1.200,1.200,MATCH,0.000,1602.000,1602.000,Pendiente,No Facturado,PENDIENTE_DE_FACTURAR,PENDIENTE_DE_PAGO,SIN_CUBRIR,,CORTE 25-30 MAYO 2026,IMPORTABLE,
718,2026-05-25,46228,AVON,EXACT,CORRUGADO CARTON,CARTON,CORRUGADO CARTON,SOURCE,EXACT,15310.000,12985.000,2325.000,0.000,0.000,0.000,0.000,2325.000,2325.000,1.200,1.200,MATCH,0.000,2790.000,2790.000,Pendiente,No Facturado,PENDIENTE_DE_FACTURAR,PENDIENTE_DE_PAGO,SIN_CUBRIR,,CORTE 25-30 MAYO 2026,IMPORTABLE,
719,2026-05-25,46231,AVON,EXACT,CORRUGADO CARTON,CARTON,CORRUGADO CARTON,SOURCE,EXACT,13770.000,12610.000,1160.000,0.000,0.000,0.000,0.000,1160.000,1160.000,1.200,1.200,MATCH,0.000,1392.000,1392.000,Pendiente,No Facturado,PENDIENTE_DE_FACTURAR,PENDIENTE_DE_PAGO,SIN_CUBRIR,,CORTE 25-30 MAYO 2026,IMPORTABLE,
720,2026-05-23,46224,AVON,EXACT,CORRUGADO CARTON,CARTON,CORRUGADO CARTON,SOURCE,EXACT,14260.000,12610.000,1650.000,0.000,0.000,0.000,0.000,1650.000,1650.000,1.200,1.200,MATCH,0.000,1980.000,1980.000,Pendiente,No Facturado,PENDIENTE_DE_FACTURAR,PENDIENTE_DE_PAGO,SIN_CUBRIR,,CORTE 18-23 MAYO 2026,IMPORTABLE,
721,2026-05-23,46225,AVON,EXACT,CORRUGADO CARTON,CARTON,CORRUGADO CARTON,SOURCE,EXACT,13650.000,12785.000,865.000,0.000,0.000,0.000,0.000,865.000,865.000,1.200,1.200,MATCH,0.000,1038.000,1038.000,Pendiente,No Facturado,PENDIENTE_DE_FACTURAR,PENDIENTE_DE_PAGO,SIN_CUBRIR,,CORTE 18-23 MAYO 2026,IMPORTABLE,
722,2026-05-22,46214,AVON,EXACT,CORRUGADO CARTON,CARTON,CORRUGADO CARTON,SOURCE,EXACT,14260.000,12465.000,1795.000,0.000,0.000,0.000,0.000,1795.000,1795.000,1.200,1.200,MATCH,0.000,2154.000,2154.000,Pendiente,No Facturado,PENDIENTE_DE_FACTURAR,PENDIENTE_DE_PAGO,SIN_CUBRIR,,CORTE 18-23 MAYO 2026,IMPORTABLE,
723,2026-05-22,46216,AVON,EXACT,CORRUGADO CARTON,CARTON,CORRUGADO CARTON,SOURCE,EXACT,14180.000,12785.000,1395.000,0.000,0.000,0.000,0.000,1395.000,1395.000,1.200,1.200,MATCH,0.000,1674.000,1674.000,Pendiente,No Facturado,PENDIENTE_DE_FACTURAR,PENDIENTE_DE_PAGO,SIN_CUBRIR,,CORTE 18-23 MAYO 2026,IMPORTABLE,
724,2026-05-22,46221,AVON,EXACT,CORRUGADO CARTON,CARTON,CORRUGADO CARTON,SOURCE,EXACT,15400.000,12795.000,2605.000,0.000,0.000,0.000,0.000,2605.000,2605.000,1.200,1.200,MATCH,0.000,3126.000,3126.000,Pendiente,No Facturado,PENDIENTE_DE_FACTURAR,PENDIENTE_DE_PAGO,SIN_CUBRIR,,CORTE 18-23 MAYO 2026,IMPORTABLE,
725,2026-05-22,46223,AVON,EXACT,CORRUGADO CARTON,CARTON,CORRUGADO CARTON,SOURCE,EXACT,14060.000,12465.000,1595.000,0.000,0.000,0.000,0.000,1595.000,1595.000,1.200,1.200,MATCH,0.000,1914.000,1914.000,Pendiente,No Facturado,PENDIENTE_DE_FACTURAR,PENDIENTE_DE_PAGO,SIN_CUBRIR,,CORTE 18-23 MAYO 2026,IMPORTABLE,
726,2026-05-21,46201,AVON,EXACT,CORRUGADO CARTON,CARTON,CORRUGADO CARTON,SOURCE,EXACT,14270.000,12785.000,1485.000,0.000,0.000,0.000,0.000,1485.000,1485.000,1.200,1.200,MATCH,0.000,1782.000,1782.000,Pendiente,No Facturado,PENDIENTE_DE_FACTURAR,PENDIENTE_DE_PAGO,SIN_CUBRIR,,CORTE 18-23 MAYO 2026,IMPORTABLE,
727,2026-05-21,46203,AVON,EXACT,CORRUGADO CARTON,CARTON,CORRUGADO CARTON,SOURCE,EXACT,15000.000,12985.000,2015.000,0.000,0.000,0.000,0.000,2015.000,2015.000,1.200,1.200,MATCH,0.000,2418.000,2418.000,Pendiente,No Facturado,PENDIENTE_DE_FACTURAR,PENDIENTE_DE_PAGO,SIN_CUBRIR,,CORTE 18-23 MAYO 2026,IMPORTABLE,
728,2026-05-21,46206,AVON,EXACT,CORRUGADO CARTON,CARTON,CORRUGADO CARTON,SOURCE,EXACT,14480.000,12610.000,1870.000,0.000,0.000,0.000,0.000,1870.000,1870.000,1.200,1.200,MATCH,0.000,2244.000,2244.000,Pendiente,No Facturado,PENDIENTE_DE_FACTURAR,PENDIENTE_DE_PAGO,SIN_CUBRIR,,CORTE 18-23 MAYO 2026,IMPORTABLE,
729,2026-05-21,46210,AVON,EXACT,CORRUGADO CARTON,CARTON,CORRUGADO CARTON,SOURCE,EXACT,13950.000,12465.000,1485.000,0.000,0.000,0.000,0.000,1485.000,1485.000,1.200,1.200,MATCH,0.000,1782.000,1782.000,Pendiente,No Facturado,PENDIENTE_DE_FACTURAR,PENDIENTE_DE_PAGO,SIN_CUBRIR,,CORTE 18-23 MAYO 2026,IMPORTABLE,
730,2026-05-21,46207,AVON,EXACT,CORRUGADO CARTON,CARTON,CORRUGADO CARTON,SOURCE,EXACT,6440.000,5285.000,1155.000,0.000,0.000,0.000,0.000,1155.000,1155.000,1.200,1.200,MATCH,0.000,1386.000,1386.000,Pendiente,No Facturado,PENDIENTE_DE_FACTURAR,PENDIENTE_DE_PAGO,SIN_CUBRIR,,CORTE 18-23 MAYO 2026,IMPORTABLE,
731,2026-05-21,46212,AVON,EXACT,CORRUGADO CARTON,CARTON,CORRUGADO CARTON,SOURCE,EXACT,14140.000,12785.000,1355.000,0.000,0.000,0.000,0.000,1355.000,1355.000,1.200,1.200,MATCH,0.000,1626.000,1626.000,Pendiente,No Facturado,PENDIENTE_DE_FACTURAR,PENDIENTE_DE_PAGO,SIN_CUBRIR,,CORTE 18-23 MAYO 2026,IMPORTABLE,
732,2026-05-20,46192,AVON,EXACT,CORRUGADO CARTON,CARTON,CORRUGADO CARTON,SOURCE,EXACT,14150.000,12985.000,1165.000,0.000,0.000,0.000,0.000,1165.000,1165.000,1.200,1.200,MATCH,0.000,1398.000,1398.000,Pendiente,No Facturado,PENDIENTE_DE_FACTURAR,PENDIENTE_DE_PAGO,SIN_CUBRIR,,CORTE 18-23 MAYO 2026,IMPORTABLE,
733,2026-05-20,46193,AVON,EXACT,CORRUGADO CARTON,CARTON,CORRUGADO CARTON,SOURCE,EXACT,15060.000,13380.000,1680.000,0.000,0.000,0.000,0.000,1680.000,1680.000,1.200,1.200,MATCH,0.000,2016.000,2016.000,Pendiente,No Facturado,PENDIENTE_DE_FACTURAR,PENDIENTE_DE_PAGO,SIN_CUBRIR,,CORTE 18-23 MAYO 2026,IMPORTABLE,
734,2026-05-20,46196,AVON,EXACT,CORRUGADO CARTON,CARTON,CORRUGADO CARTON,SOURCE,EXACT,14540.000,12635.000,1905.000,0.000,0.000,0.000,0.000,1905.000,1905.000,1.200,1.200,MATCH,0.000,2286.000,2286.000,Pendiente,No Facturado,PENDIENTE_DE_FACTURAR,PENDIENTE_DE_PAGO,SIN_CUBRIR,,CORTE 18-23 MAYO 2026,IMPORTABLE,
735,2026-05-20,46198,AVON,EXACT,CORRUGADO CARTON,CARTON,CORRUGADO CARTON,SOURCE,EXACT,14200.000,12785.000,1415.000,0.000,0.000,0.000,0.000,1415.000,1415.000,1.200,1.200,MATCH,0.000,1698.000,1698.000,Pendiente,No Facturado,PENDIENTE_DE_FACTURAR,PENDIENTE_DE_PAGO,SIN_CUBRIR,,CORTE 18-23 MAYO 2026,IMPORTABLE,
736,2026-05-20,46200,AVON,EXACT,CORRUGADO CARTON,CARTON,CORRUGADO CARTON,SOURCE,EXACT,14270.000,12465.000,1805.000,0.000,0.000,0.000,0.000,1805.000,1805.000,1.200,1.200,MATCH,0.000,2166.000,2166.000,Pendiente,No Facturado,PENDIENTE_DE_FACTURAR,PENDIENTE_DE_PAGO,SIN_CUBRIR,,CORTE 18-23 MAYO 2026,IMPORTABLE,
737,2026-05-19,46186,AVON,EXACT,CORRUGADO CARTON,CARTON,CORRUGADO CARTON,SOURCE,EXACT,14210.000,12985.000,1225.000,0.000,0.000,0.000,0.000,1225.000,1225.000,1.200,1.200,MATCH,0.000,1470.000,1470.000,Pendiente,No Facturado,PENDIENTE_DE_FACTURAR,PENDIENTE_DE_PAGO,SIN_CUBRIR,,CORTE 18-23 MAYO 2026,IMPORTABLE,
738,2026-05-19,46187,AVON,EXACT,CORRUGADO CARTON,CARTON,CORRUGADO CARTON,SOURCE,EXACT,13570.000,12610.000,960.000,0.000,0.000,0.000,0.000,960.000,960.000,1.200,1.200,MATCH,0.000,1152.000,1152.000,Pendiente,No Facturado,PENDIENTE_DE_FACTURAR,PENDIENTE_DE_PAGO,SIN_CUBRIR,,CORTE 18-23 MAYO 2026,IMPORTABLE,
739,2026-05-19,46189,AVON,EXACT,CORRUGADO CARTON,CARTON,CORRUGADO CARTON,SOURCE,EXACT,14290.000,12985.000,1305.000,0.000,0.000,0.000,0.000,1305.000,1305.000,1.200,1.200,MATCH,0.000,1566.000,1566.000,Pendiente,No Facturado,PENDIENTE_DE_FACTURAR,PENDIENTE_DE_PAGO,SIN_CUBRIR,,CORTE 18-23 MAYO 2026,IMPORTABLE,
740,2026-05-19,46190,AVON,EXACT,CORRUGADO CARTON,CARTON,CORRUGADO CARTON,SOURCE,EXACT,14460.000,12795.000,1665.000,0.000,0.000,0.000,0.000,1665.000,1665.000,1.200,1.200,MATCH,0.000,1998.000,1998.000,Pendiente,No Facturado,PENDIENTE_DE_FACTURAR,PENDIENTE_DE_PAGO,SIN_CUBRIR,,CORTE 18-23 MAYO 2026,IMPORTABLE,
741,2026-05-18,46176,AVON,EXACT,CORRUGADO CARTON,CARTON,CORRUGADO CARTON,SOURCE,EXACT,14350.000,12785.000,1565.000,0.000,0.000,0.000,0.000,1565.000,1565.000,1.200,1.200,MATCH,0.000,1878.000,1878.000,Pendiente,No Facturado,PENDIENTE_DE_FACTURAR,PENDIENTE_DE_PAGO,SIN_CUBRIR,,CORTE 18-23 MAYO 2026,IMPORTABLE,
742,2026-05-18,46180,AVON,EXACT,CORRUGADO CARTON,CARTON,CORRUGADO CARTON,SOURCE,EXACT,14420.000,12985.000,1435.000,0.000,0.000,0.000,0.000,1435.000,1435.000,1.200,1.200,MATCH,0.000,1722.000,1722.000,Pendiente,No Facturado,PENDIENTE_DE_FACTURAR,PENDIENTE_DE_PAGO,SIN_CUBRIR,,CORTE 18-23 MAYO 2026,IMPORTABLE,
743,2026-05-18,46181,AVON,EXACT,CORRUGADO CARTON,CARTON,CORRUGADO CARTON,SOURCE,EXACT,14790.000,12465.000,2325.000,0.000,0.000,0.000,0.000,2325.000,2325.000,1.200,1.200,MATCH,0.000,2790.000,2790.000,Pendiente,No Facturado,PENDIENTE_DE_FACTURAR,PENDIENTE_DE_PAGO,SIN_CUBRIR,,CORTE 18-23 MAYO 2026,IMPORTABLE,
744,2026-05-18,46182,AVON,EXACT,CORRUGADO CARTON,CARTON,CORRUGADO CARTON,SOURCE,EXACT,13840.000,12785.000,1055.000,0.000,0.000,0.000,0.000,1055.000,1055.000,1.200,1.200,MATCH,0.000,1266.000,1266.000,Pendiente,No Facturado,PENDIENTE_DE_FACTURAR,PENDIENTE_DE_PAGO,SIN_CUBRIR,,CORTE 18-23 MAYO 2026,IMPORTABLE,
745,2026-05-16,46174,AVON,EXACT,CORRUGADO CARTON,CARTON,CORRUGADO CARTON,SOURCE,EXACT,14370.000,12785.000,1585.000,0.000,0.000,0.000,0.000,1585.000,1585.000,1.200,1.200,MATCH,0.000,1902.000,1902.000,Pendiente,No Facturado,PENDIENTE_DE_FACTURAR,PENDIENTE_DE_PAGO,SIN_CUBRIR,,CORTE 11-16 MAYO 2026,IMPORTABLE,
746,2026-05-16,46175,AVON,EXACT,CORRUGADO CARTON,CARTON,CORRUGADO CARTON,SOURCE,EXACT,13930.000,12610.000,1320.000,0.000,0.000,0.000,0.000,1320.000,1320.000,1.200,1.200,MATCH,0.000,1584.000,1584.000,Pendiente,No Facturado,PENDIENTE_DE_FACTURAR,PENDIENTE_DE_PAGO,SIN_CUBRIR,,CORTE 11-16 MAYO 2026,IMPORTABLE,
747,2026-05-15,46163,AVON,EXACT,CORRUGADO CARTON,CARTON,CORRUGADO CARTON,SOURCE,EXACT,15150.000,13555.000,1595.000,0.000,0.000,0.000,0.000,1595.000,1595.000,1.200,1.200,MATCH,0.000,1914.000,1914.000,Pendiente,No Facturado,PENDIENTE_DE_FACTURAR,PENDIENTE_DE_PAGO,SIN_CUBRIR,,CORTE 11-16 MAYO 2026,IMPORTABLE,
748,2026-05-15,46165,AVON,EXACT,CORRUGADO CARTON,CARTON,CORRUGADO CARTON,SOURCE,EXACT,15290.000,13235.000,2055.000,0.000,0.000,0.000,0.000,2055.000,2055.000,1.200,1.200,MATCH,0.000,2466.000,2466.000,Pendiente,No Facturado,PENDIENTE_DE_FACTURAR,PENDIENTE_DE_PAGO,SIN_CUBRIR,,CORTE 11-16 MAYO 2026,IMPORTABLE,
749,2026-05-15,46167,AVON,EXACT,CORRUGADO CARTON,CARTON,CORRUGADO CARTON,SOURCE,EXACT,15410.000,13380.000,2030.000,0.000,0.000,0.000,0.000,2030.000,2030.000,1.200,1.200,MATCH,0.000,2436.000,2436.000,Pendiente,No Facturado,PENDIENTE_DE_FACTURAR,PENDIENTE_DE_PAGO,SIN_CUBRIR,,CORTE 11-16 MAYO 2026,IMPORTABLE,
750,2026-05-15,46168,AVON,EXACT,CORRUGADO CARTON,CARTON,CORRUGADO CARTON,SOURCE,EXACT,14660.000,13565.000,1095.000,0.000,0.000,0.000,0.000,1095.000,1095.000,1.200,1.200,MATCH,0.000,1314.000,1314.000,Pendiente,No Facturado,PENDIENTE_DE_FACTURAR,PENDIENTE_DE_PAGO,SIN_CUBRIR,,CORTE 11-16 MAYO 2026,IMPORTABLE,
751,2026-05-15,46170,AVON,EXACT,CORRUGADO CARTON,CARTON,CORRUGADO CARTON,SOURCE,EXACT,14760.000,13555.000,1205.000,0.000,0.000,0.000,0.000,1205.000,1205.000,1.200,1.200,MATCH,0.000,1446.000,1446.000,Pendiente,No Facturado,PENDIENTE_DE_FACTURAR,PENDIENTE_DE_PAGO,SIN_CUBRIR,,CORTE 11-16 MAYO 2026,IMPORTABLE,
752,2026-05-15,46173,AVON,EXACT,CORRUGADO CARTON,CARTON,CORRUGADO CARTON,SOURCE,EXACT,14920.000,13565.000,1355.000,0.000,0.000,0.000,0.000,1355.000,1355.000,1.200,1.200,MATCH,0.000,1626.000,1626.000,Pendiente,No Facturado,PENDIENTE_DE_FACTURAR,PENDIENTE_DE_PAGO,SIN_CUBRIR,,CORTE 11-16 MAYO 2026,IMPORTABLE,
753,2026-05-14,46159,AVON,EXACT,CORRUGADO CARTON,CARTON,CORRUGADO CARTON,SOURCE,EXACT,14860.000,13565.000,1295.000,0.000,0.000,0.000,0.000,1295.000,1295.000,1.200,1.200,MATCH,0.000,1554.000,1554.000,Pendiente,No Facturado,PENDIENTE_DE_FACTURAR,PENDIENTE_DE_PAGO,SIN_CUBRIR,,CORTE 11-16 MAYO 2026,IMPORTABLE,
754,2026-05-14,46157,AVON,EXACT,CORRUGADO CARTON,CARTON,CORRUGADO CARTON,SOURCE,EXACT,15900.000,13235.000,2665.000,0.000,250.000,0.000,9.381,2415.000,2415.000,1.200,1.200,MATCH,0.000,2898.000,2898.000,Pendiente,No Facturado,PENDIENTE_DE_FACTURAR,PENDIENTE_DE_PAGO,SIN_CUBRIR,,CORTE 11-16 MAYO 2026,IMPORTABLE,
755,2026-05-14,46156,AVON,EXACT,CORRUGADO CARTON,CARTON,CORRUGADO CARTON,SOURCE,EXACT,15290.000,13555.000,1735.000,0.000,0.000,0.000,0.000,1735.000,1735.000,1.200,1.200,MATCH,0.000,2082.000,2082.000,Pendiente,No Facturado,PENDIENTE_DE_FACTURAR,PENDIENTE_DE_PAGO,SIN_CUBRIR,,CORTE 11-16 MAYO 2026,IMPORTABLE,
756,2026-05-14,46154,AVON,EXACT,CORRUGADO CARTON,CARTON,CORRUGADO CARTON,SOURCE,EXACT,15120.000,13380.000,1740.000,0.000,0.000,0.000,0.000,1740.000,1740.000,1.200,1.200,MATCH,0.000,2088.000,2088.000,Pendiente,No Facturado,PENDIENTE_DE_FACTURAR,PENDIENTE_DE_PAGO,SIN_CUBRIR,,CORTE 11-16 MAYO 2026,IMPORTABLE,
757,2026-05-14,46153,AVON,EXACT,CORRUGADO CARTON,CARTON,CORRUGADO CARTON,SOURCE,EXACT,15440.000,13565.000,1875.000,0.000,0.000,0.000,0.000,1875.000,1875.000,1.200,1.200,MATCH,0.000,2250.000,2250.000,Pendiente,No Facturado,PENDIENTE_DE_FACTURAR,PENDIENTE_DE_PAGO,SIN_CUBRIR,,CORTE 11-16 MAYO 2026,IMPORTABLE,
758,2026-05-14,46160,AVON,EXACT,CORRUGADO CARTON,CARTON,CORRUGADO CARTON,SOURCE,EXACT,15280.000,13555.000,1725.000,0.000,0.000,0.000,0.000,1725.000,1725.000,1.200,1.200,MATCH,0.000,2070.000,2070.000,Pendiente,No Facturado,PENDIENTE_DE_FACTURAR,PENDIENTE_DE_PAGO,SIN_CUBRIR,,CORTE 11-16 MAYO 2026,IMPORTABLE,
759,2026-05-14,46161,AVON,EXACT,CORRUGADO CARTON,CARTON,CORRUGADO CARTON,SOURCE,EXACT,14390.000,13565.000,825.000,0.000,0.000,0.000,0.000,825.000,825.000,1.200,1.200,MATCH,0.000,990.000,990.000,Pendiente,No Facturado,PENDIENTE_DE_FACTURAR,PENDIENTE_DE_PAGO,SIN_CUBRIR,,CORTE 11-16 MAYO 2026,IMPORTABLE,
760,2026-05-13,46140,AVON,EXACT,CORRUGADO CARTON,CARTON,CORRUGADO CARTON,SOURCE,EXACT,14140.000,12985.000,1155.000,0.000,0.000,0.000,0.000,1155.000,1155.000,1.200,1.200,MATCH,0.000,1386.000,1386.000,Pendiente,No Facturado,PENDIENTE_DE_FACTURAR,PENDIENTE_DE_PAGO,SIN_CUBRIR,,CORTE 11-16 MAYO 2026,IMPORTABLE,
761,2026-05-13,46141,AVON,EXACT,CORRUGADO CARTON,CARTON,CORRUGADO CARTON,SOURCE,EXACT,13640.000,12785.000,855.000,0.000,0.000,0.000,0.000,855.000,855.000,1.200,1.200,MATCH,0.000,1026.000,1026.000,Pendiente,No Facturado,PENDIENTE_DE_FACTURAR,PENDIENTE_DE_PAGO,SIN_CUBRIR,,CORTE 11-16 MAYO 2026,IMPORTABLE,
762,2026-05-13,46143,AVON,EXACT,CORRUGADO CARTON,CARTON,CORRUGADO CARTON,SOURCE,EXACT,14120.000,12610.000,1510.000,0.000,0.000,0.000,0.000,1510.000,1510.000,1.200,1.200,MATCH,0.000,1812.000,1812.000,Pendiente,No Facturado,PENDIENTE_DE_FACTURAR,PENDIENTE_DE_PAGO,SIN_CUBRIR,,CORTE 11-16 MAYO 2026,IMPORTABLE,
763,2026-05-13,46145,AVON,EXACT,CORRUGADO CARTON,CARTON,CORRUGADO CARTON,SOURCE,EXACT,15060.000,12795.000,2265.000,0.000,220.000,0.000,9.713,2045.000,2045.000,1.200,1.200,MATCH,0.000,2454.000,2454.000,Pendiente,No Facturado,PENDIENTE_DE_FACTURAR,PENDIENTE_DE_PAGO,SIN_CUBRIR,,CORTE 11-16 MAYO 2026,IMPORTABLE,
764,2026-05-13,46148,AVON,EXACT,CORRUGADO CARTON,CARTON,CORRUGADO CARTON,SOURCE,EXACT,14640.000,12985.000,1655.000,0.000,0.000,0.000,0.000,1655.000,1655.000,1.200,1.200,MATCH,0.000,1986.000,1986.000,Pendiente,No Facturado,PENDIENTE_DE_FACTURAR,PENDIENTE_DE_PAGO,SIN_CUBRIR,,CORTE 11-16 MAYO 2026,IMPORTABLE,
765,2026-05-13,46151,AVON,EXACT,CORRUGADO CARTON,CARTON,CORRUGADO CARTON,SOURCE,EXACT,14620.000,13555.000,1065.000,0.000,0.000,0.000,0.000,1065.000,1065.000,1.200,1.200,MATCH,0.000,1278.000,1278.000,Pendiente,No Facturado,PENDIENTE_DE_FACTURAR,PENDIENTE_DE_PAGO,SIN_CUBRIR,,CORTE 11-16 MAYO 2026,IMPORTABLE,
766,2026-05-12,46139,AVON,EXACT,CORRUGADO CARTON,CARTON,CORRUGADO CARTON,SOURCE,EXACT,14010.000,12465.000,1545.000,0.000,0.000,0.000,0.000,1545.000,1545.000,1.200,1.200,MATCH,0.000,1854.000,1854.000,Pendiente,No Facturado,PENDIENTE_DE_FACTURAR,PENDIENTE_DE_PAGO,SIN_CUBRIR,,CORTE 11-16 MAYO 2026,IMPORTABLE,
767,2026-05-12,46133,AVON,EXACT,CORRUGADO CARTON,CARTON,CORRUGADO CARTON,SOURCE,EXACT,15180.000,13380.000,1800.000,0.000,0.000,0.000,0.000,1800.000,1800.000,1.200,1.200,MATCH,0.000,2160.000,2160.000,Pendiente,No Facturado,PENDIENTE_DE_FACTURAR,PENDIENTE_DE_PAGO,SIN_CUBRIR,,CORTE 11-16 MAYO 2026,IMPORTABLE,
768,2026-05-11,46132,AVON,EXACT,CORRUGADO CARTON,CARTON,CORRUGADO CARTON,SOURCE,EXACT,14210.000,12985.000,1225.000,0.000,0.000,0.000,0.000,1225.000,1225.000,1.200,1.200,MATCH,0.000,1470.000,1470.000,Pendiente,No Facturado,PENDIENTE_DE_FACTURAR,PENDIENTE_DE_PAGO,SIN_CUBRIR,,CORTE 11-16 MAYO 2026,IMPORTABLE,
769,2026-05-11,46130,AVON,EXACT,CORRUGADO CARTON,CARTON,CORRUGADO CARTON,SOURCE,EXACT,14730.000,12465.000,2265.000,0.000,0.000,0.000,0.000,2265.000,2265.000,1.200,1.200,MATCH,0.000,2718.000,2718.000,Pendiente,No Facturado,PENDIENTE_DE_FACTURAR,PENDIENTE_DE_PAGO,SIN_CUBRIR,,CORTE 11-16 MAYO 2026,IMPORTABLE,
770,2026-05-11,46127,AVON,EXACT,CORRUGADO CARTON,CARTON,CORRUGADO CARTON,SOURCE,EXACT,13710.000,12610.000,1100.000,0.000,0.000,0.000,0.000,1100.000,1100.000,1.200,1.200,MATCH,0.000,1320.000,1320.000,Pendiente,No Facturado,PENDIENTE_DE_FACTURAR,PENDIENTE_DE_PAGO,SIN_CUBRIR,,CORTE 11-16 MAYO 2026,IMPORTABLE,
771,2026-05-11,46123,AVON,EXACT,CORRUGADO CARTON,CARTON,CORRUGADO CARTON,SOURCE,EXACT,13950.000,12785.000,1165.000,0.000,0.000,0.000,0.000,1165.000,1165.000,1.200,1.200,MATCH,0.000,1398.000,1398.000,Pendiente,No Facturado,PENDIENTE_DE_FACTURAR,PENDIENTE_DE_PAGO,SIN_CUBRIR,,CORTE 11-16 MAYO 2026,IMPORTABLE,
772,2026-05-09,46118,AVON,EXACT,CORRUGADO CARTON,CARTON,CORRUGADO CARTON,SOURCE,EXACT,13940.000,12795.000,1145.000,0.000,0.000,0.000,0.000,1145.000,1145.000,1.200,1.200,MATCH,0.000,1374.000,1374.000,Pendiente,No Facturado,PENDIENTE_DE_FACTURAR,PENDIENTE_DE_PAGO,SIN_CUBRIR,,CORTE 01-09 MAYO 2026,IMPORTABLE,
773,2026-05-09,46119,AVON,EXACT,CORRUGADO CARTON,CARTON,CORRUGADO CARTON,SOURCE,EXACT,14200.000,12785.000,1415.000,0.000,0.000,0.000,0.000,1415.000,1415.000,1.200,1.200,MATCH,0.000,1698.000,1698.000,Pendiente,No Facturado,PENDIENTE_DE_FACTURAR,PENDIENTE_DE_PAGO,SIN_CUBRIR,,CORTE 01-09 MAYO 2026,IMPORTABLE,
774,2026-05-09,46120,AVON,EXACT,CORRUGADO CARTON,CARTON,CORRUGADO CARTON,SOURCE,EXACT,14420.000,12610.000,1810.000,0.000,0.000,0.000,0.000,1810.000,1810.000,1.200,1.200,MATCH,0.000,2172.000,2172.000,Pendiente,No Facturado,PENDIENTE_DE_FACTURAR,PENDIENTE_DE_PAGO,SIN_CUBRIR,,CORTE 01-09 MAYO 2026,IMPORTABLE,
775,2026-05-09,46121,AVON,EXACT,CORRUGADO CARTON,CARTON,CORRUGADO CARTON,SOURCE,EXACT,14010.000,12795.000,1215.000,0.000,0.000,0.000,0.000,1215.000,1215.000,1.200,1.200,MATCH,0.000,1458.000,1458.000,Pendiente,No Facturado,PENDIENTE_DE_FACTURAR,PENDIENTE_DE_PAGO,SIN_CUBRIR,,CORTE 01-09 MAYO 2026,IMPORTABLE,
776,2026-05-08,46106,AVON,EXACT,CORRUGADO CARTON,CARTON,CORRUGADO CARTON,SOURCE,EXACT,14000.000,12795.000,1205.000,0.000,0.000,0.000,0.000,1205.000,1205.000,1.200,1.200,MATCH,0.000,1446.000,1446.000,Pendiente,No Facturado,PENDIENTE_DE_FACTURAR,PENDIENTE_DE_PAGO,SIN_CUBRIR,,CORTE 01-09 MAYO 2026,IMPORTABLE,
777,2026-05-08,46107,AVON,EXACT,CORRUGADO CARTON,CARTON,CORRUGADO CARTON,SOURCE,EXACT,14980.000,13235.000,1745.000,0.000,0.000,0.000,0.000,1745.000,1745.000,1.200,1.200,MATCH,0.000,2094.000,2094.000,Pendiente,No Facturado,PENDIENTE_DE_FACTURAR,PENDIENTE_DE_PAGO,SIN_CUBRIR,,CORTE 01-09 MAYO 2026,IMPORTABLE,
778,2026-05-08,46109,AVON,EXACT,CORRUGADO CARTON,CARTON,CORRUGADO CARTON,SOURCE,EXACT,14940.000,12785.000,2155.000,0.000,0.000,0.000,0.000,2155.000,2155.000,1.200,1.200,MATCH,0.000,2586.000,2586.000,Pendiente,No Facturado,PENDIENTE_DE_FACTURAR,PENDIENTE_DE_PAGO,SIN_CUBRIR,,CORTE 01-09 MAYO 2026,IMPORTABLE,
779,2026-05-08,46111,AVON,EXACT,CORRUGADO CARTON,CARTON,CORRUGADO CARTON,SOURCE,EXACT,13440.000,12610.000,830.000,0.000,0.000,0.000,0.000,830.000,830.000,1.200,1.200,MATCH,0.000,996.000,996.000,Pendiente,No Facturado,PENDIENTE_DE_FACTURAR,PENDIENTE_DE_PAGO,SIN_CUBRIR,,CORTE 01-09 MAYO 2026,IMPORTABLE,
780,2026-05-08,46112,AVON,EXACT,CORRUGADO CARTON,CARTON,CORRUGADO CARTON,SOURCE,EXACT,14730.000,12635.000,2095.000,0.000,0.000,0.000,0.000,2095.000,2095.000,1.200,1.200,MATCH,0.000,2514.000,2514.000,Pendiente,No Facturado,PENDIENTE_DE_FACTURAR,PENDIENTE_DE_PAGO,SIN_CUBRIR,,CORTE 01-09 MAYO 2026,IMPORTABLE,
781,2026-05-08,46113,AVON,EXACT,CORRUGADO CARTON,CARTON,CORRUGADO CARTON,SOURCE,EXACT,14030.000,12795.000,1235.000,0.000,0.000,0.000,0.000,1235.000,1235.000,1.200,1.200,MATCH,0.000,1482.000,1482.000,Pendiente,No Facturado,PENDIENTE_DE_FACTURAR,PENDIENTE_DE_PAGO,SIN_CUBRIR,,CORTE 01-09 MAYO 2026,IMPORTABLE,
782,2026-05-08,46116,AVON,EXACT,CORRUGADO CARTON,CARTON,CORRUGADO CARTON,SOURCE,EXACT,13780.000,12610.000,1170.000,0.000,0.000,0.000,0.000,1170.000,1170.000,1.200,1.200,MATCH,0.000,1404.000,1404.000,Pendiente,No Facturado,PENDIENTE_DE_FACTURAR,PENDIENTE_DE_PAGO,SIN_CUBRIR,,CORTE 01-09 MAYO 2026,IMPORTABLE,
783,2026-05-08,46117,AVON,EXACT,CORRUGADO CARTON,CARTON,CORRUGADO CARTON,SOURCE,EXACT,15190.000,13755.000,1435.000,0.000,0.000,0.000,0.000,1435.000,1435.000,1.200,1.200,MATCH,0.000,1722.000,1722.000,Pendiente,No Facturado,PENDIENTE_DE_FACTURAR,PENDIENTE_DE_PAGO,SIN_CUBRIR,,CORTE 01-09 MAYO 2026,IMPORTABLE,
784,2026-05-07,46091,AVON,EXACT,CORRUGADO CARTON,CARTON,CORRUGADO CARTON,SOURCE,EXACT,13930.000,12610.000,1320.000,0.000,0.000,0.000,0.000,1320.000,1320.000,1.200,1.200,MATCH,0.000,1584.000,1584.000,Pendiente,No Facturado,PENDIENTE_DE_FACTURAR,PENDIENTE_DE_PAGO,SIN_CUBRIR,,CORTE 01-09 MAYO 2026,IMPORTABLE,
785,2026-05-07,46092,AVON,EXACT,CORRUGADO CARTON,CARTON,CORRUGADO CARTON,SOURCE,EXACT,15290.000,13565.000,1725.000,0.000,0.000,0.000,0.000,1725.000,1725.000,1.200,1.200,MATCH,0.000,2070.000,2070.000,Pendiente,No Facturado,PENDIENTE_DE_FACTURAR,PENDIENTE_DE_PAGO,SIN_CUBRIR,,CORTE 01-09 MAYO 2026,IMPORTABLE,
786,2026-05-07,46093,AVON,EXACT,CORRUGADO CARTON,CARTON,CORRUGADO CARTON,SOURCE,EXACT,15040.000,12985.000,2055.000,0.000,0.000,0.000,0.000,2055.000,2055.000,1.200,1.200,MATCH,0.000,2466.000,2466.000,Pendiente,No Facturado,PENDIENTE_DE_FACTURAR,PENDIENTE_DE_PAGO,SIN_CUBRIR,,CORTE 01-09 MAYO 2026,IMPORTABLE,
787,2026-05-07,46095,AVON,EXACT,CORRUGADO CARTON,CARTON,CORRUGADO CARTON,SOURCE,EXACT,14040.000,12465.000,1575.000,0.000,0.000,0.000,0.000,1575.000,1575.000,1.200,1.200,MATCH,0.000,1890.000,1890.000,Pendiente,No Facturado,PENDIENTE_DE_FACTURAR,PENDIENTE_DE_PAGO,SIN_CUBRIR,,CORTE 01-09 MAYO 2026,IMPORTABLE,
788,2026-05-07,46100,AVON,EXACT,CORRUGADO CARTON,CARTON,CORRUGADO CARTON,SOURCE,EXACT,13680.000,12610.000,1070.000,0.000,0.000,0.000,0.000,1070.000,1070.000,1.200,1.200,MATCH,0.000,1284.000,1284.000,Pendiente,No Facturado,PENDIENTE_DE_FACTURAR,PENDIENTE_DE_PAGO,SIN_CUBRIR,,CORTE 01-09 MAYO 2026,IMPORTABLE,
789,2026-05-07,46103,AVON,EXACT,CORRUGADO CARTON,CARTON,CORRUGADO CARTON,SOURCE,EXACT,14040.000,12465.000,1575.000,0.000,0.000,0.000,0.000,1575.000,1575.000,1.200,1.200,MATCH,0.000,1890.000,1890.000,Pendiente,No Facturado,PENDIENTE_DE_FACTURAR,PENDIENTE_DE_PAGO,SIN_CUBRIR,,CORTE 01-09 MAYO 2026,IMPORTABLE,
790,2026-05-07,46104,AVON,EXACT,CORRUGADO CARTON,CARTON,CORRUGADO CARTON,SOURCE,EXACT,13320.000,12610.000,710.000,0.000,0.000,0.000,0.000,710.000,710.000,1.200,1.200,MATCH,0.000,852.000,852.000,Pendiente,No Facturado,PENDIENTE_DE_FACTURAR,PENDIENTE_DE_PAGO,SIN_CUBRIR,,CORTE 01-09 MAYO 2026,IMPORTABLE,
791,2026-05-06,46079,AVON,EXACT,CORRUGADO CARTON,CARTON,CORRUGADO CARTON,SOURCE,EXACT,14330.000,12465.000,1865.000,0.000,0.000,0.000,0.000,1865.000,1865.000,1.200,1.200,MATCH,0.000,2238.000,2238.000,Pendiente,No Facturado,PENDIENTE_DE_FACTURAR,PENDIENTE_DE_PAGO,SIN_CUBRIR,,CORTE 01-09 MAYO 2026,IMPORTABLE,
792,2026-05-06,46080,AVON,EXACT,CORRUGADO CARTON,CARTON,CORRUGADO CARTON,SOURCE,EXACT,15080.000,13380.000,1700.000,0.000,0.000,0.000,0.000,1700.000,1700.000,1.200,1.200,MATCH,0.000,2040.000,2040.000,Pendiente,No Facturado,PENDIENTE_DE_FACTURAR,PENDIENTE_DE_PAGO,SIN_CUBRIR,,CORTE 01-09 MAYO 2026,IMPORTABLE,
793,2026-05-06,46083,AVON,EXACT,CORRUGADO CARTON,CARTON,CORRUGADO CARTON,SOURCE,EXACT,14990.000,12785.000,2205.000,0.000,0.000,0.000,0.000,2205.000,2205.000,1.200,1.200,MATCH,0.000,2646.000,2646.000,Pendiente,No Facturado,PENDIENTE_DE_FACTURAR,PENDIENTE_DE_PAGO,SIN_CUBRIR,,CORTE 01-09 MAYO 2026,IMPORTABLE,
794,2026-05-06,46084,AVON,EXACT,CORRUGADO CARTON,CARTON,CORRUGADO CARTON,SOURCE,EXACT,14450.000,12795.000,1655.000,0.000,0.000,0.000,0.000,1655.000,1655.000,1.200,1.200,MATCH,0.000,1986.000,1986.000,Pendiente,No Facturado,PENDIENTE_DE_FACTURAR,PENDIENTE_DE_PAGO,SIN_CUBRIR,,CORTE 01-09 MAYO 2026,IMPORTABLE,
795,2026-05-06,46085,AVON,EXACT,CORRUGADO CARTON,CARTON,CORRUGADO CARTON,SOURCE,EXACT,13750.000,12465.000,1285.000,0.000,0.000,0.000,0.000,1285.000,1285.000,1.200,1.200,MATCH,0.000,1542.000,1542.000,Pendiente,No Facturado,PENDIENTE_DE_FACTURAR,PENDIENTE_DE_PAGO,SIN_CUBRIR,,CORTE 01-09 MAYO 2026,IMPORTABLE,
796,2026-05-06,46086,AVON,EXACT,CORRUGADO CARTON,CARTON,CORRUGADO CARTON,SOURCE,EXACT,13980.000,12795.000,1185.000,0.000,0.000,0.000,0.000,1185.000,1185.000,1.200,1.200,MATCH,0.000,1422.000,1422.000,Pendiente,No Facturado,PENDIENTE_DE_FACTURAR,PENDIENTE_DE_PAGO,SIN_CUBRIR,,CORTE 01-09 MAYO 2026,IMPORTABLE,
797,2026-05-06,46087,AVON,EXACT,CORRUGADO CARTON,CARTON,CORRUGADO CARTON,SOURCE,EXACT,13550.000,12465.000,1085.000,0.000,0.000,0.000,0.000,1085.000,1085.000,1.200,1.200,MATCH,0.000,1302.000,1302.000,Pendiente,No Facturado,PENDIENTE_DE_FACTURAR,PENDIENTE_DE_PAGO,SIN_CUBRIR,,CORTE 01-09 MAYO 2026,IMPORTABLE,
798,2026-05-05,46072,AVON,EXACT,CORRUGADO CARTON,CARTON,CORRUGADO CARTON,SOURCE,EXACT,13570.000,12465.000,1105.000,0.000,0.000,0.000,0.000,1105.000,1105.000,1.200,1.200,MATCH,0.000,1326.000,1326.000,Pendiente,No Facturado,PENDIENTE_DE_FACTURAR,PENDIENTE_DE_PAGO,SIN_CUBRIR,,CORTE 01-09 MAYO 2026,IMPORTABLE,
799,2026-05-05,46075,AVON,EXACT,CORRUGADO CARTON,CARTON,CORRUGADO CARTON,SOURCE,EXACT,14110.000,12795.000,1315.000,0.000,0.000,0.000,0.000,1315.000,1315.000,1.200,1.200,MATCH,0.000,1578.000,1578.000,Pendiente,No Facturado,PENDIENTE_DE_FACTURAR,PENDIENTE_DE_PAGO,SIN_CUBRIR,,CORTE 01-09 MAYO 2026,IMPORTABLE,
800,2026-05-05,46077,AVON,EXACT,CORRUGADO CARTON,CARTON,CORRUGADO CARTON,SOURCE,EXACT,14060.000,12465.000,1595.000,0.000,0.000,0.000,0.000,1595.000,1595.000,1.200,1.200,MATCH,0.000,1914.000,1914.000,Pendiente,No Facturado,PENDIENTE_DE_FACTURAR,PENDIENTE_DE_PAGO,SIN_CUBRIR,,CORTE 01-09 MAYO 2026,IMPORTABLE,
801,2026-05-05,46078,AVON,EXACT,CORRUGADO CARTON,CARTON,CORRUGADO CARTON,SOURCE,EXACT,14060.000,12795.000,1265.000,0.000,0.000,0.000,0.000,1265.000,1265.000,1.200,1.200,MATCH,0.000,1518.000,1518.000,Pendiente,No Facturado,PENDIENTE_DE_FACTURAR,PENDIENTE_DE_PAGO,SIN_CUBRIR,,CORTE 01-09 MAYO 2026,IMPORTABLE,
802,2026-05-04,46061,AVON,EXACT,CORRUGADO CARTON,CARTON,CORRUGADO CARTON,SOURCE,EXACT,14640.000,12985.000,1655.000,0.000,0.000,0.000,0.000,1655.000,1655.000,1.200,1.200,MATCH,0.000,1986.000,1986.000,Pendiente,No Facturado,PENDIENTE_DE_FACTURAR,PENDIENTE_DE_PAGO,SIN_CUBRIR,,CORTE 01-09 MAYO 2026,IMPORTABLE,
803,2026-05-04,46062,AVON,EXACT,CORRUGADO CARTON,CARTON,CORRUGADO CARTON,SOURCE,EXACT,15640.000,13565.000,2075.000,0.000,0.000,0.000,0.000,2075.000,2075.000,1.200,1.200,MATCH,0.000,2490.000,2490.000,Pendiente,No Facturado,PENDIENTE_DE_FACTURAR,PENDIENTE_DE_PAGO,SIN_CUBRIR,,CORTE 01-09 MAYO 2026,IMPORTABLE,
804,2026-05-04,46064,AVON,EXACT,CORRUGADO CARTON,CARTON,CORRUGADO CARTON,SOURCE,EXACT,13920.000,12465.000,1455.000,0.000,0.000,0.000,0.000,1455.000,1455.000,1.200,1.200,MATCH,0.000,1746.000,1746.000,Pendiente,No Facturado,PENDIENTE_DE_FACTURAR,PENDIENTE_DE_PAGO,SIN_CUBRIR,,CORTE 01-09 MAYO 2026,IMPORTABLE,
805,2026-05-04,46068,AVON,EXACT,CORRUGADO CARTON,CARTON,CORRUGADO CARTON,SOURCE,EXACT,15090.000,13755.000,1335.000,0.000,0.000,0.000,0.000,1335.000,1335.000,1.200,1.200,MATCH,0.000,1602.000,1602.000,Pendiente,No Facturado,PENDIENTE_DE_FACTURAR,PENDIENTE_DE_PAGO,SIN_CUBRIR,,CORTE 01-09 MAYO 2026,IMPORTABLE,
806,2026-05-04,46069,AVON,EXACT,CORRUGADO CARTON,CARTON,CORRUGADO CARTON,SOURCE,EXACT,14800.000,12610.000,2190.000,0.000,0.000,0.000,0.000,2190.000,2190.000,1.200,1.200,MATCH,0.000,2628.000,2628.000,Pendiente,No Facturado,PENDIENTE_DE_FACTURAR,PENDIENTE_DE_PAGO,SIN_CUBRIR,,CORTE 01-09 MAYO 2026,IMPORTABLE,
807,2026-05-04,46070,AVON,EXACT,CORRUGADO CARTON,CARTON,CORRUGADO CARTON,SOURCE,EXACT,14100.000,12795.000,1305.000,0.000,0.000,0.000,0.000,1305.000,1305.000,1.200,1.200,MATCH,0.000,1566.000,1566.000,Pendiente,No Facturado,PENDIENTE_DE_FACTURAR,PENDIENTE_DE_PAGO,SIN_CUBRIR,,CORTE 01-09 MAYO 2026,IMPORTABLE,
808,2026-05-02,46054,AVON,EXACT,CORRUGADO CARTON,CARTON,CORRUGADO CARTON,SOURCE,EXACT,14170.000,12465.000,1705.000,0.000,0.000,0.000,0.000,1705.000,1705.000,1.200,1.200,MATCH,0.000,2046.000,2046.000,Pendiente,No Facturado,PENDIENTE_DE_FACTURAR,PENDIENTE_DE_PAGO,SIN_CUBRIR,,CORTE 01-09 MAYO 2026,IMPORTABLE,
809,2026-05-02,46055,AVON,EXACT,CORRUGADO CARTON,CARTON,CORRUGADO CARTON,SOURCE,EXACT,13870.000,12795.000,1075.000,0.000,0.000,0.000,0.000,1075.000,1075.000,1.200,1.200,MATCH,0.000,1290.000,1290.000,Pendiente,No Facturado,PENDIENTE_DE_FACTURAR,PENDIENTE_DE_PAGO,SIN_CUBRIR,,CORTE 01-09 MAYO 2026,IMPORTABLE,
810,2026-05-02,46057,AVON,EXACT,CORRUGADO CARTON,CARTON,CORRUGADO CARTON,SOURCE,EXACT,13930.000,12985.000,945.000,0.000,0.000,0.000,0.000,945.000,945.000,1.200,1.200,MATCH,0.000,1134.000,1134.000,Pendiente,No Facturado,PENDIENTE_DE_FACTURAR,PENDIENTE_DE_PAGO,SIN_CUBRIR,,CORTE 01-09 MAYO 2026,IMPORTABLE,
811,2026-05-02,46059,AVON,EXACT,CORRUGADO CARTON,CARTON,CORRUGADO CARTON,SOURCE,EXACT,14510.000,12465.000,2045.000,0.000,0.000,0.000,0.000,2045.000,2045.000,1.200,1.200,MATCH,0.000,2454.000,2454.000,Pendiente,No Facturado,PENDIENTE_DE_FACTURAR,PENDIENTE_DE_PAGO,SIN_CUBRIR,,CORTE 01-09 MAYO 2026,IMPORTABLE,
812,2026-04-30,46044,AVON,EXACT,CORRUGADO CARTON,CARTON,CORRUGADO CARTON,SOURCE,EXACT,14240.000,12795.000,1445.000,0.000,0.000,0.000,0.000,1445.000,1445.000,1.200,1.200,MATCH,0.000,1734.000,1734.000,Pendiente,No Facturado,PENDIENTE_DE_FACTURAR,PENDIENTE_DE_PAGO,SIN_CUBRIR,,CORTE 27-30 ABRIL 2026,IMPORTABLE,
813,2026-04-30,46045,AVON,EXACT,CORRUGADO CARTON,CARTON,CORRUGADO CARTON,SOURCE,EXACT,14520.000,12985.000,1535.000,0.000,0.000,0.000,0.000,1535.000,1535.000,1.200,1.200,MATCH,0.000,1842.000,1842.000,Pendiente,No Facturado,PENDIENTE_DE_FACTURAR,PENDIENTE_DE_PAGO,SIN_CUBRIR,,CORTE 27-30 ABRIL 2026,IMPORTABLE,
814,2026-04-30,46046,AVON,EXACT,CORRUGADO CARTON,CARTON,CORRUGADO CARTON,SOURCE,EXACT,15170.000,12610.000,2560.000,0.000,200.000,0.000,7.813,2360.000,2360.000,1.200,1.200,MATCH,0.000,2832.000,2832.000,Pendiente,No Facturado,PENDIENTE_DE_FACTURAR,PENDIENTE_DE_PAGO,SIN_CUBRIR,,CORTE 27-30 ABRIL 2026,IMPORTABLE,
815,2026-04-30,46050,AVON,EXACT,CORRUGADO CARTON,CARTON,CORRUGADO CARTON,SOURCE,EXACT,14360.000,12465.000,1895.000,0.000,0.000,0.000,0.000,1895.000,1895.000,1.200,1.200,MATCH,0.000,2274.000,2274.000,Pendiente,No Facturado,PENDIENTE_DE_FACTURAR,PENDIENTE_DE_PAGO,SIN_CUBRIR,,CORTE 27-30 ABRIL 2026,IMPORTABLE,
816,2026-04-30,46051,AVON,EXACT,CORRUGADO CARTON,CARTON,CORRUGADO CARTON,SOURCE,EXACT,14140.000,12795.000,1345.000,0.000,0.000,0.000,0.000,1345.000,1345.000,1.200,1.200,MATCH,0.000,1614.000,1614.000,Pendiente,No Facturado,PENDIENTE_DE_FACTURAR,PENDIENTE_DE_PAGO,SIN_CUBRIR,,CORTE 27-30 ABRIL 2026,IMPORTABLE,
817,2026-04-30,46052,AVON,EXACT,CORRUGADO CARTON,CARTON,CORRUGADO CARTON,SOURCE,EXACT,14590.000,12785.000,1805.000,0.000,200.000,0.000,11.080,1605.000,1605.000,1.200,1.200,MATCH,0.000,1926.000,1926.000,Pendiente,No Facturado,PENDIENTE_DE_FACTURAR,PENDIENTE_DE_PAGO,SIN_CUBRIR,,CORTE 27-30 ABRIL 2026,IMPORTABLE,
818,2026-04-29,46034,AVON,EXACT,CORRUGADO CARTON,CARTON,CORRUGADO CARTON,SOURCE,EXACT,14100.000,12795.000,1305.000,0.000,0.000,0.000,0.000,1305.000,1305.000,1.200,1.200,MATCH,0.000,1566.000,1566.000,Pendiente,No Facturado,PENDIENTE_DE_FACTURAR,PENDIENTE_DE_PAGO,SIN_CUBRIR,,CORTE 27-30 ABRIL 2026,IMPORTABLE,
819,2026-04-29,46037,AVON,EXACT,CORRUGADO CARTON,CARTON,CORRUGADO CARTON,SOURCE,EXACT,13900.000,12465.000,1435.000,0.000,0.000,0.000,0.000,1435.000,1435.000,1.200,1.200,MATCH,0.000,1722.000,1722.000,Pendiente,No Facturado,PENDIENTE_DE_FACTURAR,PENDIENTE_DE_PAGO,SIN_CUBRIR,,CORTE 27-30 ABRIL 2026,IMPORTABLE,
820,2026-04-29,46039,AVON,EXACT,CORRUGADO CARTON,CARTON,CORRUGADO CARTON,SOURCE,EXACT,14530.000,12985.000,1545.000,0.000,0.000,0.000,0.000,1545.000,1545.000,1.200,1.200,MATCH,0.000,1854.000,1854.000,Pendiente,No Facturado,PENDIENTE_DE_FACTURAR,PENDIENTE_DE_PAGO,SIN_CUBRIR,,CORTE 27-30 ABRIL 2026,IMPORTABLE,
821,2026-04-29,46040,AVON,EXACT,CORRUGADO CARTON,CARTON,CORRUGADO CARTON,SOURCE,EXACT,14800.000,12795.000,2005.000,0.000,0.000,0.000,0.000,2005.000,2005.000,1.200,1.200,MATCH,0.000,2406.000,2406.000,Pendiente,No Facturado,PENDIENTE_DE_FACTURAR,PENDIENTE_DE_PAGO,SIN_CUBRIR,,CORTE 27-30 ABRIL 2026,IMPORTABLE,
822,2026-04-29,46042,AVON,EXACT,CORRUGADO CARTON,CARTON,CORRUGADO CARTON,SOURCE,EXACT,13580.000,12465.000,1115.000,0.000,0.000,0.000,0.000,1115.000,1115.000,1.200,1.200,MATCH,0.000,1338.000,1338.000,Pendiente,No Facturado,PENDIENTE_DE_FACTURAR,PENDIENTE_DE_PAGO,SIN_CUBRIR,,CORTE 27-30 ABRIL 2026,IMPORTABLE,
823,2026-04-28,46019,AVON,EXACT,CORRUGADO CARTON,CARTON,CORRUGADO CARTON,SOURCE,EXACT,13930.000,12985.000,945.000,0.000,0.000,0.000,0.000,945.000,945.000,1.200,1.200,MATCH,0.000,1134.000,1134.000,Pendiente,No Facturado,PENDIENTE_DE_FACTURAR,PENDIENTE_DE_PAGO,SIN_CUBRIR,,CORTE 27-30 ABRIL 2026,IMPORTABLE,
824,2026-04-28,46022,AVON,EXACT,CORRUGADO CARTON,CARTON,CORRUGADO CARTON,SOURCE,EXACT,14710.000,12785.000,1925.000,0.000,200.000,0.000,10.390,1725.000,1725.000,1.200,1.200,MATCH,0.000,2070.000,2070.000,Pendiente,No Facturado,PENDIENTE_DE_FACTURAR,PENDIENTE_DE_PAGO,SIN_CUBRIR,,CORTE 27-30 ABRIL 2026,IMPORTABLE,
825,2026-04-28,46025,AVON,EXACT,CORRUGADO CARTON,CARTON,CORRUGADO CARTON,SOURCE,EXACT,14470.000,12465.000,2005.000,0.000,0.000,0.000,0.000,2005.000,2005.000,1.200,1.200,MATCH,0.000,2406.000,2406.000,Pendiente,No Facturado,PENDIENTE_DE_FACTURAR,PENDIENTE_DE_PAGO,SIN_CUBRIR,,CORTE 27-30 ABRIL 2026,IMPORTABLE,
826,2026-04-28,46029,AVON,EXACT,CORRUGADO CARTON,CARTON,CORRUGADO CARTON,SOURCE,EXACT,14450.000,12795.000,1655.000,0.000,0.000,0.000,0.000,1655.000,1655.000,1.200,1.200,MATCH,0.000,1986.000,1986.000,Pendiente,No Facturado,PENDIENTE_DE_FACTURAR,PENDIENTE_DE_PAGO,SIN_CUBRIR,,CORTE 27-30 ABRIL 2026,IMPORTABLE,
827,2026-04-28,46031,AVON,EXACT,CORRUGADO CARTON,CARTON,CORRUGADO CARTON,SOURCE,EXACT,13850.000,12465.000,1385.000,0.000,0.000,0.000,0.000,1385.000,1385.000,1.200,1.200,MATCH,0.000,1662.000,1662.000,Pendiente,No Facturado,PENDIENTE_DE_FACTURAR,PENDIENTE_DE_PAGO,SIN_CUBRIR,,CORTE 27-30 ABRIL 2026,IMPORTABLE,
828,2026-04-27,46010,AVON,EXACT,CORRUGADO CARTON,CARTON,CORRUGADO CARTON,SOURCE,EXACT,13870.000,12465.000,1405.000,0.000,0.000,0.000,0.000,1405.000,1405.000,1.200,1.200,MATCH,0.000,1686.000,1686.000,Pendiente,No Facturado,PENDIENTE_DE_FACTURAR,PENDIENTE_DE_PAGO,SIN_CUBRIR,,CORTE 27-30 ABRIL 2026,IMPORTABLE,
829,2026-04-27,46012,AVON,EXACT,CORRUGADO CARTON,CARTON,CORRUGADO CARTON,SOURCE,EXACT,15680.000,13565.000,2115.000,0.000,0.000,0.000,0.000,2115.000,2115.000,1.200,1.200,MATCH,0.000,2538.000,2538.000,Pendiente,No Facturado,PENDIENTE_DE_FACTURAR,PENDIENTE_DE_PAGO,SIN_CUBRIR,,CORTE 27-30 ABRIL 2026,IMPORTABLE,
830,2026-04-27,46015,AVON,EXACT,CORRUGADO CARTON,CARTON,CORRUGADO CARTON,SOURCE,EXACT,14760.000,12985.000,1775.000,0.000,0.000,0.000,0.000,1775.000,1775.000,1.200,1.200,MATCH,0.000,2130.000,2130.000,Pendiente,No Facturado,PENDIENTE_DE_FACTURAR,PENDIENTE_DE_PAGO,SIN_CUBRIR,,CORTE 27-30 ABRIL 2026,IMPORTABLE,
831,2026-04-27,46016,AVON,EXACT,CORRUGADO CARTON,CARTON,CORRUGADO CARTON,SOURCE,EXACT,14900.000,13235.000,1665.000,0.000,0.000,0.000,0.000,1665.000,1665.000,1.200,1.200,MATCH,0.000,1998.000,1998.000,Pendiente,No Facturado,PENDIENTE_DE_FACTURAR,PENDIENTE_DE_PAGO,SIN_CUBRIR,,CORTE 27-30 ABRIL 2026,IMPORTABLE,
832,2026-04-27,46018,AVON,EXACT,CORRUGADO CARTON,CARTON,CORRUGADO CARTON,SOURCE,EXACT,13890.000,12795.000,1095.000,0.000,0.000,0.000,0.000,1095.000,1095.000,1.200,1.200,MATCH,0.000,1314.000,1314.000,Pendiente,No Facturado,PENDIENTE_DE_FACTURAR,PENDIENTE_DE_PAGO,SIN_CUBRIR,,CORTE 27-30 ABRIL 2026,IMPORTABLE,
833,2026-04-27,46020,AVON,EXACT,CORRUGADO CARTON,CARTON,CORRUGADO CARTON,SOURCE,EXACT,15100.000,12610.000,2490.000,0.000,200.000,0.000,8.032,2290.000,2290.000,1.200,1.200,MATCH,0.000,2748.000,2748.000,Pendiente,No Facturado,PENDIENTE_DE_FACTURAR,PENDIENTE_DE_PAGO,SIN_CUBRIR,,CORTE 27-30 ABRIL 2026,IMPORTABLE,
834,2026-04-25,46006,AVON,EXACT,CORRUGADO CARTON,CARTON,CORRUGADO CARTON,SOURCE,EXACT,14350.000,12465.000,1885.000,0.000,0.000,0.000,0.000,1885.000,1885.000,1.200,1.200,MATCH,0.000,2262.000,2262.000,Pendiente,No Facturado,PENDIENTE_DE_FACTURAR,PENDIENTE_DE_PAGO,SIN_CUBRIR,,CORTE 20-25 ABRIL 2026,IMPORTABLE,
835,2026-04-25,46007,AVON,EXACT,CORRUGADO CARTON,CARTON,CORRUGADO CARTON,SOURCE,EXACT,14320.000,12795.000,1525.000,0.000,0.000,0.000,0.000,1525.000,1525.000,1.200,1.200,MATCH,0.000,1830.000,1830.000,Pendiente,No Facturado,PENDIENTE_DE_FACTURAR,PENDIENTE_DE_PAGO,SIN_CUBRIR,,CORTE 20-25 ABRIL 2026,IMPORTABLE,
836,2026-04-25,46008,AVON,EXACT,CORRUGADO CARTON,CARTON,CORRUGADO CARTON,SOURCE,EXACT,13840.000,12465.000,1375.000,0.000,0.000,0.000,0.000,1375.000,1375.000,1.200,1.200,MATCH,0.000,1650.000,1650.000,Pendiente,No Facturado,PENDIENTE_DE_FACTURAR,PENDIENTE_DE_PAGO,SIN_CUBRIR,,CORTE 20-25 ABRIL 2026,IMPORTABLE,
837,2026-04-25,46009,AVON,EXACT,CORRUGADO CARTON,CARTON,CORRUGADO CARTON,SOURCE,EXACT,14620.000,12985.000,1635.000,0.000,0.000,0.000,0.000,1635.000,1635.000,1.200,1.200,MATCH,0.000,1962.000,1962.000,Pendiente,No Facturado,PENDIENTE_DE_FACTURAR,PENDIENTE_DE_PAGO,SIN_CUBRIR,,CORTE 20-25 ABRIL 2026,IMPORTABLE,
838,2026-04-24,45995,AVON,EXACT,CORRUGADO CARTON,CARTON,CORRUGADO CARTON,SOURCE,EXACT,14010.000,12465.000,1545.000,0.000,0.000,0.000,0.000,1545.000,1545.000,1.200,1.200,MATCH,0.000,1854.000,1854.000,Pendiente,No Facturado,PENDIENTE_DE_FACTURAR,PENDIENTE_DE_PAGO,SIN_CUBRIR,,CORTE 20-25 ABRIL 2026,IMPORTABLE,
839,2026-04-24,45996,AVON,EXACT,CORRUGADO CARTON,CARTON,CORRUGADO CARTON,SOURCE,EXACT,14430.000,12985.000,1445.000,0.000,0.000,0.000,0.000,1445.000,1445.000,1.200,1.200,MATCH,0.000,1734.000,1734.000,Pendiente,No Facturado,PENDIENTE_DE_FACTURAR,PENDIENTE_DE_PAGO,SIN_CUBRIR,,CORTE 20-25 ABRIL 2026,IMPORTABLE,
840,2026-04-24,45999,AVON,EXACT,CORRUGADO CARTON,CARTON,CORRUGADO CARTON,SOURCE,EXACT,14690.000,12785.000,1905.000,0.000,0.000,0.000,0.000,1905.000,1905.000,1.200,1.200,MATCH,0.000,2286.000,2286.000,Pendiente,No Facturado,PENDIENTE_DE_FACTURAR,PENDIENTE_DE_PAGO,SIN_CUBRIR,,CORTE 20-25 ABRIL 2026,IMPORTABLE,
841,2026-04-24,46002,AVON,EXACT,CORRUGADO CARTON,CARTON,CORRUGADO CARTON,SOURCE,EXACT,14680.000,12795.000,1885.000,0.000,0.000,0.000,0.000,1885.000,1885.000,1.200,1.200,MATCH,0.000,2262.000,2262.000,Pendiente,No Facturado,PENDIENTE_DE_FACTURAR,PENDIENTE_DE_PAGO,SIN_CUBRIR,,CORTE 20-25 ABRIL 2026,IMPORTABLE,
842,2026-04-24,46004,AVON,EXACT,CORRUGADO CARTON,CARTON,CORRUGADO CARTON,SOURCE,EXACT,14600.000,12985.000,1615.000,0.000,0.000,0.000,0.000,1615.000,1615.000,1.200,1.200,MATCH,0.000,1938.000,1938.000,Pendiente,No Facturado,PENDIENTE_DE_FACTURAR,PENDIENTE_DE_PAGO,SIN_CUBRIR,,CORTE 20-25 ABRIL 2026,IMPORTABLE,
843,2026-04-23,45984,AVON,EXACT,CORRUGADO CARTON,CARTON,CORRUGADO CARTON,SOURCE,EXACT,14300.000,12985.000,1315.000,0.000,0.000,0.000,0.000,1315.000,1315.000,1.200,1.200,MATCH,0.000,1578.000,1578.000,Pendiente,No Facturado,PENDIENTE_DE_FACTURAR,PENDIENTE_DE_PAGO,SIN_CUBRIR,,CORTE 20-25 ABRIL 2026,IMPORTABLE,
844,2026-04-23,45987,AVON,EXACT,CORRUGADO CARTON,CARTON,CORRUGADO CARTON,SOURCE,EXACT,15190.000,12610.000,2580.000,0.000,290.000,0.000,11.240,2290.000,2290.000,1.200,1.200,MATCH,0.000,2748.000,2748.000,Pendiente,No Facturado,PENDIENTE_DE_FACTURAR,PENDIENTE_DE_PAGO,SIN_CUBRIR,,CORTE 20-25 ABRIL 2026,IMPORTABLE,
845,2026-04-23,45990,AVON,EXACT,CORRUGADO CARTON,CARTON,CORRUGADO CARTON,SOURCE,EXACT,14210.000,12795.000,1415.000,0.000,0.000,0.000,0.000,1415.000,1415.000,1.200,1.200,MATCH,0.000,1698.000,1698.000,Pendiente,No Facturado,PENDIENTE_DE_FACTURAR,PENDIENTE_DE_PAGO,SIN_CUBRIR,,CORTE 20-25 ABRIL 2026,IMPORTABLE,
846,2026-04-23,45992,AVON,EXACT,CORRUGADO CARTON,CARTON,CORRUGADO CARTON,SOURCE,EXACT,14140.000,12465.000,1675.000,0.000,0.000,0.000,0.000,1675.000,1675.000,1.200,1.200,MATCH,0.000,2010.000,2010.000,Pendiente,No Facturado,PENDIENTE_DE_FACTURAR,PENDIENTE_DE_PAGO,SIN_CUBRIR,,CORTE 20-25 ABRIL 2026,IMPORTABLE,
847,2026-04-22,45976,AVON,EXACT,CORRUGADO CARTON,CARTON,CORRUGADO CARTON,SOURCE,EXACT,14460.000,12985.000,1475.000,0.000,0.000,0.000,0.000,1475.000,1475.000,1.200,1.200,MATCH,0.000,1770.000,1770.000,Pendiente,No Facturado,PENDIENTE_DE_FACTURAR,PENDIENTE_DE_PAGO,SIN_CUBRIR,,CORTE 20-25 ABRIL 2026,IMPORTABLE,
848,2026-04-22,45979,AVON,EXACT,CORRUGADO CARTON,CARTON,CORRUGADO CARTON,SOURCE,EXACT,15450.000,12785.000,2665.000,0.000,200.000,0.000,7.505,2465.000,2465.000,1.200,1.200,MATCH,0.000,2958.000,2958.000,Pendiente,No Facturado,PENDIENTE_DE_FACTURAR,PENDIENTE_DE_PAGO,SIN_CUBRIR,,CORTE 20-25 ABRIL 2026,IMPORTABLE,
849,2026-04-22,45981,AVON,EXACT,CORRUGADO CARTON,CARTON,CORRUGADO CARTON,SOURCE,EXACT,14440.000,12795.000,1645.000,0.000,0.000,0.000,0.000,1645.000,1645.000,1.200,1.200,MATCH,0.000,1974.000,1974.000,Pendiente,No Facturado,PENDIENTE_DE_FACTURAR,PENDIENTE_DE_PAGO,SIN_CUBRIR,,CORTE 20-25 ABRIL 2026,IMPORTABLE,
850,2026-04-22,45982,AVON,EXACT,CORRUGADO CARTON,CARTON,CORRUGADO CARTON,SOURCE,EXACT,14560.000,12985.000,1575.000,0.000,0.000,0.000,0.000,1575.000,1575.000,1.200,1.200,MATCH,0.000,1890.000,1890.000,Pendiente,No Facturado,PENDIENTE_DE_FACTURAR,PENDIENTE_DE_PAGO,SIN_CUBRIR,,CORTE 20-25 ABRIL 2026,IMPORTABLE,
851,2026-04-22,45983,AVON,EXACT,CORRUGADO CARTON,CARTON,CORRUGADO CARTON,SOURCE,EXACT,13650.000,12465.000,1185.000,0.000,0.000,0.000,0.000,1185.000,1185.000,1.200,1.200,MATCH,0.000,1422.000,1422.000,Pendiente,No Facturado,PENDIENTE_DE_FACTURAR,PENDIENTE_DE_PAGO,SIN_CUBRIR,,CORTE 20-25 ABRIL 2026,IMPORTABLE,
852,2026-04-22,45977,AVON,EXACT,CORRUGADO CARTON,CARTON,CORRUGADO CARTON,SOURCE,EXACT,13920.000,12465.000,1455.000,0.000,0.000,0.000,0.000,1455.000,1455.000,1.200,1.200,MATCH,0.000,1746.000,1746.000,Pendiente,No Facturado,PENDIENTE_DE_FACTURAR,PENDIENTE_DE_PAGO,SIN_CUBRIR,,CORTE 20-25 ABRIL 2026,IMPORTABLE,
853,2026-04-21,45968,AVON,EXACT,CORRUGADO CARTON,CARTON,CORRUGADO CARTON,SOURCE,EXACT,14610.000,12985.000,1625.000,0.000,160.000,0.000,9.846,1465.000,1465.000,1.200,1.200,MATCH,0.000,1758.000,1758.000,Pendiente,No Facturado,PENDIENTE_DE_FACTURAR,PENDIENTE_DE_PAGO,SIN_CUBRIR,,CORTE 20-25 ABRIL 2026,IMPORTABLE,
854,2026-04-21,45969,AVON,EXACT,CORRUGADO CARTON,CARTON,CORRUGADO CARTON,SOURCE,EXACT,14340.000,12465.000,1875.000,0.000,0.000,0.000,0.000,1875.000,1875.000,1.200,1.200,MATCH,0.000,2250.000,2250.000,Pendiente,No Facturado,PENDIENTE_DE_FACTURAR,PENDIENTE_DE_PAGO,SIN_CUBRIR,,CORTE 20-25 ABRIL 2026,IMPORTABLE,
855,2026-04-21,45972,AVON,EXACT,CORRUGADO CARTON,CARTON,CORRUGADO CARTON,SOURCE,EXACT,14530.000,12985.000,1545.000,0.000,0.000,0.000,0.000,1545.000,1545.000,1.200,1.200,MATCH,0.000,1854.000,1854.000,Pendiente,No Facturado,PENDIENTE_DE_FACTURAR,PENDIENTE_DE_PAGO,SIN_CUBRIR,,CORTE 20-25 ABRIL 2026,IMPORTABLE,
856,2026-04-21,45973,AVON,EXACT,CORRUGADO CARTON,CARTON,CORRUGADO CARTON,SOURCE,EXACT,13520.000,12465.000,1055.000,0.000,0.000,0.000,0.000,1055.000,1055.000,1.200,1.200,MATCH,0.000,1266.000,1266.000,Pendiente,No Facturado,PENDIENTE_DE_FACTURAR,PENDIENTE_DE_PAGO,SIN_CUBRIR,,CORTE 20-25 ABRIL 2026,IMPORTABLE,
857,2026-04-20,45956,AVON,EXACT,CORRUGADO CARTON,CARTON,CORRUGADO CARTON,SOURCE,EXACT,13870.000,12795.000,1075.000,0.000,0.000,0.000,0.000,1075.000,1075.000,1.200,1.200,MATCH,0.000,1290.000,1290.000,Pendiente,No Facturado,PENDIENTE_DE_FACTURAR,PENDIENTE_DE_PAGO,SIN_CUBRIR,,CORTE 20-25 ABRIL 2026,IMPORTABLE,
858,2026-04-20,45958,AVON,EXACT,CORRUGADO CARTON,CARTON,CORRUGADO CARTON,SOURCE,EXACT,14770.000,12610.000,2160.000,0.000,200.000,0.000,9.259,1960.000,1960.000,1.200,1.200,MATCH,0.000,2352.000,2352.000,Pendiente,No Facturado,PENDIENTE_DE_FACTURAR,PENDIENTE_DE_PAGO,SIN_CUBRIR,,CORTE 20-25 ABRIL 2026,IMPORTABLE,
859,2026-04-20,45960,AVON,EXACT,CORRUGADO CARTON,CARTON,CORRUGADO CARTON,SOURCE,EXACT,14820.000,12695.000,2125.000,0.000,425.000,0.000,20.000,1700.000,1700.000,1.200,1.200,MATCH,0.000,2040.000,2040.000,Pendiente,No Facturado,PENDIENTE_DE_FACTURAR,PENDIENTE_DE_PAGO,SIN_CUBRIR,,CORTE 20-25 ABRIL 2026,IMPORTABLE,
860,2026-04-20,45962,AVON,EXACT,CORRUGADO CARTON,CARTON,CORRUGADO CARTON,SOURCE,EXACT,15400.000,13755.000,1645.000,0.000,0.000,0.000,0.000,1645.000,1645.000,1.200,1.200,MATCH,0.000,1974.000,1974.000,Pendiente,No Facturado,PENDIENTE_DE_FACTURAR,PENDIENTE_DE_PAGO,SIN_CUBRIR,,CORTE 20-25 ABRIL 2026,IMPORTABLE,
861,2026-04-20,45963,AVON,EXACT,CORRUGADO CARTON,CARTON,CORRUGADO CARTON,SOURCE,EXACT,14030.000,12795.000,1235.000,0.000,0.000,0.000,0.000,1235.000,1235.000,1.200,1.200,MATCH,0.000,1482.000,1482.000,Pendiente,No Facturado,PENDIENTE_DE_FACTURAR,PENDIENTE_DE_PAGO,SIN_CUBRIR,,CORTE 20-25 ABRIL 2026,IMPORTABLE,
862,2026-04-20,45964,AVON,EXACT,CORRUGADO CARTON,CARTON,CORRUGADO CARTON,SOURCE,EXACT,14810.000,13235.000,1575.000,0.000,0.000,0.000,0.000,1575.000,1575.000,1.200,1.200,MATCH,0.000,1890.000,1890.000,Pendiente,No Facturado,PENDIENTE_DE_FACTURAR,PENDIENTE_DE_PAGO,SIN_CUBRIR,,CORTE 20-25 ABRIL 2026,IMPORTABLE,
863,2026-04-18,45951,AVON,EXACT,CORRUGADO CARTON,CARTON,CORRUGADO CARTON,SOURCE,EXACT,14310.000,12785.000,1525.000,0.000,0.000,0.000,0.000,1525.000,1525.000,1.200,1.200,MATCH,0.000,1830.000,1830.000,Pendiente,No Facturado,PENDIENTE_DE_FACTURAR,PENDIENTE_DE_PAGO,SIN_CUBRIR,,CORTE 13-18 ABRIL 2026,IMPORTABLE,
864,2026-04-18,45953,AVON,EXACT,CORRUGADO CARTON,CARTON,CORRUGADO CARTON,SOURCE,EXACT,14100.000,12795.000,1305.000,0.000,0.000,0.000,0.000,1305.000,1305.000,1.200,1.200,MATCH,0.000,1566.000,1566.000,Pendiente,No Facturado,PENDIENTE_DE_FACTURAR,PENDIENTE_DE_PAGO,SIN_CUBRIR,,CORTE 13-18 ABRIL 2026,IMPORTABLE,
865,2026-04-18,45954,AVON,EXACT,CORRUGADO CARTON,CARTON,CORRUGADO CARTON,SOURCE,EXACT,14680.000,12985.000,1695.000,0.000,0.000,0.000,0.000,1695.000,1695.000,1.200,1.200,MATCH,0.000,2034.000,2034.000,Pendiente,No Facturado,PENDIENTE_DE_FACTURAR,PENDIENTE_DE_PAGO,SIN_CUBRIR,,CORTE 13-18 ABRIL 2026,IMPORTABLE,
866,2026-04-18,45955,AVON,EXACT,CORRUGADO CARTON,CARTON,CORRUGADO CARTON,SOURCE,EXACT,13490.000,12785.000,705.000,0.000,0.000,0.000,0.000,705.000,705.000,1.200,1.200,MATCH,0.000,846.000,846.000,Pendiente,No Facturado,PENDIENTE_DE_FACTURAR,PENDIENTE_DE_PAGO,SIN_CUBRIR,,CORTE 13-18 ABRIL 2026,IMPORTABLE,
867,2026-04-17,45936,AVON,EXACT,CORRUGADO CARTON,CARTON,CORRUGADO CARTON,SOURCE,EXACT,14630.000,12985.000,1645.000,0.000,0.000,0.000,0.000,1645.000,1645.000,1.200,1.200,MATCH,0.000,1974.000,1974.000,Pendiente,No Facturado,PENDIENTE_DE_FACTURAR,PENDIENTE_DE_PAGO,SIN_CUBRIR,,CORTE 13-18 ABRIL 2026,IMPORTABLE,
868,2026-04-17,45938,AVON,EXACT,CORRUGADO CARTON,CARTON,CORRUGADO CARTON,SOURCE,EXACT,13850.000,12465.000,1385.000,0.000,0.000,0.000,0.000,1385.000,1385.000,1.200,1.200,MATCH,0.000,1662.000,1662.000,Pendiente,No Facturado,PENDIENTE_DE_FACTURAR,PENDIENTE_DE_PAGO,SIN_CUBRIR,,CORTE 13-18 ABRIL 2026,IMPORTABLE,
869,2026-04-17,45942,AVON,EXACT,CORRUGADO CARTON,CARTON,CORRUGADO CARTON,SOURCE,EXACT,14660.000,12985.000,1675.000,0.000,0.000,0.000,0.000,1675.000,1675.000,1.200,1.200,MATCH,0.000,2010.000,2010.000,Pendiente,No Facturado,PENDIENTE_DE_FACTURAR,PENDIENTE_DE_PAGO,SIN_CUBRIR,,CORTE 13-18 ABRIL 2026,IMPORTABLE,
870,2026-04-17,45944,AVON,EXACT,CORRUGADO CARTON,CARTON,CORRUGADO CARTON,SOURCE,EXACT,14750.000,13235.000,1515.000,0.000,0.000,0.000,0.000,1515.000,1515.000,1.200,1.200,MATCH,0.000,1818.000,1818.000,Pendiente,No Facturado,PENDIENTE_DE_FACTURAR,PENDIENTE_DE_PAGO,SIN_CUBRIR,,CORTE 13-18 ABRIL 2026,IMPORTABLE,
871,2026-04-17,45948,AVON,EXACT,CORRUGADO CARTON,CARTON,CORRUGADO CARTON,SOURCE,EXACT,15180.000,12795.000,2385.000,0.000,0.000,0.000,0.000,2385.000,2385.000,1.200,1.200,MATCH,0.000,2862.000,2862.000,Pendiente,No Facturado,PENDIENTE_DE_FACTURAR,PENDIENTE_DE_PAGO,SIN_CUBRIR,,CORTE 13-18 ABRIL 2026,IMPORTABLE,
872,2026-04-16,45927,AVON,EXACT,CORRUGADO CARTON,CARTON,CORRUGADO CARTON,SOURCE,EXACT,14550.000,12985.000,1565.000,0.000,0.000,0.000,0.000,1565.000,1565.000,1.200,1.200,MATCH,0.000,1878.000,1878.000,Pendiente,No Facturado,PENDIENTE_DE_FACTURAR,PENDIENTE_DE_PAGO,SIN_CUBRIR,,CORTE 13-18 ABRIL 2026,IMPORTABLE,
873,2026-04-16,45928,AVON,EXACT,CORRUGADO CARTON,CARTON,CORRUGADO CARTON,SOURCE,EXACT,13960.000,12785.000,1175.000,0.000,0.000,0.000,0.000,1175.000,1175.000,1.200,1.200,MATCH,0.000,1410.000,1410.000,Pendiente,No Facturado,PENDIENTE_DE_FACTURAR,PENDIENTE_DE_PAGO,SIN_CUBRIR,,CORTE 13-18 ABRIL 2026,IMPORTABLE,
874,2026-04-16,45929,AVON,EXACT,CORRUGADO CARTON,CARTON,CORRUGADO CARTON,SOURCE,EXACT,14560.000,12610.000,1950.000,0.000,0.000,0.000,0.000,1950.000,1950.000,1.200,1.200,MATCH,0.000,2340.000,2340.000,Pendiente,No Facturado,PENDIENTE_DE_FACTURAR,PENDIENTE_DE_PAGO,SIN_CUBRIR,,CORTE 13-18 ABRIL 2026,IMPORTABLE,
875,2026-04-16,45931,AVON,EXACT,CORRUGADO CARTON,CARTON,CORRUGADO CARTON,SOURCE,EXACT,14490.000,12985.000,1505.000,0.000,0.000,0.000,0.000,1505.000,1505.000,1.200,1.200,MATCH,0.000,1806.000,1806.000,Pendiente,No Facturado,PENDIENTE_DE_FACTURAR,PENDIENTE_DE_PAGO,SIN_CUBRIR,,CORTE 13-18 ABRIL 2026,IMPORTABLE,
876,2026-04-16,45932,AVON,EXACT,CORRUGADO CARTON,CARTON,CORRUGADO CARTON,SOURCE,EXACT,13550.000,12785.000,765.000,0.000,0.000,0.000,0.000,765.000,765.000,1.200,1.200,MATCH,0.000,918.000,918.000,Pendiente,No Facturado,PENDIENTE_DE_FACTURAR,PENDIENTE_DE_PAGO,SIN_CUBRIR,,CORTE 13-18 ABRIL 2026,IMPORTABLE,
877,2026-04-15,45919,AVON,EXACT,CORRUGADO CARTON,CARTON,CORRUGADO CARTON,SOURCE,EXACT,14100.000,12465.000,1635.000,0.000,0.000,0.000,0.000,1635.000,1635.000,1.200,1.200,MATCH,0.000,1962.000,1962.000,Pendiente,No Facturado,PENDIENTE_DE_FACTURAR,PENDIENTE_DE_PAGO,SIN_CUBRIR,,CORTE 13-18 ABRIL 2026,IMPORTABLE,
878,2026-04-15,45920,AVON,EXACT,CORRUGADO CARTON,CARTON,CORRUGADO CARTON,SOURCE,EXACT,14720.000,13555.000,1165.000,0.000,0.000,0.000,0.000,1165.000,1165.000,1.200,1.200,MATCH,0.000,1398.000,1398.000,Pendiente,No Facturado,PENDIENTE_DE_FACTURAR,PENDIENTE_DE_PAGO,SIN_CUBRIR,,CORTE 13-18 ABRIL 2026,IMPORTABLE,
879,2026-04-15,45921,AVON,EXACT,CORRUGADO CARTON,CARTON,CORRUGADO CARTON,SOURCE,EXACT,14640.000,12795.000,1845.000,0.000,0.000,0.000,0.000,1845.000,1845.000,1.200,1.200,MATCH,0.000,2214.000,2214.000,Pendiente,No Facturado,PENDIENTE_DE_FACTURAR,PENDIENTE_DE_PAGO,SIN_CUBRIR,,CORTE 13-18 ABRIL 2026,IMPORTABLE,
880,2026-04-15,45924,AVON,EXACT,CORRUGADO CARTON,CARTON,CORRUGADO CARTON,SOURCE,EXACT,14610.000,12985.000,1625.000,0.000,0.000,0.000,0.000,1625.000,1625.000,1.200,1.200,MATCH,0.000,1950.000,1950.000,Pendiente,No Facturado,PENDIENTE_DE_FACTURAR,PENDIENTE_DE_PAGO,SIN_CUBRIR,,CORTE 13-18 ABRIL 2026,IMPORTABLE,
881,2026-04-15,45925,AVON,EXACT,CORRUGADO CARTON,CARTON,CORRUGADO CARTON,SOURCE,EXACT,13670.000,12465.000,1205.000,0.000,0.000,0.000,0.000,1205.000,1205.000,1.200,1.200,MATCH,0.000,1446.000,1446.000,Pendiente,No Facturado,PENDIENTE_DE_FACTURAR,PENDIENTE_DE_PAGO,SIN_CUBRIR,,CORTE 13-18 ABRIL 2026,IMPORTABLE,
882,2026-04-14,45907,AVON,EXACT,CORRUGADO CARTON,CARTON,CORRUGADO CARTON,SOURCE,EXACT,14100.000,12465.000,1635.000,0.000,0.000,0.000,0.000,1635.000,1635.000,1.200,1.200,MATCH,0.000,1962.000,1962.000,Pendiente,No Facturado,PENDIENTE_DE_FACTURAR,PENDIENTE_DE_PAGO,SIN_CUBRIR,,CORTE 13-18 ABRIL 2026,IMPORTABLE,
883,2026-04-14,45913,AVON,EXACT,CORRUGADO CARTON,CARTON,CORRUGADO CARTON,SOURCE,EXACT,13830.000,12985.000,845.000,0.000,0.000,0.000,0.000,845.000,845.000,1.200,1.200,MATCH,0.000,1014.000,1014.000,Pendiente,No Facturado,PENDIENTE_DE_FACTURAR,PENDIENTE_DE_PAGO,SIN_CUBRIR,,CORTE 13-18 ABRIL 2026,IMPORTABLE,
884,2026-04-14,45914,AVON,EXACT,CORRUGADO CARTON,CARTON,CORRUGADO CARTON,SOURCE,EXACT,14240.000,12465.000,1775.000,0.000,0.000,0.000,0.000,1775.000,1775.000,1.200,1.200,MATCH,0.000,2130.000,2130.000,Pendiente,No Facturado,PENDIENTE_DE_FACTURAR,PENDIENTE_DE_PAGO,SIN_CUBRIR,,CORTE 13-18 ABRIL 2026,IMPORTABLE,
885,2026-04-14,45917,AVON,EXACT,CORRUGADO CARTON,CARTON,CORRUGADO CARTON,SOURCE,EXACT,14150.000,12985.000,1165.000,0.000,0.000,0.000,0.000,1165.000,1165.000,1.200,1.200,MATCH,0.000,1398.000,1398.000,Pendiente,No Facturado,PENDIENTE_DE_FACTURAR,PENDIENTE_DE_PAGO,SIN_CUBRIR,,CORTE 13-18 ABRIL 2026,IMPORTABLE,
886,2026-04-13,45900,AVON,EXACT,CORRUGADO CARTON,CARTON,CORRUGADO CARTON,SOURCE,EXACT,14120.000,12985.000,1135.000,0.000,0.000,0.000,0.000,1135.000,1135.000,1.200,1.200,MATCH,0.000,1362.000,1362.000,Pendiente,No Facturado,PENDIENTE_DE_FACTURAR,PENDIENTE_DE_PAGO,SIN_CUBRIR,,CORTE 13-18 ABRIL 2026,IMPORTABLE,
887,2026-04-13,45902,AVON,EXACT,CORRUGADO CARTON,CARTON,CORRUGADO CARTON,SOURCE,EXACT,13730.000,12465.000,1265.000,0.000,0.000,0.000,0.000,1265.000,1265.000,1.200,1.200,MATCH,0.000,1518.000,1518.000,Pendiente,No Facturado,PENDIENTE_DE_FACTURAR,PENDIENTE_DE_PAGO,SIN_CUBRIR,,CORTE 13-18 ABRIL 2026,IMPORTABLE,
888,2026-04-13,45903,AVON,EXACT,CORRUGADO CARTON,CARTON,CORRUGADO CARTON,SOURCE,EXACT,13780.000,12785.000,995.000,0.000,0.000,0.000,0.000,995.000,995.000,1.200,1.200,MATCH,0.000,1194.000,1194.000,Pendiente,No Facturado,PENDIENTE_DE_FACTURAR,PENDIENTE_DE_PAGO,SIN_CUBRIR,,CORTE 13-18 ABRIL 2026,IMPORTABLE,
889,2026-04-13,45904,AVON,EXACT,CORRUGADO CARTON,CARTON,CORRUGADO CARTON,SOURCE,EXACT,15180.000,12610.000,2570.000,0.000,0.000,0.000,0.000,2570.000,2570.000,1.200,1.200,MATCH,0.000,3084.000,3084.000,Pendiente,No Facturado,PENDIENTE_DE_FACTURAR,PENDIENTE_DE_PAGO,SIN_CUBRIR,,CORTE 13-18 ABRIL 2026,IMPORTABLE,
890,2026-04-13,45906,AVON,EXACT,CORRUGADO CARTON,CARTON,CORRUGADO CARTON,SOURCE,EXACT,14070.000,12985.000,1085.000,0.000,0.000,0.000,0.000,1085.000,1085.000,1.200,1.200,MATCH,0.000,1302.000,1302.000,Pendiente,No Facturado,PENDIENTE_DE_FACTURAR,PENDIENTE_DE_PAGO,SIN_CUBRIR,,CORTE 13-18 ABRIL 2026,IMPORTABLE,
891,2026-04-11,45899,AVON,EXACT,CORRUGADO CARTON,CARTON,CORRUGADO CARTON,SOURCE,EXACT,13280.000,12465.000,815.000,0.000,0.000,0.000,0.000,815.000,815.000,1.200,1.200,MATCH,0.000,978.000,978.000,Pendiente,No Facturado,PENDIENTE_DE_FACTURAR,PENDIENTE_DE_PAGO,SIN_CUBRIR,,CORTE 06-11 ABRIL 2026,IMPORTABLE,
892,2026-04-11,45898,AVON,EXACT,CORRUGADO CARTON,CARTON,CORRUGADO CARTON,SOURCE,EXACT,14580.000,12985.000,1595.000,0.000,0.000,0.000,0.000,1595.000,1595.000,1.200,1.200,MATCH,0.000,1914.000,1914.000,Pendiente,No Facturado,PENDIENTE_DE_FACTURAR,PENDIENTE_DE_PAGO,SIN_CUBRIR,,CORTE 06-11 ABRIL 2026,IMPORTABLE,
893,2026-04-11,45897,AVON,EXACT,CORRUGADO CARTON,CARTON,CORRUGADO CARTON,SOURCE,EXACT,14010.000,12785.000,1225.000,0.000,0.000,0.000,0.000,1225.000,1225.000,1.200,1.200,MATCH,0.000,1470.000,1470.000,Pendiente,No Facturado,PENDIENTE_DE_FACTURAR,PENDIENTE_DE_PAGO,SIN_CUBRIR,,CORTE 06-11 ABRIL 2026,IMPORTABLE,
894,2026-04-11,45896,AVON,EXACT,CORRUGADO CARTON,CARTON,CORRUGADO CARTON,SOURCE,EXACT,14360.000,12985.000,1375.000,0.000,0.000,0.000,0.000,1375.000,1375.000,1.200,1.200,MATCH,0.000,1650.000,1650.000,Pendiente,No Facturado,PENDIENTE_DE_FACTURAR,PENDIENTE_DE_PAGO,SIN_CUBRIR,,CORTE 06-11 ABRIL 2026,IMPORTABLE,
895,2026-04-10,45887,AVON,EXACT,CORRUGADO CARTON,CARTON,CORRUGADO CARTON,SOURCE,EXACT,13900.000,12985.000,915.000,0.000,0.000,0.000,0.000,915.000,915.000,1.200,1.200,MATCH,0.000,1098.000,1098.000,Pendiente,No Facturado,PENDIENTE_DE_FACTURAR,PENDIENTE_DE_PAGO,SIN_CUBRIR,,CORTE 06-11 ABRIL 2026,IMPORTABLE,
896,2026-04-10,45888,AVON,EXACT,CORRUGADO CARTON,CARTON,CORRUGADO CARTON,SOURCE,EXACT,14530.000,12795.000,1735.000,0.000,0.000,0.000,0.000,1735.000,1735.000,1.200,1.200,MATCH,0.000,2082.000,2082.000,Pendiente,No Facturado,PENDIENTE_DE_FACTURAR,PENDIENTE_DE_PAGO,SIN_CUBRIR,,CORTE 06-11 ABRIL 2026,IMPORTABLE,
897,2026-04-10,45889,AVON,EXACT,CORRUGADO CARTON,CARTON,CORRUGADO CARTON,SOURCE,EXACT,15190.000,12465.000,2725.000,0.000,0.000,0.000,0.000,2725.000,2725.000,1.200,1.200,MATCH,0.000,3270.000,3270.000,Pendiente,No Facturado,PENDIENTE_DE_FACTURAR,PENDIENTE_DE_PAGO,SIN_CUBRIR,,CORTE 06-11 ABRIL 2026,IMPORTABLE,
898,2026-04-10,45894,AVON,EXACT,CORRUGADO CARTON,CARTON,CORRUGADO CARTON,SOURCE,EXACT,13840.000,12465.000,1375.000,0.000,0.000,0.000,0.000,1375.000,1375.000,1.200,1.200,MATCH,0.000,1650.000,1650.000,Pendiente,No Facturado,PENDIENTE_DE_FACTURAR,PENDIENTE_DE_PAGO,SIN_CUBRIR,,CORTE 06-11 ABRIL 2026,IMPORTABLE,
899,2026-04-10,45893,AVON,EXACT,CORRUGADO CARTON,CARTON,CORRUGADO CARTON,SOURCE,EXACT,14330.000,12985.000,1345.000,0.000,0.000,0.000,0.000,1345.000,1345.000,1.200,1.200,MATCH,0.000,1614.000,1614.000,Pendiente,No Facturado,PENDIENTE_DE_FACTURAR,PENDIENTE_DE_PAGO,SIN_CUBRIR,,CORTE 06-11 ABRIL 2026,IMPORTABLE,
900,2026-04-10,45892,AVON,EXACT,CORRUGADO CARTON,CARTON,CORRUGADO CARTON,SOURCE,EXACT,15070.000,13555.000,1515.000,0.000,0.000,0.000,0.000,1515.000,1515.000,1.200,1.200,MATCH,0.000,1818.000,1818.000,Pendiente,No Facturado,PENDIENTE_DE_FACTURAR,PENDIENTE_DE_PAGO,SIN_CUBRIR,,CORTE 06-11 ABRIL 2026,IMPORTABLE,
901,2026-04-09,45879,AVON,EXACT,CORRUGADO CARTON,CARTON,CORRUGADO CARTON,SOURCE,EXACT,14230.000,12795.000,1435.000,0.000,0.000,0.000,0.000,1435.000,1435.000,1.200,1.200,MATCH,0.000,1722.000,1722.000,Pendiente,No Facturado,PENDIENTE_DE_FACTURAR,PENDIENTE_DE_PAGO,SIN_CUBRIR,,CORTE 06-11 ABRIL 2026,IMPORTABLE,
902,2026-04-09,45881,AVON,EXACT,CORRUGADO CARTON,CARTON,CORRUGADO CARTON,SOURCE,EXACT,14140.000,12785.000,1355.000,0.000,0.000,0.000,0.000,1355.000,1355.000,1.200,1.200,MATCH,0.000,1626.000,1626.000,Pendiente,No Facturado,PENDIENTE_DE_FACTURAR,PENDIENTE_DE_PAGO,SIN_CUBRIR,,CORTE 06-11 ABRIL 2026,IMPORTABLE,
903,2026-04-09,45882,AVON,EXACT,CORRUGADO CARTON,CARTON,CORRUGADO CARTON,SOURCE,EXACT,15440.000,13755.000,1685.000,0.000,0.000,0.000,0.000,1685.000,1685.000,1.200,1.200,MATCH,0.000,2022.000,2022.000,Pendiente,No Facturado,PENDIENTE_DE_FACTURAR,PENDIENTE_DE_PAGO,SIN_CUBRIR,,CORTE 06-11 ABRIL 2026,IMPORTABLE,
904,2026-04-09,45883,AVON,EXACT,CORRUGADO CARTON,CARTON,CORRUGADO CARTON,SOURCE,EXACT,13820.000,12795.000,1025.000,0.000,0.000,0.000,0.000,1025.000,1025.000,1.200,1.200,MATCH,0.000,1230.000,1230.000,Pendiente,No Facturado,PENDIENTE_DE_FACTURAR,PENDIENTE_DE_PAGO,SIN_CUBRIR,,CORTE 06-11 ABRIL 2026,IMPORTABLE,
905,2026-04-09,45876,AVON,EXACT,CORRUGADO CARTON,CARTON,CORRUGADO CARTON,SOURCE,EXACT,13950.000,12985.000,965.000,0.000,0.000,0.000,0.000,965.000,965.000,1.200,1.200,MATCH,0.000,1158.000,1158.000,Pendiente,No Facturado,PENDIENTE_DE_FACTURAR,PENDIENTE_DE_PAGO,SIN_CUBRIR,,CORTE 06-11 ABRIL 2026,IMPORTABLE,
906,2026-04-09,45884,AVON,EXACT,CORRUGADO CARTON,CARTON,CORRUGADO CARTON,SOURCE,EXACT,13890.000,12785.000,1105.000,0.000,0.000,0.000,0.000,1105.000,1105.000,1.200,1.200,MATCH,0.000,1326.000,1326.000,Pendiente,No Facturado,PENDIENTE_DE_FACTURAR,PENDIENTE_DE_PAGO,SIN_CUBRIR,,CORTE 06-11 ABRIL 2026,IMPORTABLE,
907,2026-04-08,45875,AVON,EXACT,CORRUGADO CARTON,CARTON,CORRUGADO CARTON,SOURCE,EXACT,13700.000,12795.000,905.000,0.000,0.000,0.000,0.000,905.000,905.000,1.200,1.200,MATCH,0.000,1086.000,1086.000,Pendiente,No Facturado,PENDIENTE_DE_FACTURAR,PENDIENTE_DE_PAGO,SIN_CUBRIR,,CORTE 06-11 ABRIL 2026,IMPORTABLE,
908,2026-04-08,45855,AVON,EXACT,CORRUGADO CARTON,CARTON,CORRUGADO CARTON,SOURCE,EXACT,15030.000,12610.000,2420.000,0.000,0.000,0.000,0.000,2420.000,2420.000,1.200,1.200,MATCH,0.000,2904.000,2904.000,Pendiente,No Facturado,PENDIENTE_DE_FACTURAR,PENDIENTE_DE_PAGO,SIN_CUBRIR,,CORTE 06-11 ABRIL 2026,IMPORTABLE,
909,2026-04-08,45874,AVON,EXACT,CORRUGADO CARTON,CARTON,CORRUGADO CARTON,SOURCE,EXACT,14120.000,12785.000,1335.000,0.000,0.000,0.000,0.000,1335.000,1335.000,1.200,1.200,MATCH,0.000,1602.000,1602.000,Pendiente,No Facturado,PENDIENTE_DE_FACTURAR,PENDIENTE_DE_PAGO,SIN_CUBRIR,,CORTE 06-11 ABRIL 2026,IMPORTABLE,
910,2026-04-08,45873,AVON,EXACT,CORRUGADO CARTON,CARTON,CORRUGADO CARTON,SOURCE,EXACT,14070.000,12795.000,1275.000,0.000,0.000,0.000,0.000,1275.000,1275.000,1.200,1.200,MATCH,0.000,1530.000,1530.000,Pendiente,No Facturado,PENDIENTE_DE_FACTURAR,PENDIENTE_DE_PAGO,SIN_CUBRIR,,CORTE 06-11 ABRIL 2026,IMPORTABLE,
911,2026-04-08,45872,AVON,EXACT,CORRUGADO CARTON,CARTON,CORRUGADO CARTON,SOURCE,EXACT,14270.000,12785.000,1485.000,0.000,0.000,0.000,0.000,1485.000,1485.000,1.200,1.200,MATCH,0.000,1782.000,1782.000,Pendiente,No Facturado,PENDIENTE_DE_FACTURAR,PENDIENTE_DE_PAGO,SIN_CUBRIR,,CORTE 06-11 ABRIL 2026,IMPORTABLE,
912,2026-04-08,45871,AVON,EXACT,CORRUGADO CARTON,CARTON,CORRUGADO CARTON,SOURCE,EXACT,15270.000,13755.000,1515.000,0.000,0.000,0.000,0.000,1515.000,1515.000,1.200,1.200,MATCH,0.000,1818.000,1818.000,Pendiente,No Facturado,PENDIENTE_DE_FACTURAR,PENDIENTE_DE_PAGO,SIN_CUBRIR,,CORTE 06-11 ABRIL 2026,IMPORTABLE,
913,2026-04-07,45868,AVON,EXACT,CORRUGADO CARTON,CARTON,CORRUGADO CARTON,SOURCE,EXACT,13900.000,12795.000,1105.000,0.000,0.000,0.000,0.000,1105.000,1105.000,1.200,1.200,MATCH,0.000,1326.000,1326.000,Pendiente,No Facturado,PENDIENTE_DE_FACTURAR,PENDIENTE_DE_PAGO,SIN_CUBRIR,,CORTE 06-11 ABRIL 2026,IMPORTABLE,
914,2026-04-07,45866,AVON,EXACT,CORRUGADO CARTON,CARTON,CORRUGADO CARTON,SOURCE,EXACT,14660.000,12795.000,1865.000,0.000,0.000,0.000,0.000,1865.000,1865.000,1.200,1.200,MATCH,0.000,2238.000,2238.000,Pendiente,No Facturado,PENDIENTE_DE_FACTURAR,PENDIENTE_DE_PAGO,SIN_CUBRIR,,CORTE 06-11 ABRIL 2026,IMPORTABLE,
915,2026-04-07,45864,AVON,EXACT,CORRUGADO CARTON,CARTON,CORRUGADO CARTON,SOURCE,EXACT,14380.000,12985.000,1395.000,0.000,0.000,0.000,0.000,1395.000,1395.000,1.200,1.200,MATCH,0.000,1674.000,1674.000,Pendiente,No Facturado,PENDIENTE_DE_FACTURAR,PENDIENTE_DE_PAGO,SIN_CUBRIR,,CORTE 06-11 ABRIL 2026,IMPORTABLE,
916,2026-04-07,45867,AVON,EXACT,CORRUGADO CARTON,CARTON,CORRUGADO CARTON,SOURCE,EXACT,15230.000,13755.000,1475.000,0.000,0.000,0.000,0.000,1475.000,1475.000,1.200,1.200,MATCH,0.000,1770.000,1770.000,Pendiente,No Facturado,PENDIENTE_DE_FACTURAR,PENDIENTE_DE_PAGO,SIN_CUBRIR,,CORTE 06-11 ABRIL 2026,IMPORTABLE,
917,2026-04-06,45860,AVON,EXACT,CORRUGADO CARTON,CARTON,CORRUGADO CARTON,SOURCE,EXACT,14300.000,12785.000,1515.000,0.000,0.000,0.000,0.000,1515.000,1515.000,1.200,1.200,MATCH,0.000,1818.000,1818.000,Pendiente,No Facturado,PENDIENTE_DE_FACTURAR,PENDIENTE_DE_PAGO,SIN_CUBRIR,,CORTE 06-11 ABRIL 2026,IMPORTABLE,
918,2026-04-06,45857,AVON,EXACT,CORRUGADO CARTON,CARTON,CORRUGADO CARTON,SOURCE,EXACT,15360.000,13755.000,1605.000,0.000,0.000,0.000,0.000,1605.000,1605.000,1.200,1.200,MATCH,0.000,1926.000,1926.000,Pendiente,No Facturado,PENDIENTE_DE_FACTURAR,PENDIENTE_DE_PAGO,SIN_CUBRIR,,CORTE 06-11 ABRIL 2026,IMPORTABLE,
919,2026-04-06,45856,AVON,EXACT,CORRUGADO CARTON,CARTON,CORRUGADO CARTON,SOURCE,EXACT,14140.000,12795.000,1345.000,0.000,0.000,0.000,0.000,1345.000,1345.000,1.200,1.200,MATCH,0.000,1614.000,1614.000,Pendiente,No Facturado,PENDIENTE_DE_FACTURAR,PENDIENTE_DE_PAGO,SIN_CUBRIR,,CORTE 06-11 ABRIL 2026,IMPORTABLE,
920,2026-04-03,45854,AVON,EXACT,CORRUGADO CARTON,CARTON,CORRUGADO CARTON,SOURCE,EXACT,13980.000,12785.000,1195.000,0.000,0.000,0.000,0.000,1195.000,1195.000,1.200,1.200,MATCH,0.000,1434.000,1434.000,Pendiente,No Facturado,PENDIENTE_DE_FACTURAR,PENDIENTE_DE_PAGO,SIN_CUBRIR,,CORTE 01-04 ABRIL 2026,IMPORTABLE,
921,2026-04-02,45853,AVON,EXACT,CORRUGADO CARTON,CARTON,CORRUGADO CARTON,SOURCE,EXACT,14590.000,12985.000,1605.000,0.000,0.000,0.000,0.000,1605.000,1605.000,1.200,1.200,MATCH,0.000,1926.000,1926.000,Pendiente,No Facturado,PENDIENTE_DE_FACTURAR,PENDIENTE_DE_PAGO,SIN_CUBRIR,,CORTE 01-04 ABRIL 2026,IMPORTABLE,
922,2026-04-02,45852,AVON,EXACT,CORRUGADO CARTON,CARTON,CORRUGADO CARTON,SOURCE,EXACT,16030.000,13380.000,2650.000,0.000,0.000,0.000,0.000,2650.000,2650.000,1.200,1.200,MATCH,0.000,3180.000,3180.000,Pendiente,No Facturado,PENDIENTE_DE_FACTURAR,PENDIENTE_DE_PAGO,SIN_CUBRIR,,CORTE 01-04 ABRIL 2026,IMPORTABLE,
923,2026-04-02,45851,AVON,EXACT,CORRUGADO CARTON,CARTON,CORRUGADO CARTON,SOURCE,EXACT,13960.000,12785.000,1175.000,0.000,0.000,0.000,0.000,1175.000,1175.000,1.200,1.200,MATCH,0.000,1410.000,1410.000,Pendiente,No Facturado,PENDIENTE_DE_FACTURAR,PENDIENTE_DE_PAGO,SIN_CUBRIR,,CORTE 01-04 ABRIL 2026,IMPORTABLE,
924,2026-04-02,45850,AVON,EXACT,CORRUGADO CARTON,CARTON,CORRUGADO CARTON,SOURCE,EXACT,14580.000,12795.000,1785.000,0.000,0.000,0.000,0.000,1785.000,1785.000,1.200,1.200,MATCH,0.000,2142.000,2142.000,Pendiente,No Facturado,PENDIENTE_DE_FACTURAR,PENDIENTE_DE_PAGO,SIN_CUBRIR,,CORTE 01-04 ABRIL 2026,IMPORTABLE,
925,2026-04-01,45849,AVON,EXACT,CORRUGADO CARTON,CARTON,CORRUGADO CARTON,SOURCE,EXACT,13790.000,12785.000,1005.000,0.000,0.000,0.000,0.000,1005.000,1005.000,1.200,1.200,MATCH,0.000,1206.000,1206.000,Pendiente,No Facturado,PENDIENTE_DE_FACTURAR,PENDIENTE_DE_PAGO,SIN_CUBRIR,,CORTE 01-04 ABRIL 2026,IMPORTABLE,
926,2026-04-01,45848,AVON,EXACT,CORRUGADO CARTON,CARTON,CORRUGADO CARTON,SOURCE,EXACT,15020.000,12985.000,2035.000,0.000,0.000,0.000,0.000,2035.000,2035.000,1.200,1.200,MATCH,0.000,2442.000,2442.000,Pendiente,No Facturado,PENDIENTE_DE_FACTURAR,PENDIENTE_DE_PAGO,SIN_CUBRIR,,CORTE 01-04 ABRIL 2026,IMPORTABLE,
927,2026-04-01,45847,AVON,EXACT,CORRUGADO CARTON,CARTON,CORRUGADO CARTON,SOURCE,EXACT,14040.000,12785.000,1255.000,0.000,0.000,0.000,0.000,1255.000,1255.000,1.200,1.200,MATCH,0.000,1506.000,1506.000,Pendiente,No Facturado,PENDIENTE_DE_FACTURAR,PENDIENTE_DE_PAGO,SIN_CUBRIR,,CORTE 01-04 ABRIL 2026,IMPORTABLE,
928,2026-04-01,45846,AVON,EXACT,CORRUGADO CARTON,CARTON,CORRUGADO CARTON,SOURCE,EXACT,14330.000,12795.000,1535.000,0.000,0.000,0.000,0.000,1535.000,1535.000,1.200,1.200,MATCH,0.000,1842.000,1842.000,Pendiente,No Facturado,PENDIENTE_DE_FACTURAR,PENDIENTE_DE_PAGO,SIN_CUBRIR,,CORTE 01-04 ABRIL 2026,IMPORTABLE,
929,2026-03-31,45841,AVON,EXACT,CORRUGADO CARTON,CARTON,CORRUGADO CARTON,SOURCE,EXACT,15180.000,12785.000,2395.000,0.000,0.000,0.000,0.000,2395.000,2395.000,1.200,1.200,MATCH,0.000,2874.000,2874.000,Pendiente,No Facturado,PENDIENTE_DE_FACTURAR,PENDIENTE_DE_PAGO,SIN_CUBRIR,,CORTE 23-28 MARZO 2026,IMPORTABLE,
930,2026-03-31,45840,AVON,EXACT,CORRUGADO CARTON,CARTON,CORRUGADO CARTON,SOURCE,EXACT,13760.000,12610.000,1150.000,0.000,0.000,0.000,0.000,1150.000,1150.000,1.200,1.200,MATCH,0.000,1380.000,1380.000,Pendiente,No Facturado,PENDIENTE_DE_FACTURAR,PENDIENTE_DE_PAGO,SIN_CUBRIR,,CORTE 23-28 MARZO 2026,IMPORTABLE,
931,2026-03-31,45836,AVON,EXACT,CORRUGADO CARTON,CARTON,CORRUGADO CARTON,SOURCE,EXACT,14400.000,12985.000,1415.000,0.000,0.000,0.000,0.000,1415.000,1415.000,1.200,1.200,MATCH,0.000,1698.000,1698.000,Pendiente,No Facturado,PENDIENTE_DE_FACTURAR,PENDIENTE_DE_PAGO,SIN_CUBRIR,,CORTE 23-28 MARZO 2026,IMPORTABLE,
932,2026-03-31,45842,AVON,EXACT,CORRUGADO CARTON,CARTON,CORRUGADO CARTON,SOURCE,EXACT,14450.000,12985.000,1465.000,0.000,0.000,0.000,0.000,1465.000,1465.000,1.200,1.200,MATCH,0.000,1758.000,1758.000,Pendiente,No Facturado,PENDIENTE_DE_FACTURAR,PENDIENTE_DE_PAGO,SIN_CUBRIR,,CORTE 23-28 MARZO 2026,IMPORTABLE,
933,2026-03-30,45826,AVON,EXACT,CORRUGADO CARTON,CARTON,CORRUGADO CARTON,SOURCE,EXACT,14130.000,12985.000,1145.000,0.000,0.000,0.000,0.000,1145.000,1145.000,1.200,1.200,MATCH,0.000,1374.000,1374.000,Pendiente,No Facturado,PENDIENTE_DE_FACTURAR,PENDIENTE_DE_PAGO,SIN_CUBRIR,,CORTE 23-28 MARZO 2026,IMPORTABLE,
934,2026-03-30,45828,AVON,EXACT,CORRUGADO CARTON,CARTON,CORRUGADO CARTON,SOURCE,EXACT,14330.000,12795.000,1535.000,0.000,0.000,0.000,0.000,1535.000,1535.000,1.200,1.200,MATCH,0.000,1842.000,1842.000,Pendiente,No Facturado,PENDIENTE_DE_FACTURAR,PENDIENTE_DE_PAGO,SIN_CUBRIR,,CORTE 23-28 MARZO 2026,IMPORTABLE,
935,2026-03-30,45830,AVON,EXACT,CORRUGADO CARTON,CARTON,CORRUGADO CARTON,SOURCE,EXACT,13860.000,12610.000,1250.000,0.000,0.000,0.000,0.000,1250.000,1250.000,1.200,1.200,MATCH,0.000,1500.000,1500.000,Pendiente,No Facturado,PENDIENTE_DE_FACTURAR,PENDIENTE_DE_PAGO,SIN_CUBRIR,,CORTE 23-28 MARZO 2026,IMPORTABLE,
936,2026-03-30,45833,AVON,EXACT,CORRUGADO CARTON,CARTON,CORRUGADO CARTON,SOURCE,EXACT,14400.000,12635.000,1765.000,0.000,0.000,0.000,0.000,1765.000,1765.000,1.200,1.200,MATCH,0.000,2118.000,2118.000,Pendiente,No Facturado,PENDIENTE_DE_FACTURAR,PENDIENTE_DE_PAGO,SIN_CUBRIR,,CORTE 23-28 MARZO 2026,IMPORTABLE,
937,2026-03-28,45820,AVON,EXACT,CORRUGADO CARTON,CARTON,CORRUGADO CARTON,SOURCE,EXACT,13900.000,12610.000,1290.000,0.000,0.000,0.000,0.000,1290.000,1290.000,1.200,1.200,MATCH,0.000,1548.000,1548.000,Pendiente,No Facturado,PENDIENTE_DE_FACTURAR,PENDIENTE_DE_PAGO,SIN_CUBRIR,,CORTE 23-28 MARZO 2026,IMPORTABLE,
938,2026-03-28,45824,AVON,EXACT,CORRUGADO CARTON,CARTON,CORRUGADO CARTON,SOURCE,EXACT,14170.000,12465.000,1705.000,0.000,0.000,0.000,0.000,1705.000,1705.000,1.200,1.200,MATCH,0.000,2046.000,2046.000,Pendiente,No Facturado,PENDIENTE_DE_FACTURAR,PENDIENTE_DE_PAGO,SIN_CUBRIR,,CORTE 23-28 MARZO 2026,IMPORTABLE,
939,2026-03-27,45816,AVON,EXACT,CORRUGADO CARTON,CARTON,CORRUGADO CARTON,SOURCE,EXACT,14000.000,12610.000,1390.000,0.000,0.000,0.000,0.000,1390.000,1390.000,1.200,1.200,MATCH,0.000,1668.000,1668.000,Pendiente,No Facturado,PENDIENTE_DE_FACTURAR,PENDIENTE_DE_PAGO,SIN_CUBRIR,,CORTE 23-28 MARZO 2026,IMPORTABLE,
940,2026-03-27,45818,AVON,EXACT,CORRUGADO CARTON,CARTON,CORRUGADO CARTON,SOURCE,EXACT,15070.000,12795.000,2275.000,0.000,0.000,0.000,0.000,2275.000,2275.000,1.200,1.200,MATCH,0.000,2730.000,2730.000,Pendiente,No Facturado,PENDIENTE_DE_FACTURAR,PENDIENTE_DE_PAGO,SIN_CUBRIR,,CORTE 23-28 MARZO 2026,IMPORTABLE,
941,2026-03-27,45819,AVON,EXACT,CORRUGADO CARTON,CARTON,CORRUGADO CARTON,SOURCE,EXACT,14510.000,12985.000,1525.000,0.000,0.000,0.000,0.000,1525.000,1525.000,1.200,1.200,MATCH,0.000,1830.000,1830.000,Pendiente,No Facturado,PENDIENTE_DE_FACTURAR,PENDIENTE_DE_PAGO,SIN_CUBRIR,,CORTE 23-28 MARZO 2026,IMPORTABLE,
942,2026-03-26,45805,AVON,EXACT,CORRUGADO CARTON,CARTON,CORRUGADO CARTON,SOURCE,EXACT,13600.000,12795.000,805.000,0.000,0.000,0.000,0.000,805.000,805.000,1.200,1.200,MATCH,0.000,966.000,966.000,Pendiente,No Facturado,PENDIENTE_DE_FACTURAR,PENDIENTE_DE_PAGO,SIN_CUBRIR,,CORTE 23-28 MARZO 2026,IMPORTABLE,
943,2026-03-26,45807,AVON,EXACT,CORRUGADO CARTON,CARTON,CORRUGADO CARTON,SOURCE,EXACT,14780.000,13380.000,1400.000,0.000,0.000,0.000,0.000,1400.000,1400.000,1.200,1.200,MATCH,0.000,1680.000,1680.000,Pendiente,No Facturado,PENDIENTE_DE_FACTURAR,PENDIENTE_DE_PAGO,SIN_CUBRIR,,CORTE 23-28 MARZO 2026,IMPORTABLE,
944,2026-03-26,45810,AVON,EXACT,CORRUGADO CARTON,CARTON,CORRUGADO CARTON,SOURCE,EXACT,15030.000,12985.000,2045.000,0.000,0.000,0.000,0.000,2045.000,2045.000,1.200,1.200,MATCH,0.000,2454.000,2454.000,Pendiente,No Facturado,PENDIENTE_DE_FACTURAR,PENDIENTE_DE_PAGO,SIN_CUBRIR,,CORTE 23-28 MARZO 2026,IMPORTABLE,
945,2026-03-26,45813,AVON,EXACT,CORRUGADO CARTON,CARTON,CORRUGADO CARTON,SOURCE,EXACT,14720.000,12785.000,1935.000,0.000,0.000,0.000,0.000,1935.000,1935.000,1.200,1.200,MATCH,0.000,2322.000,2322.000,Pendiente,No Facturado,PENDIENTE_DE_FACTURAR,PENDIENTE_DE_PAGO,SIN_CUBRIR,,CORTE 23-28 MARZO 2026,IMPORTABLE,
946,2026-03-25,45796,AVON,EXACT,CORRUGADO CARTON,CARTON,CORRUGADO CARTON,SOURCE,EXACT,14250.000,12985.000,1265.000,0.000,0.000,0.000,0.000,1265.000,1265.000,1.200,1.200,MATCH,0.000,1518.000,1518.000,Pendiente,No Facturado,PENDIENTE_DE_FACTURAR,PENDIENTE_DE_PAGO,SIN_CUBRIR,,CORTE 23-28 MARZO 2026,IMPORTABLE,
947,2026-03-25,45799,AVON,EXACT,CORRUGADO CARTON,CARTON,CORRUGADO CARTON,SOURCE,EXACT,15270.000,12795.000,2475.000,0.000,0.000,0.000,0.000,2475.000,2475.000,1.200,1.200,MATCH,0.000,2970.000,2970.000,Pendiente,No Facturado,PENDIENTE_DE_FACTURAR,PENDIENTE_DE_PAGO,SIN_CUBRIR,,CORTE 23-28 MARZO 2026,IMPORTABLE,
948,2026-03-25,45800,AVON,EXACT,CORRUGADO CARTON,CARTON,CORRUGADO CARTON,SOURCE,EXACT,14130.000,12785.000,1345.000,0.000,0.000,0.000,0.000,1345.000,1345.000,1.200,1.200,MATCH,0.000,1614.000,1614.000,Pendiente,No Facturado,PENDIENTE_DE_FACTURAR,PENDIENTE_DE_PAGO,SIN_CUBRIR,,CORTE 23-28 MARZO 2026,IMPORTABLE,
949,2026-03-25,45802,AVON,EXACT,CORRUGADO CARTON,CARTON,CORRUGADO CARTON,SOURCE,EXACT,14970.000,13380.000,1590.000,0.000,0.000,0.000,0.000,1590.000,1590.000,1.200,1.200,MATCH,0.000,1908.000,1908.000,Pendiente,No Facturado,PENDIENTE_DE_FACTURAR,PENDIENTE_DE_PAGO,SIN_CUBRIR,,CORTE 23-28 MARZO 2026,IMPORTABLE,
950,2026-03-25,45803,AVON,EXACT,CORRUGADO CARTON,CARTON,CORRUGADO CARTON,SOURCE,EXACT,14580.000,13555.000,1025.000,0.000,0.000,0.000,0.000,1025.000,1025.000,1.200,1.200,MATCH,0.000,1230.000,1230.000,Pendiente,No Facturado,PENDIENTE_DE_FACTURAR,PENDIENTE_DE_PAGO,SIN_CUBRIR,,CORTE 23-28 MARZO 2026,IMPORTABLE,
951,2026-03-25,45797,AVON,EXACT,CORRUGADO CARTON,CARTON,CORRUGADO CARTON,SOURCE,EXACT,14870.000,12795.000,2075.000,0.000,0.000,0.000,0.000,2075.000,2075.000,1.200,1.200,MATCH,0.000,2490.000,2490.000,Pendiente,No Facturado,PENDIENTE_DE_FACTURAR,PENDIENTE_DE_PAGO,SIN_CUBRIR,,CORTE 23-28 MARZO 2026,IMPORTABLE,
952,2026-03-24,45788,AVON,EXACT,CORRUGADO CARTON,CARTON,CORRUGADO CARTON,SOURCE,EXACT,14760.000,12610.000,2150.000,0.000,0.000,0.000,0.000,2150.000,2150.000,1.200,1.200,MATCH,0.000,2580.000,2580.000,Pendiente,No Facturado,PENDIENTE_DE_FACTURAR,PENDIENTE_DE_PAGO,SIN_CUBRIR,,CORTE 23-28 MARZO 2026,IMPORTABLE,
953,2026-03-24,45793,AVON,EXACT,CORRUGADO CARTON,CARTON,CORRUGADO CARTON,SOURCE,EXACT,14750.000,12985.000,1765.000,0.000,0.000,0.000,0.000,1765.000,1765.000,1.200,1.200,MATCH,0.000,2118.000,2118.000,Pendiente,No Facturado,PENDIENTE_DE_FACTURAR,PENDIENTE_DE_PAGO,SIN_CUBRIR,,CORTE 23-28 MARZO 2026,IMPORTABLE,
954,2026-03-24,45795,AVON,EXACT,CORRUGADO CARTON,CARTON,CORRUGADO CARTON,SOURCE,EXACT,14290.000,12785.000,1505.000,0.000,0.000,0.000,0.000,1505.000,1505.000,1.200,1.200,MATCH,0.000,1806.000,1806.000,Pendiente,No Facturado,PENDIENTE_DE_FACTURAR,PENDIENTE_DE_PAGO,SIN_CUBRIR,,CORTE 23-28 MARZO 2026,IMPORTABLE,
955,2026-03-23,45781,AVON,EXACT,CORRUGADO CARTON,CARTON,CORRUGADO CARTON,SOURCE,EXACT,16480.000,12795.000,3685.000,0.000,0.000,0.000,0.000,3685.000,3685.000,1.200,1.200,MATCH,0.000,4422.000,4422.000,Pendiente,No Facturado,PENDIENTE_DE_FACTURAR,PENDIENTE_DE_PAGO,SIN_CUBRIR,,CORTE 23-28 MARZO 2026,IMPORTABLE,
956,2026-03-23,45782,AVON,EXACT,CORRUGADO CARTON,CARTON,CORRUGADO CARTON,SOURCE,EXACT,14430.000,12985.000,1445.000,0.000,0.000,0.000,0.000,1445.000,1445.000,1.200,1.200,MATCH,0.000,1734.000,1734.000,Pendiente,No Facturado,PENDIENTE_DE_FACTURAR,PENDIENTE_DE_PAGO,SIN_CUBRIR,,CORTE 23-28 MARZO 2026,IMPORTABLE,
957,2026-03-23,45783,AVON,EXACT,CORRUGADO CARTON,CARTON,CORRUGADO CARTON,SOURCE,EXACT,14010.000,12785.000,1225.000,0.000,0.000,0.000,0.000,1225.000,1225.000,1.200,1.200,MATCH,0.000,1470.000,1470.000,Pendiente,No Facturado,PENDIENTE_DE_FACTURAR,PENDIENTE_DE_PAGO,SIN_CUBRIR,,CORTE 23-28 MARZO 2026,IMPORTABLE,
958,2026-03-23,45784,AVON,EXACT,CORRUGADO CARTON,CARTON,CORRUGADO CARTON,SOURCE,EXACT,13590.000,12795.000,795.000,0.000,0.000,0.000,0.000,795.000,795.000,1.200,1.200,MATCH,0.000,954.000,954.000,Pendiente,No Facturado,PENDIENTE_DE_FACTURAR,PENDIENTE_DE_PAGO,SIN_CUBRIR,,CORTE 23-28 MARZO 2026,IMPORTABLE,
959,2026-03-21,45772,AVON,EXACT,CORRUGADO CARTON,CARTON,CORRUGADO CARTON,SOURCE,EXACT,13970.000,12785.000,1185.000,0.000,0.000,0.000,0.000,1185.000,1185.000,1.200,1.200,MATCH,0.000,1422.000,1422.000,Pendiente,No Facturado,PENDIENTE_DE_FACTURAR,PENDIENTE_DE_PAGO,SIN_CUBRIR,,CORTE 16-21 MARZO 2026,IMPORTABLE,
960,2026-03-21,45775,AVON,EXACT,CORRUGADO CARTON,CARTON,CORRUGADO CARTON,SOURCE,EXACT,14040.000,12985.000,1055.000,0.000,0.000,0.000,0.000,1055.000,1055.000,1.200,1.200,MATCH,0.000,1266.000,1266.000,Pendiente,No Facturado,PENDIENTE_DE_FACTURAR,PENDIENTE_DE_PAGO,SIN_CUBRIR,,CORTE 16-21 MARZO 2026,IMPORTABLE,
961,2026-03-21,45776,AVON,EXACT,CORRUGADO CARTON,CARTON,CORRUGADO CARTON,SOURCE,EXACT,13580.000,12610.000,970.000,0.000,0.000,0.000,0.000,970.000,970.000,1.200,1.200,MATCH,0.000,1164.000,1164.000,Pendiente,No Facturado,PENDIENTE_DE_FACTURAR,PENDIENTE_DE_PAGO,SIN_CUBRIR,,CORTE 16-21 MARZO 2026,IMPORTABLE,
962,2026-03-20,45760,AVON,EXACT,CORRUGADO CARTON,CARTON,CORRUGADO CARTON,SOURCE,EXACT,14340.000,12610.000,1730.000,0.000,0.000,0.000,0.000,1730.000,1730.000,1.200,1.200,MATCH,0.000,2076.000,2076.000,Pendiente,No Facturado,PENDIENTE_DE_FACTURAR,PENDIENTE_DE_PAGO,SIN_CUBRIR,,CORTE 16-21 MARZO 2026,IMPORTABLE,
963,2026-03-20,45763,AVON,EXACT,CORRUGADO CARTON,CARTON,CORRUGADO CARTON,SOURCE,EXACT,14580.000,12985.000,1595.000,0.000,0.000,0.000,0.000,1595.000,1595.000,1.200,1.200,MATCH,0.000,1914.000,1914.000,Pendiente,No Facturado,PENDIENTE_DE_FACTURAR,PENDIENTE_DE_PAGO,SIN_CUBRIR,,CORTE 16-21 MARZO 2026,IMPORTABLE,
964,2026-03-20,45771,AVON,EXACT,CORRUGADO CARTON,CARTON,CORRUGADO CARTON,SOURCE,EXACT,14440.000,13755.000,685.000,0.000,0.000,0.000,0.000,685.000,685.000,1.200,1.200,MATCH,0.000,822.000,822.000,Pendiente,No Facturado,PENDIENTE_DE_FACTURAR,PENDIENTE_DE_PAGO,SIN_CUBRIR,,CORTE 16-21 MARZO 2026,IMPORTABLE,
965,2026-03-20,45770,AVON,EXACT,CORRUGADO CARTON,CARTON,CORRUGADO CARTON,SOURCE,EXACT,14980.000,13380.000,1600.000,0.000,0.000,0.000,0.000,1600.000,1600.000,1.200,1.200,MATCH,0.000,1920.000,1920.000,Pendiente,No Facturado,PENDIENTE_DE_FACTURAR,PENDIENTE_DE_PAGO,SIN_CUBRIR,,CORTE 16-21 MARZO 2026,IMPORTABLE,
966,2026-03-20,45767,AVON,EXACT,CORRUGADO CARTON,CARTON,CORRUGADO CARTON,SOURCE,EXACT,14490.000,12795.000,1695.000,0.000,0.000,0.000,0.000,1695.000,1695.000,1.200,1.200,MATCH,0.000,2034.000,2034.000,Pendiente,No Facturado,PENDIENTE_DE_FACTURAR,PENDIENTE_DE_PAGO,SIN_CUBRIR,,CORTE 16-21 MARZO 2026,IMPORTABLE,
967,2026-03-19,45753,AVON,EXACT,CORRUGADO CARTON,CARTON,CORRUGADO CARTON,SOURCE,EXACT,13980.000,12610.000,1370.000,0.000,0.000,0.000,0.000,1370.000,1370.000,1.200,1.200,MATCH,0.000,1644.000,1644.000,Pendiente,No Facturado,PENDIENTE_DE_FACTURAR,PENDIENTE_DE_PAGO,SIN_CUBRIR,,CORTE 16-21 MARZO 2026,IMPORTABLE,
968,2026-03-19,45755,AVON,EXACT,CORRUGADO CARTON,CARTON,CORRUGADO CARTON,SOURCE,EXACT,14480.000,13555.000,925.000,0.000,0.000,0.000,0.000,925.000,925.000,1.200,1.200,MATCH,0.000,1110.000,1110.000,Pendiente,No Facturado,PENDIENTE_DE_FACTURAR,PENDIENTE_DE_PAGO,SIN_CUBRIR,,CORTE 16-21 MARZO 2026,IMPORTABLE,
969,2026-03-19,45758,AVON,EXACT,CORRUGADO CARTON,CARTON,CORRUGADO CARTON,SOURCE,EXACT,15720.000,12985.000,2735.000,0.000,0.000,0.000,0.000,2735.000,2735.000,1.200,1.200,MATCH,0.000,3282.000,3282.000,Pendiente,No Facturado,PENDIENTE_DE_FACTURAR,PENDIENTE_DE_PAGO,SIN_CUBRIR,,CORTE 16-21 MARZO 2026,IMPORTABLE,
970,2026-03-19,45759,AVON,EXACT,CORRUGADO CARTON,CARTON,CORRUGADO CARTON,SOURCE,EXACT,14720.000,12795.000,1925.000,0.000,0.000,0.000,0.000,1925.000,1925.000,1.200,1.200,MATCH,0.000,2310.000,2310.000,Pendiente,No Facturado,PENDIENTE_DE_FACTURAR,PENDIENTE_DE_PAGO,SIN_CUBRIR,,CORTE 16-21 MARZO 2026,IMPORTABLE,
971,2026-03-18,45744,AVON,EXACT,CORRUGADO CARTON,CARTON,CORRUGADO CARTON,SOURCE,EXACT,14200.000,12795.000,1405.000,0.000,0.000,0.000,0.000,1405.000,1405.000,1.200,1.200,MATCH,0.000,1686.000,1686.000,Pendiente,No Facturado,PENDIENTE_DE_FACTURAR,PENDIENTE_DE_PAGO,SIN_CUBRIR,,CORTE 16-21 MARZO 2026,IMPORTABLE,
972,2026-03-18,45746,AVON,EXACT,CORRUGADO CARTON,CARTON,CORRUGADO CARTON,SOURCE,EXACT,15350.000,13405.000,1945.000,0.000,0.000,0.000,0.000,1945.000,1945.000,1.200,1.200,MATCH,0.000,2334.000,2334.000,Pendiente,No Facturado,PENDIENTE_DE_FACTURAR,PENDIENTE_DE_PAGO,SIN_CUBRIR,,CORTE 16-21 MARZO 2026,IMPORTABLE,
973,2026-03-18,45750,AVON,EXACT,CORRUGADO CARTON,CARTON,CORRUGADO CARTON,SOURCE,EXACT,14000.000,12785.000,1215.000,0.000,0.000,0.000,0.000,1215.000,1215.000,1.200,1.200,MATCH,0.000,1458.000,1458.000,Pendiente,No Facturado,PENDIENTE_DE_FACTURAR,PENDIENTE_DE_PAGO,SIN_CUBRIR,,CORTE 16-21 MARZO 2026,IMPORTABLE,
974,2026-03-18,45751,AVON,EXACT,CORRUGADO CARTON,CARTON,CORRUGADO CARTON,SOURCE,EXACT,14350.000,12610.000,1740.000,0.000,0.000,0.000,0.000,1740.000,1740.000,1.200,1.200,MATCH,0.000,2088.000,2088.000,Pendiente,No Facturado,PENDIENTE_DE_FACTURAR,PENDIENTE_DE_PAGO,SIN_CUBRIR,,CORTE 16-21 MARZO 2026,IMPORTABLE,
975,2026-03-18,45752,AVON,EXACT,CORRUGADO CARTON,CARTON,CORRUGADO CARTON,SOURCE,EXACT,13780.000,12795.000,985.000,0.000,0.000,0.000,0.000,985.000,985.000,1.200,1.200,MATCH,0.000,1182.000,1182.000,Pendiente,No Facturado,PENDIENTE_DE_FACTURAR,PENDIENTE_DE_PAGO,SIN_CUBRIR,,CORTE 16-21 MARZO 2026,IMPORTABLE,
976,2026-03-17,45738,AVON,EXACT,CORRUGADO CARTON,CARTON,CORRUGADO CARTON,SOURCE,EXACT,15120.000,12610.000,2510.000,0.000,0.000,0.000,0.000,2510.000,2510.000,1.200,1.200,MATCH,0.000,3012.000,3012.000,Pendiente,No Facturado,PENDIENTE_DE_FACTURAR,PENDIENTE_DE_PAGO,SIN_CUBRIR,,CORTE 16-21 MARZO 2026,IMPORTABLE,
977,2026-03-17,45740,AVON,EXACT,CORRUGADO CARTON,CARTON,CORRUGADO CARTON,SOURCE,EXACT,15500.000,12795.000,2705.000,0.000,0.000,0.000,0.000,2705.000,2705.000,1.200,1.200,MATCH,0.000,3246.000,3246.000,Pendiente,No Facturado,PENDIENTE_DE_FACTURAR,PENDIENTE_DE_PAGO,SIN_CUBRIR,,CORTE 16-21 MARZO 2026,IMPORTABLE,
978,2026-03-17,45741,AVON,EXACT,CORRUGADO CARTON,CARTON,CORRUGADO CARTON,SOURCE,EXACT,14820.000,12985.000,1835.000,0.000,0.000,0.000,0.000,1835.000,1835.000,1.200,1.200,MATCH,0.000,2202.000,2202.000,Pendiente,No Facturado,PENDIENTE_DE_FACTURAR,PENDIENTE_DE_PAGO,SIN_CUBRIR,,CORTE 16-21 MARZO 2026,IMPORTABLE,
979,2026-03-14,45736,AVON,EXACT,CORRUGADO CARTON,CARTON,CORRUGADO CARTON,SOURCE,EXACT,14390.000,12985.000,1405.000,0.000,0.000,0.000,0.000,1405.000,1405.000,1.200,1.200,MATCH,0.000,1686.000,1686.000,Pendiente,No Facturado,PENDIENTE_DE_FACTURAR,PENDIENTE_DE_PAGO,SIN_CUBRIR,,CORTE 09-14 MARZO 2026,IMPORTABLE,
980,2026-03-14,45737,AVON,EXACT,CORRUGADO CARTON,CARTON,CORRUGADO CARTON,SOURCE,EXACT,14230.000,12785.000,1445.000,0.000,0.000,0.000,0.000,1445.000,1445.000,1.200,1.200,MATCH,0.000,1734.000,1734.000,Pendiente,No Facturado,PENDIENTE_DE_FACTURAR,PENDIENTE_DE_PAGO,SIN_CUBRIR,,CORTE 09-14 MARZO 2026,IMPORTABLE,
981,2026-03-13,45728,AVON,EXACT,CORRUGADO CARTON,CARTON,CORRUGADO CARTON,SOURCE,EXACT,13940.000,12610.000,1330.000,0.000,0.000,0.000,0.000,1330.000,1330.000,1.200,1.200,MATCH,0.000,1596.000,1596.000,Pendiente,No Facturado,PENDIENTE_DE_FACTURAR,PENDIENTE_DE_PAGO,SIN_CUBRIR,,CORTE 09-14 MARZO 2026,IMPORTABLE,
982,2026-03-13,45730,AVON,EXACT,CORRUGADO CARTON,CARTON,CORRUGADO CARTON,SOURCE,EXACT,15500.000,12985.000,2515.000,0.000,0.000,0.000,0.000,2515.000,2515.000,1.200,1.200,MATCH,0.000,3018.000,3018.000,Pendiente,No Facturado,PENDIENTE_DE_FACTURAR,PENDIENTE_DE_PAGO,SIN_CUBRIR,,CORTE 09-14 MARZO 2026,IMPORTABLE,
983,2026-03-13,45735,AVON,EXACT,CORRUGADO CARTON,CARTON,CORRUGADO CARTON,SOURCE,EXACT,15260.000,13565.000,1695.000,0.000,0.000,0.000,0.000,1695.000,1695.000,1.200,1.200,MATCH,0.000,2034.000,2034.000,Pendiente,No Facturado,PENDIENTE_DE_FACTURAR,PENDIENTE_DE_PAGO,SIN_CUBRIR,,CORTE 09-14 MARZO 2026,IMPORTABLE,
984,2026-03-12,45720,AVON,EXACT,CORRUGADO CARTON,CARTON,CORRUGADO CARTON,SOURCE,EXACT,14040.000,12610.000,1430.000,0.000,0.000,0.000,0.000,1430.000,1430.000,1.200,1.200,MATCH,0.000,1716.000,1716.000,Pendiente,No Facturado,PENDIENTE_DE_FACTURAR,PENDIENTE_DE_PAGO,SIN_CUBRIR,,CORTE 09-14 MARZO 2026,IMPORTABLE,
985,2026-03-12,45726,AVON,EXACT,CORRUGADO CARTON,CARTON,CORRUGADO CARTON,SOURCE,EXACT,14260.000,12785.000,1475.000,0.000,0.000,0.000,0.000,1475.000,1475.000,1.200,1.200,MATCH,0.000,1770.000,1770.000,Pendiente,No Facturado,PENDIENTE_DE_FACTURAR,PENDIENTE_DE_PAGO,SIN_CUBRIR,,CORTE 09-14 MARZO 2026,IMPORTABLE,
986,2026-03-11,45710,AVON,EXACT,CORRUGADO CARTON,CARTON,CORRUGADO CARTON,SOURCE,EXACT,13750.000,12610.000,1140.000,0.000,0.000,0.000,0.000,1140.000,1140.000,1.200,1.200,MATCH,0.000,1368.000,1368.000,Pendiente,No Facturado,PENDIENTE_DE_FACTURAR,PENDIENTE_DE_PAGO,SIN_CUBRIR,,CORTE 09-14 MARZO 2026,IMPORTABLE,
987,2026-03-11,45714,AVON,EXACT,CORRUGADO CARTON,CARTON,CORRUGADO CARTON,SOURCE,EXACT,14180.000,12795.000,1385.000,0.000,0.000,0.000,0.000,1385.000,1385.000,1.200,1.200,MATCH,0.000,1662.000,1662.000,Pendiente,No Facturado,PENDIENTE_DE_FACTURAR,PENDIENTE_DE_PAGO,SIN_CUBRIR,,CORTE 09-14 MARZO 2026,IMPORTABLE,
988,2026-03-11,45713,AVON,EXACT,CORRUGADO CARTON,CARTON,CORRUGADO CARTON,SOURCE,EXACT,14670.000,12785.000,1885.000,0.000,0.000,0.000,0.000,1885.000,1885.000,1.200,1.200,MATCH,0.000,2262.000,2262.000,Pendiente,No Facturado,PENDIENTE_DE_FACTURAR,PENDIENTE_DE_PAGO,SIN_CUBRIR,,CORTE 09-14 MARZO 2026,IMPORTABLE,
989,2026-03-10,45703,AVON,EXACT,CORRUGADO CARTON,CARTON,CORRUGADO CARTON,SOURCE,EXACT,14030.000,12795.000,1235.000,0.000,0.000,0.000,0.000,1235.000,1235.000,1.200,1.200,MATCH,0.000,1482.000,1482.000,Pendiente,No Facturado,PENDIENTE_DE_FACTURAR,PENDIENTE_DE_PAGO,SIN_CUBRIR,,CORTE 09-14 MARZO 2026,IMPORTABLE,
990,2026-03-10,45705,AVON,EXACT,CORRUGADO CARTON,CARTON,CORRUGADO CARTON,SOURCE,EXACT,14400.000,12610.000,1790.000,0.000,0.000,0.000,0.000,1790.000,1790.000,1.200,1.200,MATCH,0.000,2148.000,2148.000,Pendiente,No Facturado,PENDIENTE_DE_FACTURAR,PENDIENTE_DE_PAGO,SIN_CUBRIR,,CORTE 09-14 MARZO 2026,IMPORTABLE,
991,2026-03-10,45707,AVON,EXACT,CORRUGADO CARTON,CARTON,CORRUGADO CARTON,SOURCE,EXACT,14220.000,12985.000,1235.000,0.000,0.000,0.000,0.000,1235.000,1235.000,1.200,1.200,MATCH,0.000,1482.000,1482.000,Pendiente,No Facturado,PENDIENTE_DE_FACTURAR,PENDIENTE_DE_PAGO,SIN_CUBRIR,,CORTE 09-14 MARZO 2026,IMPORTABLE,
992,2026-03-09,45694,AVON,EXACT,CORRUGADO CARTON,CARTON,CORRUGADO CARTON,SOURCE,EXACT,14950.000,12785.000,2165.000,0.000,0.000,0.000,0.000,2165.000,2165.000,1.200,1.200,MATCH,0.000,2598.000,2598.000,Pendiente,No Facturado,PENDIENTE_DE_FACTURAR,PENDIENTE_DE_PAGO,SIN_CUBRIR,,CORTE 09-14 MARZO 2026,IMPORTABLE,
993,2026-03-09,45696,AVON,EXACT,CORRUGADO CARTON,CARTON,CORRUGADO CARTON,SOURCE,EXACT,15140.000,12635.000,2505.000,0.000,0.000,0.000,0.000,2505.000,2505.000,1.200,1.200,MATCH,0.000,3006.000,3006.000,Pendiente,No Facturado,PENDIENTE_DE_FACTURAR,PENDIENTE_DE_PAGO,SIN_CUBRIR,,CORTE 09-14 MARZO 2026,IMPORTABLE,
994,2026-03-09,45699,AVON,EXACT,CORRUGADO CARTON,CARTON,CORRUGADO CARTON,SOURCE,EXACT,14800.000,12985.000,1815.000,0.000,0.000,0.000,0.000,1815.000,1815.000,1.200,1.200,MATCH,0.000,2178.000,2178.000,Pendiente,No Facturado,PENDIENTE_DE_FACTURAR,PENDIENTE_DE_PAGO,SIN_CUBRIR,,CORTE 09-14 MARZO 2026,IMPORTABLE,
995,2026-03-07,45693,AVON,EXACT,CORRUGADO CARTON,CARTON,CORRUGADO CARTON,SOURCE,EXACT,13970.000,12610.000,1360.000,0.000,0.000,0.000,0.000,1360.000,1360.000,1.200,1.200,MATCH,0.000,1632.000,1632.000,Pendiente,No Facturado,PENDIENTE_DE_FACTURAR,PENDIENTE_DE_PAGO,SIN_CUBRIR,,CORTE 02-07 MARZO 2026,IMPORTABLE,
996,2026-03-06,45687,AVON,EXACT,CORRUGADO CARTON,CARTON,CORRUGADO CARTON,SOURCE,EXACT,14940.000,13755.000,1185.000,0.000,0.000,0.000,0.000,1185.000,1185.000,1.200,1.200,MATCH,0.000,1422.000,1422.000,Pendiente,No Facturado,PENDIENTE_DE_FACTURAR,PENDIENTE_DE_PAGO,SIN_CUBRIR,,CORTE 02-07 MARZO 2026,IMPORTABLE,
997,2026-03-06,45692,AVON,EXACT,CORRUGADO CARTON,CARTON,CORRUGADO CARTON,SOURCE,EXACT,14530.000,12785.000,1745.000,0.000,0.000,0.000,0.000,1745.000,1745.000,1.200,1.200,MATCH,0.000,2094.000,2094.000,Pendiente,No Facturado,PENDIENTE_DE_FACTURAR,PENDIENTE_DE_PAGO,SIN_CUBRIR,,CORTE 02-07 MARZO 2026,IMPORTABLE,
998,2026-03-05,45676,AVON,EXACT,CORRUGADO CARTON,CARTON,CORRUGADO CARTON,SOURCE,EXACT,15100.000,12365.000,2735.000,0.000,0.000,0.000,0.000,2735.000,2735.000,1.200,1.200,MATCH,0.000,3282.000,3282.000,Pendiente,No Facturado,PENDIENTE_DE_FACTURAR,PENDIENTE_DE_PAGO,SIN_CUBRIR,,CORTE 02-07 MARZO 2026,IMPORTABLE,
999,2026-03-05,45675,AVON,EXACT,CORRUGADO CARTON,CARTON,CORRUGADO CARTON,SOURCE,EXACT,14330.000,12985.000,1345.000,0.000,0.000,0.000,0.000,1345.000,1345.000,1.200,1.200,MATCH,0.000,1614.000,1614.000,Pendiente,No Facturado,PENDIENTE_DE_FACTURAR,PENDIENTE_DE_PAGO,SIN_CUBRIR,,CORTE 02-07 MARZO 2026,IMPORTABLE,
1000,2026-03-05,45679,AVON,EXACT,CORRUGADO CARTON,CARTON,CORRUGADO CARTON,SOURCE,EXACT,14830.000,12785.000,2045.000,0.000,0.000,0.000,0.000,2045.000,2045.000,1.200,1.200,MATCH,0.000,2454.000,2454.000,Pendiente,No Facturado,PENDIENTE_DE_FACTURAR,PENDIENTE_DE_PAGO,SIN_CUBRIR,,CORTE 02-07 MARZO 2026,IMPORTABLE,
1001,2026-03-05,45681,AVON,EXACT,CORRUGADO CARTON,CARTON,CORRUGADO CARTON,SOURCE,EXACT,13920.000,12610.000,1310.000,0.000,0.000,0.000,0.000,1310.000,1310.000,1.200,1.200,MATCH,0.000,1572.000,1572.000,Pendiente,No Facturado,PENDIENTE_DE_FACTURAR,PENDIENTE_DE_PAGO,SIN_CUBRIR,,CORTE 02-07 MARZO 2026,IMPORTABLE,
1002,2026-03-04,45668,AVON,EXACT,CORRUGADO CARTON,CARTON,CORRUGADO CARTON,SOURCE,EXACT,14230.000,12985.000,1245.000,0.000,0.000,0.000,0.000,1245.000,1245.000,1.200,1.200,MATCH,0.000,1494.000,1494.000,Pendiente,No Facturado,PENDIENTE_DE_FACTURAR,PENDIENTE_DE_PAGO,SIN_CUBRIR,,CORTE 02-07 MARZO 2026,IMPORTABLE,
1003,2026-03-04,45671,AVON,EXACT,CORRUGADO CARTON,CARTON,CORRUGADO CARTON,SOURCE,EXACT,15480.000,12795.000,2685.000,0.000,0.000,0.000,0.000,2685.000,2685.000,1.200,1.200,MATCH,0.000,3222.000,3222.000,Pendiente,No Facturado,PENDIENTE_DE_FACTURAR,PENDIENTE_DE_PAGO,SIN_CUBRIR,,CORTE 02-07 MARZO 2026,IMPORTABLE,
1004,2026-03-04,45673,AVON,EXACT,CORRUGADO CARTON,CARTON,CORRUGADO CARTON,SOURCE,EXACT,14040.000,12610.000,1430.000,0.000,0.000,0.000,0.000,1430.000,1430.000,1.200,1.200,MATCH,0.000,1716.000,1716.000,Pendiente,No Facturado,PENDIENTE_DE_FACTURAR,PENDIENTE_DE_PAGO,SIN_CUBRIR,,CORTE 02-07 MARZO 2026,IMPORTABLE,
1005,2026-03-03,45661,AVON,EXACT,CORRUGADO CARTON,CARTON,CORRUGADO CARTON,SOURCE,EXACT,13930.000,12985.000,945.000,0.000,0.000,0.000,0.000,945.000,945.000,1.200,1.200,MATCH,0.000,1134.000,1134.000,Pendiente,No Facturado,PENDIENTE_DE_FACTURAR,PENDIENTE_DE_PAGO,SIN_CUBRIR,,CORTE 02-07 MARZO 2026,IMPORTABLE,
1006,2026-03-03,45665,AVON,EXACT,CORRUGADO CARTON,CARTON,CORRUGADO CARTON,SOURCE,EXACT,13920.000,12610.000,1310.000,0.000,0.000,0.000,0.000,1310.000,1310.000,1.200,1.200,MATCH,0.000,1572.000,1572.000,Pendiente,No Facturado,PENDIENTE_DE_FACTURAR,PENDIENTE_DE_PAGO,SIN_CUBRIR,,CORTE 02-07 MARZO 2026,IMPORTABLE,
1007,2026-03-02,45657,AVON,EXACT,CORRUGADO CARTON,CARTON,CORRUGADO CARTON,SOURCE,EXACT,13890.000,12610.000,1280.000,0.000,0.000,0.000,0.000,1280.000,1280.000,1.200,1.200,MATCH,0.000,1536.000,1536.000,Pendiente,No Facturado,PENDIENTE_DE_FACTURAR,PENDIENTE_DE_PAGO,SIN_CUBRIR,,CORTE 02-07 MARZO 2026,IMPORTABLE,
1008,2026-03-02,45660,AVON,EXACT,CORRUGADO CARTON,CARTON,CORRUGADO CARTON,SOURCE,EXACT,13820.000,12785.000,1035.000,0.000,0.000,0.000,0.000,1035.000,1035.000,1.200,1.200,MATCH,0.000,1242.000,1242.000,Pendiente,No Facturado,PENDIENTE_DE_FACTURAR,PENDIENTE_DE_PAGO,SIN_CUBRIR,,CORTE 02-07 MARZO 2026,IMPORTABLE,
1009,2026-02-28,45655,AVON,EXACT,CORRUGADO CARTON,CARTON,CORRUGADO CARTON,SOURCE,EXACT,13980.000,12985.000,995.000,0.000,0.000,0.000,0.000,995.000,995.000,1.200,1.200,MATCH,0.000,1194.000,1194.000,Pendiente,No Facturado,PENDIENTE_DE_FACTURAR,PENDIENTE_DE_PAGO,SIN_CUBRIR,,CORTE 23-28 FEBRERO 2026,IMPORTABLE,
1010,2026-02-28,45656,AVON,EXACT,CORRUGADO CARTON,CARTON,CORRUGADO CARTON,SOURCE,EXACT,13330.000,12795.000,535.000,0.000,0.000,0.000,0.000,535.000,535.000,1.200,1.200,MATCH,0.000,642.000,642.000,Pendiente,No Facturado,PENDIENTE_DE_FACTURAR,PENDIENTE_DE_PAGO,SIN_CUBRIR,,CORTE 23-28 FEBRERO 2026,IMPORTABLE,
1011,2026-02-27,45647,AVON,EXACT,CORRUGADO CARTON,CARTON,CORRUGADO CARTON,SOURCE,EXACT,15360.000,12610.000,2750.000,0.000,0.000,0.000,0.000,2750.000,2750.000,1.200,1.200,MATCH,0.000,3300.000,3300.000,Pendiente,No Facturado,PENDIENTE_DE_FACTURAR,PENDIENTE_DE_PAGO,SIN_CUBRIR,,CORTE 23-28 FEBRERO 2026,IMPORTABLE,
1012,2026-02-27,45652,AVON,EXACT,CORRUGADO CARTON,CARTON,CORRUGADO CARTON,SOURCE,EXACT,13740.000,12365.000,1375.000,0.000,0.000,0.000,0.000,1375.000,1375.000,1.200,1.200,MATCH,0.000,1650.000,1650.000,Pendiente,No Facturado,PENDIENTE_DE_FACTURAR,PENDIENTE_DE_PAGO,SIN_CUBRIR,,CORTE 23-28 FEBRERO 2026,IMPORTABLE,
1013,2026-02-27,45654,AVON,EXACT,CORRUGADO CARTON,CARTON,CORRUGADO CARTON,SOURCE,EXACT,13770.000,12465.000,1305.000,0.000,0.000,0.000,0.000,1305.000,1305.000,1.200,1.200,MATCH,0.000,1566.000,1566.000,Pendiente,No Facturado,PENDIENTE_DE_FACTURAR,PENDIENTE_DE_PAGO,SIN_CUBRIR,,CORTE 23-28 FEBRERO 2026,IMPORTABLE,
1014,2026-02-26,45638,AVON,EXACT,CORRUGADO CARTON,CARTON,CORRUGADO CARTON,SOURCE,EXACT,13900.000,12785.000,1115.000,0.000,0.000,0.000,0.000,1115.000,1115.000,1.200,1.200,MATCH,0.000,1338.000,1338.000,Pendiente,No Facturado,PENDIENTE_DE_FACTURAR,PENDIENTE_DE_PAGO,SIN_CUBRIR,,CORTE 23-28 FEBRERO 2026,IMPORTABLE,
1015,2026-02-26,45643,AVON,EXACT,CORRUGADO CARTON,CARTON,CORRUGADO CARTON,SOURCE,EXACT,13860.000,12785.000,1075.000,0.000,0.000,0.000,0.000,1075.000,1075.000,1.200,1.200,MATCH,0.000,1290.000,1290.000,Pendiente,No Facturado,PENDIENTE_DE_FACTURAR,PENDIENTE_DE_PAGO,SIN_CUBRIR,,CORTE 23-28 FEBRERO 2026,IMPORTABLE,
1016,2026-02-26,45644,AVON,EXACT,CORRUGADO CARTON,CARTON,CORRUGADO CARTON,SOURCE,EXACT,14700.000,12465.000,2235.000,0.000,0.000,0.000,0.000,2235.000,2235.000,1.200,1.200,MATCH,0.000,2682.000,2682.000,Pendiente,No Facturado,PENDIENTE_DE_FACTURAR,PENDIENTE_DE_PAGO,SIN_CUBRIR,,CORTE 23-28 FEBRERO 2026,IMPORTABLE,
1017,2026-02-26,45642,AVON,EXACT,CORRUGADO CARTON,CARTON,CORRUGADO CARTON,SOURCE,EXACT,14360.000,12795.000,1565.000,0.000,0.000,0.000,0.000,1565.000,1565.000,1.200,1.200,MATCH,0.000,1878.000,1878.000,Pendiente,No Facturado,PENDIENTE_DE_FACTURAR,PENDIENTE_DE_PAGO,SIN_CUBRIR,,CORTE 23-28 FEBRERO 2026,IMPORTABLE,
1018,2026-02-25,45635,AVON,EXACT,CORRUGADO CARTON,CARTON,CORRUGADO CARTON,SOURCE,EXACT,14360.000,12985.000,1375.000,0.000,0.000,0.000,0.000,1375.000,1375.000,1.200,1.200,MATCH,0.000,1650.000,1650.000,Pendiente,No Facturado,PENDIENTE_DE_FACTURAR,PENDIENTE_DE_PAGO,SIN_CUBRIR,,CORTE 23-28 FEBRERO 2026,IMPORTABLE,
1019,2026-02-25,45633,AVON,EXACT,CORRUGADO CARTON,CARTON,CORRUGADO CARTON,SOURCE,EXACT,15450.000,12610.000,2840.000,0.000,0.000,0.000,0.000,2840.000,2840.000,1.200,1.200,MATCH,0.000,3408.000,3408.000,Pendiente,No Facturado,PENDIENTE_DE_FACTURAR,PENDIENTE_DE_PAGO,SIN_CUBRIR,,CORTE 23-28 FEBRERO 2026,IMPORTABLE,
1020,2026-02-25,45632,AVON,EXACT,CORRUGADO CARTON,CARTON,CORRUGADO CARTON,SOURCE,EXACT,13880.000,12785.000,1095.000,0.000,0.000,0.000,0.000,1095.000,1095.000,1.200,1.200,MATCH,0.000,1314.000,1314.000,Pendiente,No Facturado,PENDIENTE_DE_FACTURAR,PENDIENTE_DE_PAGO,SIN_CUBRIR,,CORTE 23-28 FEBRERO 2026,IMPORTABLE,
1021,2026-02-25,45629,AVON,EXACT,CORRUGADO CARTON,CARTON,CORRUGADO CARTON,SOURCE,EXACT,14190.000,12985.000,1205.000,0.000,0.000,0.000,0.000,1205.000,1205.000,1.200,1.200,MATCH,0.000,1446.000,1446.000,Pendiente,No Facturado,PENDIENTE_DE_FACTURAR,PENDIENTE_DE_PAGO,SIN_CUBRIR,,CORTE 23-28 FEBRERO 2026,IMPORTABLE,
1022,2026-02-24,45626,AVON,EXACT,CORRUGADO CARTON,CARTON,CORRUGADO CARTON,SOURCE,EXACT,13840.000,12985.000,855.000,0.000,0.000,0.000,0.000,855.000,855.000,1.200,1.200,MATCH,0.000,1026.000,1026.000,Pendiente,No Facturado,PENDIENTE_DE_FACTURAR,PENDIENTE_DE_PAGO,SIN_CUBRIR,,CORTE 23-28 FEBRERO 2026,IMPORTABLE,
1023,2026-02-24,45624,AVON,EXACT,CORRUGADO CARTON,CARTON,CORRUGADO CARTON,SOURCE,EXACT,14590.000,12795.000,1795.000,0.000,0.000,0.000,0.000,1795.000,1795.000,1.200,1.200,MATCH,0.000,2154.000,2154.000,Pendiente,No Facturado,PENDIENTE_DE_FACTURAR,PENDIENTE_DE_PAGO,SIN_CUBRIR,,CORTE 23-28 FEBRERO 2026,IMPORTABLE,
1024,2026-02-24,45618,AVON,EXACT,CORRUGADO CARTON,CARTON,CORRUGADO CARTON,SOURCE,EXACT,13680.000,12785.000,895.000,0.000,0.000,0.000,0.000,895.000,895.000,1.200,1.200,MATCH,0.000,1074.000,1074.000,Pendiente,No Facturado,PENDIENTE_DE_FACTURAR,PENDIENTE_DE_PAGO,SIN_CUBRIR,,CORTE 23-28 FEBRERO 2026,IMPORTABLE,
1025,2026-02-23,45610,AVON,EXACT,CORRUGADO CARTON,CARTON,CORRUGADO CARTON,SOURCE,EXACT,14990.000,12610.000,2380.000,0.000,0.000,0.000,0.000,2380.000,2380.000,1.200,1.200,MATCH,0.000,2856.000,2856.000,Pendiente,No Facturado,PENDIENTE_DE_FACTURAR,PENDIENTE_DE_PAGO,SIN_CUBRIR,,CORTE 23-28 FEBRERO 2026,IMPORTABLE,
1026,2026-02-23,45615,AVON,EXACT,CORRUGADO CARTON,CARTON,CORRUGADO CARTON,SOURCE,EXACT,13860.000,12785.000,1075.000,0.000,0.000,0.000,0.000,1075.000,1075.000,1.200,1.200,MATCH,0.000,1290.000,1290.000,Pendiente,No Facturado,PENDIENTE_DE_FACTURAR,PENDIENTE_DE_PAGO,SIN_CUBRIR,,CORTE 23-28 FEBRERO 2026,IMPORTABLE,
1027,2026-02-23,45617,AVON,EXACT,CORRUGADO CARTON,CARTON,CORRUGADO CARTON,SOURCE,EXACT,13340.000,12465.000,875.000,0.000,0.000,0.000,0.000,875.000,875.000,1.200,1.200,MATCH,0.000,1050.000,1050.000,Pendiente,No Facturado,PENDIENTE_DE_FACTURAR,PENDIENTE_DE_PAGO,SIN_CUBRIR,,CORTE 23-28 FEBRERO 2026,IMPORTABLE,
1028,2026-02-23,45612,AVON,EXACT,CORRUGADO CARTON,CARTON,CORRUGADO CARTON,SOURCE,EXACT,14760.000,12985.000,1775.000,0.000,0.000,0.000,0.000,1775.000,1775.000,1.200,1.200,MATCH,0.000,2130.000,2130.000,Pendiente,No Facturado,PENDIENTE_DE_FACTURAR,PENDIENTE_DE_PAGO,SIN_CUBRIR,,CORTE 23-28 FEBRERO 2026,IMPORTABLE,
1029,2026-02-21,45600,AVON,EXACT,CORRUGADO CARTON,CARTON,CORRUGADO CARTON,SOURCE,EXACT,13990.000,12795.000,1195.000,0.000,0.000,0.000,0.000,1195.000,1195.000,1.200,1.200,MATCH,0.000,1434.000,1434.000,Pendiente,No Facturado,PENDIENTE_DE_FACTURAR,PENDIENTE_DE_PAGO,SIN_CUBRIR,,CORTE 16-21 FEBRERO 2026,IMPORTABLE,
1030,2026-02-21,45599,AVON,EXACT,CORRUGADO CARTON,CARTON,CORRUGADO CARTON,SOURCE,EXACT,14230.000,12465.000,1765.000,0.000,0.000,0.000,0.000,1765.000,1765.000,1.200,1.200,MATCH,0.000,2118.000,2118.000,Pendiente,No Facturado,PENDIENTE_DE_FACTURAR,PENDIENTE_DE_PAGO,SIN_CUBRIR,,CORTE 16-21 FEBRERO 2026,IMPORTABLE,
1031,2026-02-20,45601,AVON,EXACT,CORRUGADO CARTON,CARTON,CORRUGADO CARTON,SOURCE,EXACT,14390.000,12785.000,1605.000,0.000,0.000,0.000,0.000,1605.000,1605.000,1.200,1.200,MATCH,0.000,1926.000,1926.000,Pendiente,No Facturado,PENDIENTE_DE_FACTURAR,PENDIENTE_DE_PAGO,SIN_CUBRIR,,CORTE 16-21 FEBRERO 2026,IMPORTABLE,
1032,2026-02-20,45606,AVON,EXACT,CORRUGADO CARTON,CARTON,CORRUGADO CARTON,SOURCE,EXACT,13550.000,12785.000,765.000,0.000,0.000,0.000,0.000,765.000,765.000,1.200,1.200,MATCH,0.000,918.000,918.000,Pendiente,No Facturado,PENDIENTE_DE_FACTURAR,PENDIENTE_DE_PAGO,SIN_CUBRIR,,CORTE 16-21 FEBRERO 2026,IMPORTABLE,
1033,2026-02-20,45604,AVON,EXACT,CORRUGADO CARTON,CARTON,CORRUGADO CARTON,SOURCE,EXACT,13400.000,12465.000,935.000,0.000,0.000,0.000,0.000,935.000,935.000,1.200,1.200,MATCH,0.000,1122.000,1122.000,Pendiente,No Facturado,PENDIENTE_DE_FACTURAR,PENDIENTE_DE_PAGO,SIN_CUBRIR,,CORTE 16-21 FEBRERO 2026,IMPORTABLE,
1034,2026-02-19,45593,AVON,EXACT,CORRUGADO CARTON,CARTON,CORRUGADO CARTON,SOURCE,EXACT,14080.000,12465.000,1615.000,0.000,0.000,0.000,0.000,1615.000,1615.000,1.200,1.200,MATCH,0.000,1938.000,1938.000,Pendiente,No Facturado,PENDIENTE_DE_FACTURAR,PENDIENTE_DE_PAGO,SIN_CUBRIR,,CORTE 16-21 FEBRERO 2026,IMPORTABLE,
1035,2026-02-19,45595,AVON,EXACT,CORRUGADO CARTON,CARTON,CORRUGADO CARTON,SOURCE,EXACT,14680.000,12635.000,2045.000,0.000,0.000,0.000,0.000,2045.000,2045.000,1.200,1.200,MATCH,0.000,2454.000,2454.000,Pendiente,No Facturado,PENDIENTE_DE_FACTURAR,PENDIENTE_DE_PAGO,SIN_CUBRIR,,CORTE 16-21 FEBRERO 2026,IMPORTABLE,
1036,2026-02-19,45596,AVON,EXACT,CORRUGADO CARTON,CARTON,CORRUGADO CARTON,SOURCE,EXACT,14820.000,12985.000,1835.000,0.000,0.000,0.000,0.000,1835.000,1835.000,1.200,1.200,MATCH,0.000,2202.000,2202.000,Pendiente,No Facturado,PENDIENTE_DE_FACTURAR,PENDIENTE_DE_PAGO,SIN_CUBRIR,,CORTE 16-21 FEBRERO 2026,IMPORTABLE,
1037,2026-02-19,45597,AVON,EXACT,CORRUGADO CARTON,CARTON,CORRUGADO CARTON,SOURCE,EXACT,14040.000,12795.000,1245.000,0.000,0.000,0.000,0.000,1245.000,1245.000,1.200,1.200,MATCH,0.000,1494.000,1494.000,Pendiente,No Facturado,PENDIENTE_DE_FACTURAR,PENDIENTE_DE_PAGO,SIN_CUBRIR,,CORTE 16-21 FEBRERO 2026,IMPORTABLE,
1038,2026-02-18,45583,AVON,EXACT,CORRUGADO CARTON,CARTON,CORRUGADO CARTON,SOURCE,EXACT,13570.000,12795.000,775.000,0.000,0.000,0.000,0.000,775.000,775.000,1.200,1.200,MATCH,0.000,930.000,930.000,Pendiente,No Facturado,PENDIENTE_DE_FACTURAR,PENDIENTE_DE_PAGO,SIN_CUBRIR,,CORTE 16-21 FEBRERO 2026,IMPORTABLE,
1039,2026-02-18,45584,AVON,EXACT,CORRUGADO CARTON,CARTON,CORRUGADO CARTON,SOURCE,EXACT,14320.000,12610.000,1710.000,0.000,0.000,0.000,0.000,1710.000,1710.000,1.200,1.200,MATCH,0.000,2052.000,2052.000,Pendiente,No Facturado,PENDIENTE_DE_FACTURAR,PENDIENTE_DE_PAGO,SIN_CUBRIR,,CORTE 16-21 FEBRERO 2026,IMPORTABLE,
1040,2026-02-18,45588,AVON,EXACT,CORRUGADO CARTON,CARTON,CORRUGADO CARTON,SOURCE,EXACT,15000.000,12465.000,2535.000,0.000,0.000,0.000,0.000,2535.000,2535.000,1.200,1.200,MATCH,0.000,3042.000,3042.000,Pendiente,No Facturado,PENDIENTE_DE_FACTURAR,PENDIENTE_DE_PAGO,SIN_CUBRIR,,CORTE 16-21 FEBRERO 2026,IMPORTABLE,
1041,2026-02-18,45589,AVON,EXACT,CORRUGADO CARTON,CARTON,CORRUGADO CARTON,SOURCE,EXACT,13930.000,12785.000,1145.000,0.000,0.000,0.000,0.000,1145.000,1145.000,1.200,1.200,MATCH,0.000,1374.000,1374.000,Pendiente,No Facturado,PENDIENTE_DE_FACTURAR,PENDIENTE_DE_PAGO,SIN_CUBRIR,,CORTE 16-21 FEBRERO 2026,IMPORTABLE,
1042,2026-02-17,45575,AVON,EXACT,CORRUGADO CARTON,CARTON,CORRUGADO CARTON,SOURCE,EXACT,15780.000,12985.000,2795.000,0.000,0.000,0.000,0.000,2795.000,2795.000,1.200,1.200,MATCH,0.000,3354.000,3354.000,Pendiente,No Facturado,PENDIENTE_DE_FACTURAR,PENDIENTE_DE_PAGO,SIN_CUBRIR,,CORTE 16-21 FEBRERO 2026,IMPORTABLE,
1043,2026-02-17,45579,AVON,EXACT,CORRUGADO CARTON,CARTON,CORRUGADO CARTON,SOURCE,EXACT,13640.000,12610.000,1030.000,0.000,0.000,0.000,0.000,1030.000,1030.000,1.200,1.200,MATCH,0.000,1236.000,1236.000,Pendiente,No Facturado,PENDIENTE_DE_FACTURAR,PENDIENTE_DE_PAGO,SIN_CUBRIR,,CORTE 16-21 FEBRERO 2026,IMPORTABLE,
1044,2026-02-17,45581,AVON,EXACT,CORRUGADO CARTON,CARTON,CORRUGADO CARTON,SOURCE,EXACT,14210.000,12785.000,1425.000,0.000,0.000,0.000,0.000,1425.000,1425.000,1.200,1.200,MATCH,0.000,1710.000,1710.000,Pendiente,No Facturado,PENDIENTE_DE_FACTURAR,PENDIENTE_DE_PAGO,SIN_CUBRIR,,CORTE 16-21 FEBRERO 2026,IMPORTABLE,
1045,2026-02-16,45570,AVON,EXACT,CORRUGADO CARTON,CARTON,CORRUGADO CARTON,SOURCE,EXACT,13600.000,12610.000,990.000,0.000,0.000,0.000,0.000,990.000,990.000,1.200,1.200,MATCH,0.000,1188.000,1188.000,Pendiente,No Facturado,PENDIENTE_DE_FACTURAR,PENDIENTE_DE_PAGO,SIN_CUBRIR,,CORTE 16-21 FEBRERO 2026,IMPORTABLE,
1046,2026-02-16,45574,AVON,EXACT,CORRUGADO CARTON,CARTON,CORRUGADO CARTON,SOURCE,EXACT,14390.000,12785.000,1605.000,0.000,0.000,0.000,0.000,1605.000,1605.000,1.200,1.200,MATCH,0.000,1926.000,1926.000,Pendiente,No Facturado,PENDIENTE_DE_FACTURAR,PENDIENTE_DE_PAGO,SIN_CUBRIR,,CORTE 16-21 FEBRERO 2026,IMPORTABLE,
1047,2026-02-14,45567,AVON,EXACT,CORRUGADO CARTON,CARTON,CORRUGADO CARTON,SOURCE,EXACT,13630.000,12795.000,835.000,0.000,0.000,0.000,0.000,835.000,835.000,1.200,1.200,MATCH,0.000,1002.000,1002.000,Pendiente,No Facturado,PENDIENTE_DE_FACTURAR,PENDIENTE_DE_PAGO,SIN_CUBRIR,,CORTE 09-14 FEBRERO 2026,IMPORTABLE,
1048,2026-02-13,45566,AVON,EXACT,CORRUGADO CARTON,CARTON,CORRUGADO CARTON,SOURCE,EXACT,13800.000,12785.000,1015.000,0.000,0.000,0.000,0.000,1015.000,1015.000,1.200,1.200,MATCH,0.000,1218.000,1218.000,Pendiente,No Facturado,PENDIENTE_DE_FACTURAR,PENDIENTE_DE_PAGO,SIN_CUBRIR,,CORTE 09-14 FEBRERO 2026,IMPORTABLE,
1049,2026-02-13,45561,AVON,EXACT,CORRUGADO CARTON,CARTON,CORRUGADO CARTON,SOURCE,EXACT,14510.000,12795.000,1715.000,0.000,0.000,0.000,0.000,1715.000,1715.000,1.200,1.200,MATCH,0.000,2058.000,2058.000,Pendiente,No Facturado,PENDIENTE_DE_FACTURAR,PENDIENTE_DE_PAGO,SIN_CUBRIR,,CORTE 09-14 FEBRERO 2026,IMPORTABLE,
1050,2026-02-13,45563,AVON,EXACT,CORRUGADO CARTON,CARTON,CORRUGADO CARTON,SOURCE,EXACT,13390.000,12610.000,780.000,0.000,0.000,0.000,0.000,780.000,780.000,1.200,1.200,MATCH,0.000,936.000,936.000,Pendiente,No Facturado,PENDIENTE_DE_FACTURAR,PENDIENTE_DE_PAGO,SIN_CUBRIR,,CORTE 09-14 FEBRERO 2026,IMPORTABLE,
1051,2026-02-13,45565,AVON,EXACT,CORRUGADO CARTON,CARTON,CORRUGADO CARTON,SOURCE,EXACT,14260.000,12465.000,1795.000,0.000,0.000,0.000,0.000,1795.000,1795.000,1.200,1.200,MATCH,0.000,2154.000,2154.000,Pendiente,No Facturado,PENDIENTE_DE_FACTURAR,PENDIENTE_DE_PAGO,SIN_CUBRIR,,CORTE 09-14 FEBRERO 2026,IMPORTABLE,
1052,2026-02-12,45552,AVON,EXACT,CORRUGADO CARTON,CARTON,CORRUGADO CARTON,SOURCE,EXACT,14340.000,12610.000,1730.000,0.000,0.000,0.000,0.000,1730.000,1730.000,1.200,1.200,MATCH,0.000,2076.000,2076.000,Pendiente,No Facturado,PENDIENTE_DE_FACTURAR,PENDIENTE_DE_PAGO,SIN_CUBRIR,,CORTE 09-14 FEBRERO 2026,IMPORTABLE,
1053,2026-02-12,45553,AVON,EXACT,CORRUGADO CARTON,CARTON,CORRUGADO CARTON,SOURCE,EXACT,14160.000,12795.000,1365.000,0.000,0.000,0.000,0.000,1365.000,1365.000,1.200,1.200,MATCH,0.000,1638.000,1638.000,Pendiente,No Facturado,PENDIENTE_DE_FACTURAR,PENDIENTE_DE_PAGO,SIN_CUBRIR,,CORTE 09-14 FEBRERO 2026,IMPORTABLE,
1054,2026-02-12,45557,AVON,EXACT,CORRUGADO CARTON,CARTON,CORRUGADO CARTON,SOURCE,EXACT,14200.000,12785.000,1415.000,0.000,0.000,0.000,0.000,1415.000,1415.000,1.200,1.200,MATCH,0.000,1698.000,1698.000,Pendiente,No Facturado,PENDIENTE_DE_FACTURAR,PENDIENTE_DE_PAGO,SIN_CUBRIR,,CORTE 09-14 FEBRERO 2026,IMPORTABLE,
1055,2026-02-12,45558,AVON,EXACT,CORRUGADO CARTON,CARTON,CORRUGADO CARTON,SOURCE,EXACT,15550.000,12985.000,2565.000,0.000,0.000,0.000,0.000,2565.000,2565.000,1.200,1.200,MATCH,0.000,3078.000,3078.000,Pendiente,No Facturado,PENDIENTE_DE_FACTURAR,PENDIENTE_DE_PAGO,SIN_CUBRIR,,CORTE 09-14 FEBRERO 2026,IMPORTABLE,
1056,2026-02-11,45550,AVON,EXACT,CORRUGADO CARTON,CARTON,CORRUGADO CARTON,SOURCE,EXACT,14870.000,12465.000,2405.000,0.000,0.000,0.000,0.000,2405.000,2405.000,1.200,1.200,MATCH,0.000,2886.000,2886.000,Pendiente,No Facturado,PENDIENTE_DE_FACTURAR,PENDIENTE_DE_PAGO,SIN_CUBRIR,,CORTE 09-14 FEBRERO 2026,IMPORTABLE,
1057,2026-02-11,45543,AVON,EXACT,CORRUGADO CARTON,CARTON,CORRUGADO CARTON,SOURCE,EXACT,15030.000,12795.000,2235.000,0.000,0.000,0.000,0.000,2235.000,2235.000,1.200,1.200,MATCH,0.000,2682.000,2682.000,Pendiente,No Facturado,PENDIENTE_DE_FACTURAR,PENDIENTE_DE_PAGO,SIN_CUBRIR,,CORTE 09-14 FEBRERO 2026,IMPORTABLE,
1058,2026-02-11,45545,AVON,EXACT,CORRUGADO CARTON,CARTON,CORRUGADO CARTON,SOURCE,EXACT,14900.000,12785.000,2115.000,0.000,0.000,0.000,0.000,2115.000,2115.000,1.200,1.200,MATCH,0.000,2538.000,2538.000,Pendiente,No Facturado,PENDIENTE_DE_FACTURAR,PENDIENTE_DE_PAGO,SIN_CUBRIR,,CORTE 09-14 FEBRERO 2026,IMPORTABLE,
1059,2026-02-11,45547,AVON,EXACT,CORRUGADO CARTON,CARTON,CORRUGADO CARTON,SOURCE,EXACT,13890.000,12610.000,1280.000,0.000,0.000,0.000,0.000,1280.000,1280.000,1.200,1.200,MATCH,0.000,1536.000,1536.000,Pendiente,No Facturado,PENDIENTE_DE_FACTURAR,PENDIENTE_DE_PAGO,SIN_CUBRIR,,CORTE 09-14 FEBRERO 2026,IMPORTABLE,
1060,2026-02-10,45539,AVON,EXACT,CORRUGADO CARTON,CARTON,CORRUGADO CARTON,SOURCE,EXACT,14290.000,12985.000,1305.000,0.000,0.000,0.000,0.000,1305.000,1305.000,1.200,1.200,MATCH,0.000,1566.000,1566.000,Pendiente,No Facturado,PENDIENTE_DE_FACTURAR,PENDIENTE_DE_PAGO,SIN_CUBRIR,,CORTE 09-14 FEBRERO 2026,IMPORTABLE,
1061,2026-02-10,45541,AVON,EXACT,CORRUGADO CARTON,CARTON,CORRUGADO CARTON,SOURCE,EXACT,13870.000,12795.000,1075.000,0.000,0.000,0.000,0.000,1075.000,1075.000,1.200,1.200,MATCH,0.000,1290.000,1290.000,Pendiente,No Facturado,PENDIENTE_DE_FACTURAR,PENDIENTE_DE_PAGO,SIN_CUBRIR,,CORTE 09-14 FEBRERO 2026,IMPORTABLE,
1062,2026-02-09,45535,AVON,EXACT,CORRUGADO CARTON,CARTON,CORRUGADO CARTON,SOURCE,EXACT,14890.000,13555.000,1335.000,0.000,0.000,0.000,0.000,1335.000,1335.000,1.200,1.200,MATCH,0.000,1602.000,1602.000,Pendiente,No Facturado,PENDIENTE_DE_FACTURAR,PENDIENTE_DE_PAGO,SIN_CUBRIR,,CORTE 09-14 FEBRERO 2026,IMPORTABLE,
1063,2026-02-09,45534,AVON,EXACT,CORRUGADO CARTON,CARTON,CORRUGADO CARTON,SOURCE,EXACT,13940.000,12610.000,1330.000,0.000,0.000,0.000,0.000,1330.000,1330.000,1.200,1.200,MATCH,0.000,1596.000,1596.000,Pendiente,No Facturado,PENDIENTE_DE_FACTURAR,PENDIENTE_DE_PAGO,SIN_CUBRIR,,CORTE 09-14 FEBRERO 2026,IMPORTABLE,
1064,2026-02-09,45532,AVON,EXACT,CORRUGADO CARTON,CARTON,CORRUGADO CARTON,SOURCE,EXACT,16110.000,12985.000,3125.000,0.000,0.000,0.000,0.000,3125.000,3125.000,1.200,1.200,MATCH,0.000,3750.000,3750.000,Pendiente,No Facturado,PENDIENTE_DE_FACTURAR,PENDIENTE_DE_PAGO,SIN_CUBRIR,,CORTE 09-14 FEBRERO 2026,IMPORTABLE,
1065,2026-02-09,45531,AVON,EXACT,CORRUGADO CARTON,CARTON,CORRUGADO CARTON,SOURCE,EXACT,15110.000,12465.000,2645.000,0.000,0.000,0.000,0.000,2645.000,2645.000,1.200,1.200,MATCH,0.000,3174.000,3174.000,Pendiente,No Facturado,PENDIENTE_DE_FACTURAR,PENDIENTE_DE_PAGO,SIN_CUBRIR,,CORTE 09-14 FEBRERO 2026,IMPORTABLE,
1066,2026-02-09,45528,AVON,EXACT,CORRUGADO CARTON,CARTON,CORRUGADO CARTON,SOURCE,EXACT,14840.000,12900.000,1940.000,0.000,0.000,0.000,0.000,1940.000,1940.000,1.200,1.200,MATCH,0.000,2328.000,2328.000,Pendiente,No Facturado,PENDIENTE_DE_FACTURAR,PENDIENTE_DE_PAGO,SIN_CUBRIR,,CORTE 09-14 FEBRERO 2026,IMPORTABLE,
1067,2026-02-09,45526,AVON,EXACT,CORRUGADO CARTON,CARTON,CORRUGADO CARTON,SOURCE,EXACT,13960.000,12610.000,1350.000,0.000,0.000,0.000,0.000,1350.000,1350.000,1.200,1.200,MATCH,0.000,1620.000,1620.000,Pendiente,No Facturado,PENDIENTE_DE_FACTURAR,PENDIENTE_DE_PAGO,SIN_CUBRIR,,CORTE 09-14 FEBRERO 2026,IMPORTABLE,
1068,2026-02-07,45523,AVON,EXACT,CORRUGADO CARTON,CARTON,CORRUGADO CARTON,SOURCE,EXACT,13820.000,12610.000,1210.000,0.000,0.000,0.000,0.000,1210.000,1210.000,1.200,1.200,MATCH,0.000,1452.000,1452.000,Pendiente,No Facturado,PENDIENTE_DE_FACTURAR,PENDIENTE_DE_PAGO,SIN_CUBRIR,,CORTE 03-07 FEBRERO 2026,IMPORTABLE,
1069,2026-02-07,45524,AVON,EXACT,CORRUGADO CARTON,CARTON,CORRUGADO CARTON,SOURCE,EXACT,14170.000,12785.000,1385.000,0.000,0.000,0.000,0.000,1385.000,1385.000,1.200,1.200,MATCH,0.000,1662.000,1662.000,Pendiente,No Facturado,PENDIENTE_DE_FACTURAR,PENDIENTE_DE_PAGO,SIN_CUBRIR,,CORTE 03-07 FEBRERO 2026,IMPORTABLE,
1070,2026-02-07,45525,AVON,EXACT,CORRUGADO CARTON,CARTON,CORRUGADO CARTON,SOURCE,EXACT,14540.000,12795.000,1745.000,0.000,0.000,0.000,0.000,1745.000,1745.000,1.200,1.200,MATCH,0.000,2094.000,2094.000,Pendiente,No Facturado,PENDIENTE_DE_FACTURAR,PENDIENTE_DE_PAGO,SIN_CUBRIR,,CORTE 03-07 FEBRERO 2026,IMPORTABLE,
1071,2026-02-06,45513,AVON,EXACT,CORRUGADO CARTON,CARTON,CORRUGADO CARTON,SOURCE,EXACT,14100.000,12610.000,1490.000,0.000,0.000,0.000,0.000,1490.000,1490.000,1.200,1.200,MATCH,0.000,1788.000,1788.000,Pendiente,No Facturado,PENDIENTE_DE_FACTURAR,PENDIENTE_DE_PAGO,SIN_CUBRIR,,CORTE 03-07 FEBRERO 2026,IMPORTABLE,
1072,2026-02-06,45516,AVON,EXACT,CORRUGADO CARTON,CARTON,CORRUGADO CARTON,SOURCE,EXACT,15150.000,12795.000,2355.000,0.000,0.000,0.000,0.000,2355.000,2355.000,1.200,1.200,MATCH,0.000,2826.000,2826.000,Pendiente,No Facturado,PENDIENTE_DE_FACTURAR,PENDIENTE_DE_PAGO,SIN_CUBRIR,,CORTE 03-07 FEBRERO 2026,IMPORTABLE,
1073,2026-02-06,45518,AVON,EXACT,CORRUGADO CARTON,CARTON,CORRUGADO CARTON,SOURCE,EXACT,14040.000,12785.000,1255.000,0.000,0.000,0.000,0.000,1255.000,1255.000,1.200,1.200,MATCH,0.000,1506.000,1506.000,Pendiente,No Facturado,PENDIENTE_DE_FACTURAR,PENDIENTE_DE_PAGO,SIN_CUBRIR,,CORTE 03-07 FEBRERO 2026,IMPORTABLE,
1074,2026-02-06,45521,AVON,EXACT,CORRUGADO CARTON,CARTON,CORRUGADO CARTON,SOURCE,EXACT,14840.000,13235.000,1605.000,0.000,0.000,0.000,0.000,1605.000,1605.000,1.200,1.200,MATCH,0.000,1926.000,1926.000,Pendiente,No Facturado,PENDIENTE_DE_FACTURAR,PENDIENTE_DE_PAGO,SIN_CUBRIR,,CORTE 03-07 FEBRERO 2026,IMPORTABLE,
1075,2026-02-06,45522,AVON,EXACT,CORRUGADO CARTON,CARTON,CORRUGADO CARTON,SOURCE,EXACT,14430.000,12795.000,1635.000,0.000,0.000,0.000,0.000,1635.000,1635.000,1.200,1.200,MATCH,0.000,1962.000,1962.000,Pendiente,No Facturado,PENDIENTE_DE_FACTURAR,PENDIENTE_DE_PAGO,SIN_CUBRIR,,CORTE 03-07 FEBRERO 2026,IMPORTABLE,
1076,2026-02-05,45505,AVON,EXACT,CORRUGADO CARTON,CARTON,CORRUGADO CARTON,SOURCE,EXACT,14170.000,12465.000,1705.000,0.000,0.000,0.000,0.000,1705.000,1705.000,1.200,1.200,MATCH,0.000,2046.000,2046.000,Pendiente,No Facturado,PENDIENTE_DE_FACTURAR,PENDIENTE_DE_PAGO,SIN_CUBRIR,,CORTE 03-07 FEBRERO 2026,IMPORTABLE,
1077,2026-02-05,45507,AVON,EXACT,CORRUGADO CARTON,CARTON,CORRUGADO CARTON,SOURCE,EXACT,14370.000,12610.000,1760.000,0.000,0.000,0.000,0.000,1760.000,1760.000,1.200,1.200,MATCH,0.000,2112.000,2112.000,Pendiente,No Facturado,PENDIENTE_DE_FACTURAR,PENDIENTE_DE_PAGO,SIN_CUBRIR,,CORTE 03-07 FEBRERO 2026,IMPORTABLE,
1078,2026-02-05,45508,AVON,EXACT,CORRUGADO CARTON,CARTON,CORRUGADO CARTON,SOURCE,EXACT,13760.000,12785.000,975.000,0.000,0.000,0.000,0.000,975.000,975.000,1.200,1.200,MATCH,0.000,1170.000,1170.000,Pendiente,No Facturado,PENDIENTE_DE_FACTURAR,PENDIENTE_DE_PAGO,SIN_CUBRIR,,CORTE 03-07 FEBRERO 2026,IMPORTABLE,
1079,2026-02-05,45511,AVON,EXACT,CORRUGADO CARTON,CARTON,CORRUGADO CARTON,SOURCE,EXACT,13950.000,12610.000,1340.000,0.000,0.000,0.000,0.000,1340.000,1340.000,1.200,1.200,MATCH,0.000,1608.000,1608.000,Pendiente,No Facturado,PENDIENTE_DE_FACTURAR,PENDIENTE_DE_PAGO,SIN_CUBRIR,,CORTE 03-07 FEBRERO 2026,IMPORTABLE,
1080,2026-02-05,45512,AVON,EXACT,CORRUGADO CARTON,CARTON,CORRUGADO CARTON,SOURCE,EXACT,13700.000,12785.000,915.000,0.000,0.000,0.000,0.000,915.000,915.000,1.200,1.200,MATCH,0.000,1098.000,1098.000,Pendiente,No Facturado,PENDIENTE_DE_FACTURAR,PENDIENTE_DE_PAGO,SIN_CUBRIR,,CORTE 03-07 FEBRERO 2026,IMPORTABLE,
1081,2026-02-04,45497,AVON,EXACT,CORRUGADO CARTON,CARTON,CORRUGADO CARTON,SOURCE,EXACT,15210.000,12795.000,2415.000,0.000,0.000,0.000,0.000,2415.000,2415.000,1.200,1.200,MATCH,0.000,2898.000,2898.000,Pendiente,No Facturado,PENDIENTE_DE_FACTURAR,PENDIENTE_DE_PAGO,SIN_CUBRIR,,CORTE 03-07 FEBRERO 2026,IMPORTABLE,
1082,2026-02-04,45498,AVON,EXACT,CORRUGADO CARTON,CARTON,CORRUGADO CARTON,SOURCE,EXACT,13740.000,12465.000,1275.000,0.000,0.000,0.000,0.000,1275.000,1275.000,1.200,1.200,MATCH,0.000,1530.000,1530.000,Pendiente,No Facturado,PENDIENTE_DE_FACTURAR,PENDIENTE_DE_PAGO,SIN_CUBRIR,,CORTE 03-07 FEBRERO 2026,IMPORTABLE,
1083,2026-02-04,45494,AVON,EXACT,CORRUGADO CARTON,CARTON,CORRUGADO CARTON,SOURCE,EXACT,14590.000,12985.000,1605.000,0.000,0.000,0.000,0.000,1605.000,1605.000,1.200,1.200,MATCH,0.000,1926.000,1926.000,Pendiente,No Facturado,PENDIENTE_DE_FACTURAR,PENDIENTE_DE_PAGO,SIN_CUBRIR,,CORTE 03-07 FEBRERO 2026,IMPORTABLE,
1084,2026-02-04,45493,AVON,EXACT,CORRUGADO CARTON,CARTON,CORRUGADO CARTON,SOURCE,EXACT,13980.000,12610.000,1370.000,0.000,0.000,0.000,0.000,1370.000,1370.000,1.200,1.200,MATCH,0.000,1644.000,1644.000,Pendiente,No Facturado,PENDIENTE_DE_FACTURAR,PENDIENTE_DE_PAGO,SIN_CUBRIR,,CORTE 03-07 FEBRERO 2026,IMPORTABLE,
1085,2026-02-04,45500,AVON,EXACT,CORRUGADO CARTON,CARTON,CORRUGADO CARTON,SOURCE,EXACT,13720.000,12610.000,1110.000,0.000,0.000,0.000,0.000,1110.000,1110.000,1.200,1.200,MATCH,0.000,1332.000,1332.000,Pendiente,No Facturado,PENDIENTE_DE_FACTURAR,PENDIENTE_DE_PAGO,SIN_CUBRIR,,CORTE 03-07 FEBRERO 2026,IMPORTABLE,
1086,2026-02-04,45501,AVON,EXACT,CORRUGADO CARTON,CARTON,CORRUGADO CARTON,SOURCE,EXACT,14310.000,12785.000,1525.000,0.000,0.000,0.000,0.000,1525.000,1525.000,1.200,1.200,MATCH,0.000,1830.000,1830.000,Pendiente,No Facturado,PENDIENTE_DE_FACTURAR,PENDIENTE_DE_PAGO,SIN_CUBRIR,,CORTE 03-07 FEBRERO 2026,IMPORTABLE,
1087,2026-02-03,45484,AVON,EXACT,CORRUGADO CARTON,CARTON,CORRUGADO CARTON,SOURCE,EXACT,14170.000,12610.000,1560.000,0.000,0.000,0.000,0.000,1560.000,1560.000,1.200,1.200,MATCH,0.000,1872.000,1872.000,Pendiente,No Facturado,PENDIENTE_DE_FACTURAR,PENDIENTE_DE_PAGO,SIN_CUBRIR,,CORTE 03-07 FEBRERO 2026,IMPORTABLE,
1088,2026-02-03,45486,AVON,EXACT,CORRUGADO CARTON,CARTON,CORRUGADO CARTON,SOURCE,EXACT,13580.000,12785.000,795.000,0.000,0.000,0.000,0.000,795.000,795.000,1.200,1.200,MATCH,0.000,954.000,954.000,Pendiente,No Facturado,PENDIENTE_DE_FACTURAR,PENDIENTE_DE_PAGO,SIN_CUBRIR,,CORTE 03-07 FEBRERO 2026,IMPORTABLE,
1089,2026-02-03,45487,AVON,EXACT,CORRUGADO CARTON,CARTON,CORRUGADO CARTON,SOURCE,EXACT,15600.000,12985.000,2615.000,0.000,0.000,0.000,0.000,2615.000,2615.000,1.200,1.200,MATCH,0.000,3138.000,3138.000,Pendiente,No Facturado,PENDIENTE_DE_FACTURAR,PENDIENTE_DE_PAGO,SIN_CUBRIR,,CORTE 03-07 FEBRERO 2026,IMPORTABLE,
1090,2026-02-03,45489,AVON,EXACT,CORRUGADO CARTON,CARTON,CORRUGADO CARTON,SOURCE,EXACT,13870.000,12610.000,1260.000,0.000,0.000,0.000,0.000,1260.000,1260.000,1.200,1.200,MATCH,0.000,1512.000,1512.000,Pendiente,No Facturado,PENDIENTE_DE_FACTURAR,PENDIENTE_DE_PAGO,SIN_CUBRIR,,CORTE 03-07 FEBRERO 2026,IMPORTABLE,
1091,2026-02-03,45490,AVON,EXACT,CORRUGADO CARTON,CARTON,CORRUGADO CARTON,SOURCE,EXACT,14050.000,12785.000,1265.000,0.000,0.000,0.000,0.000,1265.000,1265.000,1.200,1.200,MATCH,0.000,1518.000,1518.000,Pendiente,No Facturado,PENDIENTE_DE_FACTURAR,PENDIENTE_DE_PAGO,SIN_CUBRIR,,CORTE 03-07 FEBRERO 2026,IMPORTABLE,
1092,2026-01-31,45481,AVON,EXACT,CORRUGADO CARTON,CARTON,CORRUGADO CARTON,SOURCE,EXACT,14300.000,12465.000,1835.000,0.000,0.000,0.000,0.000,1835.000,1835.000,1.200,1.200,MATCH,0.000,2202.000,2202.000,Pendiente,No Facturado,PENDIENTE_DE_FACTURAR,PENDIENTE_DE_PAGO,SIN_CUBRIR,,CORTE 26-31 ENERO 2026,IMPORTABLE,
1093,2026-01-31,45482,AVON,EXACT,CORRUGADO CARTON,CARTON,CORRUGADO CARTON,SOURCE,EXACT,14070.000,12610.000,1460.000,0.000,0.000,0.000,0.000,1460.000,1460.000,1.200,1.200,MATCH,0.000,1752.000,1752.000,Pendiente,No Facturado,PENDIENTE_DE_FACTURAR,PENDIENTE_DE_PAGO,SIN_CUBRIR,,CORTE 26-31 ENERO 2026,IMPORTABLE,
1094,2026-01-31,45483,AVON,EXACT,CORRUGADO CARTON,CARTON,CORRUGADO CARTON,SOURCE,EXACT,13600.000,12785.000,815.000,0.000,0.000,0.000,0.000,815.000,815.000,1.200,1.200,MATCH,0.000,978.000,978.000,Pendiente,No Facturado,PENDIENTE_DE_FACTURAR,PENDIENTE_DE_PAGO,SIN_CUBRIR,,CORTE 26-31 ENERO 2026,IMPORTABLE,
1095,2026-01-30,45470,AVON,EXACT,CORRUGADO CARTON,CARTON,CORRUGADO CARTON,SOURCE,EXACT,14000.000,12465.000,1535.000,0.000,0.000,0.000,0.000,1535.000,1535.000,1.200,1.200,MATCH,0.000,1842.000,1842.000,Pendiente,No Facturado,PENDIENTE_DE_FACTURAR,PENDIENTE_DE_PAGO,SIN_CUBRIR,,CORTE 26-31 ENERO 2026,IMPORTABLE,
1096,2026-01-30,45473,AVON,EXACT,CORRUGADO CARTON,CARTON,CORRUGADO CARTON,SOURCE,EXACT,13560.000,12610.000,950.000,0.000,0.000,0.000,0.000,950.000,950.000,1.200,1.200,MATCH,0.000,1140.000,1140.000,Pendiente,No Facturado,PENDIENTE_DE_FACTURAR,PENDIENTE_DE_PAGO,SIN_CUBRIR,,CORTE 26-31 ENERO 2026,IMPORTABLE,
1097,2026-01-30,45475,AVON,EXACT,CORRUGADO CARTON,CARTON,CORRUGADO CARTON,SOURCE,EXACT,15220.000,12785.000,2435.000,0.000,0.000,0.000,0.000,2435.000,2435.000,1.200,1.200,MATCH,0.000,2922.000,2922.000,Pendiente,No Facturado,PENDIENTE_DE_FACTURAR,PENDIENTE_DE_PAGO,SIN_CUBRIR,,CORTE 26-31 ENERO 2026,IMPORTABLE,
1098,2026-01-30,45479,AVON,EXACT,CORRUGADO CARTON,CARTON,CORRUGADO CARTON,SOURCE,EXACT,13780.000,12465.000,1315.000,0.000,0.000,0.000,0.000,1315.000,1315.000,1.200,1.200,MATCH,0.000,1578.000,1578.000,Pendiente,No Facturado,PENDIENTE_DE_FACTURAR,PENDIENTE_DE_PAGO,SIN_CUBRIR,,CORTE 26-31 ENERO 2026,IMPORTABLE,
1099,2026-01-30,45480,AVON,EXACT,CORRUGADO CARTON,CARTON,CORRUGADO CARTON,SOURCE,EXACT,13380.000,12610.000,770.000,0.000,0.000,0.000,0.000,770.000,770.000,1.200,1.200,MATCH,0.000,924.000,924.000,Pendiente,No Facturado,PENDIENTE_DE_FACTURAR,PENDIENTE_DE_PAGO,SIN_CUBRIR,,CORTE 26-31 ENERO 2026,IMPORTABLE,
1100,2026-01-29,45460,AVON,EXACT,CORRUGADO CARTON,CARTON,CORRUGADO CARTON,SOURCE,EXACT,14090.000,12465.000,1625.000,0.000,0.000,0.000,0.000,1625.000,1625.000,1.200,1.200,MATCH,0.000,1950.000,1950.000,Pendiente,No Facturado,PENDIENTE_DE_FACTURAR,PENDIENTE_DE_PAGO,SIN_CUBRIR,,CORTE 26-31 ENERO 2026,IMPORTABLE,
1101,2026-01-29,45462,AVON,EXACT,CORRUGADO CARTON,CARTON,CORRUGADO CARTON,SOURCE,EXACT,13650.000,12610.000,1040.000,0.000,0.000,0.000,0.000,1040.000,1040.000,1.200,1.200,MATCH,0.000,1248.000,1248.000,Pendiente,No Facturado,PENDIENTE_DE_FACTURAR,PENDIENTE_DE_PAGO,SIN_CUBRIR,,CORTE 26-31 ENERO 2026,IMPORTABLE,
1102,2026-01-29,45465,AVON,EXACT,CORRUGADO CARTON,CARTON,CORRUGADO CARTON,SOURCE,EXACT,15620.000,12985.000,2635.000,0.000,0.000,0.000,0.000,2635.000,2635.000,1.200,1.200,MATCH,0.000,3162.000,3162.000,Pendiente,No Facturado,PENDIENTE_DE_FACTURAR,PENDIENTE_DE_PAGO,SIN_CUBRIR,,CORTE 26-31 ENERO 2026,IMPORTABLE,
1103,2026-01-29,45469,AVON,EXACT,CORRUGADO CARTON,CARTON,CORRUGADO CARTON,SOURCE,EXACT,14310.000,12795.000,1515.000,0.000,0.000,0.000,0.000,1515.000,1515.000,1.200,1.200,MATCH,0.000,1818.000,1818.000,Pendiente,No Facturado,PENDIENTE_DE_FACTURAR,PENDIENTE_DE_PAGO,SIN_CUBRIR,,CORTE 26-31 ENERO 2026,IMPORTABLE,
1104,2026-01-28,45458,AVON,EXACT,CORRUGADO CARTON,CARTON,CORRUGADO CARTON,SOURCE,EXACT,15080.000,12785.000,2295.000,0.000,0.000,0.000,0.000,2295.000,2295.000,1.200,1.200,MATCH,0.000,2754.000,2754.000,Pendiente,No Facturado,PENDIENTE_DE_FACTURAR,PENDIENTE_DE_PAGO,SIN_CUBRIR,,CORTE 26-31 ENERO 2026,IMPORTABLE,
1105,2026-01-28,45456,AVON,EXACT,CORRUGADO CARTON,CARTON,CORRUGADO CARTON,SOURCE,EXACT,14380.000,12795.000,1585.000,0.000,0.000,0.000,0.000,1585.000,1585.000,1.200,1.200,MATCH,0.000,1902.000,1902.000,Pendiente,No Facturado,PENDIENTE_DE_FACTURAR,PENDIENTE_DE_PAGO,SIN_CUBRIR,,CORTE 26-31 ENERO 2026,IMPORTABLE,
1106,2026-01-28,45455,AVON,EXACT,CORRUGADO CARTON,CARTON,CORRUGADO CARTON,SOURCE,EXACT,13680.000,12465.000,1215.000,0.000,0.000,0.000,0.000,1215.000,1215.000,1.200,1.200,MATCH,0.000,1458.000,1458.000,Pendiente,No Facturado,PENDIENTE_DE_FACTURAR,PENDIENTE_DE_PAGO,SIN_CUBRIR,,CORTE 26-31 ENERO 2026,IMPORTABLE,
1107,2026-01-28,45459,AVON,EXACT,CORRUGADO CARTON,CARTON,CORRUGADO CARTON,SOURCE,EXACT,14110.000,12610.000,1500.000,0.000,0.000,0.000,0.000,1500.000,1500.000,1.200,1.200,MATCH,0.000,1800.000,1800.000,Pendiente,No Facturado,PENDIENTE_DE_FACTURAR,PENDIENTE_DE_PAGO,SIN_CUBRIR,,CORTE 26-31 ENERO 2026,IMPORTABLE,
1108,2026-01-27,45453,AVON,EXACT,CORRUGADO CARTON,CARTON,CORRUGADO CARTON,SOURCE,EXACT,14020.000,12465.000,1555.000,0.000,0.000,0.000,0.000,1555.000,1555.000,1.200,1.200,MATCH,0.000,1866.000,1866.000,Pendiente,No Facturado,PENDIENTE_DE_FACTURAR,PENDIENTE_DE_PAGO,SIN_CUBRIR,,CORTE 26-31 ENERO 2026,IMPORTABLE,
1109,2026-01-27,45454,AVON,EXACT,CORRUGADO CARTON,CARTON,CORRUGADO CARTON,SOURCE,EXACT,13400.000,12610.000,790.000,0.000,0.000,0.000,0.000,790.000,790.000,1.200,1.200,MATCH,0.000,948.000,948.000,Pendiente,No Facturado,PENDIENTE_DE_FACTURAR,PENDIENTE_DE_PAGO,SIN_CUBRIR,,CORTE 26-31 ENERO 2026,IMPORTABLE,
1110,2026-01-27,45451,AVON,EXACT,CORRUGADO CARTON,CARTON,CORRUGADO CARTON,SOURCE,EXACT,13590.000,12610.000,980.000,0.000,0.000,0.000,0.000,980.000,980.000,1.200,1.200,MATCH,0.000,1176.000,1176.000,Pendiente,No Facturado,PENDIENTE_DE_FACTURAR,PENDIENTE_DE_PAGO,SIN_CUBRIR,,CORTE 26-31 ENERO 2026,IMPORTABLE,
1111,2026-01-26,45445,AVON,EXACT,CORRUGADO CARTON,CARTON,CORRUGADO CARTON,SOURCE,EXACT,13690.000,12795.000,895.000,0.000,0.000,0.000,0.000,895.000,895.000,1.200,1.200,MATCH,0.000,1074.000,1074.000,Pendiente,No Facturado,PENDIENTE_DE_FACTURAR,PENDIENTE_DE_PAGO,SIN_CUBRIR,,CORTE 26-31 ENERO 2026,IMPORTABLE,
1112,2026-01-26,45443,AVON,EXACT,CORRUGADO CARTON,CARTON,CORRUGADO CARTON,SOURCE,EXACT,14050.000,12610.000,1440.000,0.000,0.000,0.000,0.000,1440.000,1440.000,1.200,1.200,MATCH,0.000,1728.000,1728.000,Pendiente,No Facturado,PENDIENTE_DE_FACTURAR,PENDIENTE_DE_PAGO,SIN_CUBRIR,,CORTE 26-31 ENERO 2026,IMPORTABLE,
1113,2026-01-26,45441,AVON,EXACT,CORRUGADO CARTON,CARTON,CORRUGADO CARTON,SOURCE,EXACT,15890.000,12985.000,2905.000,0.000,0.000,0.000,0.000,2905.000,2905.000,1.200,1.200,MATCH,0.000,3486.000,3486.000,Pendiente,No Facturado,PENDIENTE_DE_FACTURAR,PENDIENTE_DE_PAGO,SIN_CUBRIR,,CORTE 26-31 ENERO 2026,IMPORTABLE,
1114,2026-01-26,45440,AVON,EXACT,CORRUGADO CARTON,CARTON,CORRUGADO CARTON,SOURCE,EXACT,13970.000,12465.000,1505.000,0.000,0.000,0.000,0.000,1505.000,1505.000,1.200,1.200,MATCH,0.000,1806.000,1806.000,Pendiente,No Facturado,PENDIENTE_DE_FACTURAR,PENDIENTE_DE_PAGO,SIN_CUBRIR,,CORTE 26-31 ENERO 2026,IMPORTABLE,
1115,2026-01-26,45438,AVON,EXACT,CORRUGADO CARTON,CARTON,CORRUGADO CARTON,SOURCE,EXACT,13820.000,12610.000,1210.000,0.000,0.000,0.000,0.000,1210.000,1210.000,1.200,1.200,MATCH,0.000,1452.000,1452.000,Pendiente,No Facturado,PENDIENTE_DE_FACTURAR,PENDIENTE_DE_PAGO,SIN_CUBRIR,,CORTE 26-31 ENERO 2026,IMPORTABLE,
1116,2026-01-26,45446,AVON,EXACT,CORRUGADO CARTON,CARTON,CORRUGADO CARTON,SOURCE,EXACT,14960.000,13670.000,1290.000,0.000,0.000,0.000,0.000,1290.000,1290.000,1.200,1.200,MATCH,0.000,1548.000,1548.000,Pendiente,No Facturado,PENDIENTE_DE_FACTURAR,PENDIENTE_DE_PAGO,SIN_CUBRIR,,CORTE 26-31 ENERO 2026,IMPORTABLE,
1117,2026-01-26,45435,AVON,EXACT,CORRUGADO CARTON,CARTON,CORRUGADO CARTON,SOURCE,EXACT,14120.000,12785.000,1335.000,0.000,0.000,0.000,0.000,1335.000,1335.000,1.200,1.200,MATCH,0.000,1602.000,1602.000,Pendiente,No Facturado,PENDIENTE_DE_FACTURAR,PENDIENTE_DE_PAGO,SIN_CUBRIR,,CORTE 26-31 ENERO 2026,IMPORTABLE,
1118,2026-01-24,45430,AVON,EXACT,CORRUGADO CARTON,CARTON,CORRUGADO CARTON,SOURCE,EXACT,13900.000,12610.000,1290.000,0.000,0.000,0.000,0.000,1290.000,1290.000,1.200,1.200,MATCH,0.000,1548.000,1548.000,Pendiente,No Facturado,PENDIENTE_DE_FACTURAR,PENDIENTE_DE_PAGO,SIN_CUBRIR,,Corte 19-24 Enero 2026,IMPORTABLE,
1119,2026-01-24,45431,AVON,EXACT,CORRUGADO CARTON,CARTON,CORRUGADO CARTON,SOURCE,EXACT,14280.000,12785.000,1495.000,0.000,0.000,0.000,0.000,1495.000,1495.000,1.200,1.200,MATCH,0.000,1794.000,1794.000,Pendiente,No Facturado,PENDIENTE_DE_FACTURAR,PENDIENTE_DE_PAGO,SIN_CUBRIR,,Corte 19-24 Enero 2026,IMPORTABLE,
1120,2026-01-24,45432,AVON,EXACT,CORRUGADO CARTON,CARTON,CORRUGADO CARTON,SOURCE,EXACT,13100.000,12465.000,635.000,0.000,0.000,0.000,0.000,635.000,635.000,1.200,1.200,MATCH,0.000,762.000,762.000,Pendiente,No Facturado,PENDIENTE_DE_FACTURAR,PENDIENTE_DE_PAGO,SIN_CUBRIR,,Corte 19-24 Enero 2026,IMPORTABLE,
1121,2026-01-24,45433,AVON,EXACT,CORRUGADO CARTON,CARTON,CORRUGADO CARTON,SOURCE,EXACT,14180.000,12610.000,1570.000,0.000,0.000,0.000,0.000,1570.000,1570.000,1.200,1.200,MATCH,0.000,1884.000,1884.000,Pendiente,No Facturado,PENDIENTE_DE_FACTURAR,PENDIENTE_DE_PAGO,SIN_CUBRIR,,Corte 19-24 Enero 2026,IMPORTABLE,
1122,2026-01-24,45434,AVON,EXACT,CORRUGADO CARTON,CARTON,CORRUGADO CARTON,SOURCE,EXACT,13670.000,12465.000,1205.000,0.000,0.000,0.000,0.000,1205.000,1205.000,1.200,1.200,MATCH,0.000,1446.000,1446.000,Pendiente,No Facturado,PENDIENTE_DE_FACTURAR,PENDIENTE_DE_PAGO,SIN_CUBRIR,,Corte 19-24 Enero 2026,IMPORTABLE,
1123,2026-01-23,45428,AVON,EXACT,CORRUGADO CARTON,CARTON,CORRUGADO CARTON,SOURCE,EXACT,13270.000,12465.000,805.000,0.000,0.000,0.000,0.000,805.000,805.000,1.200,1.200,MATCH,0.000,966.000,966.000,Pendiente,No Facturado,PENDIENTE_DE_FACTURAR,PENDIENTE_DE_PAGO,SIN_CUBRIR,,Corte 19-24 Enero 2026,IMPORTABLE,
1124,2026-01-23,45427,AVON,EXACT,CORRUGADO CARTON,CARTON,CORRUGADO CARTON,SOURCE,EXACT,14840.000,12610.000,2230.000,0.000,0.000,0.000,0.000,2230.000,2230.000,1.200,1.200,MATCH,0.000,2676.000,2676.000,Pendiente,No Facturado,PENDIENTE_DE_FACTURAR,PENDIENTE_DE_PAGO,SIN_CUBRIR,,Corte 19-24 Enero 2026,IMPORTABLE,
1125,2026-01-23,45426,AVON,EXACT,CORRUGADO CARTON,CARTON,CORRUGADO CARTON,SOURCE,EXACT,14960.000,13565.000,1395.000,0.000,0.000,0.000,0.000,1395.000,1395.000,1.200,1.200,MATCH,0.000,1674.000,1674.000,Pendiente,No Facturado,PENDIENTE_DE_FACTURAR,PENDIENTE_DE_PAGO,SIN_CUBRIR,,Corte 19-24 Enero 2026,IMPORTABLE,
1126,2026-01-23,45420,AVON,EXACT,CORRUGADO CARTON,CARTON,CORRUGADO CARTON,SOURCE,EXACT,13940.000,12465.000,1475.000,0.000,0.000,0.000,0.000,1475.000,1475.000,1.200,1.200,MATCH,0.000,1770.000,1770.000,Pendiente,No Facturado,PENDIENTE_DE_FACTURAR,PENDIENTE_DE_PAGO,SIN_CUBRIR,,Corte 19-24 Enero 2026,IMPORTABLE,
1127,2026-01-23,45421,AVON,EXACT,CORRUGADO CARTON,CARTON,CORRUGADO CARTON,SOURCE,EXACT,13890.000,12785.000,1105.000,0.000,0.000,0.000,0.000,1105.000,1105.000,1.200,1.200,MATCH,0.000,1326.000,1326.000,Pendiente,No Facturado,PENDIENTE_DE_FACTURAR,PENDIENTE_DE_PAGO,SIN_CUBRIR,,Corte 19-24 Enero 2026,IMPORTABLE,
1128,2026-01-23,45422,AVON,EXACT,CORRUGADO CARTON,CARTON,CORRUGADO CARTON,SOURCE,EXACT,14790.000,12795.000,1995.000,0.000,0.000,0.000,0.000,1995.000,1995.000,1.200,1.200,MATCH,0.000,2394.000,2394.000,Pendiente,No Facturado,PENDIENTE_DE_FACTURAR,PENDIENTE_DE_PAGO,SIN_CUBRIR,,Corte 19-24 Enero 2026,IMPORTABLE,
1129,2026-01-23,45423,AVON,EXACT,CORRUGADO CARTON,CARTON,CORRUGADO CARTON,SOURCE,EXACT,14000.000,13235.000,765.000,0.000,0.000,0.000,0.000,765.000,765.000,1.200,1.200,MATCH,0.000,918.000,918.000,Pendiente,No Facturado,PENDIENTE_DE_FACTURAR,PENDIENTE_DE_PAGO,SIN_CUBRIR,,Corte 19-24 Enero 2026,IMPORTABLE,
1130,2026-01-22,45411,AVON,EXACT,CORRUGADO CARTON,CARTON,CORRUGADO CARTON,SOURCE,EXACT,14770.000,12795.000,1975.000,0.000,0.000,0.000,0.000,1975.000,1975.000,1.200,1.200,MATCH,0.000,2370.000,2370.000,Pendiente,No Facturado,PENDIENTE_DE_FACTURAR,PENDIENTE_DE_PAGO,SIN_CUBRIR,,Corte 19-24 Enero 2026,IMPORTABLE,
1131,2026-01-22,45412,AVON,EXACT,CORRUGADO CARTON,CARTON,CORRUGADO CARTON,SOURCE,EXACT,13620.000,12465.000,1155.000,0.000,0.000,0.000,0.000,1155.000,1155.000,1.200,1.200,MATCH,0.000,1386.000,1386.000,Pendiente,No Facturado,PENDIENTE_DE_FACTURAR,PENDIENTE_DE_PAGO,SIN_CUBRIR,,Corte 19-24 Enero 2026,IMPORTABLE,
1132,2026-01-22,45414,AVON,EXACT,CORRUGADO CARTON,CARTON,CORRUGADO CARTON,SOURCE,EXACT,13610.000,12785.000,825.000,0.000,0.000,0.000,0.000,825.000,825.000,1.200,1.200,MATCH,0.000,990.000,990.000,Pendiente,No Facturado,PENDIENTE_DE_FACTURAR,PENDIENTE_DE_PAGO,SIN_CUBRIR,,Corte 19-24 Enero 2026,IMPORTABLE,
1133,2026-01-22,45410,AVON,EXACT,CORRUGADO CARTON,CARTON,CORRUGADO CARTON,SOURCE,EXACT,14340.000,12785.000,1555.000,0.000,0.000,0.000,0.000,1555.000,1555.000,1.200,1.200,MATCH,0.000,1866.000,1866.000,Pendiente,No Facturado,PENDIENTE_DE_FACTURAR,PENDIENTE_DE_PAGO,SIN_CUBRIR,,Corte 19-24 Enero 2026,IMPORTABLE,
1134,2026-01-22,45415,AVON,EXACT,CORRUGADO CARTON,CARTON,CORRUGADO CARTON,SOURCE,EXACT,14240.000,13235.000,1005.000,0.000,0.000,0.000,0.000,1005.000,1005.000,1.200,1.200,MATCH,0.000,1206.000,1206.000,Pendiente,No Facturado,PENDIENTE_DE_FACTURAR,PENDIENTE_DE_PAGO,SIN_CUBRIR,,Corte 19-24 Enero 2026,IMPORTABLE,
1135,2026-01-22,45417,AVON,EXACT,CORRUGADO CARTON,CARTON,CORRUGADO CARTON,SOURCE,EXACT,14000.000,12785.000,1215.000,0.000,0.000,0.000,0.000,1215.000,1215.000,1.200,1.200,MATCH,0.000,1458.000,1458.000,Pendiente,No Facturado,PENDIENTE_DE_FACTURAR,PENDIENTE_DE_PAGO,SIN_CUBRIR,,Corte 19-24 Enero 2026,IMPORTABLE,
1136,2026-01-22,45416,AVON,EXACT,CORRUGADO CARTON,CARTON,CORRUGADO CARTON,SOURCE,EXACT,16300.000,13755.000,2545.000,0.000,0.000,0.000,0.000,2545.000,2545.000,1.200,1.200,MATCH,0.000,3054.000,3054.000,Pendiente,No Facturado,PENDIENTE_DE_FACTURAR,PENDIENTE_DE_PAGO,SIN_CUBRIR,,Corte 19-24 Enero 2026,IMPORTABLE,
1137,2026-01-21,45402,AVON,EXACT,CORRUGADO CARTON,CARTON,CORRUGADO CARTON,SOURCE,EXACT,14700.000,12795.000,1905.000,0.000,0.000,0.000,0.000,1905.000,1905.000,1.200,1.200,MATCH,0.000,2286.000,2286.000,Pendiente,No Facturado,PENDIENTE_DE_FACTURAR,PENDIENTE_DE_PAGO,SIN_CUBRIR,,Corte 19-24 Enero 2026,IMPORTABLE,
1138,2026-01-21,45409,AVON,EXACT,CORRUGADO CARTON,CARTON,CORRUGADO CARTON,SOURCE,EXACT,14720.000,13565.000,1155.000,0.000,0.000,0.000,0.000,1155.000,1155.000,1.200,1.200,MATCH,0.000,1386.000,1386.000,Pendiente,No Facturado,PENDIENTE_DE_FACTURAR,PENDIENTE_DE_PAGO,SIN_CUBRIR,,Corte 19-24 Enero 2026,IMPORTABLE,
1139,2026-01-21,45406,AVON,EXACT,CORRUGADO CARTON,CARTON,CORRUGADO CARTON,SOURCE,EXACT,13040.000,12465.000,575.000,0.000,0.000,0.000,0.000,575.000,575.000,1.200,1.200,MATCH,0.000,690.000,690.000,Pendiente,No Facturado,PENDIENTE_DE_FACTURAR,PENDIENTE_DE_PAGO,SIN_CUBRIR,,Corte 19-24 Enero 2026,IMPORTABLE,
1140,2026-01-21,45407,AVON,EXACT,CORRUGADO CARTON,CARTON,CORRUGADO CARTON,SOURCE,EXACT,14650.000,12785.000,1865.000,0.000,0.000,0.000,0.000,1865.000,1865.000,1.200,1.200,MATCH,0.000,2238.000,2238.000,Pendiente,No Facturado,PENDIENTE_DE_FACTURAR,PENDIENTE_DE_PAGO,SIN_CUBRIR,,Corte 19-24 Enero 2026,IMPORTABLE,
1141,2026-01-21,45405,AVON,EXACT,CORRUGADO CARTON,CARTON,CORRUGADO CARTON,SOURCE,EXACT,14860.000,12610.000,2250.000,0.000,0.000,0.000,0.000,2250.000,2250.000,1.200,1.200,MATCH,0.000,2700.000,2700.000,Pendiente,No Facturado,PENDIENTE_DE_FACTURAR,PENDIENTE_DE_PAGO,SIN_CUBRIR,,Corte 19-24 Enero 2026,IMPORTABLE,
1142,2026-01-21,45401,AVON,EXACT,CORRUGADO CARTON,CARTON,CORRUGADO CARTON,SOURCE,EXACT,13680.000,12465.000,1215.000,0.000,0.000,0.000,0.000,1215.000,1215.000,1.200,1.200,MATCH,0.000,1458.000,1458.000,Pendiente,No Facturado,PENDIENTE_DE_FACTURAR,PENDIENTE_DE_PAGO,SIN_CUBRIR,,Corte 19-24 Enero 2026,IMPORTABLE,
1143,2026-01-21,45404,AVON,EXACT,CORRUGADO CARTON,CARTON,CORRUGADO CARTON,SOURCE,EXACT,13810.000,12795.000,1015.000,0.000,0.000,0.000,0.000,1015.000,1015.000,1.200,1.200,MATCH,0.000,1218.000,1218.000,Pendiente,No Facturado,PENDIENTE_DE_FACTURAR,PENDIENTE_DE_PAGO,SIN_CUBRIR,,Corte 19-24 Enero 2026,IMPORTABLE,
1144,2026-01-20,45390,AVON,EXACT,CORRUGADO CARTON,CARTON,CORRUGADO CARTON,SOURCE,EXACT,14350.000,12795.000,1555.000,0.000,0.000,0.000,0.000,1555.000,1555.000,1.200,1.200,MATCH,0.000,1866.000,1866.000,Pendiente,No Facturado,PENDIENTE_DE_FACTURAR,PENDIENTE_DE_PAGO,SIN_CUBRIR,,Corte 19-24 Enero 2026,IMPORTABLE,
1145,2026-01-20,45395,AVON,EXACT,CORRUGADO CARTON,CARTON,CORRUGADO CARTON,SOURCE,EXACT,14060.000,12465.000,1595.000,0.000,0.000,0.000,0.000,1595.000,1595.000,1.200,1.200,MATCH,0.000,1914.000,1914.000,Pendiente,No Facturado,PENDIENTE_DE_FACTURAR,PENDIENTE_DE_PAGO,SIN_CUBRIR,,Corte 19-24 Enero 2026,IMPORTABLE,
1146,2026-01-20,45396,AVON,EXACT,CORRUGADO CARTON,CARTON,CORRUGADO CARTON,SOURCE,EXACT,14930.000,12900.000,2030.000,0.000,0.000,0.000,0.000,2030.000,2030.000,1.200,1.200,MATCH,0.000,2436.000,2436.000,Pendiente,No Facturado,PENDIENTE_DE_FACTURAR,PENDIENTE_DE_PAGO,SIN_CUBRIR,,Corte 19-24 Enero 2026,IMPORTABLE,
1147,2026-01-20,45398,AVON,EXACT,CORRUGADO CARTON,CARTON,CORRUGADO CARTON,SOURCE,EXACT,13720.000,12785.000,935.000,0.000,0.000,0.000,0.000,935.000,935.000,1.200,1.200,MATCH,0.000,1122.000,1122.000,Pendiente,No Facturado,PENDIENTE_DE_FACTURAR,PENDIENTE_DE_PAGO,SIN_CUBRIR,,Corte 19-24 Enero 2026,IMPORTABLE,
1148,2026-01-20,45399,AVON,EXACT,CORRUGADO CARTON,CARTON,CORRUGADO CARTON,SOURCE,EXACT,13600.000,12465.000,1135.000,0.000,0.000,0.000,0.000,1135.000,1135.000,1.200,1.200,MATCH,0.000,1362.000,1362.000,Pendiente,No Facturado,PENDIENTE_DE_FACTURAR,PENDIENTE_DE_PAGO,SIN_CUBRIR,,Corte 19-24 Enero 2026,IMPORTABLE,
1149,2026-01-19,45385,AVON,EXACT,CORRUGADO CARTON,CARTON,CORRUGADO CARTON,SOURCE,EXACT,13710.000,12465.000,1245.000,0.000,0.000,0.000,0.000,1245.000,1245.000,1.200,1.200,MATCH,0.000,1494.000,1494.000,Pendiente,No Facturado,PENDIENTE_DE_FACTURAR,PENDIENTE_DE_PAGO,SIN_CUBRIR,,Corte 19-24 Enero 2026,IMPORTABLE,
1150,2026-01-19,45386,AVON,EXACT,CORRUGADO CARTON,CARTON,CORRUGADO CARTON,SOURCE,EXACT,14720.000,12985.000,1735.000,0.000,0.000,0.000,0.000,1735.000,1735.000,1.200,1.200,MATCH,0.000,2082.000,2082.000,Pendiente,No Facturado,PENDIENTE_DE_FACTURAR,PENDIENTE_DE_PAGO,SIN_CUBRIR,,Corte 19-24 Enero 2026,IMPORTABLE,
1151,2026-01-19,45389,AVON,EXACT,CORRUGADO CARTON,CARTON,CORRUGADO CARTON,SOURCE,EXACT,13790.000,12465.000,1325.000,0.000,0.000,0.000,0.000,1325.000,1325.000,1.200,1.200,MATCH,0.000,1590.000,1590.000,Pendiente,No Facturado,PENDIENTE_DE_FACTURAR,PENDIENTE_DE_PAGO,SIN_CUBRIR,,Corte 19-24 Enero 2026,IMPORTABLE,
1152,2026-01-19,45391,AVON,EXACT,CORRUGADO CARTON,CARTON,CORRUGADO CARTON,SOURCE,EXACT,14410.000,12785.000,1625.000,0.000,0.000,0.000,0.000,1625.000,1625.000,1.200,1.200,MATCH,0.000,1950.000,1950.000,Pendiente,No Facturado,PENDIENTE_DE_FACTURAR,PENDIENTE_DE_PAGO,SIN_CUBRIR,,Corte 19-24 Enero 2026,IMPORTABLE,
1153,2026-01-17,45381,AVON,EXACT,CORRUGADO CARTON,CARTON,CORRUGADO CARTON,SOURCE,EXACT,14470.000,12785.000,1685.000,0.000,0.000,0.000,0.000,1685.000,1685.000,1.200,1.200,MATCH,0.000,2022.000,2022.000,Pendiente,No Facturado,PENDIENTE_DE_FACTURAR,PENDIENTE_DE_PAGO,SIN_CUBRIR,,Corte 12-17 Enero 2026,IMPORTABLE,
1154,2026-01-17,45382,AVON,EXACT,CORRUGADO CARTON,CARTON,CORRUGADO CARTON,SOURCE,EXACT,13840.000,12465.000,1375.000,0.000,0.000,0.000,0.000,1375.000,1375.000,1.200,1.200,MATCH,0.000,1650.000,1650.000,Pendiente,No Facturado,PENDIENTE_DE_FACTURAR,PENDIENTE_DE_PAGO,SIN_CUBRIR,,Corte 12-17 Enero 2026,IMPORTABLE,
1155,2026-01-17,45383,AVON,EXACT,CORRUGADO CARTON,CARTON,CORRUGADO CARTON,SOURCE,EXACT,14270.000,12785.000,1485.000,0.000,0.000,0.000,0.000,1485.000,1485.000,1.200,1.200,MATCH,0.000,1782.000,1782.000,Pendiente,No Facturado,PENDIENTE_DE_FACTURAR,PENDIENTE_DE_PAGO,SIN_CUBRIR,,Corte 12-17 Enero 2026,IMPORTABLE,
1156,2026-01-17,45384,AVON,EXACT,CORRUGADO CARTON,CARTON,CORRUGADO CARTON,SOURCE,EXACT,13980.000,12795.000,1185.000,0.000,0.000,0.000,0.000,1185.000,1185.000,1.200,1.200,MATCH,0.000,1422.000,1422.000,Pendiente,No Facturado,PENDIENTE_DE_FACTURAR,PENDIENTE_DE_PAGO,SIN_CUBRIR,,Corte 12-17 Enero 2026,IMPORTABLE,
1157,2026-01-16,45374,AVON,EXACT,CORRUGADO CARTON,CARTON,CORRUGADO CARTON,SOURCE,EXACT,15190.000,13755.000,1435.000,0.000,0.000,0.000,0.000,1435.000,1435.000,1.200,1.200,MATCH,0.000,1722.000,1722.000,Pendiente,No Facturado,PENDIENTE_DE_FACTURAR,PENDIENTE_DE_PAGO,SIN_CUBRIR,,Corte 12-17 Enero 2026,IMPORTABLE,
1158,2026-01-16,45375,AVON,EXACT,CORRUGADO CARTON,CARTON,CORRUGADO CARTON,SOURCE,EXACT,15260.000,13555.000,1705.000,0.000,0.000,0.000,0.000,1705.000,1705.000,1.200,1.200,MATCH,0.000,2046.000,2046.000,Pendiente,No Facturado,PENDIENTE_DE_FACTURAR,PENDIENTE_DE_PAGO,SIN_CUBRIR,,Corte 12-17 Enero 2026,IMPORTABLE,
1159,2026-01-16,45376,AVON,EXACT,CORRUGADO CARTON,CARTON,CORRUGADO CARTON,SOURCE,EXACT,14330.000,13380.000,950.000,0.000,0.000,0.000,0.000,950.000,950.000,1.200,1.200,MATCH,0.000,1140.000,1140.000,Pendiente,No Facturado,PENDIENTE_DE_FACTURAR,PENDIENTE_DE_PAGO,SIN_CUBRIR,,Corte 12-17 Enero 2026,IMPORTABLE,
1160,2026-01-16,45377,AVON,EXACT,CORRUGADO CARTON,CARTON,CORRUGADO CARTON,SOURCE,EXACT,15770.000,13235.000,2535.000,0.000,0.000,0.000,0.000,2535.000,2535.000,1.200,1.200,MATCH,0.000,3042.000,3042.000,Pendiente,No Facturado,PENDIENTE_DE_FACTURAR,PENDIENTE_DE_PAGO,SIN_CUBRIR,,Corte 12-17 Enero 2026,IMPORTABLE,
1161,2026-01-16,45379,AVON,EXACT,CORRUGADO CARTON,CARTON,CORRUGADO CARTON,SOURCE,EXACT,5920.000,5320.000,600.000,0.000,0.000,0.000,0.000,600.000,600.000,1.200,1.200,MATCH,0.000,720.000,720.000,Pendiente,No Facturado,PENDIENTE_DE_FACTURAR,PENDIENTE_DE_PAGO,SIN_CUBRIR,,Corte 12-17 Enero 2026,IMPORTABLE,
1162,2026-01-16,45378,AVON,EXACT,CORRUGADO CARTON,CARTON,CORRUGADO CARTON,SOURCE,EXACT,14830.000,13555.000,1275.000,0.000,0.000,0.000,0.000,1275.000,1275.000,1.200,1.200,MATCH,0.000,1530.000,1530.000,Pendiente,No Facturado,PENDIENTE_DE_FACTURAR,PENDIENTE_DE_PAGO,SIN_CUBRIR,,Corte 12-17 Enero 2026,IMPORTABLE,
1163,2026-01-16,45380,AVON,EXACT,CORRUGADO CARTON,CARTON,CORRUGADO CARTON,SOURCE,EXACT,14580.000,13380.000,1200.000,0.000,0.000,0.000,0.000,1200.000,1200.000,1.200,1.200,MATCH,0.000,1440.000,1440.000,Pendiente,No Facturado,PENDIENTE_DE_FACTURAR,PENDIENTE_DE_PAGO,SIN_CUBRIR,,Corte 12-17 Enero 2026,IMPORTABLE,
1164,2026-01-15,45365,AVON,EXACT,CORRUGADO CARTON,CARTON,CORRUGADO CARTON,SOURCE,EXACT,15170.000,13380.000,1790.000,0.000,0.000,0.000,0.000,1790.000,1790.000,1.200,1.200,MATCH,0.000,2148.000,2148.000,Pendiente,No Facturado,PENDIENTE_DE_FACTURAR,PENDIENTE_DE_PAGO,SIN_CUBRIR,,Corte 12-17 Enero 2026,IMPORTABLE,
1165,2026-01-15,45366,AVON,EXACT,CORRUGADO CARTON,CARTON,CORRUGADO CARTON,SOURCE,EXACT,15330.000,13755.000,1575.000,0.000,0.000,0.000,0.000,1575.000,1575.000,1.200,1.200,MATCH,0.000,1890.000,1890.000,Pendiente,No Facturado,PENDIENTE_DE_FACTURAR,PENDIENTE_DE_PAGO,SIN_CUBRIR,,Corte 12-17 Enero 2026,IMPORTABLE,
1166,2026-01-15,45368,AVON,EXACT,CORRUGADO CARTON,CARTON,CORRUGADO CARTON,SOURCE,EXACT,16110.000,13555.000,2555.000,0.000,0.000,0.000,0.000,2555.000,2555.000,1.200,1.200,MATCH,0.000,3066.000,3066.000,Pendiente,No Facturado,PENDIENTE_DE_FACTURAR,PENDIENTE_DE_PAGO,SIN_CUBRIR,,Corte 12-17 Enero 2026,IMPORTABLE,
1167,2026-01-15,45370,AVON,EXACT,CORRUGADO CARTON,CARTON,CORRUGADO CARTON,SOURCE,EXACT,14320.000,13380.000,940.000,0.000,0.000,0.000,0.000,940.000,940.000,1.200,1.200,MATCH,0.000,1128.000,1128.000,Pendiente,No Facturado,PENDIENTE_DE_FACTURAR,PENDIENTE_DE_PAGO,SIN_CUBRIR,,Corte 12-17 Enero 2026,IMPORTABLE,
1168,2026-01-15,45371,AVON,EXACT,CORRUGADO CARTON,CARTON,CORRUGADO CARTON,SOURCE,EXACT,14960.000,13755.000,1205.000,0.000,0.000,0.000,0.000,1205.000,1205.000,1.200,1.200,MATCH,0.000,1446.000,1446.000,Pendiente,No Facturado,PENDIENTE_DE_FACTURAR,PENDIENTE_DE_PAGO,SIN_CUBRIR,,Corte 12-17 Enero 2026,IMPORTABLE,
1169,2026-01-15,45372,AVON,EXACT,CORRUGADO CARTON,CARTON,CORRUGADO CARTON,SOURCE,EXACT,14420.000,13380.000,1040.000,0.000,0.000,0.000,0.000,1040.000,1040.000,1.200,1.200,MATCH,0.000,1248.000,1248.000,Pendiente,No Facturado,PENDIENTE_DE_FACTURAR,PENDIENTE_DE_PAGO,SIN_CUBRIR,,Corte 12-17 Enero 2026,IMPORTABLE,
1170,2026-01-14,45360,AVON,EXACT,CORRUGADO CARTON,CARTON,CORRUGADO CARTON,SOURCE,EXACT,14940.000,13565.000,1375.000,0.000,0.000,0.000,0.000,1375.000,1375.000,1.200,1.200,MATCH,0.000,1650.000,1650.000,Pendiente,No Facturado,PENDIENTE_DE_FACTURAR,PENDIENTE_DE_PAGO,SIN_CUBRIR,,Corte 12-17 Enero 2026,IMPORTABLE,
1171,2026-01-14,45362,AVON,EXACT,CORRUGADO CARTON,CARTON,CORRUGADO CARTON,SOURCE,EXACT,14790.000,13380.000,1410.000,0.000,0.000,0.000,0.000,1410.000,1410.000,1.200,1.200,MATCH,0.000,1692.000,1692.000,Pendiente,No Facturado,PENDIENTE_DE_FACTURAR,PENDIENTE_DE_PAGO,SIN_CUBRIR,,Corte 12-17 Enero 2026,IMPORTABLE,
1172,2026-01-14,45363,AVON,EXACT,CORRUGADO CARTON,CARTON,CORRUGADO CARTON,SOURCE,EXACT,13700.000,12795.000,905.000,0.000,0.000,0.000,0.000,905.000,905.000,1.200,1.200,MATCH,0.000,1086.000,1086.000,Pendiente,No Facturado,PENDIENTE_DE_FACTURAR,PENDIENTE_DE_PAGO,SIN_CUBRIR,,Corte 12-17 Enero 2026,IMPORTABLE,
1173,2026-01-14,45353,AVON,EXACT,CORRUGADO CARTON,CARTON,CORRUGADO CARTON,SOURCE,EXACT,13810.000,12610.000,1200.000,0.000,0.000,0.000,0.000,1200.000,1200.000,1.200,1.200,MATCH,0.000,1440.000,1440.000,Pendiente,No Facturado,PENDIENTE_DE_FACTURAR,PENDIENTE_DE_PAGO,SIN_CUBRIR,,Corte 12-17 Enero 2026,IMPORTABLE,
1174,2026-01-14,45357,AVON,EXACT,CORRUGADO CARTON,CARTON,CORRUGADO CARTON,SOURCE,EXACT,14680.000,12985.000,1695.000,0.000,0.000,0.000,0.000,1695.000,1695.000,1.200,1.200,MATCH,0.000,2034.000,2034.000,Pendiente,No Facturado,PENDIENTE_DE_FACTURAR,PENDIENTE_DE_PAGO,SIN_CUBRIR,,Corte 12-17 Enero 2026,IMPORTABLE,
1175,2026-01-13,45351,AVON,EXACT,CORRUGADO CARTON,CARTON,CORRUGADO CARTON,SOURCE,EXACT,13420.000,12610.000,810.000,0.000,0.000,0.000,0.000,810.000,810.000,1.200,1.200,MATCH,0.000,972.000,972.000,Pendiente,No Facturado,PENDIENTE_DE_FACTURAR,PENDIENTE_DE_PAGO,SIN_CUBRIR,,Corte 12-17 Enero 2026,IMPORTABLE,
1176,2026-01-13,45349,AVON,EXACT,CORRUGADO CARTON,CARTON,CORRUGADO CARTON,SOURCE,EXACT,14090.000,12985.000,1105.000,0.000,0.000,0.000,0.000,1105.000,1105.000,1.200,1.200,MATCH,0.000,1326.000,1326.000,Pendiente,No Facturado,PENDIENTE_DE_FACTURAR,PENDIENTE_DE_PAGO,SIN_CUBRIR,,Corte 12-17 Enero 2026,IMPORTABLE,
1177,2026-01-13,45348,AVON,EXACT,CORRUGADO CARTON,CARTON,CORRUGADO CARTON,SOURCE,EXACT,14410.000,12465.000,1945.000,0.000,0.000,0.000,0.000,1945.000,1945.000,1.200,1.200,MATCH,0.000,2334.000,2334.000,Pendiente,No Facturado,PENDIENTE_DE_FACTURAR,PENDIENTE_DE_PAGO,SIN_CUBRIR,,Corte 12-17 Enero 2026,IMPORTABLE,
1178,2026-01-13,45344,AVON,EXACT,CORRUGADO CARTON,CARTON,CORRUGADO CARTON,SOURCE,EXACT,13640.000,12610.000,1030.000,0.000,0.000,0.000,0.000,1030.000,1030.000,1.200,1.200,MATCH,0.000,1236.000,1236.000,Pendiente,No Facturado,PENDIENTE_DE_FACTURAR,PENDIENTE_DE_PAGO,SIN_CUBRIR,,Corte 12-17 Enero 2026,IMPORTABLE,
1179,2026-01-12,45339,AVON,EXACT,CORRUGADO CARTON,CARTON,CORRUGADO CARTON,SOURCE,EXACT,16090.000,13755.000,2335.000,0.000,0.000,0.000,0.000,2335.000,2335.000,1.200,1.200,MATCH,0.000,2802.000,2802.000,Pendiente,No Facturado,PENDIENTE_DE_FACTURAR,PENDIENTE_DE_PAGO,SIN_CUBRIR,,Corte 12-17 Enero 2026,IMPORTABLE,
1180,2026-01-12,45342,AVON,EXACT,CORRUGADO CARTON,CARTON,CORRUGADO CARTON,SOURCE,EXACT,14310.000,12795.000,1515.000,0.000,0.000,0.000,0.000,1515.000,1515.000,1.200,1.200,MATCH,0.000,1818.000,1818.000,Pendiente,No Facturado,PENDIENTE_DE_FACTURAR,PENDIENTE_DE_PAGO,SIN_CUBRIR,,Corte 12-17 Enero 2026,IMPORTABLE,
1181,2026-01-12,45341,AVON,EXACT,CORRUGADO CARTON,CARTON,CORRUGADO CARTON,SOURCE,EXACT,14220.000,12785.000,1435.000,0.000,0.000,0.000,0.000,1435.000,1435.000,1.200,1.200,MATCH,0.000,1722.000,1722.000,Pendiente,No Facturado,PENDIENTE_DE_FACTURAR,PENDIENTE_DE_PAGO,SIN_CUBRIR,,Corte 12-17 Enero 2026,IMPORTABLE,
1182,2026-01-10,45334,AVON,EXACT,CORRUGADO CARTON,CARTON,CORRUGADO CARTON,SOURCE,EXACT,13630.000,12465.000,1165.000,0.000,0.000,0.000,0.000,1165.000,1165.000,1.200,1.200,MATCH,0.000,1398.000,1398.000,Pendiente,No Facturado,PENDIENTE_DE_FACTURAR,PENDIENTE_DE_PAGO,SIN_CUBRIR,,CORTE 05-10 ENERO 2026,IMPORTABLE,
1183,2026-01-10,45335,AVON,EXACT,CORRUGADO CARTON,CARTON,CORRUGADO CARTON,SOURCE,EXACT,14750.000,12900.000,1850.000,0.000,0.000,0.000,0.000,1850.000,1850.000,1.200,1.200,MATCH,0.000,2220.000,2220.000,Pendiente,No Facturado,PENDIENTE_DE_FACTURAR,PENDIENTE_DE_PAGO,SIN_CUBRIR,,CORTE 05-10 ENERO 2026,IMPORTABLE,
1184,2026-01-09,45327,AVON,EXACT,CORRUGADO CARTON,CARTON,CORRUGADO CARTON,SOURCE,EXACT,14700.000,12795.000,1905.000,0.000,0.000,0.000,0.000,1905.000,1905.000,1.200,1.200,MATCH,0.000,2286.000,2286.000,Pendiente,No Facturado,PENDIENTE_DE_FACTURAR,PENDIENTE_DE_PAGO,SIN_CUBRIR,,CORTE 05-10 ENERO 2026,IMPORTABLE,
1185,2026-01-09,45329,AVON,EXACT,CORRUGADO CARTON,CARTON,CORRUGADO CARTON,SOURCE,EXACT,13420.000,12465.000,955.000,0.000,0.000,0.000,0.000,955.000,955.000,1.200,1.200,MATCH,0.000,1146.000,1146.000,Pendiente,No Facturado,PENDIENTE_DE_FACTURAR,PENDIENTE_DE_PAGO,SIN_CUBRIR,,CORTE 05-10 ENERO 2026,IMPORTABLE,
1186,2026-01-09,45331,AVON,EXACT,CORRUGADO CARTON,CARTON,CORRUGADO CARTON,SOURCE,EXACT,13950.000,12785.000,1165.000,0.000,0.000,0.000,0.000,1165.000,1165.000,1.200,1.200,MATCH,0.000,1398.000,1398.000,Pendiente,No Facturado,PENDIENTE_DE_FACTURAR,PENDIENTE_DE_PAGO,SIN_CUBRIR,,CORTE 05-10 ENERO 2026,IMPORTABLE,
1187,2026-01-09,45333,AVON,EXACT,CORRUGADO CARTON,CARTON,CORRUGADO CARTON,SOURCE,EXACT,13590.000,12795.000,795.000,0.000,0.000,0.000,0.000,795.000,795.000,1.200,1.200,MATCH,0.000,954.000,954.000,Pendiente,No Facturado,PENDIENTE_DE_FACTURAR,PENDIENTE_DE_PAGO,SIN_CUBRIR,,CORTE 05-10 ENERO 2026,IMPORTABLE,
1188,2026-01-08,45321,AVON,EXACT,CORRUGADO CARTON,CARTON,CORRUGADO CARTON,SOURCE,EXACT,14550.000,12465.000,2085.000,0.000,0.000,0.000,0.000,2085.000,2085.000,1.200,1.200,MATCH,0.000,2502.000,2502.000,Pendiente,No Facturado,PENDIENTE_DE_FACTURAR,PENDIENTE_DE_PAGO,SIN_CUBRIR,,CORTE 05-10 ENERO 2026,IMPORTABLE,
1189,2026-01-08,45322,AVON,EXACT,CORRUGADO CARTON,CARTON,CORRUGADO CARTON,SOURCE,EXACT,14870.000,12785.000,2085.000,0.000,0.000,0.000,0.000,2085.000,2085.000,1.200,1.200,MATCH,0.000,2502.000,2502.000,Pendiente,No Facturado,PENDIENTE_DE_FACTURAR,PENDIENTE_DE_PAGO,SIN_CUBRIR,,CORTE 05-10 ENERO 2026,IMPORTABLE,
1190,2026-01-08,45323,AVON,EXACT,CORRUGADO CARTON,CARTON,CORRUGADO CARTON,SOURCE,EXACT,15510.000,12985.000,2525.000,0.000,0.000,0.000,0.000,2525.000,2525.000,1.200,1.200,MATCH,0.000,3030.000,3030.000,Pendiente,No Facturado,PENDIENTE_DE_FACTURAR,PENDIENTE_DE_PAGO,SIN_CUBRIR,,CORTE 05-10 ENERO 2026,IMPORTABLE,
1191,2026-01-08,45326,AVON,EXACT,CORRUGADO CARTON,CARTON,CORRUGADO CARTON,SOURCE,EXACT,14750.000,13380.000,1370.000,0.000,0.000,0.000,0.000,1370.000,1370.000,1.200,1.200,MATCH,0.000,1644.000,1644.000,Pendiente,No Facturado,PENDIENTE_DE_FACTURAR,PENDIENTE_DE_PAGO,SIN_CUBRIR,,CORTE 05-10 ENERO 2026,IMPORTABLE,
1192,2026-01-07,45312,AVON,EXACT,CORRUGADO CARTON,CARTON,CORRUGADO CARTON,SOURCE,EXACT,13960.000,12785.000,1175.000,0.000,0.000,0.000,0.000,1175.000,1175.000,1.200,1.200,MATCH,0.000,1410.000,1410.000,Pendiente,No Facturado,PENDIENTE_DE_FACTURAR,PENDIENTE_DE_PAGO,SIN_CUBRIR,,CORTE 05-10 ENERO 2026,IMPORTABLE,
1193,2026-01-07,45313,AVON,EXACT,CORRUGADO CARTON,CARTON,CORRUGADO CARTON,SOURCE,EXACT,13270.000,12610.000,660.000,0.000,0.000,0.000,0.000,660.000,660.000,1.200,1.200,MATCH,0.000,792.000,792.000,Pendiente,No Facturado,PENDIENTE_DE_FACTURAR,PENDIENTE_DE_PAGO,SIN_CUBRIR,,CORTE 05-10 ENERO 2026,IMPORTABLE,
1194,2026-01-07,45314,AVON,EXACT,CORRUGADO CARTON,CARTON,CORRUGADO CARTON,SOURCE,EXACT,15770.000,12795.000,2975.000,0.000,0.000,0.000,0.000,2975.000,2975.000,1.200,1.200,MATCH,0.000,3570.000,3570.000,Pendiente,No Facturado,PENDIENTE_DE_FACTURAR,PENDIENTE_DE_PAGO,SIN_CUBRIR,,CORTE 05-10 ENERO 2026,IMPORTABLE,
1195,2026-01-07,45316,AVON,EXACT,CORRUGADO CARTON,CARTON,CORRUGADO CARTON,SOURCE,EXACT,13850.000,12785.000,1065.000,0.000,0.000,0.000,0.000,1065.000,1065.000,1.200,1.200,MATCH,0.000,1278.000,1278.000,Pendiente,No Facturado,PENDIENTE_DE_FACTURAR,PENDIENTE_DE_PAGO,SIN_CUBRIR,,CORTE 05-10 ENERO 2026,IMPORTABLE,
1196,2026-01-07,45317,AVON,EXACT,CORRUGADO CARTON,CARTON,CORRUGADO CARTON,SOURCE,EXACT,13410.000,12610.000,800.000,0.000,0.000,0.000,0.000,800.000,800.000,1.200,1.200,MATCH,0.000,960.000,960.000,Pendiente,No Facturado,PENDIENTE_DE_FACTURAR,PENDIENTE_DE_PAGO,SIN_CUBRIR,,CORTE 05-10 ENERO 2026,IMPORTABLE,
1197,2026-01-06,45311,AVON,EXACT,CORRUGADO CARTON,CARTON,CORRUGADO CARTON,SOURCE,EXACT,13300.000,12465.000,835.000,0.000,0.000,0.000,0.000,835.000,835.000,1.200,1.200,MATCH,0.000,1002.000,1002.000,Pendiente,No Facturado,PENDIENTE_DE_FACTURAR,PENDIENTE_DE_PAGO,SIN_CUBRIR,,CORTE 05-10 ENERO 2026,IMPORTABLE,
1198,2026-01-06,45310,AVON,EXACT,CORRUGADO CARTON,CARTON,CORRUGADO CARTON,SOURCE,EXACT,14030.000,12785.000,1245.000,0.000,0.000,0.000,0.000,1245.000,1245.000,1.200,1.200,MATCH,0.000,1494.000,1494.000,Pendiente,No Facturado,PENDIENTE_DE_FACTURAR,PENDIENTE_DE_PAGO,SIN_CUBRIR,,CORTE 05-10 ENERO 2026,IMPORTABLE,
1199,2026-01-06,45307,AVON,EXACT,CORRUGADO CARTON,CARTON,CORRUGADO CARTON,SOURCE,EXACT,13290.000,12610.000,680.000,0.000,0.000,0.000,0.000,680.000,680.000,1.200,1.200,MATCH,0.000,816.000,816.000,Pendiente,No Facturado,PENDIENTE_DE_FACTURAR,PENDIENTE_DE_PAGO,SIN_CUBRIR,,CORTE 05-10 ENERO 2026,IMPORTABLE,
1200,2026-01-05,45305,AVON,EXACT,CORRUGADO CARTON,CARTON,CORRUGADO CARTON,SOURCE,EXACT,13510.000,12465.000,1045.000,0.000,0.000,0.000,0.000,1045.000,1045.000,1.200,1.200,MATCH,0.000,1254.000,1254.000,Pendiente,No Facturado,PENDIENTE_DE_FACTURAR,PENDIENTE_DE_PAGO,SIN_CUBRIR,,CORTE 05-10 ENERO 2026,IMPORTABLE,
1201,2026-01-05,45304,AVON,EXACT,CORRUGADO CARTON,CARTON,CORRUGADO CARTON,SOURCE,EXACT,13740.000,12610.000,1130.000,0.000,0.000,0.000,0.000,1130.000,1130.000,1.200,1.200,MATCH,0.000,1356.000,1356.000,Pendiente,No Facturado,PENDIENTE_DE_FACTURAR,PENDIENTE_DE_PAGO,SIN_CUBRIR,,CORTE 05-10 ENERO 2026,IMPORTABLE,
1202,2026-01-05,45303,AVON,EXACT,CORRUGADO CARTON,CARTON,CORRUGADO CARTON,SOURCE,EXACT,13680.000,12465.000,1215.000,0.000,0.000,0.000,0.000,1215.000,1215.000,1.200,1.200,MATCH,0.000,1458.000,1458.000,Pendiente,No Facturado,PENDIENTE_DE_FACTURAR,PENDIENTE_DE_PAGO,SIN_CUBRIR,,CORTE 05-10 ENERO 2026,IMPORTABLE,
1203,2026-01-03,45299,AVON,EXACT,CORRUGADO CARTON,CARTON,CORRUGADO CARTON,SOURCE,EXACT,13850.000,12785.000,1065.000,0.000,0.000,0.000,0.000,1065.000,1065.000,1.200,1.200,MATCH,0.000,1278.000,1278.000,Pendiente,No Facturado,PENDIENTE_DE_FACTURAR,PENDIENTE_DE_PAGO,SIN_CUBRIR,,CORTE 02-03 ENERO 2026,IMPORTABLE,
1204,2026-01-03,45300,AVON,EXACT,CORRUGADO CARTON,CARTON,CORRUGADO CARTON,SOURCE,EXACT,12920.000,12610.000,310.000,0.000,0.000,0.000,0.000,310.000,310.000,1.200,1.200,MATCH,0.000,372.000,372.000,Pendiente,No Facturado,PENDIENTE_DE_FACTURAR,PENDIENTE_DE_PAGO,SIN_CUBRIR,,CORTE 02-03 ENERO 2026,IMPORTABLE,
1205,2026-01-03,45301,AVON,EXACT,CORRUGADO CARTON,CARTON,CORRUGADO CARTON,SOURCE,EXACT,14050.000,12610.000,1440.000,0.000,0.000,0.000,0.000,1440.000,1440.000,1.200,1.200,MATCH,0.000,1728.000,1728.000,Pendiente,No Facturado,PENDIENTE_DE_FACTURAR,PENDIENTE_DE_PAGO,SIN_CUBRIR,,CORTE 02-03 ENERO 2026,IMPORTABLE,
1206,2026-01-03,45302,AVON,EXACT,CORRUGADO CARTON,CARTON,CORRUGADO CARTON,SOURCE,EXACT,14240.000,12785.000,1455.000,0.000,0.000,0.000,0.000,1455.000,1455.000,1.200,1.200,MATCH,0.000,1746.000,1746.000,Pendiente,No Facturado,PENDIENTE_DE_FACTURAR,PENDIENTE_DE_PAGO,SIN_CUBRIR,,CORTE 02-03 ENERO 2026,IMPORTABLE,
1207,2026-01-02,45295,AVON,EXACT,CORRUGADO CARTON,CARTON,CORRUGADO CARTON,SOURCE,EXACT,14150.000,12785.000,1365.000,0.000,0.000,0.000,0.000,1365.000,1365.000,1.200,1.200,MATCH,0.000,1638.000,1638.000,Pendiente,No Facturado,PENDIENTE_DE_FACTURAR,PENDIENTE_DE_PAGO,SIN_CUBRIR,,CORTE 02-03 ENERO 2026,IMPORTABLE,
1208,2026-01-02,45297,AVON,EXACT,CORRUGADO CARTON,CARTON,CORRUGADO CARTON,SOURCE,EXACT,13790.000,12610.000,1180.000,0.000,0.000,0.000,0.000,1180.000,1180.000,1.200,1.200,MATCH,0.000,1416.000,1416.000,Pendiente,No Facturado,PENDIENTE_DE_FACTURAR,PENDIENTE_DE_PAGO,SIN_CUBRIR,,CORTE 02-03 ENERO 2026,IMPORTABLE,
1209,2026-01-02,45298,AVON,EXACT,CORRUGADO CARTON,CARTON,CORRUGADO CARTON,SOURCE,EXACT,13250.000,12465.000,785.000,0.000,0.000,0.000,0.000,785.000,785.000,1.200,1.200,MATCH,0.000,942.000,942.000,Pendiente,No Facturado,PENDIENTE_DE_FACTURAR,PENDIENTE_DE_PAGO,SIN_CUBRIR,,CORTE 02-03 ENERO 2026,IMPORTABLE,
1210,2025-12-13,45191,AVON,EXACT,CORRUGADO CARTON,CARTON,CORRUGADO CARTON,SOURCE,EXACT,13880.000,12610.000,1270.000,0.000,0.000,0.000,0.000,1270.000,1270.000,1.200,1.200,MATCH,0.000,1524.000,1524.000,Pendiente,Facturado,FACTURADO,PENDIENTE_DE_PAGO,SIN_CUBRIR,,Corte 08-13 diciembre 2025,IMPORTABLE,
1211,2025-12-10,45172,AVON,EXACT,CORRUGADO CARTON,CARTON,CORRUGADO CARTON,SOURCE,EXACT,14110.000,12465.000,1645.000,0.000,0.000,0.000,0.000,1645.000,1645.000,1.200,1.200,MATCH,0.000,1974.000,1974.000,Pendiente,Facturado,FACTURADO,PENDIENTE_DE_PAGO,SIN_CUBRIR,,Corte 08-13 diciembre 2025,IMPORTABLE,
1212,2025-12-10,45173,AVON,EXACT,CORRUGADO CARTON,CARTON,CORRUGADO CARTON,SOURCE,EXACT,16190.000,12985.000,3205.000,0.000,0.000,0.000,0.000,3205.000,3205.000,1.200,1.200,MATCH,0.000,3846.000,3846.000,Pendiente,Facturado,FACTURADO,PENDIENTE_DE_PAGO,SIN_CUBRIR,,Corte 08-13 diciembre 2025,IMPORTABLE,
1213,2025-12-09,45160,AVON,EXACT,CORRUGADO CARTON,CARTON,CORRUGADO CARTON,SOURCE,EXACT,15030.000,12795.000,2235.000,0.000,0.000,0.000,0.000,2235.000,2235.000,1.200,1.200,MATCH,0.000,2682.000,2682.000,Pendiente,Facturado,FACTURADO,PENDIENTE_DE_PAGO,SIN_CUBRIR,,Corte 08-13 diciembre 2025,IMPORTABLE,
1214,2025-12-06,45148,AVON,EXACT,CORRUGADO CARTON,CARTON,CORRUGADO CARTON,SOURCE,EXACT,13760.000,12465.000,1295.000,0.000,0.000,0.000,0.000,1295.000,1295.000,1.200,1.200,MATCH,0.000,1554.000,1554.000,Pendiente,Facturado,FACTURADO,PENDIENTE_DE_PAGO,SIN_CUBRIR,,Reporte 01-06 diciembre 2025,IMPORTABLE,
1215,2025-12-04,45134,AVON,EXACT,CORRUGADO CARTON,CARTON,CORRUGADO CARTON,SOURCE,EXACT,13670.000,12465.000,1205.000,0.000,0.000,0.000,0.000,1205.000,1205.000,1.200,1.200,MATCH,0.000,1446.000,1446.000,Pendiente,Facturado,FACTURADO,PENDIENTE_DE_PAGO,SIN_CUBRIR,,Reporte 01-06 diciembre 2025,IMPORTABLE,
1216,2025-12-04,45133,AVON,EXACT,CORRUGADO CARTON,CARTON,CORRUGADO CARTON,SOURCE,EXACT,14270.000,12795.000,1475.000,0.000,0.000,0.000,0.000,1475.000,1475.000,1.200,1.200,MATCH,0.000,1770.000,1770.000,Pendiente,Facturado,FACTURADO,PENDIENTE_DE_PAGO,SIN_CUBRIR,,Reporte 01-06 diciembre 2025,IMPORTABLE,
1217,2025-12-03,45117,AVON,EXACT,CORRUGADO CARTON,CARTON,CORRUGADO CARTON,SOURCE,EXACT,14520.000,12610.000,1910.000,0.000,0.000,0.000,0.000,1910.000,1910.000,1.200,1.200,MATCH,0.000,2292.000,2292.000,Pendiente,Facturado,FACTURADO,PENDIENTE_DE_PAGO,SIN_CUBRIR,,Reporte 01-06 diciembre 2025,IMPORTABLE,
1218,2025-12-01,45106,AVON,EXACT,CORRUGADO CARTON,CARTON,CORRUGADO CARTON,SOURCE,EXACT,14010.000,12465.000,1545.000,0.000,0.000,0.000,0.000,1545.000,1545.000,1.200,1.200,MATCH,0.000,1854.000,1854.000,Pendiente,Facturado,FACTURADO,PENDIENTE_DE_PAGO,SIN_CUBRIR,,Reporte 01-06 diciembre 2025,IMPORTABLE,
1219,2025-11-29,45096,AVON,EXACT,CORRUGADO CARTON,CARTON,CORRUGADO CARTON,SOURCE,EXACT,14320.000,12795.000,1525.000,0.000,0.000,0.000,0.000,1525.000,1525.000,1.200,1.200,MATCH,0.000,1830.000,1830.000,Pendiente,Facturado,FACTURADO,PENDIENTE_DE_PAGO,SIN_CUBRIR,C-919,Reporte 24-28 noviembre 2025,IMPORTABLE,
1220,2025-11-29,45097,AVON,EXACT,CORRUGADO CARTON,CARTON,CORRUGADO CARTON,SOURCE,EXACT,13840.000,12785.000,1055.000,0.000,0.000,0.000,0.000,1055.000,1055.000,1.200,1.200,MATCH,0.000,1266.000,1266.000,Pendiente,Facturado,FACTURADO,PENDIENTE_DE_PAGO,SIN_CUBRIR,C-919,Reporte 24-28 noviembre  2025,IMPORTABLE,
1221,2025-11-28,45091,AVON,EXACT,CORRUGADO CARTON,CARTON,CORRUGADO CARTON,SOURCE,EXACT,14900.000,12465.000,2435.000,0.000,0.000,0.000,0.000,2435.000,2435.000,1.200,1.200,MATCH,0.000,2922.000,2922.000,Pendiente,Facturado,FACTURADO,PENDIENTE_DE_PAGO,SIN_CUBRIR,C-919,Reporte 24-28 noviembre 2025,IMPORTABLE,
1222,2025-11-28,45089,AVON,EXACT,CORRUGADO CARTON,CARTON,CORRUGADO CARTON,SOURCE,EXACT,14020.000,12785.000,1235.000,0.000,0.000,0.000,0.000,1235.000,1235.000,1.200,1.200,MATCH,0.000,1482.000,1482.000,Pendiente,Facturado,FACTURADO,PENDIENTE_DE_PAGO,SIN_CUBRIR,C-919,Reporte 24-28 noviembre 2025,IMPORTABLE,
1223,2025-11-28,45095,AVON,EXACT,CORRUGADO CARTON,CARTON,CORRUGADO CARTON,SOURCE,EXACT,13680.000,12465.000,1215.000,0.000,0.000,0.000,0.000,1215.000,1215.000,1.200,1.200,MATCH,0.000,1458.000,1458.000,Pendiente,Facturado,FACTURADO,PENDIENTE_DE_PAGO,SIN_CUBRIR,C-919,Reporte 24-28 noviembre 2025,IMPORTABLE,
1224,2025-11-28,45094,AVON,EXACT,CORRUGADO CARTON,CARTON,CORRUGADO CARTON,SOURCE,EXACT,14440.000,13380.000,1060.000,0.000,0.000,0.000,0.000,1060.000,1060.000,1.200,1.200,MATCH,0.000,1272.000,1272.000,Pendiente,Facturado,FACTURADO,PENDIENTE_DE_PAGO,SIN_CUBRIR,C-919,Reporte 24-28 noviembre 2025,IMPORTABLE,
1225,2025-11-28,45093,AVON,EXACT,CORRUGADO CARTON,CARTON,CORRUGADO CARTON,SOURCE,EXACT,14140.000,12795.000,1345.000,0.000,0.000,0.000,0.000,1345.000,1345.000,1.200,1.200,MATCH,0.000,1614.000,1614.000,Pendiente,Facturado,FACTURADO,PENDIENTE_DE_PAGO,SIN_CUBRIR,C-919,Reporte 24-28 noviembre 2025,IMPORTABLE,
1226,2025-11-27,45086,AVON,EXACT,CORRUGADO CARTON,CARTON,CORRUGADO CARTON,SOURCE,EXACT,13630.000,12795.000,835.000,0.000,0.000,0.000,0.000,835.000,835.000,1.200,1.200,MATCH,0.000,1002.000,1002.000,Pendiente,Facturado,FACTURADO,PENDIENTE_DE_PAGO,SIN_CUBRIR,C-919,Reporte 24-28 noviembre 2025,IMPORTABLE,
1227,2025-11-27,45084,AVON,EXACT,CORRUGADO CARTON,CARTON,CORRUGADO CARTON,SOURCE,EXACT,14200.000,12610.000,1590.000,0.000,0.000,0.000,0.000,1590.000,1590.000,1.200,1.200,MATCH,0.000,1908.000,1908.000,Pendiente,Facturado,FACTURADO,PENDIENTE_DE_PAGO,SIN_CUBRIR,C-919,Reporte 24-28 noviembre 2025,IMPORTABLE,
1228,2025-11-27,45082,AVON,EXACT,CORRUGADO CARTON,CARTON,CORRUGADO CARTON,SOURCE,EXACT,15220.000,13565.000,1655.000,0.000,0.000,0.000,0.000,1655.000,1655.000,1.200,1.200,MATCH,0.000,1986.000,1986.000,Pendiente,Facturado,FACTURADO,PENDIENTE_DE_PAGO,SIN_CUBRIR,C-919,Reporte 24-28 noviembre 2025,IMPORTABLE,
1229,2025-11-27,45080,AVON,EXACT,CORRUGADO CARTON,CARTON,CORRUGADO CARTON,SOURCE,EXACT,15740.000,13755.000,1985.000,0.000,0.000,0.000,0.000,1985.000,1985.000,1.200,1.200,MATCH,0.000,2382.000,2382.000,Pendiente,Facturado,FACTURADO,PENDIENTE_DE_PAGO,SIN_CUBRIR,C-919,Reporte 24-28 noviembre 2025,IMPORTABLE,
1230,2025-11-27,45079,AVON,EXACT,CORRUGADO CARTON,CARTON,CORRUGADO CARTON,SOURCE,EXACT,14780.000,13555.000,1225.000,0.000,0.000,0.000,0.000,1225.000,1225.000,1.200,1.200,MATCH,0.000,1470.000,1470.000,Pendiente,Facturado,FACTURADO,PENDIENTE_DE_PAGO,SIN_CUBRIR,C-919,Reporte 24-28 noviembre 2025,IMPORTABLE,
1231,2025-11-27,45077,AVON,EXACT,CORRUGADO CARTON,CARTON,CORRUGADO CARTON,SOURCE,EXACT,14630.000,12610.000,2020.000,0.000,0.000,0.000,0.000,2020.000,2020.000,1.200,1.200,MATCH,0.000,2424.000,2424.000,Pendiente,Facturado,FACTURADO,PENDIENTE_DE_PAGO,SIN_CUBRIR,C-919,Reporte 24-28 noviembre 2025,IMPORTABLE,
1232,2025-11-26,45075,AVON,EXACT,CORRUGADO CARTON,CARTON,CORRUGADO CARTON,SOURCE,EXACT,14200.000,12795.000,1405.000,0.000,0.000,0.000,0.000,1405.000,1405.000,1.200,1.200,MATCH,0.000,1686.000,1686.000,Pendiente,Facturado,FACTURADO,PENDIENTE_DE_PAGO,SIN_CUBRIR,Corte 24-29 noviembre 2025,C-919,IMPORTABLE,
1233,2025-11-26,45074,AVON,EXACT,CORRUGADO CARTON,CARTON,CORRUGADO CARTON,SOURCE,EXACT,13860.000,12785.000,1075.000,0.000,0.000,0.000,0.000,1075.000,1075.000,1.200,1.200,MATCH,0.000,1290.000,1290.000,Pendiente,Facturado,FACTURADO,PENDIENTE_DE_PAGO,SIN_CUBRIR,Corte 24-29 noviembre 2025,C-919,IMPORTABLE,
1234,2025-11-26,45071,AVON,EXACT,CORRUGADO CARTON,CARTON,CORRUGADO CARTON,SOURCE,EXACT,14400.000,12465.000,1935.000,0.000,0.000,0.000,0.000,1935.000,1935.000,1.200,1.200,MATCH,0.000,2322.000,2322.000,Pendiente,Facturado,FACTURADO,PENDIENTE_DE_PAGO,SIN_CUBRIR,Corte 24-29 noviembre 2025,C-919,IMPORTABLE,
1235,2025-11-26,45068,AVON,EXACT,CORRUGADO CARTON,CARTON,CORRUGADO CARTON,SOURCE,EXACT,13670.000,12785.000,885.000,0.000,0.000,0.000,0.000,885.000,885.000,1.200,1.200,MATCH,0.000,1062.000,1062.000,Pendiente,Facturado,FACTURADO,PENDIENTE_DE_PAGO,SIN_CUBRIR,Corte 24-29 noviembre 2025,C-919,IMPORTABLE,
1236,2025-11-26,45067,AVON,EXACT,CORRUGADO CARTON,CARTON,CORRUGADO CARTON,SOURCE,EXACT,14850.000,13380.000,1470.000,0.000,0.000,0.000,0.000,1470.000,1470.000,1.200,1.200,MATCH,0.000,1764.000,1764.000,Pendiente,Facturado,FACTURADO,PENDIENTE_DE_PAGO,SIN_CUBRIR,Corte 24-29 noviembre 2025,C-919,IMPORTABLE,
1237,2025-11-26,45065,AVON,EXACT,CORRUGADO CARTON,CARTON,CORRUGADO CARTON,SOURCE,EXACT,14330.000,12795.000,1535.000,0.000,0.000,0.000,0.000,1535.000,1535.000,1.200,1.200,MATCH,0.000,1842.000,1842.000,Pendiente,Facturado,FACTURADO,PENDIENTE_DE_PAGO,SIN_CUBRIR,Corte 24-29 noviembre 2025,C-919,IMPORTABLE,
1238,2025-11-25,45062,AVON,EXACT,CORRUGADO CARTON,CARTON,CORRUGADO CARTON,SOURCE,EXACT,14000.000,12785.000,1215.000,0.000,0.000,0.000,0.000,1215.000,1215.000,1.200,1.200,MATCH,0.000,1458.000,1458.000,Pendiente,Facturado,FACTURADO,PENDIENTE_DE_PAGO,SIN_CUBRIR,Corte 24-29 noviembre 2025,C-919,IMPORTABLE,
1239,2025-11-25,45060,AVON,EXACT,CORRUGADO CARTON,CARTON,CORRUGADO CARTON,SOURCE,EXACT,14690.000,13380.000,1310.000,0.000,0.000,0.000,0.000,1310.000,1310.000,1.200,1.200,MATCH,0.000,1572.000,1572.000,Pendiente,Facturado,FACTURADO,PENDIENTE_DE_PAGO,SIN_CUBRIR,Corte 24-29 noviembre 2025,C-919,IMPORTABLE,
1240,2025-11-25,45059,AVON,EXACT,CORRUGADO CARTON,CARTON,CORRUGADO CARTON,SOURCE,EXACT,14160.000,12785.000,1375.000,0.000,0.000,0.000,0.000,1375.000,1375.000,1.200,1.200,MATCH,0.000,1650.000,1650.000,Pendiente,Facturado,FACTURADO,PENDIENTE_DE_PAGO,SIN_CUBRIR,Corte 24-29 noviembre 2025,C-919,IMPORTABLE,
1241,2025-11-25,45056,AVON,EXACT,CORRUGADO CARTON,CARTON,CORRUGADO CARTON,SOURCE,EXACT,14410.000,12985.000,1425.000,0.000,0.000,0.000,0.000,1425.000,1425.000,1.200,1.200,MATCH,0.000,1710.000,1710.000,Pendiente,Facturado,FACTURADO,PENDIENTE_DE_PAGO,SIN_CUBRIR,Corte 24-29 noviembre 2025,C-919,IMPORTABLE,
1242,2025-11-25,45055,AVON,EXACT,CORRUGADO CARTON,CARTON,CORRUGADO CARTON,SOURCE,EXACT,14000.000,12610.000,1390.000,0.000,0.000,0.000,0.000,1390.000,1390.000,1.200,1.200,MATCH,0.000,1668.000,1668.000,Pendiente,Facturado,FACTURADO,PENDIENTE_DE_PAGO,SIN_CUBRIR,Corte 24-29 noviembre 2025,C-919,IMPORTABLE,
1243,2025-11-25,45053,AVON,EXACT,CORRUGADO CARTON,CARTON,CORRUGADO CARTON,SOURCE,EXACT,14030.000,12785.000,1245.000,0.000,0.000,0.000,0.000,1245.000,1245.000,1.200,1.200,MATCH,0.000,1494.000,1494.000,Pendiente,Facturado,FACTURADO,PENDIENTE_DE_PAGO,SIN_CUBRIR,Corte 24-29 noviembre 2025,C-919,IMPORTABLE,
1244,2025-11-24,45049,AVON,EXACT,CORRUGADO CARTON,CARTON,CORRUGADO CARTON,SOURCE,EXACT,14510.000,13235.000,1275.000,0.000,0.000,0.000,0.000,1275.000,1275.000,1.200,1.200,MATCH,0.000,1530.000,1530.000,Pendiente,Facturado,FACTURADO,PENDIENTE_DE_PAGO,SIN_CUBRIR,Corte 24-29 noviembre 2025,C-919,IMPORTABLE,
1245,2025-11-24,45048,AVON,EXACT,CORRUGADO CARTON,CARTON,CORRUGADO CARTON,SOURCE,EXACT,14150.000,12795.000,1355.000,0.000,0.000,0.000,0.000,1355.000,1355.000,1.200,1.200,MATCH,0.000,1626.000,1626.000,Pendiente,Facturado,FACTURADO,PENDIENTE_DE_PAGO,SIN_CUBRIR,Corte 24-29 noviembre 2025,C-919,IMPORTABLE,
1246,2025-11-24,45045,AVON,EXACT,CORRUGADO CARTON,CARTON,CORRUGADO CARTON,SOURCE,EXACT,15020.000,12610.000,2410.000,0.000,0.000,0.000,0.000,2410.000,2410.000,1.200,1.200,MATCH,0.000,2892.000,2892.000,Pendiente,Facturado,FACTURADO,PENDIENTE_DE_PAGO,SIN_CUBRIR,Corte 24-29 noviembre 2025,C-919,IMPORTABLE,
1247,2025-11-24,45041,AVON,EXACT,CORRUGADO CARTON,CARTON,CORRUGADO CARTON,SOURCE,EXACT,14400.000,12785.000,1615.000,0.000,0.000,0.000,0.000,1615.000,1615.000,1.200,1.200,MATCH,0.000,1938.000,1938.000,Pendiente,Facturado,FACTURADO,PENDIENTE_DE_PAGO,SIN_CUBRIR,Corte 24-29 noviembre 2025,C-919,IMPORTABLE,
1248,2025-11-24,45039,AVON,EXACT,CORRUGADO CARTON,CARTON,CORRUGADO CARTON,SOURCE,EXACT,14840.000,13235.000,1605.000,0.000,0.000,0.000,0.000,1605.000,1605.000,1.200,1.200,MATCH,0.000,1926.000,1926.000,Pendiente,Facturado,FACTURADO,PENDIENTE_DE_PAGO,SIN_CUBRIR,Corte 24-29 noviembre 2025,C-919,IMPORTABLE,
1249,2025-11-24,45038,AVON,EXACT,CORRUGADO CARTON,CARTON,CORRUGADO CARTON,SOURCE,EXACT,14300.000,12985.000,1315.000,0.000,0.000,0.000,0.000,1315.000,1315.000,1.200,1.200,MATCH,0.000,1578.000,1578.000,Pendiente,Facturado,FACTURADO,PENDIENTE_DE_PAGO,SIN_CUBRIR,Corte 24-29 noviembre 2025,C-919,IMPORTABLE,
1250,2026-04-29,81012,MONROE,EXACT,COBRE,COBRE,COBRE,SOURCE,EXACT,180.000,0.000,180.000,0.000,0.000,0.000,0.000,180.000,180.000,25.000,25.000,MATCH,0.000,4500.000,4500.000,Pendiente,No Facturado,PENDIENTE_DE_FACTURAR,PENDIENTE_DE_PAGO,SIN_CUBRIR,,REPORTE 27-30 ABRIL 2026,IMPORTABLE,
1251,2026-03-27,1080,KS,EXACT,CINTAS SIERRA,CHATARRA,CINTAS SIERRA,SOURCE,EXACT,15.000,0.000,15.000,0.000,0.000,0.000,0.000,15.000,15.000,132.000,132.000,MATCH,0.000,1980.000,1980.000,Pendiente,No Facturado,PENDIENTE_DE_FACTURAR,PENDIENTE_DE_PAGO,SIN_CUBRIR,,REPORTE MARZO 2026,IMPORTABLE,
1252,2026-03-17,1076,KS,EXACT,CINTAS SIERRA,CHATARRA,CINTAS SIERRA,SOURCE,EXACT,10.000,0.000,10.000,0.000,0.000,0.000,0.000,10.000,10.000,132.000,132.000,MATCH,0.000,1320.000,1320.000,Pendiente,No Facturado,PENDIENTE_DE_FACTURAR,PENDIENTE_DE_PAGO,SIN_CUBRIR,,REPORTE MARZO 2026,IMPORTABLE,
1253,2026-03-02,1070,KS,EXACT,CINTAS SIERRA,CHATARRA,CINTAS SIERRA,SOURCE,EXACT,8.000,0.000,8.000,0.000,0.000,0.000,0.000,8.000,8.000,132.000,132.000,MATCH,0.000,1056.000,1056.000,Pendiente,No Facturado,PENDIENTE_DE_FACTURAR,PENDIENTE_DE_PAGO,SIN_CUBRIR,,REPORTE MARZO 2026,IMPORTABLE,
1254,2026-04-27,1092,KS,EXACT,CHATARRA GENERAL,CHATARRA,CHATARRA GENERAL,SOURCE,EXACT,2005.000,0.000,2005.000,0.000,0.000,0.000,0.000,2005.000,2005.000,3.340,3.340,MATCH,0.000,6696.700,6696.700,Pendiente,No Facturado,PENDIENTE_DE_FACTURAR,PENDIENTE_DE_PAGO,SIN_CUBRIR,,REPORTE ABRIL 2026,IMPORTABLE,
1255,2026-04-15,1088,KS,EXACT,CHATARRA GENERAL,CHATARRA,CHATARRA GENERAL,SOURCE,EXACT,1370.000,0.000,1370.000,0.000,0.000,0.000,0.000,1370.000,1370.000,3.340,3.340,MATCH,0.000,4575.800,4575.800,Pendiente,No Facturado,PENDIENTE_DE_FACTURAR,PENDIENTE_DE_PAGO,SIN_CUBRIR,,REPORTE ABRIL 2026,IMPORTABLE,
1256,2026-03-31,1082,KS,EXACT,CHATARRA GENERAL,CHATARRA,CHATARRA GENERAL,SOURCE,EXACT,2190.000,0.000,2190.000,0.000,0.000,0.000,0.000,2190.000,2190.000,3.340,3.340,MATCH,0.000,7314.600,7314.600,Pendiente,No Facturado,PENDIENTE_DE_FACTURAR,PENDIENTE_DE_PAGO,SIN_CUBRIR,,REPORTE MARZO 2026,IMPORTABLE,
1257,2026-03-24,1079,KS,EXACT,CHATARRA GENERAL,CHATARRA,CHATARRA GENERAL,SOURCE,EXACT,2800.000,0.000,2800.000,0.000,0.000,0.000,0.000,2800.000,2800.000,3.340,3.340,MATCH,0.000,9352.000,9352.000,Pendiente,No Facturado,PENDIENTE_DE_FACTURAR,PENDIENTE_DE_PAGO,SIN_CUBRIR,,REPORTE MARZO 2026,IMPORTABLE,
1258,2026-03-10,1073,KS,EXACT,CHATARRA GENERAL,CHATARRA,CHATARRA GENERAL,SOURCE,EXACT,2270.000,0.000,2270.000,0.000,0.000,0.000,0.000,2270.000,2270.000,3.340,3.340,MATCH,0.000,7581.800,7581.800,Pendiente,No Facturado,PENDIENTE_DE_FACTURAR,PENDIENTE_DE_PAGO,SIN_CUBRIR,,REPORTE MARZO 2026,IMPORTABLE,
1259,2025-11-14,1018,KS,EXACT,CHATARRA GENERAL,CHATARRA,CHATARRA GENERAL,SOURCE,EXACT,1020.000,0.000,1020.000,0.000,0.000,0.000,0.000,1020.000,1020.000,3.340,3.340,MATCH,0.000,3406.800,3406.800,Pendiente,Facturado,FACTURADO,PENDIENTE_DE_PAGO,SIN_CUBRIR,,REPORTE NOVIEMBRE 2025,IMPORTABLE,
1260,2025-11-03,1009,KS,EXACT,CHATARRA GENERAL,CHATARRA,CHATARRA GENERAL,SOURCE,EXACT,1630.000,0.000,1630.000,0.000,0.000,0.000,0.000,1630.000,1630.000,3.340,3.340,MATCH,0.000,5444.200,5444.200,Pendiente,Facturado,FACTURADO,PENDIENTE_DE_PAGO,SIN_CUBRIR,,REPORTE NOVIEMBRE 2025,IMPORTABLE,
1261,2026-05-29,5514,TENNECO,EXACT,CHATARRA,CHATARRA,CHATARRA,SOURCE,EXACT,17410.000,12750.000,4660.000,0.000,0.000,0.000,0.000,4660.000,4660.000,3.370,3.370,MATCH,0.000,15704.200,15704.200,Pendiente,No Facturado,PENDIENTE_DE_FACTURAR,PENDIENTE_DE_PAGO,SIN_CUBRIR,,REPORTE 25-29 MAYO 2026,IMPORTABLE,
1262,2026-05-28,95,TENNECO,EXACT,CHATARRA,CHATARRA,CHATARRA,SOURCE,EXACT,17560.000,13190.000,4370.000,0.000,0.000,0.000,0.000,4370.000,4370.000,3.370,3.370,MATCH,0.000,14726.900,14726.900,Pendiente,No Facturado,PENDIENTE_DE_FACTURAR,PENDIENTE_DE_PAGO,SIN_CUBRIR,,REPORTE 25-29 MAYO 2026,IMPORTABLE,
1263,2026-05-27,5408,TENNECO,EXACT,CHATARRA,CHATARRA,CHATARRA,SOURCE,EXACT,15580.000,12700.000,2880.000,0.000,0.000,0.000,0.000,2880.000,2880.000,3.370,3.370,MATCH,0.000,9705.600,9705.600,Pendiente,No Facturado,PENDIENTE_DE_FACTURAR,PENDIENTE_DE_PAGO,SIN_CUBRIR,,REPORTE 25-29 MAYO 2026,IMPORTABLE,
1264,2026-05-25,77,TENNECO,EXACT,CHATARRA,CHATARRA,CHATARRA,SOURCE,EXACT,19770.000,13010.000,6760.000,0.000,0.000,0.000,0.000,6760.000,6760.000,3.370,3.370,MATCH,0.000,22781.200,22781.200,Pendiente,No Facturado,PENDIENTE_DE_FACTURAR,PENDIENTE_DE_PAGO,SIN_CUBRIR,,REPORTE 25-29 MAYO 2026,IMPORTABLE,
1265,2026-05-25,5294,TENNECO,EXACT,CHATARRA,CHATARRA,CHATARRA,SOURCE,EXACT,15570.000,12700.000,2870.000,0.000,0.000,0.000,0.000,2870.000,2870.000,3.370,3.370,MATCH,0.000,9671.900,9671.900,Pendiente,No Facturado,PENDIENTE_DE_FACTURAR,PENDIENTE_DE_PAGO,SIN_CUBRIR,,REPORTE 25-29 MAYO 2026,IMPORTABLE,
1266,2026-05-22,5205,TENNECO,EXACT,CHATARRA,CHATARRA,CHATARRA,SOURCE,EXACT,18030.000,12780.000,5250.000,0.000,0.000,0.000,0.000,5250.000,5250.000,3.370,3.370,MATCH,0.000,17692.500,17692.500,Pendiente,No Facturado,PENDIENTE_DE_FACTURAR,PENDIENTE_DE_PAGO,SIN_CUBRIR,,REPORTE 18-22 MAYO 2026,IMPORTABLE,
1267,2026-05-22,81569,SETEXMES,EXACT,CHATARRA,CHATARRA,CHATARRA,SOURCE,EXACT,6675.000,5345.000,1330.000,0.000,0.000,0.000,0.000,1330.000,1330.000,2.300,2.300,MATCH,0.000,3059.000,3059.000,Pendiente,No Facturado,PENDIENTE_DE_FACTURAR,PENDIENTE_DE_PAGO,SIN_CUBRIR,,REPORTE MAYO 2026,IMPORTABLE,
1268,2026-05-21,63,TENNECO,EXACT,CHATARRA,CHATARRA,CHATARRA,SOURCE,EXACT,18430.000,13510.000,4920.000,0.000,0.000,0.000,0.000,4920.000,4920.000,3.370,3.370,MATCH,0.000,16580.400,16580.400,Pendiente,No Facturado,PENDIENTE_DE_FACTURAR,PENDIENTE_DE_PAGO,SIN_CUBRIR,,REPORTE 18-22 MAYO 2026,IMPORTABLE,
1269,2026-05-20,5098,TENNECO,EXACT,CHATARRA,CHATARRA,CHATARRA,SOURCE,EXACT,16130.000,12730.000,3400.000,0.000,0.000,0.000,0.000,3400.000,3400.000,3.370,3.370,MATCH,0.000,11458.000,11458.000,Pendiente,No Facturado,PENDIENTE_DE_FACTURAR,PENDIENTE_DE_PAGO,SIN_CUBRIR,,REPORTE 18-22 MAYO 2026,IMPORTABLE,
1270,2026-05-18,51,TENNECO,EXACT,CHATARRA,CHATARRA,CHATARRA,SOURCE,EXACT,16780.000,13140.000,3640.000,0.000,0.000,0.000,0.000,3640.000,3640.000,3.370,3.370,MATCH,0.000,12266.800,12266.800,Pendiente,No Facturado,PENDIENTE_DE_FACTURAR,PENDIENTE_DE_PAGO,SIN_CUBRIR,,REPORTE 18-22 MAYO 2026,IMPORTABLE,
1271,2026-05-18,5003,TENNECO,EXACT,CHATARRA,CHATARRA,CHATARRA,SOURCE,EXACT,16360.000,12710.000,3650.000,0.000,0.000,0.000,0.000,3650.000,3650.000,3.370,3.370,MATCH,0.000,12300.500,12300.500,Pendiente,No Facturado,PENDIENTE_DE_FACTURAR,PENDIENTE_DE_PAGO,SIN_CUBRIR,,REPORTE 18-22 MAYO 2026,IMPORTABLE,
1272,2026-05-15,4919,TENNECO,EXACT,CHATARRA,CHATARRA,CHATARRA,SOURCE,EXACT,18150.000,12740.000,5410.000,0.000,0.000,0.000,0.000,5410.000,5410.000,3.370,3.370,MATCH,0.000,18231.700,18231.700,Pendiente,No Facturado,PENDIENTE_DE_FACTURAR,PENDIENTE_DE_PAGO,SIN_CUBRIR,,REPORTE 11-15 MAYO 2026,IMPORTABLE,
1273,2026-05-14,36,TENNECO,EXACT,CHATARRA,CHATARRA,CHATARRA,SOURCE,EXACT,14530.000,12470.000,2060.000,0.000,0.000,0.000,0.000,2060.000,2060.000,3.370,3.370,MATCH,0.000,6942.200,6942.200,Pendiente,No Facturado,PENDIENTE_DE_FACTURAR,PENDIENTE_DE_PAGO,SIN_CUBRIR,,REPORTE 11-15 MAYO 2026,IMPORTABLE,
1274,2026-05-14,81346,SETEXMES,EXACT,CHATARRA,CHATARRA,CHATARRA,SOURCE,EXACT,13635.000,12315.000,1320.000,0.000,0.000,0.000,0.000,1320.000,1320.000,2.300,2.300,MATCH,0.000,3036.000,3036.000,Pendiente,No Facturado,PENDIENTE_DE_FACTURAR,PENDIENTE_DE_PAGO,SIN_CUBRIR,,REPORTE MAYO 2026,IMPORTABLE,
1275,2026-05-13,4807,TENNECO,EXACT,CHATARRA,CHATARRA,CHATARRA,SOURCE,EXACT,16010.000,12670.000,3340.000,0.000,0.000,0.000,0.000,3340.000,3340.000,3.370,3.370,MATCH,0.000,11255.800,11255.800,Pendiente,No Facturado,PENDIENTE_DE_FACTURAR,PENDIENTE_DE_PAGO,SIN_CUBRIR,,REPORTE 11-15 MAYO 2026,IMPORTABLE,
1276,2026-05-11,17,TENNECO,EXACT,CHATARRA,CHATARRA,CHATARRA,SOURCE,EXACT,16430.000,12320.000,4110.000,0.000,0.000,0.000,0.000,4110.000,4110.000,3.370,3.370,MATCH,0.000,13850.700,13850.700,Pendiente,No Facturado,PENDIENTE_DE_FACTURAR,PENDIENTE_DE_PAGO,SIN_CUBRIR,,REPORTE 11-15 MAYO 2026,IMPORTABLE,
1277,2026-05-11,4707,TENNECO,EXACT,CHATARRA,CHATARRA,CHATARRA,SOURCE,EXACT,16480.000,12700.000,3780.000,0.000,0.000,0.000,0.000,3780.000,3780.000,3.370,3.370,MATCH,0.000,12738.600,12738.600,Pendiente,No Facturado,PENDIENTE_DE_FACTURAR,PENDIENTE_DE_PAGO,SIN_CUBRIR,,REPORTE 11-15 MAYO 2026,IMPORTABLE,
1278,2026-05-09,81215,SETEXMES,EXACT,CHATARRA,CHATARRA,CHATARRA,SOURCE,EXACT,7105.000,5490.000,1615.000,0.000,0.000,0.000,0.000,1615.000,1615.000,2.300,2.300,MATCH,0.000,3714.500,3714.500,Pendiente,No Facturado,PENDIENTE_DE_FACTURAR,PENDIENTE_DE_PAGO,SIN_CUBRIR,,REPORTE MAYO 2026,IMPORTABLE,
1279,2026-05-08,963,RODOLFO VERA,EXACT,CHATARRA,CHATARRA,CHATARRA,SOURCE,EXACT,29620.000,18190.000,11430.000,0.000,0.000,0.000,0.000,11430.000,11430.000,5.100,5.300,DIFFERS,0.000,58293.000,58293.000,Pendiente,No Facturado,PENDIENTE_DE_FACTURAR,PENDIENTE_DE_PAGO,SIN_CUBRIR,,,REVIEW,
1280,2026-05-08,4606,TENNECO,EXACT,CHATARRA,CHATARRA,CHATARRA,SOURCE,EXACT,19520.000,12730.000,6790.000,0.000,0.000,0.000,0.000,6790.000,6790.000,3.370,3.370,MATCH,0.000,22882.300,22882.300,Pendiente,No Facturado,PENDIENTE_DE_FACTURAR,PENDIENTE_DE_PAGO,SIN_CUBRIR,,REPORTE 04-08 MAYO 2026,IMPORTABLE,
1281,2026-05-07,46098,AVON,EXACT,CHATARRA,CHATARRA,CHATARRA,SOURCE,EXACT,6760.000,5225.000,1535.000,0.000,0.000,0.000,0.000,1535.000,1535.000,2.800,2.800,MATCH,0.000,4298.000,4298.000,Pendiente,No Facturado,PENDIENTE_DE_FACTURAR,PENDIENTE_DE_PAGO,SIN_CUBRIR,,CORTE 01-09 MAYO 2026,IMPORTABLE,
1282,2026-05-07,24992,TENNECO,EXACT,CHATARRA,CHATARRA,CHATARRA,SOURCE,EXACT,16100.000,13140.000,2960.000,0.000,0.000,0.000,0.000,2960.000,2960.000,3.370,3.370,MATCH,0.000,9975.200,9975.200,Pendiente,No Facturado,PENDIENTE_DE_FACTURAR,PENDIENTE_DE_PAGO,SIN_CUBRIR,,REPORTE 04-08 MAYO 2026,IMPORTABLE,
1283,2026-05-06,4472,TENNECO,EXACT,CHATARRA,CHATARRA,CHATARRA,SOURCE,EXACT,15080.000,12760.000,2320.000,0.000,0.000,0.000,0.000,2320.000,2320.000,3.370,3.370,MATCH,0.000,7818.400,7818.400,Pendiente,No Facturado,PENDIENTE_DE_FACTURAR,PENDIENTE_DE_PAGO,SIN_CUBRIR,,REPORTE 04-08 MAYO 2026,IMPORTABLE,
1284,2026-05-05,4420,TENNECO,EXACT,CHATARRA,CHATARRA,CHATARRA,SOURCE,EXACT,14520.000,12760.000,1760.000,0.000,0.000,0.000,0.000,1760.000,1760.000,3.370,3.370,MATCH,0.000,5931.200,5931.200,Pendiente,No Facturado,PENDIENTE_DE_FACTURAR,PENDIENTE_DE_PAGO,SIN_CUBRIR,,REPORTE 04-08 MAYO 2026,IMPORTABLE,
1285,2026-05-04,4357,TENNECO,EXACT,CHATARRA,CHATARRA,CHATARRA,SOURCE,EXACT,14150.000,12700.000,1450.000,0.000,0.000,0.000,0.000,1450.000,1450.000,3.370,3.370,MATCH,0.000,4886.500,4886.500,Pendiente,No Facturado,PENDIENTE_DE_FACTURAR,PENDIENTE_DE_PAGO,SIN_CUBRIR,,REPORTE 04-08 MAYO 2026,IMPORTABLE,
1286,2026-05-04,24975,TENNECO,EXACT,CHATARRA,CHATARRA,CHATARRA,SOURCE,EXACT,17800.000,12360.000,5440.000,0.000,0.000,0.000,0.000,5440.000,5440.000,3.370,3.370,MATCH,0.000,18332.800,18332.800,Pendiente,No Facturado,PENDIENTE_DE_FACTURAR,PENDIENTE_DE_PAGO,SIN_CUBRIR,,REPORTE 04-08 MAYO 2026,IMPORTABLE,
1287,2026-04-30,4229,TENNECO,EXACT,CHATARRA,CHATARRA,CHATARRA,SOURCE,EXACT,14650.000,12760.000,1890.000,0.000,0.000,0.000,0.000,1890.000,1890.000,3.580,3.370,DIFFERS,0.000,6766.200,6766.200,Pendiente,No Facturado,PENDIENTE_DE_FACTURAR,PENDIENTE_DE_PAGO,SIN_CUBRIR,,REPORTE 27-30 ABRIL 2026,REVIEW,
1288,2026-04-29,4166,TENNECO,EXACT,CHATARRA,CHATARRA,CHATARRA,SOURCE,EXACT,14390.000,12700.000,1690.000,0.000,0.000,0.000,0.000,1690.000,1690.000,3.580,3.370,DIFFERS,0.000,6050.200,6050.200,Pendiente,No Facturado,PENDIENTE_DE_FACTURAR,PENDIENTE_DE_PAGO,SIN_CUBRIR,,REPORTE 27-30 ABRIL 2026,REVIEW,
1289,2026-04-29,882,RODOLFO VERA,EXACT,CHATARRA,CHATARRA,CHATARRA,SOURCE,EXACT,29495.000,20560.000,8935.000,0.000,0.000,0.000,0.000,8935.000,8935.000,5.300,5.300,MATCH,0.000,47355.500,47355.500,Pendiente,No Facturado,PENDIENTE_DE_FACTURAR,PENDIENTE_DE_PAGO,SIN_CUBRIR,,,IMPORTABLE,
1290,2026-04-28,24951,TENNECO,EXACT,CHATARRA,CHATARRA,CHATARRA,SOURCE,EXACT,19330.000,13450.000,5880.000,0.000,0.000,0.000,0.000,5880.000,5880.000,3.580,3.370,DIFFERS,0.000,21050.400,21050.400,Pendiente,No Facturado,PENDIENTE_DE_FACTURAR,PENDIENTE_DE_PAGO,SIN_CUBRIR,,REPORTE 27-30 ABRIL 2026,REVIEW,
1291,2026-04-28,4089,TENNECO,EXACT,CHATARRA,CHATARRA,CHATARRA,SOURCE,EXACT,14460.000,12740.000,1720.000,0.000,0.000,0.000,0.000,1720.000,1720.000,3.580,3.370,DIFFERS,0.000,6157.600,6157.600,Pendiente,No Facturado,PENDIENTE_DE_FACTURAR,PENDIENTE_DE_PAGO,SIN_CUBRIR,,REPORTE 27-30 ABRIL 2026,REVIEW,
1292,2026-04-28,80668,SETEXMES,EXACT,CHATARRA,CHATARRA,CHATARRA,SOURCE,EXACT,7685.000,6210.000,1475.000,0.000,0.000,0.000,0.000,1475.000,1475.000,2.300,2.300,MATCH,0.000,3392.500,3392.500,Pendiente,No Facturado,PENDIENTE_DE_FACTURAR,PENDIENTE_DE_PAGO,SIN_CUBRIR,,REPORTE ABRIL 2026,IMPORTABLE,
1293,2026-04-27,4050,TENNECO,EXACT,CHATARRA,CHATARRA,CHATARRA,SOURCE,EXACT,14900.000,12700.000,2200.000,0.000,0.000,0.000,0.000,2200.000,2200.000,3.580,3.370,DIFFERS,0.000,7876.000,7876.000,Pendiente,No Facturado,PENDIENTE_DE_FACTURAR,PENDIENTE_DE_PAGO,SIN_CUBRIR,,REPORTE 27-30 ABRIL 2026,REVIEW,
1294,2026-04-24,831,RODOLFO VERA,EXACT,CHATARRA,CHATARRA,CHATARRA,SOURCE,EXACT,37075.000,20525.000,16550.000,0.000,0.000,0.000,0.000,16550.000,16550.000,5.300,5.300,MATCH,0.000,87715.000,87715.000,Pendiente,No Facturado,PENDIENTE_DE_FACTURAR,PENDIENTE_DE_PAGO,SIN_CUBRIR,,,IMPORTABLE,
1295,2026-04-24,3966,TENNECO,EXACT,CHATARRA,CHATARRA,CHATARRA,SOURCE,EXACT,15020.000,12760.000,2260.000,0.000,0.000,0.000,0.000,2260.000,2260.000,3.580,3.370,DIFFERS,0.000,8090.800,8090.800,Pendiente,No Facturado,PENDIENTE_DE_FACTURAR,PENDIENTE_DE_PAGO,SIN_CUBRIR,,REPORTE 20-25 ABRIL 2026,REVIEW,
1296,2026-04-23,24930,TENNECO,EXACT,CHATARRA,CHATARRA,CHATARRA,SOURCE,EXACT,16580.000,13160.000,3420.000,0.000,0.000,0.000,0.000,3420.000,3420.000,3.580,3.370,DIFFERS,0.000,12243.600,12243.600,Pendiente,No Facturado,PENDIENTE_DE_FACTURAR,PENDIENTE_DE_PAGO,SIN_CUBRIR,,REPORTE 20-25 ABRIL 2026,REVIEW,
1297,2026-04-23,3907,TENNECO,EXACT,CHATARRA,CHATARRA,CHATARRA,SOURCE,EXACT,14580.000,12770.000,1810.000,0.000,0.000,0.000,0.000,1810.000,1810.000,3.580,3.370,DIFFERS,0.000,6479.800,6479.800,Pendiente,No Facturado,PENDIENTE_DE_FACTURAR,PENDIENTE_DE_PAGO,SIN_CUBRIR,,REPORTE 20-25 ABRIL 2026,REVIEW,
1298,2026-04-22,3849,TENNECO,EXACT,CHATARRA,CHATARRA,CHATARRA,SOURCE,EXACT,13820.000,12710.000,1110.000,0.000,0.000,0.000,0.000,1110.000,1110.000,3.580,3.370,DIFFERS,0.000,3973.800,3973.800,Pendiente,No Facturado,PENDIENTE_DE_FACTURAR,PENDIENTE_DE_PAGO,SIN_CUBRIR,,REPORTE 20-25 ABRIL 2026,REVIEW,
1299,2026-04-21,3794,TENNECO,EXACT,CHATARRA,CHATARRA,CHATARRA,SOURCE,EXACT,13600.000,12780.000,820.000,0.000,0.000,0.000,0.000,820.000,820.000,3.580,3.370,DIFFERS,0.000,2935.600,2935.600,Pendiente,No Facturado,PENDIENTE_DE_FACTURAR,PENDIENTE_DE_PAGO,SIN_CUBRIR,,REPORTE 20-25 ABRIL 2026,REVIEW,
1300,2026-04-20,24910,TENNECO,EXACT,CHATARRA,CHATARRA,CHATARRA,SOURCE,EXACT,14730.000,12320.000,2410.000,0.000,0.000,0.000,0.000,2410.000,2410.000,3.580,3.370,DIFFERS,0.000,8627.800,8627.800,Pendiente,No Facturado,PENDIENTE_DE_FACTURAR,PENDIENTE_DE_PAGO,SIN_CUBRIR,,REPORTE 20-25 ABRIL 2026,REVIEW,
1301,2026-04-20,3734,TENNECO,EXACT,CHATARRA,CHATARRA,CHATARRA,SOURCE,EXACT,16510.000,12750.000,3760.000,0.000,0.000,0.000,0.000,3760.000,3760.000,3.580,3.370,DIFFERS,0.000,13460.800,13460.800,Pendiente,No Facturado,PENDIENTE_DE_FACTURAR,PENDIENTE_DE_PAGO,SIN_CUBRIR,,REPORTE 20-25 ABRIL 2026,REVIEW,
1302,2026-04-17,3628,TENNECO,EXACT,CHATARRA,CHATARRA,CHATARRA,SOURCE,EXACT,15960.000,12790.000,3170.000,0.000,0.000,0.000,0.000,3170.000,3170.000,3.580,3.370,DIFFERS,0.000,11348.600,11348.600,Pendiente,No Facturado,PENDIENTE_DE_FACTURAR,PENDIENTE_DE_PAGO,SIN_CUBRIR,,REPORTE 13-18 ABRIL 2026,REVIEW,
1303,2026-04-16,769,RODOLFO VERA,EXACT,CHATARRA,CHATARRA,CHATARRA,SOURCE,EXACT,35085.000,20440.000,14645.000,0.000,0.000,0.000,0.000,14645.000,14645.000,5.300,5.300,MATCH,0.000,77618.500,77618.500,Pendiente,No Facturado,PENDIENTE_DE_FACTURAR,PENDIENTE_DE_PAGO,SIN_CUBRIR,,,IMPORTABLE,
1304,2026-04-16,24878,TENNECO,EXACT,CHATARRA,CHATARRA,CHATARRA,SOURCE,EXACT,17760.000,12370.000,5390.000,0.000,0.000,0.000,0.000,5390.000,5390.000,3.580,3.370,DIFFERS,0.000,19296.200,19296.200,Pendiente,No Facturado,PENDIENTE_DE_FACTURAR,PENDIENTE_DE_PAGO,SIN_CUBRIR,,REPORTE 13-18 ABRIL 2026,REVIEW,
1305,2026-04-16,3567,TENNECO,EXACT,CHATARRA,CHATARRA,CHATARRA,SOURCE,EXACT,14040.000,12830.000,1210.000,0.000,0.000,0.000,0.000,1210.000,1210.000,3.580,3.370,DIFFERS,0.000,4331.800,4331.800,Pendiente,No Facturado,PENDIENTE_DE_FACTURAR,PENDIENTE_DE_PAGO,SIN_CUBRIR,,REPORTE 13-18 ABRIL 2026,REVIEW,
1306,2026-04-15,3508,TENNECO,EXACT,CHATARRA,CHATARRA,CHATARRA,SOURCE,EXACT,14750.000,12770.000,1980.000,0.000,0.000,0.000,0.000,1980.000,1980.000,3.580,3.370,DIFFERS,0.000,7088.400,7088.400,Pendiente,No Facturado,PENDIENTE_DE_FACTURAR,PENDIENTE_DE_PAGO,SIN_CUBRIR,,REPORTE 13-18 ABRIL 2026,REVIEW,
1307,2026-04-14,3464,TENNECO,EXACT,CHATARRA,CHATARRA,CHATARRA,SOURCE,EXACT,15420.000,12810.000,2610.000,0.000,0.000,0.000,0.000,2610.000,2610.000,3.580,3.370,DIFFERS,0.000,9343.800,9343.800,Pendiente,No Facturado,PENDIENTE_DE_FACTURAR,PENDIENTE_DE_PAGO,SIN_CUBRIR,,REPORTE 13-18 ABRIL 2026,REVIEW,
1308,2026-04-13,3412,TENNECO,EXACT,CHATARRA,CHATARRA,CHATARRA,SOURCE,EXACT,17620.000,12750.000,4870.000,0.000,0.000,0.000,0.000,4870.000,4870.000,3.580,3.370,DIFFERS,0.000,17434.600,17434.600,Pendiente,No Facturado,PENDIENTE_DE_FACTURAR,PENDIENTE_DE_PAGO,SIN_CUBRIR,,REPORTE 13-18 ABRIL 2026,REVIEW,
1309,2026-04-13,24852,TENNECO,EXACT,CHATARRA,CHATARRA,CHATARRA,SOURCE,EXACT,15940.000,13180.000,2760.000,0.000,0.000,0.000,0.000,2760.000,2760.000,3.580,3.370,DIFFERS,0.000,9880.800,9880.800,Pendiente,No Facturado,PENDIENTE_DE_FACTURAR,PENDIENTE_DE_PAGO,SIN_CUBRIR,,REPORTE 13-18 ABRIL 2026,REVIEW,
1310,2026-04-10,80432,MIGAVID,EXACT,CHATARRA,CHATARRA,CHATARRA,SOURCE,EXACT,19215.000,18270.000,945.000,0.000,0.000,0.000,0.000,945.000,945.000,4.050,3.850,DIFFERS,0.000,3827.250,3827.250,Pendiente,Facturado,FACTURADO,PENDIENTE_DE_PAGO,SIN_CUBRIR,,FAC 12483,REVIEW,
1311,2026-04-10,3320,TENNECO,EXACT,CHATARRA,CHATARRA,CHATARRA,SOURCE,EXACT,14870.000,12770.000,2100.000,0.000,0.000,0.000,0.000,2100.000,2100.000,3.580,3.370,DIFFERS,0.000,7518.000,7518.000,Pendiente,No Facturado,PENDIENTE_DE_FACTURAR,PENDIENTE_DE_PAGO,SIN_CUBRIR,,REPORTE 06-11 ABRIL 2026,REVIEW,
1312,2026-04-09,3265,TENNECO,EXACT,CHATARRA,CHATARRA,CHATARRA,SOURCE,EXACT,14170.000,12760.000,1410.000,0.000,0.000,0.000,0.000,1410.000,1410.000,3.580,3.370,DIFFERS,0.000,5047.800,5047.800,Pendiente,No Facturado,PENDIENTE_DE_FACTURAR,PENDIENTE_DE_PAGO,SIN_CUBRIR,,REPORTE 06-11 ABRIL 2026,REVIEW,
1313,2026-04-09,24825,TENNECO,EXACT,CHATARRA,CHATARRA,CHATARRA,SOURCE,EXACT,18580.000,13250.000,5330.000,0.000,0.000,0.000,0.000,5330.000,5330.000,3.580,3.370,DIFFERS,0.000,19081.400,19081.400,Pendiente,No Facturado,PENDIENTE_DE_FACTURAR,PENDIENTE_DE_PAGO,SIN_CUBRIR,,REPORTE 06-11 ABRIL 2026,REVIEW,
1314,2026-04-09,80411,SETEXMES,EXACT,CHATARRA,CHATARRA,CHATARRA,SOURCE,EXACT,13630.000,12385.000,1245.000,0.000,0.000,0.000,0.000,1245.000,1245.000,2.300,2.300,MATCH,0.000,2863.500,2863.500,Pendiente,No Facturado,PENDIENTE_DE_FACTURAR,PENDIENTE_DE_PAGO,SIN_CUBRIR,,REPORTE ABRIL 2026,IMPORTABLE,
1315,2026-04-08,686,RODOLFO VERA,EXACT,CHATARRA,CHATARRA,CHATARRA,SOURCE,EXACT,31980.000,18385.000,13595.000,0.000,0.000,0.000,0.000,13595.000,13595.000,5.450,5.300,DIFFERS,0.000,74092.750,74092.750,Pendiente,No Facturado,PENDIENTE_DE_FACTURAR,PENDIENTE_DE_PAGO,SIN_CUBRIR,,,REVIEW,
1316,2026-04-08,24814,TENNECO,EXACT,CHATARRA,CHATARRA,CHATARRA,SOURCE,EXACT,25020.000,20590.000,4430.000,0.000,0.000,0.000,0.000,4430.000,4430.000,3.580,3.370,DIFFERS,0.000,15859.400,15859.400,Pendiente,No Facturado,PENDIENTE_DE_FACTURAR,PENDIENTE_DE_PAGO,SIN_CUBRIR,,REPORTE 06-11 ABRIL 2026,REVIEW,
1317,2026-04-08,3209,TENNECO,EXACT,CHATARRA,CHATARRA,CHATARRA,SOURCE,EXACT,14700.000,12850.000,1850.000,0.000,0.000,0.000,0.000,1850.000,1850.000,3.580,3.370,DIFFERS,0.000,6623.000,6623.000,Pendiente,No Facturado,PENDIENTE_DE_FACTURAR,PENDIENTE_DE_PAGO,SIN_CUBRIR,,REPORTE 06-11 ABRIL 2026,REVIEW,
1318,2026-04-07,3161,TENNECO,EXACT,CHATARRA,CHATARRA,CHATARRA,SOURCE,EXACT,14060.000,12800.000,1260.000,0.000,0.000,0.000,0.000,1260.000,1260.000,3.580,3.370,DIFFERS,0.000,4510.800,4510.800,Pendiente,No Facturado,PENDIENTE_DE_FACTURAR,PENDIENTE_DE_PAGO,SIN_CUBRIR,,REPORTE 06-11 ABRIL 2026,REVIEW,
1319,2026-04-06,3112,TENNECO,EXACT,CHATARRA,CHATARRA,CHATARRA,SOURCE,EXACT,15460.000,12830.000,2630.000,0.000,0.000,0.000,0.000,2630.000,2630.000,3.580,3.370,DIFFERS,0.000,9415.400,9415.400,Pendiente,No Facturado,PENDIENTE_DE_FACTURAR,PENDIENTE_DE_PAGO,SIN_CUBRIR,,REPORTE 06-11 ABRIL 2026,REVIEW,
1320,2026-04-06,24808,TENNECO,EXACT,CHATARRA,CHATARRA,CHATARRA,SOURCE,EXACT,15260.000,12330.000,2930.000,0.000,0.000,0.000,0.000,2930.000,2930.000,3.580,3.370,DIFFERS,0.000,10489.400,10489.400,Pendiente,No Facturado,PENDIENTE_DE_FACTURAR,PENDIENTE_DE_PAGO,SIN_CUBRIR,,REPORTE 06-11 ABRIL 2026,REVIEW,
1321,2026-04-01,639,RODOLFO VERA,EXACT,CHATARRA,CHATARRA,CHATARRA,SOURCE,EXACT,34855.000,20455.000,14400.000,0.000,0.000,0.000,0.000,14400.000,14400.000,5.650,5.300,DIFFERS,0.000,81360.000,81360.000,Pendiente,No Facturado,PENDIENTE_DE_FACTURAR,PENDIENTE_DE_PAGO,SIN_CUBRIR,,,REVIEW,
1322,2026-04-01,3001,TENNECO,EXACT,CHATARRA,CHATARRA,CHATARRA,SOURCE,EXACT,14400.000,12790.000,1610.000,0.000,0.000,0.000,0.000,1610.000,1610.000,3.580,3.370,DIFFERS,0.000,5763.800,5763.800,Pendiente,No Facturado,PENDIENTE_DE_FACTURAR,PENDIENTE_DE_PAGO,SIN_CUBRIR,,REPORTE 01-04 ABRIL 2026,REVIEW,
1323,2026-04-01,24783,TENNECO,EXACT,CHATARRA,CHATARRA,CHATARRA,SOURCE,EXACT,19390.000,12390.000,7000.000,0.000,0.000,0.000,0.000,7000.000,7000.000,3.580,3.370,DIFFERS,0.000,25060.000,25060.000,Pendiente,No Facturado,PENDIENTE_DE_FACTURAR,PENDIENTE_DE_PAGO,SIN_CUBRIR,,REPORTE 01-04 ABRIL 2026,REVIEW,
1324,2026-04-01,80187,SETEXMES,EXACT,CHATARRA,CHATARRA,CHATARRA,SOURCE,EXACT,6525.000,5340.000,1185.000,0.000,0.000,0.000,0.000,1185.000,1185.000,2.300,2.300,MATCH,0.000,2725.500,2725.500,Pendiente,No Facturado,PENDIENTE_DE_FACTURAR,PENDIENTE_DE_PAGO,SIN_CUBRIR,,REPORTE ABRIL 2026,IMPORTABLE,
1325,2026-03-31,2946,TENNECO,EXACT,CHATARRA,CHATARRA,CHATARRA,SOURCE,EXACT,13890.000,12790.000,1100.000,0.000,0.000,0.000,0.000,1100.000,1100.000,3.100,3.370,DIFFERS,0.000,3410.000,3410.000,Pendiente,No Facturado,PENDIENTE_DE_FACTURAR,PENDIENTE_DE_PAGO,SIN_CUBRIR,,REPORTE 23-31 MARZO 2026,REVIEW,
1326,2026-03-30,2885,TENNECO,EXACT,CHATARRA,CHATARRA,CHATARRA,SOURCE,EXACT,15190.000,12890.000,2300.000,0.000,0.000,0.000,0.000,2300.000,2300.000,3.100,3.370,DIFFERS,0.000,7130.000,7130.000,Pendiente,No Facturado,PENDIENTE_DE_FACTURAR,PENDIENTE_DE_PAGO,SIN_CUBRIR,,REPORTE 23-31 MARZO 2026,REVIEW,
1327,2026-03-27,2786,TENNECO,EXACT,CHATARRA,CHATARRA,CHATARRA,SOURCE,EXACT,14870.000,12720.000,2150.000,0.000,0.000,0.000,0.000,2150.000,2150.000,3.100,3.370,DIFFERS,0.000,6665.000,6665.000,Pendiente,No Facturado,PENDIENTE_DE_FACTURAR,PENDIENTE_DE_PAGO,SIN_CUBRIR,,REPORTE 23-31 MARZO 2026,REVIEW,
1328,2026-03-26,2729,TENNECO,EXACT,CHATARRA,CHATARRA,CHATARRA,SOURCE,EXACT,15370.000,12770.000,2600.000,0.000,0.000,0.000,0.000,2600.000,2600.000,3.100,3.370,DIFFERS,0.000,8060.000,8060.000,Pendiente,No Facturado,PENDIENTE_DE_FACTURAR,PENDIENTE_DE_PAGO,SIN_CUBRIR,,REPORTE 23-31 MARZO 2026,REVIEW,
1329,2026-03-26,24719,TENNECO,EXACT,CHATARRA,CHATARRA,CHATARRA,SOURCE,EXACT,13830.000,12270.000,1560.000,0.000,0.000,0.000,0.000,1560.000,1560.000,3.100,3.370,DIFFERS,0.000,4836.000,4836.000,Pendiente,No Facturado,PENDIENTE_DE_FACTURAR,PENDIENTE_DE_PAGO,SIN_CUBRIR,,REPORTE 23-31 MARZO 2026,REVIEW,
1330,2026-03-25,45798,AVON,EXACT,CHATARRA,CHATARRA,CHATARRA,SOURCE,EXACT,6080.000,5225.000,855.000,0.000,0.000,0.000,0.000,855.000,855.000,2.800,2.800,MATCH,0.000,2394.000,2394.000,Pendiente,No Facturado,PENDIENTE_DE_FACTURAR,PENDIENTE_DE_PAGO,SIN_CUBRIR,,CORTE 23-28 MARZO 2026,IMPORTABLE,
1331,2026-03-25,2670,TENNECO,EXACT,CHATARRA,CHATARRA,CHATARRA,SOURCE,EXACT,14820.000,12750.000,2070.000,0.000,0.000,0.000,0.000,2070.000,2070.000,3.100,3.370,DIFFERS,0.000,6417.000,6417.000,Pendiente,No Facturado,PENDIENTE_DE_FACTURAR,PENDIENTE_DE_PAGO,SIN_CUBRIR,,REPORTE 23-31 MARZO 2026,REVIEW,
1332,2026-03-24,576,RODOLFO VERA,EXACT,CHATARRA,CHATARRA,CHATARRA,SOURCE,EXACT,31050.000,18275.000,12775.000,0.000,0.000,0.000,0.000,12775.000,12775.000,5.400,5.300,DIFFERS,0.000,68985.000,68985.000,Pendiente,No Facturado,PENDIENTE_DE_FACTURAR,PENDIENTE_DE_PAGO,SIN_CUBRIR,,,REVIEW,
1333,2026-03-24,2610,TENNECO,EXACT,CHATARRA,CHATARRA,CHATARRA,SOURCE,EXACT,14580.000,12800.000,1780.000,0.000,0.000,0.000,0.000,1780.000,1780.000,3.100,3.370,DIFFERS,0.000,5518.000,5518.000,Pendiente,No Facturado,PENDIENTE_DE_FACTURAR,PENDIENTE_DE_PAGO,SIN_CUBRIR,,REPORTE 23-31 MARZO 2026,REVIEW,
1334,2026-03-23,2560,TENNECO,EXACT,CHATARRA,CHATARRA,CHATARRA,SOURCE,EXACT,16280.000,12780.000,3500.000,0.000,0.000,0.000,0.000,3500.000,3500.000,3.100,3.370,DIFFERS,0.000,10850.000,10850.000,Pendiente,No Facturado,PENDIENTE_DE_FACTURAR,PENDIENTE_DE_PAGO,SIN_CUBRIR,,REPORTE 23-31 MARZO 2026,REVIEW,
1335,2026-03-23,24694,TENNECO,EXACT,CHATARRA,CHATARRA,CHATARRA,SOURCE,EXACT,16850.000,12290.000,4560.000,0.000,0.000,0.000,0.000,4560.000,4560.000,3.100,3.370,DIFFERS,0.000,14136.000,14136.000,Pendiente,No Facturado,PENDIENTE_DE_FACTURAR,PENDIENTE_DE_PAGO,SIN_CUBRIR,,REPORTE 23-31 MARZO 2026,REVIEW,
1336,2026-03-20,24679,TENNECO,EXACT,CHATARRA,CHATARRA,CHATARRA,SOURCE,EXACT,18810.000,12400.000,6410.000,0.000,0.000,0.000,0.000,6410.000,6410.000,3.100,3.370,DIFFERS,0.000,19871.000,19871.000,Pendiente,No Facturado,PENDIENTE_DE_FACTURAR,PENDIENTE_DE_PAGO,SIN_CUBRIR,,REPORTE 16-21 MARZO 2026,REVIEW,
1337,2026-03-20,2441,TENNECO,EXACT,CHATARRA,CHATARRA,CHATARRA,SOURCE,EXACT,14900.000,12760.000,2140.000,0.000,0.000,0.000,0.000,2140.000,2140.000,3.100,3.370,DIFFERS,0.000,6634.000,6634.000,Pendiente,No Facturado,PENDIENTE_DE_FACTURAR,PENDIENTE_DE_PAGO,SIN_CUBRIR,,REPORTE 16-21 MARZO 2026,REVIEW,
1338,2026-03-19,2386,TENNECO,EXACT,CHATARRA,CHATARRA,CHATARRA,SOURCE,EXACT,14800.000,12770.000,2030.000,0.000,0.000,0.000,0.000,2030.000,2030.000,3.100,3.370,DIFFERS,0.000,6293.000,6293.000,Pendiente,No Facturado,PENDIENTE_DE_FACTURAR,PENDIENTE_DE_PAGO,SIN_CUBRIR,,REPORTE 16-21 MARZO 2026,REVIEW,
1339,2026-03-18,2314,TENNECO,EXACT,CHATARRA,CHATARRA,CHATARRA,SOURCE,EXACT,14880.000,12810.000,2070.000,0.000,0.000,0.000,0.000,2070.000,2070.000,3.100,3.370,DIFFERS,0.000,6417.000,6417.000,Pendiente,No Facturado,PENDIENTE_DE_FACTURAR,PENDIENTE_DE_PAGO,SIN_CUBRIR,,REPORTE 16-21 MARZO 2026,REVIEW,
1340,2026-03-17,518,RODOLFO VERA,EXACT,CHATARRA,CHATARRA,CHATARRA,SOURCE,EXACT,30535.000,18170.000,12365.000,0.000,0.000,0.000,0.000,12365.000,12365.000,5.800,5.300,DIFFERS,0.000,71717.000,71717.000,Pendiente,No Facturado,PENDIENTE_DE_FACTURAR,PENDIENTE_DE_PAGO,SIN_CUBRIR,,,REVIEW,
1341,2026-03-17,24646,TENNECO,EXACT,CHATARRA,CHATARRA,CHATARRA,SOURCE,EXACT,16450.000,12980.000,3470.000,0.000,0.000,0.000,0.000,3470.000,3470.000,3.100,3.370,DIFFERS,0.000,10757.000,10757.000,Pendiente,No Facturado,PENDIENTE_DE_FACTURAR,PENDIENTE_DE_PAGO,SIN_CUBRIR,,REPORTE 16-21 MARZO 2026,REVIEW,
1342,2026-03-17,2266,TENNECO,EXACT,CHATARRA,CHATARRA,CHATARRA,SOURCE,EXACT,16330.000,12770.000,3560.000,0.000,0.000,0.000,0.000,3560.000,3560.000,3.100,3.370,DIFFERS,0.000,11036.000,11036.000,Pendiente,No Facturado,PENDIENTE_DE_FACTURAR,PENDIENTE_DE_PAGO,SIN_CUBRIR,,REPORTE 16-21 MARZO 2026,REVIEW,
1343,2026-03-13,2162,TENNECO,EXACT,CHATARRA,CHATARRA,CHATARRA,SOURCE,EXACT,14410.000,12840.000,1570.000,0.000,0.000,0.000,0.000,1570.000,1570.000,3.100,3.370,DIFFERS,0.000,4867.000,4867.000,Pendiente,No Facturado,PENDIENTE_DE_FACTURAR,PENDIENTE_DE_PAGO,SIN_CUBRIR,,REPORTE 09-14 MARZO 2026,REVIEW,
1344,2026-03-13,79508,SETEXMES,EXACT,CHATARRA,CHATARRA,CHATARRA,SOURCE,EXACT,7075.000,5495.000,1580.000,0.000,0.000,0.000,0.000,1580.000,1580.000,2.300,2.300,MATCH,0.000,3634.000,3634.000,Pendiente,Facturado,FACTURADO,PENDIENTE_DE_PAGO,SIN_CUBRIR,,REPORTE MARZO 2026,IMPORTABLE,
1345,2026-03-12,24600,TENNECO,EXACT,CHATARRA,CHATARRA,CHATARRA,SOURCE,EXACT,20610.000,12300.000,8310.000,0.000,0.000,0.000,0.000,8310.000,8310.000,3.100,3.370,DIFFERS,0.000,25761.000,25761.000,Pendiente,No Facturado,PENDIENTE_DE_FACTURAR,PENDIENTE_DE_PAGO,SIN_CUBRIR,,REPORTE 09-14 MARZO 2026,REVIEW,
1346,2026-03-12,2099,TENNECO,EXACT,CHATARRA,CHATARRA,CHATARRA,SOURCE,EXACT,14730.000,12770.000,1960.000,0.000,0.000,0.000,0.000,1960.000,1960.000,3.100,3.370,DIFFERS,0.000,6076.000,6076.000,Pendiente,No Facturado,PENDIENTE_DE_FACTURAR,PENDIENTE_DE_PAGO,SIN_CUBRIR,,REPORTE 09-14 MARZO 2026,REVIEW,
1347,2026-03-11,2038,TENNECO,EXACT,CHATARRA,CHATARRA,CHATARRA,SOURCE,EXACT,13570.000,12810.000,760.000,0.000,0.000,0.000,0.000,760.000,760.000,3.100,3.370,DIFFERS,0.000,2356.000,2356.000,Pendiente,No Facturado,PENDIENTE_DE_FACTURAR,PENDIENTE_DE_PAGO,SIN_CUBRIR,,REPORTE 09-14 MARZO 2026,REVIEW,
1348,2026-03-10,478,RODOLFO VERA,EXACT,CHATARRA,CHATARRA,CHATARRA,SOURCE,EXACT,37930.000,21645.000,16285.000,0.000,0.000,0.000,0.000,16285.000,16285.000,6.200,5.300,DIFFERS,0.000,100967.000,100967.000,Pendiente,No Facturado,PENDIENTE_DE_FACTURAR,PENDIENTE_DE_PAGO,SIN_CUBRIR,,,REVIEW,
1349,2026-03-10,1974,TENNECO,EXACT,CHATARRA,CHATARRA,CHATARRA,SOURCE,EXACT,16030.000,12750.000,3280.000,0.000,0.000,0.000,0.000,3280.000,3280.000,3.100,3.370,DIFFERS,0.000,10168.000,10168.000,Pendiente,No Facturado,PENDIENTE_DE_FACTURAR,PENDIENTE_DE_PAGO,SIN_CUBRIR,,REPORTE 09-14 MARZO 2026,REVIEW,
1350,2026-03-09,1917,TENNECO,EXACT,CHATARRA,CHATARRA,CHATARRA,SOURCE,EXACT,15070.000,12830.000,2240.000,0.000,0.000,0.000,0.000,2240.000,2240.000,3.100,3.370,DIFFERS,0.000,6944.000,6944.000,Pendiente,No Facturado,PENDIENTE_DE_FACTURAR,PENDIENTE_DE_PAGO,SIN_CUBRIR,,REPORTE 09-14 MARZO 2026,REVIEW,
1351,2026-03-06,1836,TENNECO,EXACT,CHATARRA,CHATARRA,CHATARRA,SOURCE,EXACT,13590.000,12760.000,830.000,0.000,0.000,0.000,0.000,830.000,830.000,3.100,3.370,DIFFERS,0.000,2573.000,2573.000,Pendiente,No Facturado,PENDIENTE_DE_FACTURAR,PENDIENTE_DE_PAGO,SIN_CUBRIR,,REPORTE 02-07 MARZO 2026,REVIEW,
1352,2026-03-06,1838,TENNECO,EXACT,CHATARRA,CHATARRA,CHATARRA,SOURCE,EXACT,14150.000,13590.000,560.000,0.000,0.000,0.000,0.000,560.000,560.000,3.100,3.370,DIFFERS,0.000,1736.000,1736.000,Pendiente,No Facturado,PENDIENTE_DE_FACTURAR,PENDIENTE_DE_PAGO,SIN_CUBRIR,,REPORTE 02-07 MARZO 2026,REVIEW,
1353,2026-03-05,24526,TENNECO,EXACT,CHATARRA,CHATARRA,CHATARRA,SOURCE,EXACT,19230.000,12300.000,6930.000,0.000,0.000,0.000,0.000,6930.000,6930.000,3.100,3.370,DIFFERS,0.000,21483.000,21483.000,Pendiente,No Facturado,PENDIENTE_DE_FACTURAR,PENDIENTE_DE_PAGO,SIN_CUBRIR,,REPORTE 02-07 MARZO 2026,REVIEW,
1354,2026-03-05,1769,TENNECO,EXACT,CHATARRA,CHATARRA,CHATARRA,SOURCE,EXACT,13860.000,12270.000,1590.000,0.000,0.000,0.000,0.000,1590.000,1590.000,3.100,3.370,DIFFERS,0.000,4929.000,4929.000,Pendiente,No Facturado,PENDIENTE_DE_FACTURAR,PENDIENTE_DE_PAGO,SIN_CUBRIR,,REPORTE 02-07 MARZO 2026,REVIEW,
1355,2026-03-04,1721,TENNECO,EXACT,CHATARRA,CHATARRA,CHATARRA,SOURCE,EXACT,13550.000,12280.000,1270.000,0.000,0.000,0.000,0.000,1270.000,1270.000,3.100,3.370,DIFFERS,0.000,3937.000,3937.000,Pendiente,No Facturado,PENDIENTE_DE_FACTURAR,PENDIENTE_DE_PAGO,SIN_CUBRIR,,REPORTE 02-07 MARZO 2026,REVIEW,
1356,2026-03-03,1675,TENNECO,EXACT,CHATARRA,CHATARRA,CHATARRA,SOURCE,EXACT,14890.000,12260.000,2630.000,0.000,0.000,0.000,0.000,2630.000,2630.000,3.100,3.370,DIFFERS,0.000,8153.000,8153.000,Pendiente,No Facturado,PENDIENTE_DE_FACTURAR,PENDIENTE_DE_PAGO,SIN_CUBRIR,,REPORTE 02-07 MARZO 2026,REVIEW,
1357,2026-03-02,24501,TENNECO,EXACT,CHATARRA,CHATARRA,CHATARRA,SOURCE,EXACT,17700.000,13510.000,4190.000,0.000,0.000,0.000,0.000,4190.000,4190.000,3.100,3.370,DIFFERS,0.000,12989.000,12989.000,Pendiente,No Facturado,PENDIENTE_DE_FACTURAR,PENDIENTE_DE_PAGO,SIN_CUBRIR,,REPORTE 02-07 MARZO 2026,REVIEW,
1358,2026-03-02,1621,TENNECO,EXACT,CHATARRA,CHATARRA,CHATARRA,SOURCE,EXACT,15180.000,12320.000,2860.000,0.000,0.000,0.000,0.000,2860.000,2860.000,3.100,3.370,DIFFERS,0.000,8866.000,8866.000,Pendiente,No Facturado,PENDIENTE_DE_FACTURAR,PENDIENTE_DE_PAGO,SIN_CUBRIR,,REPORTE 02-07 MARZO 2026,REVIEW,
1359,2026-02-27,393,RODOLFO VERA,EXACT,CHATARRA,CHATARRA,CHATARRA,SOURCE,EXACT,30430.000,18245.000,12185.000,0.000,0.000,0.000,0.000,12185.000,12185.000,6.200,5.300,DIFFERS,0.000,75547.000,75547.000,Pendiente,No Facturado,PENDIENTE_DE_FACTURAR,PENDIENTE_DE_PAGO,SIN_CUBRIR,,,REVIEW,
1360,2026-02-27,1547,TENNECO,EXACT,CHATARRA,CHATARRA,CHATARRA,SOURCE,EXACT,14350.000,12240.000,2110.000,0.000,0.000,0.000,0.000,2110.000,2110.000,3.220,3.370,DIFFERS,0.000,6794.200,6794.200,Pendiente,No Facturado,PENDIENTE_DE_FACTURAR,PENDIENTE_DE_PAGO,SIN_CUBRIR,,REPORTE 23-28 FEBRERO 2026,REVIEW,
1361,2026-02-26,24465,TENNECO,EXACT,CHATARRA,CHATARRA,CHATARRA,SOURCE,EXACT,20680.000,12280.000,8400.000,0.000,0.000,0.000,0.000,8400.000,8400.000,3.220,3.370,DIFFERS,0.000,27048.000,27048.000,Pendiente,No Facturado,PENDIENTE_DE_FACTURAR,PENDIENTE_DE_PAGO,SIN_CUBRIR,,REPORTE 23-28 FEBRERO 2026,REVIEW,
1362,2026-02-26,1485,TENNECO,EXACT,CHATARRA,CHATARRA,CHATARRA,SOURCE,EXACT,14450.000,12260.000,2190.000,0.000,0.000,0.000,0.000,2190.000,2190.000,3.220,3.370,DIFFERS,0.000,7051.800,7051.800,Pendiente,No Facturado,PENDIENTE_DE_FACTURAR,PENDIENTE_DE_PAGO,SIN_CUBRIR,,REPORTE 23-28 FEBRERO 2026,REVIEW,
1363,2026-02-25,1425,TENNECO,EXACT,CHATARRA,CHATARRA,CHATARRA,SOURCE,EXACT,14030.000,12240.000,1790.000,0.000,0.000,0.000,0.000,1790.000,1790.000,3.220,3.370,DIFFERS,0.000,5763.800,5763.800,Pendiente,No Facturado,PENDIENTE_DE_FACTURAR,PENDIENTE_DE_PAGO,SIN_CUBRIR,,REPORTE 23-28 FEBRERO 2026,REVIEW,
1364,2026-02-24,1368,TENNECO,EXACT,CHATARRA,CHATARRA,CHATARRA,SOURCE,EXACT,13360.000,12350.000,1010.000,0.000,0.000,0.000,0.000,1010.000,1010.000,3.220,3.370,DIFFERS,0.000,3252.200,3252.200,Pendiente,No Facturado,PENDIENTE_DE_FACTURAR,PENDIENTE_DE_PAGO,SIN_CUBRIR,,REPORTE 23-28 FEBRERO 2026,REVIEW,
1365,2026-02-23,1328,TENNECO,EXACT,CHATARRA,CHATARRA,CHATARRA,SOURCE,EXACT,15540.000,12340.000,3200.000,0.000,0.000,0.000,0.000,3200.000,3200.000,3.220,3.370,DIFFERS,0.000,10304.000,10304.000,Pendiente,No Facturado,PENDIENTE_DE_FACTURAR,PENDIENTE_DE_PAGO,SIN_CUBRIR,,REPORTE 23-28 FEBRERO 2026,REVIEW,
1366,2026-02-23,24445,TENNECO,EXACT,CHATARRA,CHATARRA,CHATARRA,SOURCE,EXACT,18360.000,12300.000,6060.000,0.000,0.000,0.000,0.000,6060.000,6060.000,3.220,3.370,DIFFERS,0.000,19513.200,19513.200,Pendiente,No Facturado,PENDIENTE_DE_FACTURAR,PENDIENTE_DE_PAGO,SIN_CUBRIR,,REPORTE 23-28 FEBRERO 2026,REVIEW,
1367,2026-02-20,45603,AVON,EXACT,CHATARRA,CHATARRA,CHATARRA,SOURCE,EXACT,7350.000,5225.000,2125.000,0.000,0.000,0.000,0.000,2125.000,2125.000,2.800,2.800,MATCH,0.000,5950.000,5950.000,Pendiente,No Facturado,PENDIENTE_DE_FACTURAR,PENDIENTE_DE_PAGO,SIN_CUBRIR,,CORTE 16-21 FEBRERO 2026,IMPORTABLE,
1368,2026-02-20,1245,TENNECO,EXACT,CHATARRA,CHATARRA,CHATARRA,SOURCE,EXACT,14850.000,12260.000,2590.000,0.000,0.000,0.000,0.000,2590.000,2590.000,3.220,3.370,DIFFERS,0.000,8339.800,8339.800,Pendiente,No Facturado,PENDIENTE_DE_FACTURAR,PENDIENTE_DE_PAGO,SIN_CUBRIR,,REPORTE 16-21 FEBRERO 2026,REVIEW,
1369,2026-02-19,24418,TENNECO,EXACT,CHATARRA,CHATARRA,CHATARRA,SOURCE,EXACT,21970.000,12280.000,9690.000,0.000,0.000,0.000,0.000,9690.000,9690.000,3.220,3.370,DIFFERS,0.000,31201.800,31201.800,Pendiente,No Facturado,PENDIENTE_DE_FACTURAR,PENDIENTE_DE_PAGO,SIN_CUBRIR,,REPORTE 16-21 FEBRERO 2026,REVIEW,
1370,2026-02-19,1196,TENNECO,EXACT,CHATARRA,CHATARRA,CHATARRA,SOURCE,EXACT,14420.000,12310.000,2110.000,0.000,0.000,0.000,0.000,2110.000,2110.000,3.220,3.370,DIFFERS,0.000,6794.200,6794.200,Pendiente,No Facturado,PENDIENTE_DE_FACTURAR,PENDIENTE_DE_PAGO,SIN_CUBRIR,,REPORTE 16-21 FEBRERO 2026,REVIEW,
1371,2026-02-18,1140,TENNECO,EXACT,CHATARRA,CHATARRA,CHATARRA,SOURCE,EXACT,13300.000,12320.000,980.000,0.000,0.000,0.000,0.000,980.000,980.000,3.220,3.370,DIFFERS,0.000,3155.600,3155.600,Pendiente,No Facturado,PENDIENTE_DE_FACTURAR,PENDIENTE_DE_PAGO,SIN_CUBRIR,,REPORTE 16-21 FEBRERO 2026,REVIEW,
1372,2026-02-17,1096,TENNECO,EXACT,CHATARRA,CHATARRA,CHATARRA,SOURCE,EXACT,13720.000,12260.000,1460.000,0.000,0.000,0.000,0.000,1460.000,1460.000,3.220,3.370,DIFFERS,0.000,4701.200,4701.200,Pendiente,No Facturado,PENDIENTE_DE_FACTURAR,PENDIENTE_DE_PAGO,SIN_CUBRIR,,REPORTE 16-21 FEBRERO 2026,REVIEW,
1373,2026-02-16,24390,TENNECO,EXACT,CHATARRA,CHATARRA,CHATARRA,SOURCE,EXACT,19870.000,12270.000,7600.000,0.000,0.000,0.000,0.000,7600.000,7600.000,3.220,3.370,DIFFERS,0.000,24472.000,24472.000,Pendiente,No Facturado,PENDIENTE_DE_FACTURAR,PENDIENTE_DE_PAGO,SIN_CUBRIR,,REPORTE 16-21 FEBRERO 2026,REVIEW,
1374,2026-02-16,1043,TENNECO,EXACT,CHATARRA,CHATARRA,CHATARRA,SOURCE,EXACT,14100.000,12240.000,1860.000,0.000,0.000,0.000,0.000,1860.000,1860.000,3.220,3.370,DIFFERS,0.000,5989.200,5989.200,Pendiente,No Facturado,PENDIENTE_DE_FACTURAR,PENDIENTE_DE_PAGO,SIN_CUBRIR,,REPORTE 16-21 FEBRERO 2026,REVIEW,
1375,2026-02-13,956,TENNECO,EXACT,CHATARRA,CHATARRA,CHATARRA,SOURCE,EXACT,13620.000,12280.000,1340.000,0.000,0.000,0.000,0.000,1340.000,1340.000,3.220,3.370,DIFFERS,0.000,4314.800,4314.800,Pendiente,No Facturado,PENDIENTE_DE_FACTURAR,PENDIENTE_DE_PAGO,SIN_CUBRIR,,REPORTE 09-14 FEBRERO 2026,REVIEW,
1376,2026-02-12,883,TENNECO,EXACT,CHATARRA,CHATARRA,CHATARRA,SOURCE,EXACT,13710.000,12310.000,1400.000,0.000,0.000,0.000,0.000,1400.000,1400.000,3.220,3.370,DIFFERS,0.000,4508.000,4508.000,Pendiente,No Facturado,PENDIENTE_DE_FACTURAR,PENDIENTE_DE_PAGO,SIN_CUBRIR,,REPORTE 09-14 FEBRERO 2026,REVIEW,
1377,2026-02-12,24370,TENNECO,EXACT,CHATARRA,CHATARRA,CHATARRA,SOURCE,EXACT,21670.000,12300.000,9370.000,0.000,0.000,0.000,0.000,9370.000,9370.000,3.220,3.370,DIFFERS,0.000,30171.400,30171.400,Pendiente,No Facturado,PENDIENTE_DE_FACTURAR,PENDIENTE_DE_PAGO,SIN_CUBRIR,,REPORTE 09-14 FEBRERO 2026,REVIEW,
1378,2026-02-11,825,TENNECO,EXACT,CHATARRA,CHATARRA,CHATARRA,SOURCE,EXACT,13770.000,12240.000,1530.000,0.000,0.000,0.000,0.000,1530.000,1530.000,3.220,3.370,DIFFERS,0.000,4926.600,4926.600,Pendiente,No Facturado,PENDIENTE_DE_FACTURAR,PENDIENTE_DE_PAGO,SIN_CUBRIR,,REPORTE 09-14 FEBRERO 2026,REVIEW,
1379,2026-02-10,778,TENNECO,EXACT,CHATARRA,CHATARRA,CHATARRA,SOURCE,EXACT,14110.000,12290.000,1820.000,0.000,0.000,0.000,0.000,1820.000,1820.000,3.220,3.370,DIFFERS,0.000,5860.400,5860.400,Pendiente,No Facturado,PENDIENTE_DE_FACTURAR,PENDIENTE_DE_PAGO,SIN_CUBRIR,,REPORTE 09-14 FEBRERO 2026,REVIEW,
1380,2026-02-09,725,TENNECO,EXACT,CHATARRA,CHATARRA,CHATARRA,SOURCE,EXACT,14490.000,12260.000,2230.000,0.000,0.000,0.000,0.000,2230.000,2230.000,3.220,3.370,DIFFERS,0.000,7180.600,7180.600,Pendiente,No Facturado,PENDIENTE_DE_FACTURAR,PENDIENTE_DE_PAGO,SIN_CUBRIR,,REPORTE 09-14 FEBRERO 2026,REVIEW,
1381,2026-02-09,24353,TENNECO,EXACT,CHATARRA,CHATARRA,CHATARRA,SOURCE,EXACT,16610.000,13090.000,3520.000,0.000,0.000,0.000,0.000,3520.000,3520.000,3.220,3.370,DIFFERS,0.000,11334.400,11334.400,Pendiente,No Facturado,PENDIENTE_DE_FACTURAR,PENDIENTE_DE_PAGO,SIN_CUBRIR,,REPORTE 09-14 FEBRERO 2026,REVIEW,
1382,2026-02-06,631,TENNECO,EXACT,CHATARRA,CHATARRA,CHATARRA,SOURCE,EXACT,14140.000,12290.000,1850.000,0.000,0.000,0.000,0.000,1850.000,1850.000,3.220,3.370,DIFFERS,0.000,5957.000,5957.000,Pendiente,No Facturado,PENDIENTE_DE_FACTURAR,PENDIENTE_DE_PAGO,SIN_CUBRIR,,REPORTE 03-07 FEBRERO 2026,REVIEW,
1383,2026-02-06,24340,TENNECO,EXACT,CHATARRA,CHATARRA,CHATARRA,SOURCE,EXACT,19690.000,13420.000,6270.000,0.000,0.000,0.000,0.000,6270.000,6270.000,3.220,3.370,DIFFERS,0.000,20189.400,20189.400,Pendiente,No Facturado,PENDIENTE_DE_FACTURAR,PENDIENTE_DE_PAGO,SIN_CUBRIR,,REPORTE 03-07 FEBRERO 2026,REVIEW,
1384,2026-02-06,45510,AVON,EXACT,CHATARRA,CHATARRA,CHATARRA,SOURCE,EXACT,6390.000,5225.000,1165.000,0.000,0.000,0.000,0.000,1165.000,1165.000,2.800,2.800,MATCH,0.000,3262.000,3262.000,Pendiente,No Facturado,PENDIENTE_DE_FACTURAR,PENDIENTE_DE_PAGO,SIN_CUBRIR,,CORTE 03-07 FEBRERO 2026,IMPORTABLE,
1385,2026-02-05,576,TENNECO,EXACT,CHATARRA,CHATARRA,CHATARRA,SOURCE,EXACT,13410.000,12240.000,1170.000,0.000,0.000,0.000,0.000,1170.000,1170.000,3.220,3.370,DIFFERS,0.000,3767.400,3767.400,Pendiente,No Facturado,PENDIENTE_DE_FACTURAR,PENDIENTE_DE_PAGO,SIN_CUBRIR,,REPORTE 03-07 FEBRERO 2026,REVIEW,
1386,2026-02-04,516,TENNECO,EXACT,CHATARRA,CHATARRA,CHATARRA,SOURCE,EXACT,13380.000,12270.000,1110.000,0.000,0.000,0.000,0.000,1110.000,1110.000,3.220,3.370,DIFFERS,0.000,3574.200,3574.200,Pendiente,No Facturado,PENDIENTE_DE_FACTURAR,PENDIENTE_DE_PAGO,SIN_CUBRIR,,REPORTE 03-07 FEBRERO 2026,REVIEW,
1387,2026-02-03,483,TENNECO,EXACT,CHATARRA,CHATARRA,CHATARRA,SOURCE,EXACT,14440.000,12210.000,2230.000,0.000,0.000,0.000,0.000,2230.000,2230.000,3.220,3.370,DIFFERS,0.000,7180.600,7180.600,Pendiente,No Facturado,PENDIENTE_DE_FACTURAR,PENDIENTE_DE_PAGO,SIN_CUBRIR,,REPORTE 03-07 FEBRERO 2026,REVIEW,
1388,2026-02-03,24314,TENNECO,EXACT,CHATARRA,CHATARRA,CHATARRA,SOURCE,EXACT,19870.000,13515.000,6355.000,0.000,0.000,0.000,0.000,6355.000,6355.000,3.220,3.370,DIFFERS,0.000,20463.100,20463.100,Pendiente,No Facturado,PENDIENTE_DE_FACTURAR,PENDIENTE_DE_PAGO,SIN_CUBRIR,,REPORTE 03-07 FEBRERO 2026,REVIEW,
1389,2026-01-30,389,TENNECO,EXACT,CHATARRA,CHATARRA,CHATARRA,SOURCE,EXACT,14500.000,12260.000,2240.000,0.000,0.000,0.000,0.000,2240.000,2240.000,3.040,3.370,DIFFERS,0.000,6809.600,6809.600,Pendiente,No Facturado,PENDIENTE_DE_FACTURAR,PENDIENTE_DE_PAGO,SIN_CUBRIR,,REPORTE 26-31 ENERO 2026,REVIEW,
1390,2026-01-29,331,TENNECO,EXACT,CHATARRA,CHATARRA,CHATARRA,SOURCE,EXACT,12970.000,12270.000,700.000,0.000,0.000,0.000,0.000,700.000,700.000,3.040,3.370,DIFFERS,0.000,2128.000,2128.000,Pendiente,No Facturado,PENDIENTE_DE_FACTURAR,PENDIENTE_DE_PAGO,SIN_CUBRIR,,REPORTE 26-31 ENERO 2026,REVIEW,
1391,2026-01-29,24293,TENNECO,EXACT,CHATARRA,CHATARRA,CHATARRA,SOURCE,EXACT,17500.000,13510.000,3990.000,0.000,0.000,0.000,0.000,3990.000,3990.000,3.040,3.370,DIFFERS,0.000,12129.600,12129.600,Pendiente,No Facturado,PENDIENTE_DE_FACTURAR,PENDIENTE_DE_PAGO,SIN_CUBRIR,,REPORTE 26-31 ENERO 2026,REVIEW,
1392,2026-01-28,275,TENNECO,EXACT,CHATARRA,CHATARRA,CHATARRA,SOURCE,EXACT,14010.000,12220.000,1790.000,0.000,0.000,0.000,0.000,1790.000,1790.000,3.040,3.370,DIFFERS,0.000,5441.600,5441.600,Pendiente,No Facturado,PENDIENTE_DE_FACTURAR,PENDIENTE_DE_PAGO,SIN_CUBRIR,,REPORTE 26-31 ENERO 2026,REVIEW,
1393,2026-01-27,222,TENNECO,EXACT,CHATARRA,CHATARRA,CHATARRA,SOURCE,EXACT,14360.000,12270.000,2090.000,0.000,0.000,0.000,0.000,2090.000,2090.000,3.040,3.370,DIFFERS,0.000,6353.600,6353.600,Pendiente,No Facturado,PENDIENTE_DE_FACTURAR,PENDIENTE_DE_PAGO,SIN_CUBRIR,,REPORTE 26-31 ENERO 2026,REVIEW,
1394,2026-01-26,24260,TENNECO,EXACT,CHATARRA,CHATARRA,CHATARRA,SOURCE,EXACT,17470.000,12980.000,4490.000,0.000,0.000,0.000,0.000,4490.000,4490.000,3.040,3.370,DIFFERS,0.000,13649.600,13649.600,Pendiente,No Facturado,PENDIENTE_DE_FACTURAR,PENDIENTE_DE_PAGO,SIN_CUBRIR,,REPORTE 26-31 ENERO 2026,REVIEW,
1395,2026-01-26,161,TENNECO,EXACT,CHATARRA,CHATARRA,CHATARRA,SOURCE,EXACT,21210.000,12200.000,9010.000,0.000,0.000,0.000,0.000,9010.000,9010.000,3.040,3.370,DIFFERS,0.000,27390.400,27390.400,Pendiente,No Facturado,PENDIENTE_DE_FACTURAR,PENDIENTE_DE_PAGO,SIN_CUBRIR,,REPORTE 26-31 ENERO 2026,REVIEW,
1396,2026-01-23,66,TENNECO,EXACT,CHATARRA,CHATARRA,CHATARRA,SOURCE,EXACT,16070.000,12230.000,3840.000,0.000,0.000,0.000,0.000,3840.000,3840.000,3.040,3.370,DIFFERS,0.000,11673.600,11673.600,Pendiente,No Facturado,PENDIENTE_DE_FACTURAR,PENDIENTE_DE_PAGO,SIN_CUBRIR,,REPORTE 19-24 ENERO 2026,REVIEW,
1397,2026-01-22,12,TENNECO,EXACT,CHATARRA,CHATARRA,CHATARRA,SOURCE,EXACT,13410.000,12270.000,1140.000,0.000,0.000,0.000,0.000,1140.000,1140.000,3.040,3.370,DIFFERS,0.000,3465.600,3465.600,Pendiente,No Facturado,PENDIENTE_DE_FACTURAR,PENDIENTE_DE_PAGO,SIN_CUBRIR,,REPORTE 19-24 ENERO 2026,REVIEW,
1398,2026-01-22,24243,TENNECO,EXACT,CHATARRA,CHATARRA,CHATARRA,SOURCE,EXACT,17890.000,12330.000,5560.000,0.000,0.000,0.000,0.000,5560.000,5560.000,3.040,3.370,DIFFERS,0.000,16902.400,16902.400,Pendiente,No Facturado,PENDIENTE_DE_FACTURAR,PENDIENTE_DE_PAGO,SIN_CUBRIR,,REPORTE 19-24 ENERO 2026,REVIEW,
1399,2026-01-21,14959,TENNECO,EXACT,CHATARRA,CHATARRA,CHATARRA,SOURCE,EXACT,13810.000,12370.000,1440.000,0.000,0.000,0.000,0.000,1440.000,1440.000,3.040,3.370,DIFFERS,0.000,4377.600,4377.600,Pendiente,No Facturado,PENDIENTE_DE_FACTURAR,PENDIENTE_DE_PAGO,SIN_CUBRIR,,REPORTE 19-24 ENERO 2026,REVIEW,
1400,2026-01-20,45392,AVON,EXACT,CHATARRA,CHATARRA,CHATARRA,SOURCE,EXACT,6130.000,5225.000,905.000,0.000,0.000,0.000,0.000,905.000,905.000,2.800,2.800,MATCH,0.000,2534.000,2534.000,Pendiente,No Facturado,PENDIENTE_DE_FACTURAR,PENDIENTE_DE_PAGO,SIN_CUBRIR,,Corte 19-24 Enero 2026,IMPORTABLE,
1401,2026-01-20,14903,TENNECO,EXACT,CHATARRA,CHATARRA,CHATARRA,SOURCE,EXACT,15380.000,12280.000,3100.000,0.000,0.000,0.000,0.000,3100.000,3100.000,3.040,3.370,DIFFERS,0.000,9424.000,9424.000,Pendiente,No Facturado,PENDIENTE_DE_FACTURAR,PENDIENTE_DE_PAGO,SIN_CUBRIR,,REPORTE 19-24 ENERO 2026,REVIEW,
1402,2026-01-19,14860,TENNECO,EXACT,CHATARRA,CHATARRA,CHATARRA,SOURCE,EXACT,14710.000,12250.000,2460.000,0.000,0.000,0.000,0.000,2460.000,2460.000,3.040,3.370,DIFFERS,0.000,7478.400,7478.400,Pendiente,No Facturado,PENDIENTE_DE_FACTURAR,PENDIENTE_DE_PAGO,SIN_CUBRIR,,REPORTE 19-24 ENERO 2026,REVIEW,
1403,2026-01-19,14865,TENNECO,EXACT,CHATARRA,CHATARRA,CHATARRA,SOURCE,EXACT,17910.000,14710.000,3200.000,0.000,0.000,0.000,0.000,3200.000,3200.000,3.040,3.370,DIFFERS,0.000,9728.000,9728.000,Pendiente,No Facturado,PENDIENTE_DE_FACTURAR,PENDIENTE_DE_PAGO,SIN_CUBRIR,,REPORTE 19-24 ENERO 2026,REVIEW,
1404,2026-01-19,24221,TENNECO,EXACT,CHATARRA,CHATARRA,CHATARRA,SOURCE,EXACT,16340.000,13530.000,2810.000,0.000,0.000,0.000,0.000,2810.000,2810.000,3.040,3.370,DIFFERS,0.000,8542.400,8542.400,Pendiente,No Facturado,PENDIENTE_DE_FACTURAR,PENDIENTE_DE_PAGO,SIN_CUBRIR,,REPORTE 19-24 ENERO 2026,REVIEW,
1405,2026-01-16,14776,TENNECO,EXACT,CHATARRA,CHATARRA,CHATARRA,SOURCE,EXACT,18530.000,12270.000,6260.000,0.000,0.000,0.000,0.000,6260.000,6260.000,3.040,3.370,DIFFERS,0.000,19030.400,19030.400,Pendiente,No Facturado,PENDIENTE_DE_FACTURAR,PENDIENTE_DE_PAGO,SIN_CUBRIR,,REPORTE 12-17 ENERO 2026,REVIEW,
1406,2026-01-15,14713,TENNECO,EXACT,CHATARRA,CHATARRA,CHATARRA,SOURCE,EXACT,15620.000,12230.000,3390.000,0.000,0.000,0.000,0.000,3390.000,3390.000,3.040,3.370,DIFFERS,0.000,10305.600,10305.600,Pendiente,No Facturado,PENDIENTE_DE_FACTURAR,PENDIENTE_DE_PAGO,SIN_CUBRIR,,REPORTE 12-17 ENERO 2026,REVIEW,
1407,2026-01-15,24198,TENNECO,EXACT,CHATARRA,CHATARRA,CHATARRA,SOURCE,EXACT,18540.000,12300.000,6240.000,0.000,0.000,0.000,0.000,6240.000,6240.000,3.040,3.370,DIFFERS,0.000,18969.600,18969.600,Pendiente,No Facturado,PENDIENTE_DE_FACTURAR,PENDIENTE_DE_PAGO,SIN_CUBRIR,,REPORTE 12-17 ENERO 2026,REVIEW,
1408,2026-01-14,14650,TENNECO,EXACT,CHATARRA,CHATARRA,CHATARRA,SOURCE,EXACT,14900.000,12280.000,2620.000,0.000,0.000,0.000,0.000,2620.000,2620.000,3.040,3.370,DIFFERS,0.000,7964.800,7964.800,Pendiente,No Facturado,PENDIENTE_DE_FACTURAR,PENDIENTE_DE_PAGO,SIN_CUBRIR,,REPORTE 12-17 ENERO 2026,REVIEW,
1409,2026-01-13,14582,TENNECO,EXACT,CHATARRA,CHATARRA,CHATARRA,SOURCE,EXACT,15070.000,12230.000,2840.000,0.000,0.000,0.000,0.000,2840.000,2840.000,3.040,3.370,DIFFERS,0.000,8633.600,8633.600,Pendiente,No Facturado,PENDIENTE_DE_FACTURAR,PENDIENTE_DE_PAGO,SIN_CUBRIR,,REPORTE 12-17 ENERO 2026,REVIEW,
1410,2026-01-13,14610,TENNECO,EXACT,CHATARRA,CHATARRA,CHATARRA,SOURCE,EXACT,16630.000,15060.000,1570.000,0.000,0.000,0.000,0.000,1570.000,1570.000,3.040,3.370,DIFFERS,0.000,4772.800,4772.800,Pendiente,No Facturado,PENDIENTE_DE_FACTURAR,PENDIENTE_DE_PAGO,SIN_CUBRIR,,REPORTE 12-17 ENERO 2026,REVIEW,
1411,2026-01-12,14513,TENNECO,EXACT,CHATARRA,CHATARRA,CHATARRA,SOURCE,EXACT,15450.000,12270.000,3180.000,0.000,0.000,0.000,0.000,3180.000,3180.000,3.040,3.370,DIFFERS,0.000,9667.200,9667.200,Pendiente,No Facturado,PENDIENTE_DE_FACTURAR,PENDIENTE_DE_PAGO,SIN_CUBRIR,,REPORTE 12-17 ENERO 2026,REVIEW,
1412,2026-01-12,24159,TENNECO,EXACT,CHATARRA,CHATARRA,CHATARRA,SOURCE,EXACT,24120.000,13540.000,10580.000,0.000,0.000,0.000,0.000,10580.000,10580.000,3.040,3.370,DIFFERS,0.000,32163.200,32163.200,Pendiente,No Facturado,PENDIENTE_DE_FACTURAR,PENDIENTE_DE_PAGO,SIN_CUBRIR,,REPORTE 12-17 ENERO 2026,REVIEW,
1413,2026-01-09,14424,TENNECO,EXACT,CHATARRA,CHATARRA,CHATARRA,SOURCE,EXACT,15160.000,12280.000,2880.000,0.000,0.000,0.000,0.000,2880.000,2880.000,3.040,3.370,DIFFERS,0.000,8755.200,8755.200,Pendiente,No Facturado,PENDIENTE_DE_FACTURAR,PENDIENTE_DE_PAGO,SIN_CUBRIR,,REPORTE 02-09 ENERO 2026,REVIEW,
1414,2026-01-08,14367,TENNECO,EXACT,CHATARRA,CHATARRA,CHATARRA,SOURCE,EXACT,13950.000,12240.000,1710.000,0.000,0.000,0.000,0.000,1710.000,1710.000,3.040,3.370,DIFFERS,0.000,5198.400,5198.400,Pendiente,No Facturado,PENDIENTE_DE_FACTURAR,PENDIENTE_DE_PAGO,SIN_CUBRIR,,REPORTE 02-09 ENERO 2026,REVIEW,
1415,2026-01-07,14319,TENNECO,EXACT,CHATARRA,CHATARRA,CHATARRA,SOURCE,EXACT,14400.000,12280.000,2120.000,0.000,0.000,0.000,0.000,2120.000,2120.000,3.040,3.370,DIFFERS,0.000,6444.800,6444.800,Pendiente,No Facturado,PENDIENTE_DE_FACTURAR,PENDIENTE_DE_PAGO,SIN_CUBRIR,,REPORTE 02-09 ENERO 2026,REVIEW,
1416,2026-01-06,14272,TENNECO,EXACT,CHATARRA,CHATARRA,CHATARRA,SOURCE,EXACT,15120.000,12200.000,2920.000,0.000,0.000,0.000,0.000,2920.000,2920.000,3.040,3.370,DIFFERS,0.000,8876.800,8876.800,Pendiente,No Facturado,PENDIENTE_DE_FACTURAR,PENDIENTE_DE_PAGO,SIN_CUBRIR,,REPORTE 02-09 ENERO 2026,REVIEW,
1417,2026-01-05,24127,TENNECO,EXACT,CHATARRA,CHATARRA,CHATARRA,SOURCE,EXACT,20270.000,13480.000,6790.000,0.000,0.000,0.000,0.000,6790.000,6790.000,3.040,3.370,DIFFERS,0.000,20641.600,20641.600,Pendiente,No Facturado,PENDIENTE_DE_FACTURAR,PENDIENTE_DE_PAGO,SIN_CUBRIR,,REPORTE 02-09 ENERO 2026,REVIEW,
1418,2026-01-05,14224,TENNECO,EXACT,CHATARRA,CHATARRA,CHATARRA,SOURCE,EXACT,14320.000,12230.000,2090.000,0.000,0.000,0.000,0.000,2090.000,2090.000,3.040,3.370,DIFFERS,0.000,6353.600,6353.600,Pendiente,No Facturado,PENDIENTE_DE_FACTURAR,PENDIENTE_DE_PAGO,SIN_CUBRIR,,REPORTE 02-09 ENERO 2026,REVIEW,
1419,2026-01-02,14177,TENNECO,EXACT,CHATARRA,CHATARRA,CHATARRA,SOURCE,EXACT,13580.000,12190.000,1390.000,0.000,0.000,0.000,0.000,1390.000,1390.000,3.040,3.370,DIFFERS,0.000,4225.600,4225.600,Pendiente,No Facturado,PENDIENTE_DE_FACTURAR,PENDIENTE_DE_PAGO,SIN_CUBRIR,,REPORTE 02-09 ENERO 2026,REVIEW,
1420,2025-12-30,14130,TENNECO,EXACT,CHATARRA,CHATARRA,CHATARRA,SOURCE,EXACT,14020.000,12220.000,1800.000,0.000,0.000,0.000,0.000,1800.000,1800.000,2.950,3.370,DIFFERS,0.000,5310.000,5310.000,Pendiente,No Facturado,PENDIENTE_DE_FACTURAR,PENDIENTE_DE_PAGO,SIN_CUBRIR,,REPORTE 29-31 DICIEMBRE 2025,REVIEW,
1421,2025-12-29,14082,TENNECO,EXACT,CHATARRA,CHATARRA,CHATARRA,SOURCE,EXACT,14150.000,12220.000,1930.000,0.000,0.000,0.000,0.000,1930.000,1930.000,2.950,3.370,DIFFERS,0.000,5693.500,5693.500,Pendiente,No Facturado,PENDIENTE_DE_FACTURAR,PENDIENTE_DE_PAGO,SIN_CUBRIR,,REPORTE 29-31 DICIEMBRE 2025,REVIEW,
1422,2025-12-26,14023,TENNECO,EXACT,CHATARRA,CHATARRA,CHATARRA,SOURCE,EXACT,14380.000,12250.000,2130.000,0.000,0.000,0.000,0.000,2130.000,2130.000,2.950,3.370,DIFFERS,0.000,6283.500,6283.500,Pendiente,No Facturado,PENDIENTE_DE_FACTURAR,PENDIENTE_DE_PAGO,SIN_CUBRIR,,REPORTE 22-26 DICIEMBRE 2025,REVIEW,
1423,2025-12-23,13956,TENNECO,EXACT,CHATARRA,CHATARRA,CHATARRA,SOURCE,EXACT,14360.000,12230.000,2130.000,0.000,0.000,0.000,0.000,2130.000,2130.000,2.950,3.370,DIFFERS,0.000,6283.500,6283.500,Pendiente,No Facturado,PENDIENTE_DE_FACTURAR,PENDIENTE_DE_PAGO,SIN_CUBRIR,,REPORTE 22-26 DICIEMBRE 2025,REVIEW,
1424,2025-12-23,5476,TENNECO,EXACT,CHATARRA,CHATARRA,CHATARRA,SOURCE,EXACT,17320.000,13430.000,3890.000,0.000,0.000,0.000,0.000,3890.000,3890.000,2.950,3.370,DIFFERS,0.000,11475.500,11475.500,Pendiente,No Facturado,PENDIENTE_DE_FACTURAR,PENDIENTE_DE_PAGO,SIN_CUBRIR,,REPORTE 22-26 DICIEMBRE 2025,REVIEW,
1425,2025-12-22,13891,TENNECO,EXACT,CHATARRA,CHATARRA,CHATARRA,SOURCE,EXACT,16230.000,12170.000,4060.000,0.000,0.000,0.000,0.000,4060.000,4060.000,2.950,3.370,DIFFERS,0.000,11977.000,11977.000,Pendiente,No Facturado,PENDIENTE_DE_FACTURAR,PENDIENTE_DE_PAGO,SIN_CUBRIR,,REPORTE 22-26 DICIEMBRE 2025,REVIEW,
1426,2025-12-19,13814,TENNECO,EXACT,CHATARRA,CHATARRA,CHATARRA,SOURCE,EXACT,26940.000,12190.000,14750.000,0.000,0.000,0.000,0.000,14750.000,14750.000,2.950,3.370,DIFFERS,0.000,43512.500,43512.500,Pendiente,No Facturado,PENDIENTE_DE_FACTURAR,PENDIENTE_DE_PAGO,SIN_CUBRIR,,REPORTE 15-19 DICIEMBRE 2025,REVIEW,
1427,2025-12-18,5412,TENNECO,EXACT,CHATARRA,CHATARRA,CHATARRA,SOURCE,EXACT,12470.000,12230.000,240.000,0.000,0.000,0.000,0.000,240.000,240.000,2.950,3.370,DIFFERS,0.000,708.000,708.000,Pendiente,No Facturado,PENDIENTE_DE_FACTURAR,PENDIENTE_DE_PAGO,SIN_CUBRIR,,REPORTE 15-19 DICIEMBRE 2025,REVIEW,
1428,2025-12-18,5412,TENNECO,EXACT,CHATARRA,CHATARRA,CHATARRA,SOURCE,EXACT,19350.000,13440.000,5910.000,0.000,0.000,0.000,0.000,5910.000,5910.000,2.950,3.370,DIFFERS,0.000,17434.500,17434.500,Pendiente,No Facturado,PENDIENTE_DE_FACTURAR,PENDIENTE_DE_PAGO,SIN_CUBRIR,,REPORTE 15-19 DICIEMBRE 2025,REVIEW,
1429,2025-12-17,13689,TENNECO,EXACT,CHATARRA,CHATARRA,CHATARRA,SOURCE,EXACT,15560.000,12210.000,3350.000,0.000,0.000,0.000,0.000,3350.000,3350.000,2.950,3.370,DIFFERS,0.000,9882.500,9882.500,Pendiente,No Facturado,PENDIENTE_DE_FACTURAR,PENDIENTE_DE_PAGO,SIN_CUBRIR,,REPORTE 15-19 DICIEMBRE 2025,REVIEW,
1430,2025-12-16,13628,TENNECO,EXACT,CHATARRA,CHATARRA,CHATARRA,SOURCE,EXACT,20450.000,12200.000,8250.000,0.000,0.000,0.000,0.000,8250.000,8250.000,2.950,3.370,DIFFERS,0.000,24337.500,24337.500,Pendiente,No Facturado,PENDIENTE_DE_FACTURAR,PENDIENTE_DE_PAGO,SIN_CUBRIR,,REPORTE 15-19 DICIEMBRE 2025,REVIEW,
1431,2025-12-15,13577,TENNECO,EXACT,CHATARRA,CHATARRA,CHATARRA,SOURCE,EXACT,14530.000,12230.000,2300.000,0.000,0.000,0.000,0.000,2300.000,2300.000,2.950,3.370,DIFFERS,0.000,6785.000,6785.000,Pendiente,No Facturado,PENDIENTE_DE_FACTURAR,PENDIENTE_DE_PAGO,SIN_CUBRIR,,REPORTE 15-19 DICIEMBRE 2025,REVIEW,
1432,2025-12-15,5352,TENNECO,EXACT,CHATARRA,CHATARRA,CHATARRA,SOURCE,EXACT,17920.000,12230.000,5690.000,0.000,0.000,0.000,0.000,5690.000,5690.000,2.950,3.370,DIFFERS,0.000,16785.500,16785.500,Pendiente,No Facturado,PENDIENTE_DE_FACTURAR,PENDIENTE_DE_PAGO,SIN_CUBRIR,,REPORTE 15-19 DICIEMBRE 2025,REVIEW,
1433,2025-12-11,24034,TENNECO,EXACT,CHATARRA,CHATARRA,CHATARRA,SOURCE,EXACT,21380.000,12280.000,9100.000,0.000,0.000,0.000,0.000,9100.000,9100.000,2.950,3.370,DIFFERS,0.000,26845.000,26845.000,Pendiente,No Facturado,PENDIENTE_DE_FACTURAR,PENDIENTE_DE_PAGO,SIN_CUBRIR,,Reporte 08-12 diciembre 2025,REVIEW,
1434,2025-12-11,13454,TENNECO,EXACT,CHATARRA,CHATARRA,CHATARRA,SOURCE,EXACT,15580.000,12150.000,3430.000,0.000,0.000,0.000,0.000,3430.000,3430.000,2.950,3.370,DIFFERS,0.000,10118.500,10118.500,Pendiente,No Facturado,PENDIENTE_DE_FACTURAR,PENDIENTE_DE_PAGO,SIN_CUBRIR,,Reporte 08-12 diciembre 2025,REVIEW,
1435,2025-12-10,13399,TENNECO,EXACT,CHATARRA,CHATARRA,CHATARRA,SOURCE,EXACT,14690.000,12200.000,2490.000,0.000,0.000,0.000,0.000,2490.000,2490.000,2.950,3.370,DIFFERS,0.000,7345.500,7345.500,Pendiente,No Facturado,PENDIENTE_DE_FACTURAR,PENDIENTE_DE_PAGO,SIN_CUBRIR,,Reporte 08-12 diciembre 2025,REVIEW,
1436,2025-12-09,13355,TENNECO,EXACT,CHATARRA,CHATARRA,CHATARRA,SOURCE,EXACT,15700.000,12610.000,3090.000,0.000,0.000,0.000,0.000,3090.000,3090.000,2.950,3.370,DIFFERS,0.000,9115.500,9115.500,Pendiente,No Facturado,PENDIENTE_DE_FACTURAR,PENDIENTE_DE_PAGO,SIN_CUBRIR,,Reporte 08-12 diciembre 2025,REVIEW,
1437,2025-12-08,13304,TENNECO,EXACT,CHATARRA,CHATARRA,CHATARRA,SOURCE,EXACT,16940.000,12170.000,4770.000,0.000,0.000,0.000,0.000,4770.000,4770.000,2.950,3.370,DIFFERS,0.000,14071.500,14071.500,Pendiente,No Facturado,PENDIENTE_DE_FACTURAR,PENDIENTE_DE_PAGO,SIN_CUBRIR,,Reporte 08-12 diciembre 2025,REVIEW,
1438,2025-12-08,5262,TENNECO,EXACT,CHATARRA,CHATARRA,CHATARRA,SOURCE,EXACT,18990.000,12320.000,6670.000,0.000,0.000,0.000,0.000,6670.000,6670.000,2.950,3.370,DIFFERS,0.000,19676.500,19676.500,Pendiente,No Facturado,PENDIENTE_DE_FACTURAR,PENDIENTE_DE_PAGO,SIN_CUBRIR,,Reporte 08-12 diciembre 2025,REVIEW,
1439,2025-12-05,13203,TENNECO,EXACT,CHATARRA,CHATARRA,CHATARRA,SOURCE,EXACT,14900.000,12240.000,2660.000,0.000,0.000,0.000,0.000,2660.000,2660.000,2.950,3.370,DIFFERS,0.000,7847.000,7847.000,Pendiente,No Facturado,PENDIENTE_DE_FACTURAR,PENDIENTE_DE_PAGO,SIN_CUBRIR,,Reporte 01-06 diciembre 2025,REVIEW,
1440,2025-12-04,13149,TENNECO,EXACT,CHATARRA,CHATARRA,CHATARRA,SOURCE,EXACT,14680.000,12180.000,2500.000,0.000,0.000,0.000,0.000,2500.000,2500.000,2.950,3.370,DIFFERS,0.000,7375.000,7375.000,Pendiente,No Facturado,PENDIENTE_DE_FACTURAR,PENDIENTE_DE_PAGO,SIN_CUBRIR,,Reporte 01-06 diciembre 2025,REVIEW,
1441,2025-12-04,5209,TENNECO,EXACT,CHATARRA,CHATARRA,CHATARRA,SOURCE,EXACT,19400.000,13070.000,6330.000,0.000,0.000,0.000,0.000,6330.000,6330.000,2.950,3.370,DIFFERS,0.000,18673.500,18673.500,Pendiente,No Facturado,PENDIENTE_DE_FACTURAR,PENDIENTE_DE_PAGO,SIN_CUBRIR,,Reporte 01-06 diciembre 2025,REVIEW,
1442,2025-12-03,13097,TENNECO,EXACT,CHATARRA,CHATARRA,CHATARRA,SOURCE,EXACT,15220.000,12200.000,3020.000,0.000,0.000,0.000,0.000,3020.000,3020.000,2.950,3.370,DIFFERS,0.000,8909.000,8909.000,Pendiente,No Facturado,PENDIENTE_DE_FACTURAR,PENDIENTE_DE_PAGO,SIN_CUBRIR,,Reporte 01-06 diciembre 2025,REVIEW,
1443,2025-12-02,13053,TENNECO,EXACT,CHATARRA,CHATARRA,CHATARRA,SOURCE,EXACT,13970.000,12160.000,1810.000,0.000,0.000,0.000,0.000,1810.000,1810.000,2.950,3.370,DIFFERS,0.000,5339.500,5339.500,Pendiente,No Facturado,PENDIENTE_DE_FACTURAR,PENDIENTE_DE_PAGO,SIN_CUBRIR,,Reporte 01-06 diciembre 2025,REVIEW,
1444,2025-12-01,13011,TENNECO,EXACT,CHATARRA,CHATARRA,CHATARRA,SOURCE,EXACT,6070.000,5010.000,1060.000,0.000,0.000,0.000,0.000,1060.000,1060.000,2.950,3.370,DIFFERS,0.000,3127.000,3127.000,Pendiente,No Facturado,PENDIENTE_DE_FACTURAR,PENDIENTE_DE_PAGO,SIN_CUBRIR,,Reporte 01-06 diciembre 2025,REVIEW,
1445,2025-12-01,23992,TENNECO,EXACT,CHATARRA,CHATARRA,CHATARRA,SOURCE,EXACT,21360.000,13090.000,8270.000,0.000,0.000,0.000,0.000,8270.000,8270.000,2.950,3.370,DIFFERS,0.000,24396.500,24396.500,Pendiente,No Facturado,PENDIENTE_DE_FACTURAR,PENDIENTE_DE_PAGO,SIN_CUBRIR,,Reporte 01-06 diciembre 2025,REVIEW,
1446,2025-12-01,13009,TENNECO,EXACT,CHATARRA,CHATARRA,CHATARRA,SOURCE,EXACT,21030.000,12160.000,8870.000,0.000,0.000,0.000,0.000,8870.000,8870.000,2.950,3.370,DIFFERS,0.000,26166.500,26166.500,Pendiente,No Facturado,PENDIENTE_DE_FACTURAR,PENDIENTE_DE_PAGO,SIN_CUBRIR,,Reporte 01-06 diciembre 2025,REVIEW,
1447,2025-11-28,12924,TENNECO,EXACT,CHATARRA,CHATARRA,CHATARRA,SOURCE,EXACT,17490.000,16550.000,940.000,0.000,0.000,0.000,0.000,940.000,940.000,2.960,3.370,DIFFERS,0.000,2782.400,2782.400,Pendiente,No Facturado,PENDIENTE_DE_FACTURAR,PENDIENTE_DE_PAGO,SIN_CUBRIR,,Reporte 24-28 noviembre  2025,REVIEW,
1448,2025-11-28,12898,TENNECO,EXACT,CHATARRA,CHATARRA,CHATARRA,SOURCE,EXACT,16550.000,12200.000,4350.000,0.000,0.000,0.000,0.000,4350.000,4350.000,2.960,3.370,DIFFERS,0.000,12876.000,12876.000,Pendiente,No Facturado,PENDIENTE_DE_FACTURAR,PENDIENTE_DE_PAGO,SIN_CUBRIR,,Reporte 24-28 noviembre  2025,REVIEW,
1449,2025-11-28,12913,TENNECO,EXACT,CHATARRA,CHATARRA,CHATARRA,SOURCE,EXACT,23100.000,21500.000,1600.000,0.000,0.000,0.000,0.000,1600.000,1600.000,2.960,3.370,DIFFERS,0.000,4736.000,4736.000,Pendiente,No Facturado,PENDIENTE_DE_FACTURAR,PENDIENTE_DE_PAGO,SIN_CUBRIR,,Reporte 24-28 noviembre  2025,REVIEW,
1450,2025-11-27,12834,TENNECO,EXACT,CHATARRA,CHATARRA,CHATARRA,SOURCE,EXACT,19990.000,12210.000,7780.000,0.000,0.000,0.000,0.000,7780.000,7780.000,2.960,3.370,DIFFERS,0.000,23028.800,23028.800,Pendiente,No Facturado,PENDIENTE_DE_FACTURAR,PENDIENTE_DE_PAGO,SIN_CUBRIR,,Reporte 24-28 noviembre  2025,REVIEW,
1451,2025-11-27,23928,TENNECO,EXACT,CHATARRA,CHATARRA,CHATARRA,SOURCE,EXACT,19500.000,12310.000,7190.000,0.000,0.000,0.000,0.000,7190.000,7190.000,2.960,3.370,DIFFERS,0.000,21282.400,21282.400,Pendiente,No Facturado,PENDIENTE_DE_FACTURAR,PENDIENTE_DE_PAGO,SIN_CUBRIR,,Reporte 24-28 noviembre  2025,REVIEW,
1452,2025-11-26,45073,AVON,EXACT,CHATARRA,CHATARRA,CHATARRA,SOURCE,EXACT,14890.000,12500.000,2390.000,0.000,0.000,0.000,0.000,2390.000,2390.000,2.800,2.800,MATCH,0.000,6692.000,6692.000,Pendiente,Facturado,FACTURADO,PENDIENTE_DE_PAGO,SIN_CUBRIR,Corte 24-29 noviembre 2025,C-919,IMPORTABLE,
1453,2025-11-26,12770,TENNECO,EXACT,CHATARRA,CHATARRA,CHATARRA,SOURCE,EXACT,15690.000,12200.000,3490.000,0.000,0.000,0.000,0.000,3490.000,3490.000,2.960,3.370,DIFFERS,0.000,10330.400,10330.400,Pendiente,No Facturado,PENDIENTE_DE_FACTURAR,PENDIENTE_DE_PAGO,SIN_CUBRIR,,Reporte 24-28 noviembre  2025,REVIEW,
1454,2025-11-25,12723,TENNECO,EXACT,CHATARRA,CHATARRA,CHATARRA,SOURCE,EXACT,15850.000,12470.000,3380.000,0.000,0.000,0.000,0.000,3380.000,3380.000,2.960,3.370,DIFFERS,0.000,10004.800,10004.800,Pendiente,No Facturado,PENDIENTE_DE_FACTURAR,PENDIENTE_DE_PAGO,SIN_CUBRIR,,Reporte 24-28 noviembre  2025,REVIEW,
1455,2025-11-24,12687,TENNECO,EXACT,CHATARRA,CHATARRA,CHATARRA,SOURCE,EXACT,16470.000,15770.000,700.000,0.000,0.000,0.000,0.000,700.000,700.000,2.960,3.370,DIFFERS,0.000,2072.000,2072.000,Pendiente,No Facturado,PENDIENTE_DE_FACTURAR,PENDIENTE_DE_PAGO,SIN_CUBRIR,,Reporte 24-28 noviembre  2025,REVIEW,
1456,2025-11-24,23904,TENNECO,EXACT,CHATARRA,CHATARRA,CHATARRA,SOURCE,EXACT,25530.000,12390.000,13140.000,0.000,0.000,0.000,0.000,13140.000,13140.000,2.960,3.370,DIFFERS,0.000,38894.400,38894.400,Pendiente,No Facturado,PENDIENTE_DE_FACTURAR,PENDIENTE_DE_PAGO,SIN_CUBRIR,,Reporte 24-28 noviembre  2025,REVIEW,
1457,2025-11-24,12683,TENNECO,EXACT,CHATARRA,CHATARRA,CHATARRA,SOURCE,EXACT,15770.000,12200.000,3570.000,0.000,0.000,0.000,0.000,3570.000,3570.000,2.960,3.370,DIFFERS,0.000,10567.200,10567.200,Pendiente,No Facturado,PENDIENTE_DE_FACTURAR,PENDIENTE_DE_PAGO,SIN_CUBRIR,,Reporte 24-28 noviembre  2025,REVIEW,
1458,2025-11-21,12559,TENNECO,EXACT,CHATARRA,CHATARRA,CHATARRA,SOURCE,EXACT,21350.000,12210.000,9140.000,0.000,0.000,0.000,0.000,9140.000,9140.000,2.960,3.370,DIFFERS,0.000,27054.400,27054.400,Pendiente,No Facturado,PENDIENTE_DE_FACTURAR,PENDIENTE_DE_PAGO,SIN_CUBRIR,,Reporte 17-21 noviembre  2025,REVIEW,
1459,2025-11-20,12502,TENNECO,EXACT,CHATARRA,CHATARRA,CHATARRA,SOURCE,EXACT,15040.000,12160.000,2880.000,0.000,0.000,0.000,0.000,2880.000,2880.000,2.960,3.370,DIFFERS,0.000,8524.800,8524.800,Pendiente,No Facturado,PENDIENTE_DE_FACTURAR,PENDIENTE_DE_PAGO,SIN_CUBRIR,,Reporte 17-21 noviembre  2025,REVIEW,
1460,2025-11-19,12441,TENNECO,EXACT,CHATARRA,CHATARRA,CHATARRA,SOURCE,EXACT,14650.000,12330.000,2320.000,0.000,0.000,0.000,0.000,2320.000,2320.000,2.960,3.370,DIFFERS,0.000,6867.200,6867.200,Pendiente,No Facturado,PENDIENTE_DE_FACTURAR,PENDIENTE_DE_PAGO,SIN_CUBRIR,,Reporte 17-21 noviembre  2025,REVIEW,
1461,2025-11-18,12384,TENNECO,EXACT,CHATARRA,CHATARRA,CHATARRA,SOURCE,EXACT,16000.000,12180.000,3820.000,0.000,0.000,0.000,0.000,3820.000,3820.000,2.960,3.370,DIFFERS,0.000,11307.200,11307.200,Pendiente,No Facturado,PENDIENTE_DE_FACTURAR,PENDIENTE_DE_PAGO,SIN_CUBRIR,,Reporte 17-21 noviembre  2025,REVIEW,
1462,2025-11-18,23872,TENNECO,EXACT,CHATARRA,CHATARRA,CHATARRA,SOURCE,EXACT,18060.000,12910.000,5150.000,0.000,0.000,0.000,0.000,5150.000,5150.000,2.960,3.370,DIFFERS,0.000,15244.000,15244.000,Pendiente,No Facturado,PENDIENTE_DE_FACTURAR,PENDIENTE_DE_PAGO,SIN_CUBRIR,,Reporte 17-21 noviembre  2025,REVIEW,
1463,2025-11-14,12270,TENNECO,EXACT,CHATARRA,CHATARRA,CHATARRA,SOURCE,EXACT,14880.000,12290.000,2590.000,0.000,0.000,0.000,0.000,2590.000,2590.000,2.960,3.370,DIFFERS,0.000,7666.400,7666.400,Pendiente,No Facturado,PENDIENTE_DE_FACTURAR,PENDIENTE_DE_PAGO,SIN_CUBRIR,,Reporte 10-14 noviembre  2025,REVIEW,
1464,2025-11-13,12219,TENNECO,EXACT,CHATARRA,CHATARRA,CHATARRA,SOURCE,EXACT,14540.000,12210.000,2330.000,0.000,0.000,0.000,0.000,2330.000,2330.000,2.960,3.370,DIFFERS,0.000,6896.800,6896.800,Pendiente,No Facturado,PENDIENTE_DE_FACTURAR,PENDIENTE_DE_PAGO,SIN_CUBRIR,,Reporte 10-14 noviembre  2025,REVIEW,
1465,2025-11-13,23848,TENNECO,EXACT,CHATARRA,CHATARRA,CHATARRA,SOURCE,EXACT,18730.000,12920.000,5810.000,0.000,0.000,0.000,0.000,5810.000,5810.000,2.960,3.370,DIFFERS,0.000,17197.600,17197.600,Pendiente,No Facturado,PENDIENTE_DE_FACTURAR,PENDIENTE_DE_PAGO,SIN_CUBRIR,,Reporte 10-14 noviembre  2025,REVIEW,
1466,2025-11-12,12165,TENNECO,EXACT,CHATARRA,CHATARRA,CHATARRA,SOURCE,EXACT,13260.000,12210.000,1050.000,0.000,0.000,0.000,0.000,1050.000,1050.000,2.960,3.370,DIFFERS,0.000,3108.000,3108.000,Pendiente,No Facturado,PENDIENTE_DE_FACTURAR,PENDIENTE_DE_PAGO,SIN_CUBRIR,,Reporte 10-14 noviembre  2025,REVIEW,
1467,2025-11-12,12173,TENNECO,EXACT,CHATARRA,CHATARRA,CHATARRA,SOURCE,EXACT,14230.000,13260.000,970.000,0.000,0.000,0.000,0.000,970.000,970.000,2.960,3.370,DIFFERS,0.000,2871.200,2871.200,Pendiente,No Facturado,PENDIENTE_DE_FACTURAR,PENDIENTE_DE_PAGO,SIN_CUBRIR,,Reporte 10-14 noviembre  2025,REVIEW,
1468,2025-11-11,12110,TENNECO,EXACT,CHATARRA,CHATARRA,CHATARRA,SOURCE,EXACT,15580.000,12160.000,3420.000,0.000,0.000,0.000,0.000,3420.000,3420.000,2.960,3.370,DIFFERS,0.000,10123.200,10123.200,Pendiente,No Facturado,PENDIENTE_DE_FACTURAR,PENDIENTE_DE_PAGO,SIN_CUBRIR,,Reporte 10-14 noviembre  2025,REVIEW,
1469,2025-11-10,12071,TENNECO,EXACT,CHATARRA,CHATARRA,CHATARRA,SOURCE,EXACT,15170.000,12210.000,2960.000,0.000,0.000,0.000,0.000,2960.000,2960.000,2.960,3.370,DIFFERS,0.000,8761.600,8761.600,Pendiente,No Facturado,PENDIENTE_DE_FACTURAR,PENDIENTE_DE_PAGO,SIN_CUBRIR,,Reporte 10-14 noviembre  2025,REVIEW,
1470,2025-11-10,23833,TENNECO,EXACT,CHATARRA,CHATARRA,CHATARRA,SOURCE,EXACT,18380.000,12300.000,6080.000,0.000,0.000,0.000,0.000,6080.000,6080.000,2.960,3.370,DIFFERS,0.000,17996.800,17996.800,Pendiente,No Facturado,PENDIENTE_DE_FACTURAR,PENDIENTE_DE_PAGO,SIN_CUBRIR,,Reporte 10-14 noviembre  2025,REVIEW,
1471,2025-11-07,11971,TENNECO,EXACT,CHATARRA,CHATARRA,CHATARRA,SOURCE,EXACT,13380.000,12110.000,1270.000,0.000,0.000,0.000,0.000,1270.000,1270.000,2.960,3.370,DIFFERS,0.000,3759.200,3759.200,Pendiente,No Facturado,PENDIENTE_DE_FACTURAR,PENDIENTE_DE_PAGO,SIN_CUBRIR,,Reporte 01-07 noviembre  2025,REVIEW,
1472,2025-11-06,23818,TENNECO,EXACT,CHATARRA,CHATARRA,CHATARRA,SOURCE,EXACT,20660.000,12950.000,7710.000,0.000,0.000,0.000,0.000,7710.000,7710.000,2.960,3.370,DIFFERS,0.000,22821.600,22821.600,Pendiente,No Facturado,PENDIENTE_DE_FACTURAR,PENDIENTE_DE_PAGO,SIN_CUBRIR,,Reporte 01-07 noviembre  2025,REVIEW,
1473,2025-11-06,11916,TENNECO,EXACT,CHATARRA,CHATARRA,CHATARRA,SOURCE,EXACT,15060.000,12180.000,2880.000,0.000,0.000,0.000,0.000,2880.000,2880.000,2.960,3.370,DIFFERS,0.000,8524.800,8524.800,Pendiente,No Facturado,PENDIENTE_DE_FACTURAR,PENDIENTE_DE_PAGO,SIN_CUBRIR,,Reporte 01-07 noviembre  2025,REVIEW,
1474,2025-11-05,11853,TENNECO,EXACT,CHATARRA,CHATARRA,CHATARRA,SOURCE,EXACT,13530.000,12160.000,1370.000,0.000,0.000,0.000,0.000,1370.000,1370.000,2.960,3.370,DIFFERS,0.000,4055.200,4055.200,Pendiente,No Facturado,PENDIENTE_DE_FACTURAR,PENDIENTE_DE_PAGO,SIN_CUBRIR,,Reporte 01-07 noviembre  2025,REVIEW,
1475,2025-11-04,11798,TENNECO,EXACT,CHATARRA,CHATARRA,CHATARRA,SOURCE,EXACT,14910.000,12190.000,2720.000,0.000,0.000,0.000,0.000,2720.000,2720.000,2.960,3.370,DIFFERS,0.000,8051.200,8051.200,Pendiente,No Facturado,PENDIENTE_DE_FACTURAR,PENDIENTE_DE_PAGO,SIN_CUBRIR,,Reporte 01-07 noviembre  2025,REVIEW,
1476,2025-11-03,23797,TENNECO,EXACT,CHATARRA,CHATARRA,CHATARRA,SOURCE,EXACT,27300.000,13080.000,14220.000,0.000,0.000,0.000,0.000,14220.000,14220.000,2.960,3.370,DIFFERS,0.000,42091.200,42091.200,Pendiente,No Facturado,PENDIENTE_DE_FACTURAR,PENDIENTE_DE_PAGO,SIN_CUBRIR,,Reporte 01-07 noviembre  2025,REVIEW,
1477,2025-11-03,11758,TENNECO,EXACT,CHATARRA,CHATARRA,CHATARRA,SOURCE,EXACT,15000.000,12180.000,2820.000,0.000,0.000,0.000,0.000,2820.000,2820.000,2.960,3.370,DIFFERS,0.000,8347.200,8347.200,Pendiente,No Facturado,PENDIENTE_DE_FACTURAR,PENDIENTE_DE_PAGO,SIN_CUBRIR,,Reporte 01-07 noviembre  2025,REVIEW,
1478,2025-10-31,11668,TENNECO,EXACT,CHATARRA,CHATARRA,CHATARRA,SOURCE,EXACT,14490.000,12210.000,2280.000,0.000,0.000,0.000,0.000,2280.000,2280.000,3.000,3.370,DIFFERS,0.000,6840.000,6840.000,Pendiente,No Facturado,PENDIENTE_DE_FACTURAR,PENDIENTE_DE_PAGO,SIN_CUBRIR,,Reporte 27-31 octubre 2025,REVIEW,
1479,2025-10-30,11613,TENNECO,EXACT,CHATARRA,CHATARRA,CHATARRA,SOURCE,EXACT,14460.000,12200.000,2260.000,0.000,0.000,0.000,0.000,2260.000,2260.000,3.000,3.370,DIFFERS,0.000,6780.000,6780.000,Pendiente,No Facturado,PENDIENTE_DE_FACTURAR,PENDIENTE_DE_PAGO,SIN_CUBRIR,,Reporte 27-31 octubre 2025,REVIEW,
1480,2025-10-29,11570,TENNECO,EXACT,CHATARRA,CHATARRA,CHATARRA,SOURCE,EXACT,13410.000,12230.000,1180.000,0.000,0.000,0.000,0.000,1180.000,1180.000,3.000,3.370,DIFFERS,0.000,3540.000,3540.000,Pendiente,No Facturado,PENDIENTE_DE_FACTURAR,PENDIENTE_DE_PAGO,SIN_CUBRIR,,Reporte 27-31 octubre 2025,REVIEW,
1481,2025-10-28,11530,TENNECO,EXACT,CHATARRA,CHATARRA,CHATARRA,SOURCE,EXACT,16220.000,12180.000,4040.000,0.000,0.000,0.000,0.000,4040.000,4040.000,3.000,3.370,DIFFERS,0.000,12120.000,12120.000,Pendiente,No Facturado,PENDIENTE_DE_FACTURAR,PENDIENTE_DE_PAGO,SIN_CUBRIR,,Reporte 27-31 octubre 2025,REVIEW,
1482,2025-10-27,11480,TENNECO,EXACT,CHATARRA,CHATARRA,CHATARRA,SOURCE,EXACT,15990.000,12160.000,3830.000,0.000,0.000,0.000,0.000,3830.000,3830.000,3.000,3.370,DIFFERS,0.000,11490.000,11490.000,Pendiente,No Facturado,PENDIENTE_DE_FACTURAR,PENDIENTE_DE_PAGO,SIN_CUBRIR,,Reporte 27-31 octubre 2025,REVIEW,
1483,2025-10-27,23763,TENNECO,EXACT,CHATARRA,CHATARRA,CHATARRA,SOURCE,EXACT,17620.000,12350.000,5270.000,0.000,0.000,0.000,0.000,5270.000,5270.000,3.000,3.370,DIFFERS,0.000,15810.000,15810.000,Pendiente,No Facturado,PENDIENTE_DE_FACTURAR,PENDIENTE_DE_PAGO,SIN_CUBRIR,,Reporte 27-31 octubre 2025,REVIEW,
1484,2025-10-24,11392,TENNECO,EXACT,CHATARRA,CHATARRA,CHATARRA,SOURCE,EXACT,13660.000,12160.000,1500.000,0.000,0.000,0.000,0.000,1500.000,1500.000,3.000,3.370,DIFFERS,0.000,4500.000,4500.000,Pendiente,No Facturado,PENDIENTE_DE_FACTURAR,PENDIENTE_DE_PAGO,SIN_CUBRIR,,Reporte 20-24 octubre 2025,REVIEW,
1485,2025-10-23,11338,TENNECO,EXACT,CHATARRA,CHATARRA,CHATARRA,SOURCE,EXACT,14900.000,12240.000,2660.000,0.000,0.000,0.000,0.000,2660.000,2660.000,3.000,3.370,DIFFERS,0.000,7980.000,7980.000,Pendiente,No Facturado,PENDIENTE_DE_FACTURAR,PENDIENTE_DE_PAGO,SIN_CUBRIR,,Reporte 20-24 octubre 2025,REVIEW,
1486,2025-10-23,23736,TENNECO,EXACT,CHATARRA,CHATARRA,CHATARRA,SOURCE,EXACT,19590.000,12270.000,7320.000,0.000,0.000,0.000,0.000,7320.000,7320.000,3.000,3.370,DIFFERS,0.000,21960.000,21960.000,Pendiente,No Facturado,PENDIENTE_DE_FACTURAR,PENDIENTE_DE_PAGO,SIN_CUBRIR,,Reporte 20-24 octubre 2025,REVIEW,
1487,2025-10-22,11286,TENNECO,EXACT,CHATARRA,CHATARRA,CHATARRA,SOURCE,EXACT,14840.000,12220.000,2620.000,0.000,0.000,0.000,0.000,2620.000,2620.000,3.000,3.370,DIFFERS,0.000,7860.000,7860.000,Pendiente,No Facturado,PENDIENTE_DE_FACTURAR,PENDIENTE_DE_PAGO,SIN_CUBRIR,,Reporte 20-24 octubre 2025,REVIEW,
1488,2025-10-21,11237,TENNECO,EXACT,CHATARRA,CHATARRA,CHATARRA,SOURCE,EXACT,13920.000,12240.000,1680.000,0.000,0.000,0.000,0.000,1680.000,1680.000,3.000,3.370,DIFFERS,0.000,5040.000,5040.000,Pendiente,No Facturado,PENDIENTE_DE_FACTURAR,PENDIENTE_DE_PAGO,SIN_CUBRIR,,Reporte 20-24 octubre 2025,REVIEW,
1489,2025-10-20,11190,TENNECO,EXACT,CHATARRA,CHATARRA,CHATARRA,SOURCE,EXACT,17030.000,12210.000,4820.000,0.000,0.000,0.000,0.000,4820.000,4820.000,3.000,3.370,DIFFERS,0.000,14460.000,14460.000,Pendiente,No Facturado,PENDIENTE_DE_FACTURAR,PENDIENTE_DE_PAGO,SIN_CUBRIR,,Reporte 20-24 octubre 2025,REVIEW,
1490,2025-10-20,23715,TENNECO,EXACT,CHATARRA,CHATARRA,CHATARRA,SOURCE,EXACT,20740.000,12470.000,8270.000,0.000,0.000,0.000,0.000,8270.000,8270.000,3.000,3.370,DIFFERS,0.000,24810.000,24810.000,Pendiente,No Facturado,PENDIENTE_DE_FACTURAR,PENDIENTE_DE_PAGO,SIN_CUBRIR,,Reporte 20-24 octubre 2025,REVIEW,
1491,2025-10-17,11129,TENNECO,EXACT,CHATARRA,CHATARRA,CHATARRA,SOURCE,EXACT,5220.000,4880.000,340.000,0.000,0.000,0.000,0.000,340.000,340.000,3.000,3.370,DIFFERS,0.000,1020.000,1020.000,Pendiente,No Facturado,PENDIENTE_DE_FACTURAR,PENDIENTE_DE_PAGO,SIN_CUBRIR,,Reporte 13-17 octubre 2025,REVIEW,
1492,2025-10-17,11087,TENNECO,EXACT,CHATARRA,CHATARRA,CHATARRA,SOURCE,EXACT,13400.000,12260.000,1140.000,0.000,0.000,0.000,0.000,1140.000,1140.000,3.000,3.370,DIFFERS,0.000,3420.000,3420.000,Pendiente,No Facturado,PENDIENTE_DE_FACTURAR,PENDIENTE_DE_PAGO,SIN_CUBRIR,,Reporte 13-17 octubre 2025,REVIEW,
1493,2025-10-16,11034,TENNECO,EXACT,CHATARRA,CHATARRA,CHATARRA,SOURCE,EXACT,14350.000,12290.000,2060.000,0.000,0.000,0.000,0.000,2060.000,2060.000,3.000,3.370,DIFFERS,0.000,6180.000,6180.000,Pendiente,No Facturado,PENDIENTE_DE_FACTURAR,PENDIENTE_DE_PAGO,SIN_CUBRIR,,Reporte 13-17 octubre 2025,REVIEW,
1494,2025-10-16,23687,TENNECO,EXACT,CHATARRA,CHATARRA,CHATARRA,SOURCE,EXACT,18740.000,12270.000,6470.000,0.000,0.000,0.000,0.000,6470.000,6470.000,3.000,3.370,DIFFERS,0.000,19410.000,19410.000,Pendiente,No Facturado,PENDIENTE_DE_FACTURAR,PENDIENTE_DE_PAGO,SIN_CUBRIR,,Reporte 13-17 octubre 2025,REVIEW,
1495,2025-10-15,10980,TENNECO,EXACT,CHATARRA,CHATARRA,CHATARRA,SOURCE,EXACT,15450.000,12160.000,3290.000,0.000,0.000,0.000,0.000,3290.000,3290.000,3.000,3.370,DIFFERS,0.000,9870.000,9870.000,Pendiente,No Facturado,PENDIENTE_DE_FACTURAR,PENDIENTE_DE_PAGO,SIN_CUBRIR,,Reporte 13-17 octubre 2025,REVIEW,
1496,2025-10-14,10929,TENNECO,EXACT,CHATARRA,CHATARRA,CHATARRA,SOURCE,EXACT,23210.000,21580.000,1630.000,0.000,0.000,0.000,0.000,1630.000,1630.000,3.000,3.370,DIFFERS,0.000,4890.000,4890.000,Pendiente,No Facturado,PENDIENTE_DE_FACTURAR,PENDIENTE_DE_PAGO,SIN_CUBRIR,,Reporte 13-17 octubre 2025,REVIEW,
1497,2025-10-14,10917,TENNECO,EXACT,CHATARRA,CHATARRA,CHATARRA,SOURCE,EXACT,16570.000,12230.000,4340.000,0.000,0.000,0.000,0.000,4340.000,4340.000,3.000,3.370,DIFFERS,0.000,13020.000,13020.000,Pendiente,No Facturado,PENDIENTE_DE_FACTURAR,PENDIENTE_DE_PAGO,SIN_CUBRIR,,Reporte 13-17 octubre 2025,REVIEW,
1498,2025-10-13,10867,TENNECO,EXACT,CHATARRA,CHATARRA,CHATARRA,SOURCE,EXACT,15950.000,12220.000,3730.000,0.000,0.000,0.000,0.000,3730.000,3730.000,3.000,3.370,DIFFERS,0.000,11190.000,11190.000,Pendiente,No Facturado,PENDIENTE_DE_FACTURAR,PENDIENTE_DE_PAGO,SIN_CUBRIR,,Reporte 13-17 octubre 2025,REVIEW,
1499,2025-10-13,23672,TENNECO,EXACT,CHATARRA,CHATARRA,CHATARRA,SOURCE,EXACT,21850.000,12910.000,8940.000,0.000,0.000,0.000,0.000,8940.000,8940.000,3.000,3.370,DIFFERS,0.000,26820.000,26820.000,Pendiente,No Facturado,PENDIENTE_DE_FACTURAR,PENDIENTE_DE_PAGO,SIN_CUBRIR,,Reporte 13-17 octubre 2025,REVIEW,
1500,2025-10-10,10779,TENNECO,EXACT,CHATARRA,CHATARRA,CHATARRA,SOURCE,EXACT,15340.000,12270.000,3070.000,0.000,0.000,0.000,0.000,3070.000,3070.000,3.000,3.370,DIFFERS,0.000,9210.000,9210.000,Pendiente,No Facturado,PENDIENTE_DE_FACTURAR,PENDIENTE_DE_PAGO,SIN_CUBRIR,,Reporte 06-10 octubre 2025,REVIEW,
1501,2025-10-09,10727,TENNECO,EXACT,CHATARRA,CHATARRA,CHATARRA,SOURCE,EXACT,13360.000,12250.000,1110.000,0.000,0.000,0.000,0.000,1110.000,1110.000,3.000,3.370,DIFFERS,0.000,3330.000,3330.000,Pendiente,No Facturado,PENDIENTE_DE_FACTURAR,PENDIENTE_DE_PAGO,SIN_CUBRIR,,Reporte 06-10 octubre 2025,REVIEW,
1502,2025-10-09,23650,TENNECO,EXACT,CHATARRA,CHATARRA,CHATARRA,SOURCE,EXACT,25330.000,12270.000,13060.000,0.000,0.000,0.000,0.000,13060.000,13060.000,3.000,3.370,DIFFERS,0.000,39180.000,39180.000,Pendiente,No Facturado,PENDIENTE_DE_FACTURAR,PENDIENTE_DE_PAGO,SIN_CUBRIR,,Reporte 06-10 octubre 2025,REVIEW,
1503,2025-10-08,10668,TENNECO,EXACT,CHATARRA,CHATARRA,CHATARRA,SOURCE,EXACT,17210.000,12270.000,4940.000,0.000,0.000,0.000,0.000,4940.000,4940.000,3.000,3.370,DIFFERS,0.000,14820.000,14820.000,Pendiente,No Facturado,PENDIENTE_DE_FACTURAR,PENDIENTE_DE_PAGO,SIN_CUBRIR,,Reporte 06-10 octubre 2025,REVIEW,
1504,2025-10-07,10615,TENNECO,EXACT,CHATARRA,CHATARRA,CHATARRA,SOURCE,EXACT,14530.000,12260.000,2270.000,0.000,0.000,0.000,0.000,2270.000,2270.000,3.000,3.370,DIFFERS,0.000,6810.000,6810.000,Pendiente,No Facturado,PENDIENTE_DE_FACTURAR,PENDIENTE_DE_PAGO,SIN_CUBRIR,,Reporte 06-10 octubre 2025,REVIEW,
1505,2025-10-06,10553,TENNECO,EXACT,CHATARRA,CHATARRA,CHATARRA,SOURCE,EXACT,15250.000,12250.000,3000.000,0.000,0.000,0.000,0.000,3000.000,3000.000,3.000,3.370,DIFFERS,0.000,9000.000,9000.000,Pendiente,No Facturado,PENDIENTE_DE_FACTURAR,PENDIENTE_DE_PAGO,SIN_CUBRIR,,Reporte 06-10 octubre 2025,REVIEW,
1506,2025-10-06,23637,TENNECO,EXACT,CHATARRA,CHATARRA,CHATARRA,SOURCE,EXACT,19160.000,12440.000,6720.000,0.000,0.000,0.000,0.000,6720.000,6720.000,3.000,3.370,DIFFERS,0.000,20160.000,20160.000,Pendiente,No Facturado,PENDIENTE_DE_FACTURAR,PENDIENTE_DE_PAGO,SIN_CUBRIR,,Reporte 06-10 octubre 2025,REVIEW,
1507,2025-10-04,10520,TENNECO,EXACT,CHATARRA,CHATARRA,CHATARRA,SOURCE,EXACT,27520.000,21600.000,5920.000,0.000,0.000,0.000,0.000,5920.000,5920.000,3.000,3.370,DIFFERS,0.000,17760.000,17760.000,Pendiente,No Facturado,PENDIENTE_DE_FACTURAR,PENDIENTE_DE_PAGO,SIN_CUBRIR,,Reporte 01-04 octubre 2025,REVIEW,
1508,2025-10-03,10454,TENNECO,EXACT,CHATARRA,CHATARRA,CHATARRA,SOURCE,EXACT,14940.000,12300.000,2640.000,0.000,0.000,0.000,0.000,2640.000,2640.000,3.000,3.370,DIFFERS,0.000,7920.000,7920.000,Pendiente,No Facturado,PENDIENTE_DE_FACTURAR,PENDIENTE_DE_PAGO,SIN_CUBRIR,,Reporte 01-04 octubre 2025,REVIEW,
1509,2025-10-03,10470,TENNECO,EXACT,CHATARRA,CHATARRA,CHATARRA,SOURCE,EXACT,27450.000,21610.000,5840.000,0.000,0.000,0.000,0.000,5840.000,5840.000,3.000,3.370,DIFFERS,0.000,17520.000,17520.000,Pendiente,No Facturado,PENDIENTE_DE_FACTURAR,PENDIENTE_DE_PAGO,SIN_CUBRIR,,Reporte 01-04 octubre 2025,REVIEW,
1510,2025-10-02,23622,TENNECO,EXACT,CHATARRA,CHATARRA,CHATARRA,SOURCE,EXACT,20630.000,12370.000,8260.000,0.000,0.000,0.000,0.000,8260.000,8260.000,3.000,3.370,DIFFERS,0.000,24780.000,24780.000,Pendiente,No Facturado,PENDIENTE_DE_FACTURAR,PENDIENTE_DE_PAGO,SIN_CUBRIR,,Reporte 01-04 octubre 2025,REVIEW,
1511,2025-10-02,10402,TENNECO,EXACT,CHATARRA,CHATARRA,CHATARRA,SOURCE,EXACT,13670.000,12250.000,1420.000,0.000,0.000,0.000,0.000,1420.000,1420.000,3.000,3.370,DIFFERS,0.000,4260.000,4260.000,Pendiente,No Facturado,PENDIENTE_DE_FACTURAR,PENDIENTE_DE_PAGO,SIN_CUBRIR,,Reporte 01-04 octubre 2025,REVIEW,
1512,2025-10-01,10348,TENNECO,EXACT,CHATARRA,CHATARRA,CHATARRA,SOURCE,EXACT,14540.000,12260.000,2280.000,0.000,0.000,0.000,0.000,2280.000,2280.000,3.000,3.370,DIFFERS,0.000,6840.000,6840.000,Pendiente,No Facturado,PENDIENTE_DE_FACTURAR,PENDIENTE_DE_PAGO,SIN_CUBRIR,,Reporte 01-04 octubre 2025,REVIEW,
1513,2025-09-30,10300,TENNECO,EXACT,CHATARRA,CHATARRA,CHATARRA,SOURCE,EXACT,14800.000,12400.000,2400.000,0.000,0.000,0.000,0.000,2400.000,2400.000,3.030,3.370,DIFFERS,0.000,7272.000,7272.000,Pendiente,No Facturado,PENDIENTE_DE_FACTURAR,PENDIENTE_DE_PAGO,SIN_CUBRIR,,Reporte 22-30 septiembre 2025,REVIEW,
1514,2025-09-29,23608,TENNECO,EXACT,CHATARRA,CHATARRA,CHATARRA,SOURCE,EXACT,18540.000,12280.000,6260.000,0.000,0.000,0.000,0.000,6260.000,6260.000,3.030,3.370,DIFFERS,0.000,18967.800,18967.800,Pendiente,No Facturado,PENDIENTE_DE_FACTURAR,PENDIENTE_DE_PAGO,SIN_CUBRIR,,Reporte 22-30 septiembre 2025,REVIEW,
1515,2025-09-29,10249,TENNECO,EXACT,CHATARRA,CHATARRA,CHATARRA,SOURCE,EXACT,18670.000,12290.000,6380.000,0.000,0.000,0.000,0.000,6380.000,6380.000,3.030,3.370,DIFFERS,0.000,19331.400,19331.400,Pendiente,No Facturado,PENDIENTE_DE_FACTURAR,PENDIENTE_DE_PAGO,SIN_CUBRIR,,Reporte 22-30 septiembre 2025,REVIEW,
1516,2025-09-26,10162,TENNECO,EXACT,CHATARRA,CHATARRA,CHATARRA,SOURCE,EXACT,15390.000,12290.000,3100.000,0.000,0.000,0.000,0.000,3100.000,3100.000,3.030,3.370,DIFFERS,0.000,9393.000,9393.000,Pendiente,No Facturado,PENDIENTE_DE_FACTURAR,PENDIENTE_DE_PAGO,SIN_CUBRIR,,Reporte 22-30 septiembre 2025,REVIEW,
1517,2025-09-25,23591,TENNECO,EXACT,CHATARRA,CHATARRA,CHATARRA,SOURCE,EXACT,20590.000,12440.000,8150.000,0.000,0.000,0.000,0.000,8150.000,8150.000,3.030,3.370,DIFFERS,0.000,24694.500,24694.500,Pendiente,No Facturado,PENDIENTE_DE_FACTURAR,PENDIENTE_DE_PAGO,SIN_CUBRIR,,Reporte 22-30 septiembre 2025,REVIEW,
1518,2025-09-25,10111,TENNECO,EXACT,CHATARRA,CHATARRA,CHATARRA,SOURCE,EXACT,14710.000,12310.000,2400.000,0.000,0.000,0.000,0.000,2400.000,2400.000,3.030,3.370,DIFFERS,0.000,7272.000,7272.000,Pendiente,No Facturado,PENDIENTE_DE_FACTURAR,PENDIENTE_DE_PAGO,SIN_CUBRIR,,Reporte 22-30 septiembre 2025,REVIEW,
1519,2025-09-24,10056,TENNECO,EXACT,CHATARRA,CHATARRA,CHATARRA,SOURCE,EXACT,14000.000,12220.000,1780.000,0.000,0.000,0.000,0.000,1780.000,1780.000,3.030,3.370,DIFFERS,0.000,5393.400,5393.400,Pendiente,No Facturado,PENDIENTE_DE_FACTURAR,PENDIENTE_DE_PAGO,SIN_CUBRIR,,Reporte 22-30 septiembre 2025,REVIEW,
1520,2025-09-23,9993,TENNECO,EXACT,CHATARRA,CHATARRA,CHATARRA,SOURCE,EXACT,13810.000,12290.000,1520.000,0.000,0.000,0.000,0.000,1520.000,1520.000,3.030,3.370,DIFFERS,0.000,4605.600,4605.600,Pendiente,No Facturado,PENDIENTE_DE_FACTURAR,PENDIENTE_DE_PAGO,SIN_CUBRIR,,Reporte 22-30 septiembre 2025,REVIEW,
1521,2025-09-22,9940,TENNECO,EXACT,CHATARRA,CHATARRA,CHATARRA,SOURCE,EXACT,16170.000,12200.000,3970.000,0.000,0.000,0.000,0.000,3970.000,3970.000,3.030,3.370,DIFFERS,0.000,12029.100,12029.100,Pendiente,No Facturado,PENDIENTE_DE_FACTURAR,PENDIENTE_DE_PAGO,SIN_CUBRIR,,Reporte 22-30 septiembre 2025,REVIEW,
1522,2025-09-22,23583,TENNECO,EXACT,CHATARRA,CHATARRA,CHATARRA,SOURCE,EXACT,18780.000,12400.000,6380.000,0.000,0.000,0.000,0.000,6380.000,6380.000,3.030,3.370,DIFFERS,0.000,19331.400,19331.400,Pendiente,No Facturado,PENDIENTE_DE_FACTURAR,PENDIENTE_DE_PAGO,SIN_CUBRIR,,Reporte 22-30 septiembre 2025,REVIEW,
1523,2025-09-19,9833,TENNECO,EXACT,CHATARRA,CHATARRA,CHATARRA,SOURCE,EXACT,14490.000,12230.000,2260.000,0.000,0.000,0.000,0.000,2260.000,2260.000,3.030,3.370,DIFFERS,0.000,6847.800,6847.800,Pendiente,No Facturado,PENDIENTE_DE_FACTURAR,PENDIENTE_DE_PAGO,SIN_CUBRIR,,Reporte 15-19 septiembre 2025,REVIEW,
1524,2025-09-18,9797,TENNECO,EXACT,CHATARRA,CHATARRA,CHATARRA,SOURCE,EXACT,28100.000,21610.000,6490.000,0.000,0.000,0.000,0.000,6490.000,6490.000,3.030,3.370,DIFFERS,0.000,19664.700,19664.700,Pendiente,No Facturado,PENDIENTE_DE_FACTURAR,PENDIENTE_DE_PAGO,SIN_CUBRIR,,Reporte 15-19 septiembre 2025,REVIEW,
1525,2025-09-18,23571,TENNECO,EXACT,CHATARRA,CHATARRA,CHATARRA,SOURCE,EXACT,17000.000,12320.000,4680.000,0.000,0.000,0.000,0.000,4680.000,4680.000,3.030,3.370,DIFFERS,0.000,14180.400,14180.400,Pendiente,No Facturado,PENDIENTE_DE_FACTURAR,PENDIENTE_DE_PAGO,SIN_CUBRIR,,Reporte 15-19 septiembre 2025,REVIEW,
1526,2025-09-18,9805,TENNECO,EXACT,CHATARRA,CHATARRA,CHATARRA,SOURCE,EXACT,15940.000,14490.000,1450.000,0.000,0.000,0.000,0.000,1450.000,1450.000,3.030,3.370,DIFFERS,0.000,4393.500,4393.500,Pendiente,No Facturado,PENDIENTE_DE_FACTURAR,PENDIENTE_DE_PAGO,SIN_CUBRIR,,Reporte 15-19 septiembre 2025,REVIEW,
1527,2025-09-18,9782,TENNECO,EXACT,CHATARRA,CHATARRA,CHATARRA,SOURCE,EXACT,14960.000,12280.000,2680.000,0.000,0.000,0.000,0.000,2680.000,2680.000,3.030,3.370,DIFFERS,0.000,8120.400,8120.400,Pendiente,No Facturado,PENDIENTE_DE_FACTURAR,PENDIENTE_DE_PAGO,SIN_CUBRIR,,Reporte 15-19 septiembre 2025,REVIEW,
1528,2025-09-17,9737,TENNECO,EXACT,CHATARRA,CHATARRA,CHATARRA,SOURCE,EXACT,13440.000,12200.000,1240.000,0.000,0.000,0.000,0.000,1240.000,1240.000,3.030,3.370,DIFFERS,0.000,3757.200,3757.200,Pendiente,No Facturado,PENDIENTE_DE_FACTURAR,PENDIENTE_DE_PAGO,SIN_CUBRIR,,Reporte 15-19 septiembre 2025,REVIEW,
1529,2025-09-15,9700,TENNECO,EXACT,CHATARRA,CHATARRA,CHATARRA,SOURCE,EXACT,15480.000,12260.000,3220.000,0.000,0.000,0.000,0.000,3220.000,3220.000,3.030,3.370,DIFFERS,0.000,9756.600,9756.600,Pendiente,No Facturado,PENDIENTE_DE_FACTURAR,PENDIENTE_DE_PAGO,SIN_CUBRIR,,Reporte 15-19 septiembre 2025,REVIEW,
1530,2025-09-15,23562,TENNECO,EXACT,CHATARRA,CHATARRA,CHATARRA,SOURCE,EXACT,18100.000,12410.000,5690.000,0.000,0.000,0.000,0.000,5690.000,5690.000,3.030,3.370,DIFFERS,0.000,17240.700,17240.700,Pendiente,No Facturado,PENDIENTE_DE_FACTURAR,PENDIENTE_DE_PAGO,SIN_CUBRIR,,Reporte 15-19 septiembre 2025,REVIEW,
1531,2025-09-12,9610,TENNECO,EXACT,CHATARRA,CHATARRA,CHATARRA,SOURCE,EXACT,15020.000,12210.000,2810.000,0.000,0.000,0.000,0.000,2810.000,2810.000,3.030,3.370,DIFFERS,0.000,8514.300,8514.300,Pendiente,No Facturado,PENDIENTE_DE_FACTURAR,PENDIENTE_DE_PAGO,SIN_CUBRIR,,Reporte 08-12 septiembre 2025,REVIEW,
1532,2025-09-11,23521,TENNECO,EXACT,CHATARRA,CHATARRA,CHATARRA,SOURCE,EXACT,19390.000,12350.000,7040.000,0.000,0.000,0.000,0.000,7040.000,7040.000,3.030,3.370,DIFFERS,0.000,21331.200,21331.200,Pendiente,No Facturado,PENDIENTE_DE_FACTURAR,PENDIENTE_DE_PAGO,SIN_CUBRIR,,Reporte 08-12 septiembre 2025,REVIEW,
1533,2025-09-11,9557,TENNECO,EXACT,CHATARRA,CHATARRA,CHATARRA,SOURCE,EXACT,13620.000,12280.000,1340.000,0.000,0.000,0.000,0.000,1340.000,1340.000,3.030,3.370,DIFFERS,0.000,4060.200,4060.200,Pendiente,No Facturado,PENDIENTE_DE_FACTURAR,PENDIENTE_DE_PAGO,SIN_CUBRIR,,Reporte 08-12 septiembre 2025,REVIEW,
1534,2025-09-10,9521,TENNECO,EXACT,CHATARRA,CHATARRA,CHATARRA,SOURCE,EXACT,16240.000,13280.000,2960.000,0.000,0.000,0.000,0.000,2960.000,2960.000,3.030,3.370,DIFFERS,0.000,8968.800,8968.800,Pendiente,No Facturado,PENDIENTE_DE_FACTURAR,PENDIENTE_DE_PAGO,SIN_CUBRIR,,Reporte 08-12 septiembre 2025,REVIEW,
1535,2025-09-10,9506,TENNECO,EXACT,CHATARRA,CHATARRA,CHATARRA,SOURCE,EXACT,16450.000,12260.000,4190.000,0.000,0.000,0.000,0.000,4190.000,4190.000,3.030,3.370,DIFFERS,0.000,12695.700,12695.700,Pendiente,No Facturado,PENDIENTE_DE_FACTURAR,PENDIENTE_DE_PAGO,SIN_CUBRIR,,Reporte 08-12 septiembre 2025,REVIEW,
1536,2025-09-09,9463,TENNECO,EXACT,CHATARRA,CHATARRA,CHATARRA,SOURCE,EXACT,14130.000,12300.000,1830.000,0.000,0.000,0.000,0.000,1830.000,1830.000,3.030,3.370,DIFFERS,0.000,5544.900,5544.900,Pendiente,No Facturado,PENDIENTE_DE_FACTURAR,PENDIENTE_DE_PAGO,SIN_CUBRIR,,Reporte 08-12 septiembre 2025,REVIEW,
1537,2025-09-08,9406,TENNECO,EXACT,CHATARRA,CHATARRA,CHATARRA,SOURCE,EXACT,14560.000,12260.000,2300.000,0.000,0.000,0.000,0.000,2300.000,2300.000,3.030,3.370,DIFFERS,0.000,6969.000,6969.000,Pendiente,No Facturado,PENDIENTE_DE_FACTURAR,PENDIENTE_DE_PAGO,SIN_CUBRIR,,Reporte 08-12 septiembre 2025,REVIEW,
1538,2025-09-08,23545,TENNECO,EXACT,CHATARRA,CHATARRA,CHATARRA,SOURCE,EXACT,17970.000,12280.000,5690.000,0.000,0.000,0.000,0.000,5690.000,5690.000,3.030,3.370,DIFFERS,0.000,17240.700,17240.700,Pendiente,No Facturado,PENDIENTE_DE_FACTURAR,PENDIENTE_DE_PAGO,SIN_CUBRIR,,Reporte 08-12 septiembre 2025,REVIEW,
1539,2025-08-30,9121,TENNECO,EXACT,CHATARRA,CHATARRA,CHATARRA,SOURCE,EXACT,18120.000,12940.000,5180.000,0.000,0.000,0.000,0.000,5180.000,5180.000,3.020,3.370,DIFFERS,0.000,15643.600,15643.600,Pendiente,No Facturado,PENDIENTE_DE_FACTURAR,PENDIENTE_DE_PAGO,SIN_CUBRIR,,Reporte 25-30 Agosto 2025,REVIEW,
1540,2025-08-30,9120,TENNECO,EXACT,CHATARRA,CHATARRA,CHATARRA,SOURCE,EXACT,24780.000,21540.000,3240.000,0.000,0.000,0.000,0.000,3240.000,3240.000,3.020,3.370,DIFFERS,0.000,9784.800,9784.800,Pendiente,No Facturado,PENDIENTE_DE_FACTURAR,PENDIENTE_DE_PAGO,SIN_CUBRIR,,Reporte 25-30 Agosto 2025,REVIEW,
1541,2025-08-29,9054,TENNECO,EXACT,CHATARRA,CHATARRA,CHATARRA,SOURCE,EXACT,15910.000,12170.000,3740.000,0.000,0.000,0.000,0.000,3740.000,3740.000,3.020,3.370,DIFFERS,0.000,11294.800,11294.800,Pendiente,No Facturado,PENDIENTE_DE_FACTURAR,PENDIENTE_DE_PAGO,SIN_CUBRIR,,Reporte 25-30 Agosto 2025,REVIEW,
1542,2025-08-29,9071,TENNECO,EXACT,CHATARRA,CHATARRA,CHATARRA,SOURCE,EXACT,28800.000,21570.000,7230.000,0.000,0.000,0.000,0.000,7230.000,7230.000,3.020,3.370,DIFFERS,0.000,21834.600,21834.600,Pendiente,No Facturado,PENDIENTE_DE_FACTURAR,PENDIENTE_DE_PAGO,SIN_CUBRIR,,Reporte 25-30 Agosto 2025,REVIEW,
1543,2025-08-28,23492,TENNECO,EXACT,CHATARRA,CHATARRA,CHATARRA,SOURCE,EXACT,21940.000,12400.000,9540.000,0.000,0.000,0.000,0.000,9540.000,9540.000,3.020,3.370,DIFFERS,0.000,28810.800,28810.800,Pendiente,No Facturado,PENDIENTE_DE_FACTURAR,PENDIENTE_DE_PAGO,SIN_CUBRIR,,Reporte 25-30 Agosto 2025,REVIEW,
1544,2025-08-28,9003,TENNECO,EXACT,CHATARRA,CHATARRA,CHATARRA,SOURCE,EXACT,14190.000,12220.000,1970.000,0.000,0.000,0.000,0.000,1970.000,1970.000,3.020,3.370,DIFFERS,0.000,5949.400,5949.400,Pendiente,No Facturado,PENDIENTE_DE_FACTURAR,PENDIENTE_DE_PAGO,SIN_CUBRIR,,Reporte 25-30 Agosto 2025,REVIEW,
1545,2025-08-27,8948,TENNECO,EXACT,CHATARRA,CHATARRA,CHATARRA,SOURCE,EXACT,15170.000,12150.000,3020.000,0.000,0.000,0.000,0.000,3020.000,3020.000,3.020,3.370,DIFFERS,0.000,9120.400,9120.400,Pendiente,No Facturado,PENDIENTE_DE_FACTURAR,PENDIENTE_DE_PAGO,SIN_CUBRIR,,Reporte 25-30 Agosto 2025,REVIEW,
1546,2025-08-26,8906,TENNECO,EXACT,CHATARRA,CHATARRA,CHATARRA,SOURCE,EXACT,14330.000,12280.000,2050.000,0.000,0.000,0.000,0.000,2050.000,2050.000,3.020,3.370,DIFFERS,0.000,6191.000,6191.000,Pendiente,No Facturado,PENDIENTE_DE_FACTURAR,PENDIENTE_DE_PAGO,SIN_CUBRIR,,Reporte 25-30 Agosto 2025,REVIEW,
1547,2025-08-26,8915,TENNECO,EXACT,CHATARRA,CHATARRA,CHATARRA,SOURCE,EXACT,23790.000,21560.000,2230.000,0.000,0.000,0.000,0.000,2230.000,2230.000,3.020,3.370,DIFFERS,0.000,6734.600,6734.600,Pendiente,No Facturado,PENDIENTE_DE_FACTURAR,PENDIENTE_DE_PAGO,SIN_CUBRIR,,Reporte 25-30 Agosto 2025,REVIEW,
1548,2025-08-25,8858,TENNECO,EXACT,CHATARRA,CHATARRA,CHATARRA,SOURCE,EXACT,15660.000,12180.000,3480.000,0.000,0.000,0.000,0.000,3480.000,3480.000,3.020,3.370,DIFFERS,0.000,10509.600,10509.600,Pendiente,No Facturado,PENDIENTE_DE_FACTURAR,PENDIENTE_DE_PAGO,SIN_CUBRIR,,Reporte 25-30 Agosto 2025,REVIEW,
1549,2025-08-25,23439,TENNECO,EXACT,CHATARRA,CHATARRA,CHATARRA,SOURCE,EXACT,17660.000,12390.000,5270.000,0.000,0.000,0.000,0.000,5270.000,5270.000,3.020,3.370,DIFFERS,0.000,15915.400,15915.400,Pendiente,No Facturado,PENDIENTE_DE_FACTURAR,PENDIENTE_DE_PAGO,SIN_CUBRIR,,Reporte 25-30 Agosto 2025,REVIEW,
1550,2026-06-08,81917,VICTOR GARCIA,EXACT,CARTON STROKPACK,CARTON,CARTON STROKPACK,SOURCE,EXACT,26985.000,18240.000,8745.000,0.000,0.000,0.000,0.000,8745.000,8745.000,1.300,1.300,MATCH,0.000,11368.500,11368.500,Pendiente,No Facturado,PENDIENTE_DE_FACTURAR,PENDIENTE_DE_PAGO,SIN_CUBRIR,,ORDEN DE PAGO 2524,IMPORTABLE,
1551,2026-06-08,81991,RECICLA METAL,EXACT,CARTON RECOGIDO,CARTON,CARTON RECOGIDO,SOURCE,EXACT,22380.000,18260.000,4120.000,0.000,618.000,0.000,15.000,3502.000,3502.000,1.400,1.400,MATCH,0.000,4902.800,4902.800,Pendiente,No Facturado,PENDIENTE_DE_FACTURAR,PENDIENTE_DE_PAGO,SIN_CUBRIR,,15% HUM,IMPORTABLE,
1552,2026-06-05,81951,RODOLFO VERA,EXACT,CARTON RECOGIDO,CARTON,CARTON RECOGIDO,SOURCE,EXACT,24385.000,18330.000,6055.000,0.000,908.000,0.000,14.996,5147.000,5147.000,1.400,1.400,MATCH,0.000,7205.800,7205.800,Pendiente,No Facturado,PENDIENTE_DE_FACTURAR,PENDIENTE_DE_PAGO,SIN_CUBRIR,,,IMPORTABLE,
1553,2026-06-05,81977,RECICLA METAL,EXACT,CARTON RECOGIDO,CARTON,CARTON RECOGIDO,SOURCE,EXACT,20930.000,18270.000,2660.000,0.000,0.000,0.000,0.000,2660.000,2660.000,1.400,1.400,MATCH,0.000,3724.000,3724.000,Pendiente,Facturado,FACTURADO,PENDIENTE_DE_PAGO,SIN_CUBRIR,,FAC 1018,IMPORTABLE,
1554,2026-06-04,81890,RECICLA METAL,EXACT,CARTON RECOGIDO,CARTON,CARTON RECOGIDO,SOURCE,EXACT,25285.000,20595.000,4690.000,0.000,938.000,0.000,20.000,3752.000,3752.000,1.400,1.400,MATCH,0.000,5252.800,5252.800,Pendiente,Facturado,FACTURADO,PENDIENTE_DE_PAGO,SIN_CUBRIR,,FAC 1018 20% DE HUM,IMPORTABLE,
1555,2026-06-04,81882,RECICLA METAL,EXACT,CARTON RECOGIDO,CARTON,CARTON RECOGIDO,SOURCE,EXACT,22630.000,20960.000,1670.000,0.000,0.000,0.000,0.000,1670.000,1670.000,1.400,1.400,MATCH,0.000,2338.000,2338.000,Pendiente,Facturado,FACTURADO,PENDIENTE_DE_PAGO,SIN_CUBRIR,,FAC 1018,IMPORTABLE,
1556,2026-06-03,81830,RECICLA METAL,EXACT,CARTON RECOGIDO,CARTON,CARTON RECOGIDO,SOURCE,EXACT,21370.000,18255.000,3115.000,0.000,200.000,0.000,6.421,2915.000,2915.000,1.400,1.400,MATCH,0.000,4081.000,4081.000,Pendiente,Facturado,FACTURADO,PENDIENTE_DE_PAGO,SIN_CUBRIR,,FAC 1018,IMPORTABLE,
1557,2026-06-01,81790,RECICLA METAL,EXACT,CARTON RECOGIDO,CARTON,CARTON RECOGIDO,SOURCE,EXACT,24500.000,20550.000,3950.000,0.000,200.000,0.000,5.063,3750.000,3750.000,1.400,1.400,MATCH,0.000,5250.000,5250.000,Pendiente,Facturado,FACTURADO,PENDIENTE_DE_PAGO,SIN_CUBRIR,,FAC 1012,IMPORTABLE,
1558,2026-05-29,81740,RECICLA METAL,EXACT,CARTON RECOGIDO,CARTON,CARTON RECOGIDO,SOURCE,EXACT,15520.000,13280.000,2240.000,0.000,100.000,0.000,4.464,2140.000,2140.000,1.400,1.400,MATCH,0.000,2996.000,2996.000,Pendiente,Facturado,FACTURADO,PENDIENTE_DE_PAGO,SIN_CUBRIR,,FAC 1012,IMPORTABLE,
1559,2026-05-29,81737,RECICLA METAL,EXACT,CARTON RECOGIDO,CARTON,CARTON RECOGIDO,SOURCE,EXACT,21935.000,18290.000,3645.000,0.000,200.000,0.000,5.487,3445.000,3445.000,1.400,1.400,MATCH,0.000,4823.000,4823.000,Pendiente,Facturado,FACTURADO,PENDIENTE_DE_PAGO,SIN_CUBRIR,,FAC 1012,IMPORTABLE,
1560,2026-05-29,81752,RECICLA METAL,EXACT,CARTON RECOGIDO,CARTON,CARTON RECOGIDO,SOURCE,EXACT,20710.000,18265.000,2445.000,0.000,0.000,0.000,0.000,2445.000,2445.000,1.400,1.400,MATCH,0.000,3423.000,3423.000,Pendiente,Facturado,FACTURADO,PENDIENTE_DE_PAGO,SIN_CUBRIR,,FAC 1012,IMPORTABLE,
1561,2026-05-28,81708,RODOLFO VERA,EXACT,CARTON RECOGIDO,CARTON,CARTON RECOGIDO,SOURCE,EXACT,26570.000,20080.000,6490.000,0.000,325.000,0.000,5.008,6165.000,6165.000,1.400,1.400,MATCH,0.000,8631.000,8631.000,Pendiente,No Facturado,PENDIENTE_DE_FACTURAR,PENDIENTE_DE_PAGO,SIN_CUBRIR,,,IMPORTABLE,
1562,2026-05-21,81511,RODOLFO VERA,EXACT,CARTON RECOGIDO,CARTON,CARTON RECOGIDO,SOURCE,EXACT,26755.000,20430.000,6325.000,0.000,0.000,0.000,0.000,6325.000,6325.000,1.400,1.400,MATCH,0.000,8855.000,8855.000,Pendiente,No Facturado,PENDIENTE_DE_FACTURAR,PENDIENTE_DE_PAGO,SIN_CUBRIR,,,IMPORTABLE,
1563,2026-05-14,81340,RECICLA METAL,EXACT,CARTON RECOGIDO,CARTON,CARTON RECOGIDO,SOURCE,EXACT,24430.000,20505.000,3925.000,0.000,100.000,0.000,2.548,3825.000,3825.000,1.400,1.400,MATCH,0.000,5355.000,5355.000,Pendiente,No Facturado,PENDIENTE_DE_FACTURAR,PENDIENTE_DE_PAGO,SIN_CUBRIR,,,IMPORTABLE,
1564,2026-05-12,81272,RODOLFO VERA,EXACT,CARTON RECOGIDO,CARTON,CARTON RECOGIDO,SOURCE,EXACT,26235.000,20540.000,5695.000,0.000,456.000,0.000,8.007,5239.000,5239.000,1.400,1.400,MATCH,0.000,7334.600,7334.600,Pendiente,No Facturado,PENDIENTE_DE_FACTURAR,PENDIENTE_DE_PAGO,SIN_CUBRIR,,,IMPORTABLE,
1565,2026-05-12,81285,RECICLA METAL,EXACT,CARTON RECOGIDO,CARTON,CARTON RECOGIDO,SOURCE,EXACT,21390.000,18285.000,3105.000,0.000,100.000,0.000,3.221,3005.000,3005.000,1.400,1.400,MATCH,0.000,4207.000,4207.000,Pendiente,No Facturado,PENDIENTE_DE_FACTURAR,PENDIENTE_DE_PAGO,SIN_CUBRIR,,,IMPORTABLE,
1566,2026-05-04,81052,RODOLFO VERA,EXACT,CARTON RECOGIDO,CARTON,CARTON RECOGIDO,SOURCE,EXACT,24340.000,18235.000,6105.000,0.000,100.000,0.000,1.638,6005.000,6005.000,1.400,1.400,MATCH,0.000,8407.000,8407.000,Pendiente,No Facturado,PENDIENTE_DE_FACTURAR,PENDIENTE_DE_PAGO,SIN_CUBRIR,,,IMPORTABLE,
1567,2026-04-28,80942,RODOLFO VERA,EXACT,CARTON RECOGIDO,CARTON,CARTON RECOGIDO,SOURCE,EXACT,24105.000,18200.000,5905.000,0.000,120.000,0.000,2.032,5785.000,5785.000,1.400,1.400,MATCH,0.000,8099.000,8099.000,Pendiente,No Facturado,PENDIENTE_DE_FACTURAR,PENDIENTE_DE_PAGO,SIN_CUBRIR,,,IMPORTABLE,
1568,2026-04-21,80737,RODOLFO VERA,EXACT,CARTON RECOGIDO,CARTON,CARTON RECOGIDO,SOURCE,EXACT,27110.000,20655.000,6455.000,0.000,0.000,0.000,0.000,6455.000,6455.000,1.400,1.400,MATCH,0.000,9037.000,9037.000,Pendiente,No Facturado,PENDIENTE_DE_FACTURAR,PENDIENTE_DE_PAGO,SIN_CUBRIR,,,IMPORTABLE,
1569,2026-04-15,80561,RODOLFO VERA,EXACT,CARTON RECOGIDO,CARTON,CARTON RECOGIDO,SOURCE,EXACT,24690.000,18305.000,6385.000,0.000,0.000,0.000,0.000,6385.000,6385.000,1.400,1.400,MATCH,0.000,8939.000,8939.000,Pendiente,No Facturado,PENDIENTE_DE_FACTURAR,PENDIENTE_DE_PAGO,SIN_CUBRIR,,,IMPORTABLE,
1570,2026-04-10,80450,RODOLFO VERA,EXACT,CARTON RECOGIDO,CARTON,CARTON RECOGIDO,SOURCE,EXACT,20150.000,16520.000,3630.000,0.000,0.000,0.000,0.000,3630.000,3630.000,1.400,1.400,MATCH,0.000,5082.000,5082.000,Pendiente,No Facturado,PENDIENTE_DE_FACTURAR,PENDIENTE_DE_PAGO,SIN_CUBRIR,,,IMPORTABLE,
1571,2026-03-27,80083,RODOLFO VERA,EXACT,CARTON RECOGIDO,CARTON,CARTON RECOGIDO,SOURCE,EXACT,27480.000,20445.000,7035.000,0.000,0.000,0.000,0.000,7035.000,7035.000,1.400,1.400,MATCH,0.000,9849.000,9849.000,Pendiente,No Facturado,PENDIENTE_DE_FACTURAR,PENDIENTE_DE_PAGO,SIN_CUBRIR,,,IMPORTABLE,
1572,2026-03-19,78368,RODOLFO VERA,EXACT,CARTON RECOGIDO,CARTON,CARTON RECOGIDO,SOURCE,EXACT,26315.000,20470.000,5845.000,0.000,0.000,0.000,0.000,5845.000,5845.000,1.400,1.400,MATCH,0.000,8183.000,8183.000,Pendiente,No Facturado,PENDIENTE_DE_FACTURAR,PENDIENTE_DE_PAGO,SIN_CUBRIR,,,IMPORTABLE,
1573,2026-03-12,78314,RODOLFO VERA,EXACT,CARTON RECOGIDO,CARTON,CARTON RECOGIDO,SOURCE,EXACT,20145.000,16580.000,3565.000,0.000,0.000,0.000,0.000,3565.000,3565.000,1.200,1.400,DIFFERS,0.000,4278.000,4278.000,Pendiente,No Facturado,PENDIENTE_DE_FACTURAR,PENDIENTE_DE_PAGO,SIN_CUBRIR,,,REVIEW,
1574,2026-03-06,78112,RODOLFO VERA,EXACT,CARTON RECOGIDO,CARTON,CARTON RECOGIDO,SOURCE,EXACT,23990.000,18265.000,5725.000,0.000,0.000,0.000,0.000,5725.000,5725.000,1.100,1.400,DIFFERS,0.000,6297.500,6297.500,Pendiente,No Facturado,PENDIENTE_DE_FACTURAR,PENDIENTE_DE_PAGO,SIN_CUBRIR,,,REVIEW,
1575,2026-02-24,77753,RODOLFO VERA,EXACT,CARTON RECOGIDO,CARTON,CARTON RECOGIDO,SOURCE,EXACT,23995.000,18285.000,5710.000,0.000,0.000,0.000,0.000,5710.000,5710.000,1.300,1.400,DIFFERS,0.000,7423.000,7423.000,Pendiente,No Facturado,PENDIENTE_DE_FACTURAR,PENDIENTE_DE_PAGO,SIN_CUBRIR,,SE AGREGO A LA OCC MARZO,REVIEW,
1576,2026-06-04,81892,ROCIO CARVAJAL,EXACT,CARTON,CARTON,CARTON,SOURCE,EXACT,22585.000,18235.000,4350.000,0.000,435.000,0.000,10.000,3915.000,3915.000,1.500,1.500,MATCH,0.000,5872.500,5872.500,Pendiente,No Facturado,PENDIENTE_DE_FACTURAR,PENDIENTE_DE_PAGO,SIN_CUBRIR,,,IMPORTABLE,
1577,2026-06-03,81860,ROCIO CARVAJAL,EXACT,CARTON,CARTON,CARTON,SOURCE,EXACT,28055.000,20835.000,7220.000,0.000,1083.000,0.000,15.000,6137.000,6137.000,1.500,1.500,MATCH,0.000,9205.500,9205.500,Pendiente,No Facturado,PENDIENTE_DE_FACTURAR,PENDIENTE_DE_PAGO,SIN_CUBRIR,,,IMPORTABLE,
1578,2026-06-01,81774,ROCIO CARVAJAL,EXACT,CARTON,CARTON,CARTON,SOURCE,EXACT,23730.000,18205.000,5525.000,0.000,0.000,0.000,0.000,5525.000,5525.000,1.500,1.500,MATCH,0.000,8287.500,8287.500,Pendiente,No Facturado,PENDIENTE_DE_FACTURAR,PENDIENTE_DE_PAGO,SIN_CUBRIR,,,IMPORTABLE,
1579,2026-05-29,5513,MONROE,EXACT,CARTON,CARTON,CARTON,SOURCE,EXACT,14630.000,12750.000,1880.000,0.000,0.000,0.000,0.000,1880.000,1880.000,1.400,1.400,MATCH,0.000,2632.000,2632.000,Pendiente,No Facturado,PENDIENTE_DE_FACTURAR,PENDIENTE_DE_PAGO,SIN_CUBRIR,,REPORTE 25-29 MAYO 2026,IMPORTABLE,
1580,2026-05-29,81762,ROCIO CARVAJAL,EXACT,CARTON,CARTON,CARTON,SOURCE,EXACT,26425.000,20480.000,5945.000,0.000,0.000,0.000,0.000,5945.000,5945.000,1.500,1.500,MATCH,0.000,8917.500,8917.500,Pendiente,No Facturado,PENDIENTE_DE_FACTURAR,PENDIENTE_DE_PAGO,SIN_CUBRIR,,,IMPORTABLE,
1581,2026-05-28,5461,MONROE,EXACT,CARTON,CARTON,CARTON,SOURCE,EXACT,14950.000,12760.000,2190.000,0.000,0.000,0.000,0.000,2190.000,2190.000,1.400,1.400,MATCH,0.000,3066.000,3066.000,Pendiente,No Facturado,PENDIENTE_DE_FACTURAR,PENDIENTE_DE_PAGO,SIN_CUBRIR,,REPORTE 25-29 MAYO 2026,IMPORTABLE,
1582,2026-05-28,925,LICBOX,EXACT,CARTON,CARTON,CARTON,SOURCE,EXACT,28170.000,20500.000,7670.000,0.000,0.000,0.000,0.000,7670.000,7670.000,1.400,1.400,MATCH,0.000,10738.000,10738.000,Pendiente,No Facturado,PENDIENTE_DE_FACTURAR,PENDIENTE_DE_PAGO,SIN_CUBRIR,,OCC 1458,IMPORTABLE,
1583,2026-05-27,5352,MONROE,EXACT,CARTON,CARTON,CARTON,SOURCE,EXACT,15190.000,12730.000,2460.000,0.000,0.000,0.000,0.000,2460.000,2460.000,1.400,1.400,MATCH,0.000,3444.000,3444.000,Pendiente,No Facturado,PENDIENTE_DE_FACTURAR,PENDIENTE_DE_PAGO,SIN_CUBRIR,,REPORTE 25-29 MAYO 2026,IMPORTABLE,
1584,2026-05-27,866,LICBOX,EXACT,CARTON,CARTON,CARTON,SOURCE,EXACT,31110.000,20500.000,10610.000,0.000,0.000,0.000,0.000,10610.000,10610.000,1.400,1.400,MATCH,0.000,14854.000,14854.000,Pendiente,Facturado,FACTURADO,PENDIENTE_DE_PAGO,SIN_CUBRIR,2083463,OCC 1456,IMPORTABLE,
1585,2026-05-27,868,LICBOX,EXACT,CARTON,CARTON,CARTON,SOURCE,EXACT,28280.000,20090.000,8190.000,0.000,0.000,0.000,0.000,8190.000,8190.000,1.400,1.400,MATCH,0.000,11466.000,11466.000,Pendiente,Facturado,FACTURADO,PENDIENTE_DE_PAGO,SIN_CUBRIR,2083486,OCC 1457,IMPORTABLE,
1586,2026-05-26,793,LICBOX,EXACT,CARTON,CARTON,CARTON,SOURCE,EXACT,29600.000,21180.000,8420.000,0.000,0.000,0.000,0.000,8420.000,8420.000,1.400,1.400,MATCH,0.000,11788.000,11788.000,Pendiente,Facturado,FACTURADO,PENDIENTE_DE_PAGO,SIN_CUBRIR,2083456,OCC 1455,IMPORTABLE,
1587,2026-05-26,5206,MONROE,EXACT,CARTON,CARTON,CARTON,SOURCE,EXACT,14930.000,12780.000,2150.000,0.000,0.000,0.000,0.000,2150.000,2150.000,1.400,1.400,MATCH,0.000,3010.000,3010.000,Pendiente,No Facturado,PENDIENTE_DE_FACTURAR,PENDIENTE_DE_PAGO,SIN_CUBRIR,,REPORTE 25-29 MAYO 2026,IMPORTABLE,
1588,2026-05-26,5351,MONROE,EXACT,CARTON,CARTON,CARTON,SOURCE,EXACT,14580.000,12730.000,1850.000,0.000,0.000,0.000,0.000,1850.000,1850.000,1.400,1.400,MATCH,0.000,2590.000,2590.000,Pendiente,No Facturado,PENDIENTE_DE_FACTURAR,PENDIENTE_DE_PAGO,SIN_CUBRIR,,REPORTE 25-29 MAYO 2026,IMPORTABLE,
1589,2026-05-25,712,LICBOX,EXACT,CARTON,CARTON,CARTON,SOURCE,EXACT,29930.000,20490.000,9440.000,0.000,0.000,0.000,0.000,9440.000,9440.000,1.400,1.400,MATCH,0.000,13216.000,13216.000,Pendiente,Facturado,FACTURADO,PENDIENTE_DE_PAGO,SIN_CUBRIR,2083456,OCC 1455,IMPORTABLE,
1590,2026-05-25,5216,MONROE,EXACT,CARTON,CARTON,CARTON,SOURCE,EXACT,15510.000,13300.000,2210.000,0.000,0.000,0.000,0.000,2210.000,2210.000,1.400,1.400,MATCH,0.000,3094.000,3094.000,Pendiente,No Facturado,PENDIENTE_DE_FACTURAR,PENDIENTE_DE_PAGO,SIN_CUBRIR,,REPORTE 25-29 MAYO 2026,IMPORTABLE,
1591,2026-05-25,81620,SETEXMES,EXACT,CARTON,CARTON,CARTON,SOURCE,EXACT,15280.000,13100.000,2180.000,0.000,0.000,0.000,0.000,2180.000,2180.000,0.900,0.900,MATCH,0.000,1962.000,1962.000,Pendiente,No Facturado,PENDIENTE_DE_FACTURAR,PENDIENTE_DE_PAGO,SIN_CUBRIR,,REPORTE MAYO 2026,IMPORTABLE,
1592,2026-05-22,81544,ROCIO CARVAJAL,EXACT,CARTON,CARTON,CARTON,SOURCE,EXACT,28550.000,20515.000,8035.000,0.000,402.000,0.000,5.003,7633.000,7633.000,1.500,1.500,MATCH,0.000,11449.500,11449.500,Pendiente,No Facturado,PENDIENTE_DE_FACTURAR,PENDIENTE_DE_PAGO,SIN_CUBRIR,,,IMPORTABLE,
1593,2026-05-22,5156,MONROE,EXACT,CARTON,CARTON,CARTON,SOURCE,EXACT,15270.000,13340.000,1930.000,0.000,0.000,0.000,0.000,1930.000,1930.000,1.400,1.400,MATCH,0.000,2702.000,2702.000,Pendiente,No Facturado,PENDIENTE_DE_FACTURAR,PENDIENTE_DE_PAGO,SIN_CUBRIR,,REPORTE 18-22 MAYO 2026,IMPORTABLE,
1594,2026-05-22,624,LICBOX,EXACT,CARTON,CARTON,CARTON,SOURCE,EXACT,25000.000,18270.000,6730.000,0.000,0.000,0.000,0.000,6730.000,6730.000,1.400,1.400,MATCH,0.000,9422.000,9422.000,Pendiente,Facturado,FACTURADO,PENDIENTE_DE_PAGO,SIN_CUBRIR,2083455,OCC 1454,IMPORTABLE,
1595,2026-05-21,104,DECASA,EXACT,CARTON,CARTON,CARTON,SOURCE,EXACT,14240.000,12430.000,1810.000,0.000,0.000,0.000,0.000,1810.000,1810.000,1.100,1.100,MATCH,0.000,1991.000,1991.000,Pendiente,No Facturado,PENDIENTE_DE_FACTURAR,PENDIENTE_DE_PAGO,SIN_CUBRIR,,ORDEN DE PAGO 84,IMPORTABLE,
1596,2026-05-21,5155,MONROE,EXACT,CARTON,CARTON,CARTON,SOURCE,EXACT,14880.000,13340.000,1540.000,0.000,0.000,0.000,0.000,1540.000,1540.000,1.400,1.400,MATCH,0.000,2156.000,2156.000,Pendiente,No Facturado,PENDIENTE_DE_FACTURAR,PENDIENTE_DE_PAGO,SIN_CUBRIR,,REPORTE 18-22 MAYO 2026,IMPORTABLE,
1597,2026-05-21,556,LICBOX,EXACT,CARTON,CARTON,CARTON,SOURCE,EXACT,33050.000,20560.000,12490.000,0.000,0.000,0.000,0.000,12490.000,12490.000,1.400,1.400,MATCH,0.000,17486.000,17486.000,Pendiente,Facturado,FACTURADO,PENDIENTE_DE_PAGO,SIN_CUBRIR,2083453,OCC 1453,IMPORTABLE,
1598,2026-05-21,541,LICBOX,EXACT,CARTON,CARTON,CARTON,SOURCE,EXACT,25880.000,18210.000,7670.000,0.000,0.000,0.000,0.000,7670.000,7670.000,1.400,1.400,MATCH,0.000,10738.000,10738.000,Pendiente,Facturado,FACTURADO,PENDIENTE_DE_PAGO,SIN_CUBRIR,2083455,OCC 1454,IMPORTABLE,
1599,2026-05-20,89,DECASA,EXACT,CARTON,CARTON,CARTON,SOURCE,EXACT,14860.000,13540.000,1320.000,0.000,0.000,0.000,0.000,1320.000,1320.000,1.100,1.100,MATCH,0.000,1452.000,1452.000,Pendiente,No Facturado,PENDIENTE_DE_FACTURAR,PENDIENTE_DE_PAGO,SIN_CUBRIR,,ORDEN DE PAGO 84,IMPORTABLE,
1600,2026-05-20,5069,MONROE,EXACT,CARTON,CARTON,CARTON,SOURCE,EXACT,14490.000,12730.000,1760.000,0.000,0.000,0.000,0.000,1760.000,1760.000,1.400,1.400,MATCH,0.000,2464.000,2464.000,Pendiente,No Facturado,PENDIENTE_DE_FACTURAR,PENDIENTE_DE_PAGO,SIN_CUBRIR,,REPORTE 18-22 MAYO 2026,IMPORTABLE,
1601,2026-05-20,440,LICBOX,EXACT,CARTON,CARTON,CARTON,SOURCE,EXACT,27120.000,18250.000,8870.000,0.000,0.000,0.000,0.000,8870.000,8870.000,1.400,1.400,MATCH,0.000,12418.000,12418.000,Pendiente,Facturado,FACTURADO,PENDIENTE_DE_PAGO,SIN_CUBRIR,2083454,OCC 1452,IMPORTABLE,
1602,2026-05-20,475,LICBOX,EXACT,CARTON,CARTON,CARTON,SOURCE,EXACT,28920.000,20440.000,8480.000,0.000,0.000,0.000,0.000,8480.000,8480.000,1.400,1.400,MATCH,0.000,11872.000,11872.000,Pendiente,Facturado,FACTURADO,PENDIENTE_DE_PAGO,SIN_CUBRIR,2083453,OCC 1453,IMPORTABLE,
1603,2026-05-20,81494,SETEXMES,EXACT,CARTON,CARTON,CARTON,SOURCE,EXACT,15235.000,13305.000,1930.000,0.000,0.000,0.000,0.000,1930.000,1930.000,0.900,0.900,MATCH,0.000,1737.000,1737.000,Pendiente,No Facturado,PENDIENTE_DE_FACTURAR,PENDIENTE_DE_PAGO,SIN_CUBRIR,,REPORTE MAYO 2026,IMPORTABLE,
1604,2026-05-19,81468,ROCIO CARVAJAL,EXACT,CARTON,CARTON,CARTON,SOURCE,EXACT,28015.000,20465.000,7550.000,0.000,200.000,0.000,2.649,7350.000,7350.000,1.500,1.500,MATCH,0.000,11025.000,11025.000,Pendiente,No Facturado,PENDIENTE_DE_FACTURAR,PENDIENTE_DE_PAGO,SIN_CUBRIR,,,IMPORTABLE,
1605,2026-05-19,76,DECASA,EXACT,CARTON,CARTON,CARTON,SOURCE,EXACT,14275.000,12415.000,1860.000,0.000,0.000,0.000,0.000,1860.000,1860.000,1.100,1.100,MATCH,0.000,2046.000,2046.000,Pendiente,No Facturado,PENDIENTE_DE_FACTURAR,PENDIENTE_DE_PAGO,SIN_CUBRIR,,ORDEN DE PAGO 84,IMPORTABLE,
1606,2026-05-19,5043,MONROE,EXACT,CARTON,CARTON,CARTON,SOURCE,EXACT,15000.000,13150.000,1850.000,0.000,0.000,0.000,0.000,1850.000,1850.000,1.400,1.400,MATCH,0.000,2590.000,2590.000,Pendiente,No Facturado,PENDIENTE_DE_FACTURAR,PENDIENTE_DE_PAGO,SIN_CUBRIR,,REPORTE 18-22 MAYO 2026,IMPORTABLE,
1607,2026-05-19,410,LICBOX,EXACT,CARTON,CARTON,CARTON,SOURCE,EXACT,24970.000,18290.000,6680.000,0.000,0.000,0.000,0.000,6680.000,6680.000,1.400,1.400,MATCH,0.000,9352.000,9352.000,Pendiente,Facturado,FACTURADO,PENDIENTE_DE_PAGO,SIN_CUBRIR,2083454,OCC 1452,IMPORTABLE,
1608,2026-05-18,62,DECASA,EXACT,CARTON,CARTON,CARTON,SOURCE,EXACT,15180.000,13515.000,1665.000,0.000,0.000,0.000,0.000,1665.000,1665.000,1.100,1.100,MATCH,0.000,1831.500,1831.500,Pendiente,No Facturado,PENDIENTE_DE_FACTURAR,PENDIENTE_DE_PAGO,SIN_CUBRIR,,ORDEN DE PAGO 84,IMPORTABLE,
1609,2026-05-18,4943,MONROE,EXACT,CARTON,CARTON,CARTON,SOURCE,EXACT,14960.000,13100.000,1860.000,0.000,0.000,0.000,0.000,1860.000,1860.000,1.400,1.400,MATCH,0.000,2604.000,2604.000,Pendiente,No Facturado,PENDIENTE_DE_FACTURAR,PENDIENTE_DE_PAGO,SIN_CUBRIR,,REPORTE 18-22 MAYO 2026,IMPORTABLE,
1610,2026-05-18,5002,MONROE,EXACT,CARTON,CARTON,CARTON,SOURCE,EXACT,14240.000,12710.000,1530.000,0.000,0.000,0.000,0.000,1530.000,1530.000,1.400,1.400,MATCH,0.000,2142.000,2142.000,Pendiente,No Facturado,PENDIENTE_DE_FACTURAR,PENDIENTE_DE_PAGO,SIN_CUBRIR,,REPORTE 18-22 MAYO 2026,IMPORTABLE,
1611,2026-05-15,4920,MONROE,EXACT,CARTON,CARTON,CARTON,SOURCE,EXACT,14960.000,12730.000,2230.000,0.000,0.000,0.000,0.000,2230.000,2230.000,1.400,1.400,MATCH,0.000,3122.000,3122.000,Pendiente,No Facturado,PENDIENTE_DE_FACTURAR,PENDIENTE_DE_PAGO,SIN_CUBRIR,,REPORTE 11-15 MAYO 2026,IMPORTABLE,
1612,2026-05-15,20,DECASA,EXACT,CARTON,CARTON,CARTON,SOURCE,EXACT,14965.000,13090.000,1875.000,0.000,0.000,0.000,0.000,1875.000,1875.000,1.100,1.100,MATCH,0.000,2062.500,2062.500,Pendiente,No Facturado,PENDIENTE_DE_FACTURAR,PENDIENTE_DE_PAGO,SIN_CUBRIR,,ORDEN DE PAGO 84,IMPORTABLE,
1613,2026-05-14,81367,ROCIO CARVAJAL,EXACT,CARTON,CARTON,CARTON,SOURCE,EXACT,21555.000,18330.000,3225.000,0.000,0.000,0.000,0.000,3225.000,3225.000,1.500,1.500,MATCH,0.000,4837.500,4837.500,Pendiente,No Facturado,PENDIENTE_DE_FACTURAR,PENDIENTE_DE_PAGO,SIN_CUBRIR,,,IMPORTABLE,
1614,2026-05-14,10,DECASA,EXACT,CARTON,CARTON,CARTON,SOURCE,EXACT,15275.000,13515.000,1760.000,0.000,0.000,0.000,0.000,1760.000,1760.000,1.100,1.100,MATCH,0.000,1936.000,1936.000,Pendiente,No Facturado,PENDIENTE_DE_FACTURAR,PENDIENTE_DE_PAGO,SIN_CUBRIR,,ORDEN DE PAGO 83,IMPORTABLE,
1615,2026-05-14,4826,MONROE,EXACT,CARTON,CARTON,CARTON,SOURCE,EXACT,16130.000,13340.000,2790.000,0.000,0.000,0.000,0.000,2790.000,2790.000,1.400,1.400,MATCH,0.000,3906.000,3906.000,Pendiente,No Facturado,PENDIENTE_DE_FACTURAR,PENDIENTE_DE_PAGO,SIN_CUBRIR,,REPORTE 11-15 MAYO 2026,IMPORTABLE,
1616,2026-05-14,81357,SETEXMES,EXACT,CARTON,CARTON,CARTON,SOURCE,EXACT,14980.000,13240.000,1740.000,0.000,0.000,0.000,0.000,1740.000,1740.000,0.900,0.900,MATCH,0.000,1566.000,1566.000,Pendiente,No Facturado,PENDIENTE_DE_FACTURAR,PENDIENTE_DE_PAGO,SIN_CUBRIR,,REPORTE MAYO 2026,IMPORTABLE,
1617,2026-05-13,1,DECASA,EXACT,CARTON,CARTON,CARTON,SOURCE,EXACT,13710.000,12460.000,1250.000,0.000,0.000,0.000,0.000,1250.000,1250.000,1.100,1.100,MATCH,0.000,1375.000,1375.000,Pendiente,No Facturado,PENDIENTE_DE_FACTURAR,PENDIENTE_DE_PAGO,SIN_CUBRIR,,ORDEN DE PAGO 83,IMPORTABLE,
1618,2026-05-13,4778,MONROE,EXACT,CARTON,CARTON,CARTON,SOURCE,EXACT,14910.000,13260.000,1650.000,0.000,0.000,0.000,0.000,1650.000,1650.000,1.400,1.400,MATCH,0.000,2310.000,2310.000,Pendiente,No Facturado,PENDIENTE_DE_FACTURAR,PENDIENTE_DE_PAGO,SIN_CUBRIR,,REPORTE 11-15 MAYO 2026,IMPORTABLE,
1619,2026-05-13,86,LICBOX,EXACT,CARTON,CARTON,CARTON,SOURCE,EXACT,27490.000,18360.000,9130.000,0.000,150.000,0.000,1.643,8980.000,8980.000,1.400,1.400,MATCH,0.000,12572.000,12572.000,Pendiente,Facturado,FACTURADO,PENDIENTE_DE_PAGO,SIN_CUBRIR,2082963,OCC 1451,IMPORTABLE,
1620,2026-05-12,990,DECASA,EXACT,CARTON,CARTON,CARTON,SOURCE,EXACT,15150.000,13495.000,1655.000,0.000,0.000,0.000,0.000,1655.000,1655.000,1.100,1.100,MATCH,0.000,1820.500,1820.500,Pendiente,No Facturado,PENDIENTE_DE_FACTURAR,PENDIENTE_DE_PAGO,SIN_CUBRIR,,ORDEN DE PAGO 83,IMPORTABLE,
1621,2026-05-12,4777,MONROE,EXACT,CARTON,CARTON,CARTON,SOURCE,EXACT,14000.000,13260.000,740.000,0.000,0.000,0.000,0.000,740.000,740.000,1.400,1.400,MATCH,0.000,1036.000,1036.000,Pendiente,No Facturado,PENDIENTE_DE_FACTURAR,PENDIENTE_DE_PAGO,SIN_CUBRIR,,REPORTE 11-15 MAYO 2026,IMPORTABLE,
1622,2026-05-12,81269,SETEXMES,EXACT,CARTON,CARTON,CARTON,SOURCE,EXACT,15685.000,13140.000,2545.000,0.000,0.000,0.000,0.000,2545.000,2545.000,0.900,0.900,MATCH,0.000,2290.500,2290.500,Pendiente,No Facturado,PENDIENTE_DE_FACTURAR,PENDIENTE_DE_PAGO,SIN_CUBRIR,,REPORTE MAYO 2026,IMPORTABLE,
1623,2026-05-11,983,DECASA,EXACT,CARTON,CARTON,CARTON,SOURCE,EXACT,14010.000,12450.000,1560.000,0.000,0.000,0.000,0.000,1560.000,1560.000,1.100,1.100,MATCH,0.000,1716.000,1716.000,Pendiente,No Facturado,PENDIENTE_DE_FACTURAR,PENDIENTE_DE_PAGO,SIN_CUBRIR,,ORDEN DE PAGO 83,IMPORTABLE,
1624,2026-05-11,4619,MONROE,EXACT,CARTON,CARTON,CARTON,SOURCE,EXACT,15600.000,13280.000,2320.000,0.000,0.000,0.000,0.000,2320.000,2320.000,1.400,1.400,MATCH,0.000,3248.000,3248.000,Pendiente,No Facturado,PENDIENTE_DE_FACTURAR,PENDIENTE_DE_PAGO,SIN_CUBRIR,,REPORTE 11-15 MAYO 2026,IMPORTABLE,
1625,2026-05-11,4607,MONROE,EXACT,CARTON,CARTON,CARTON,SOURCE,EXACT,14320.000,12740.000,1580.000,0.000,0.000,0.000,0.000,1580.000,1580.000,1.400,1.400,MATCH,0.000,2212.000,2212.000,Pendiente,No Facturado,PENDIENTE_DE_FACTURAR,PENDIENTE_DE_PAGO,SIN_CUBRIR,,REPORTE 11-15 MAYO 2026,IMPORTABLE,
1626,2026-05-08,950,DECASA,EXACT,CARTON,CARTON,CARTON,SOURCE,EXACT,13825.000,12455.000,1370.000,0.000,0.000,0.000,0.000,1370.000,1370.000,1.100,1.100,MATCH,0.000,1507.000,1507.000,Pendiente,No Facturado,PENDIENTE_DE_FACTURAR,PENDIENTE_DE_PAGO,SIN_CUBRIR,,ORDEN DE PAGO 82,IMPORTABLE,
1627,2026-05-08,4618,MONROE,EXACT,CARTON,CARTON,CARTON,SOURCE,EXACT,14920.000,13280.000,1640.000,0.000,0.000,0.000,0.000,1640.000,1640.000,1.400,1.400,MATCH,0.000,2296.000,2296.000,Pendiente,No Facturado,PENDIENTE_DE_FACTURAR,PENDIENTE_DE_PAGO,SIN_CUBRIR,,REPORTE 04-08 MAYO 2026,IMPORTABLE,
1628,2026-05-08,960,DECASA,EXACT,CARTON,CARTON,CARTON,SOURCE,EXACT,15505.000,13475.000,2030.000,0.000,0.000,0.000,0.000,2030.000,2030.000,1.100,1.100,MATCH,0.000,2233.000,2233.000,Pendiente,No Facturado,PENDIENTE_DE_FACTURAR,PENDIENTE_DE_PAGO,SIN_CUBRIR,,ORDEN DE PAGO 83,IMPORTABLE,
1629,2026-05-07,81186,ROCIO CARVAJAL,EXACT,CARTON,CARTON,CARTON,SOURCE,EXACT,23640.000,18235.000,5405.000,0.000,150.000,0.000,2.775,5255.000,5255.000,1.500,1.500,MATCH,0.000,7882.500,7882.500,Pendiente,No Facturado,PENDIENTE_DE_FACTURAR,PENDIENTE_DE_PAGO,SIN_CUBRIR,,,IMPORTABLE,
1630,2026-05-07,944,DECASA,EXACT,CARTON,CARTON,CARTON,SOURCE,EXACT,14875.000,13185.000,1690.000,0.000,0.000,0.000,0.000,1690.000,1690.000,1.100,1.100,MATCH,0.000,1859.000,1859.000,Pendiente,No Facturado,PENDIENTE_DE_FACTURAR,PENDIENTE_DE_PAGO,SIN_CUBRIR,,ORDEN DE PAGO 82,IMPORTABLE,
1631,2026-05-07,4517,MONROE,EXACT,CARTON,CARTON,CARTON,SOURCE,EXACT,14610.000,13370.000,1240.000,0.000,0.000,0.000,0.000,1240.000,1240.000,1.400,1.400,MATCH,0.000,1736.000,1736.000,Pendiente,No Facturado,PENDIENTE_DE_FACTURAR,PENDIENTE_DE_PAGO,SIN_CUBRIR,,REPORTE 04-08 MAYO 2026,IMPORTABLE,
1632,2026-05-06,81119,ROCIO CARVAJAL,EXACT,CARTON,CARTON,CARTON,SOURCE,EXACT,24175.000,18170.000,6005.000,0.000,200.000,0.000,3.331,5805.000,5805.000,1.500,1.500,MATCH,0.000,8707.500,8707.500,Pendiente,No Facturado,PENDIENTE_DE_FACTURAR,PENDIENTE_DE_PAGO,SIN_CUBRIR,,,IMPORTABLE,
1633,2026-05-06,935,DECASA,EXACT,CARTON,CARTON,CARTON,SOURCE,EXACT,13840.000,12440.000,1400.000,0.000,0.000,0.000,0.000,1400.000,1400.000,1.100,1.100,MATCH,0.000,1540.000,1540.000,Pendiente,No Facturado,PENDIENTE_DE_FACTURAR,PENDIENTE_DE_PAGO,SIN_CUBRIR,,ORDEN DE PAGO 82,IMPORTABLE,
1634,2026-05-06,4482,MONROE,EXACT,CARTON,CARTON,CARTON,SOURCE,EXACT,14830.000,13360.000,1470.000,0.000,0.000,0.000,0.000,1470.000,1470.000,1.400,1.400,MATCH,0.000,2058.000,2058.000,Pendiente,No Facturado,PENDIENTE_DE_FACTURAR,PENDIENTE_DE_PAGO,SIN_CUBRIR,,REPORTE 04-08 MAYO 2026,IMPORTABLE,
1635,2026-05-05,81101,ROCIO CARVAJAL,EXACT,CARTON,CARTON,CARTON,SOURCE,EXACT,21770.000,18205.000,3565.000,0.000,1069.000,0.000,29.986,2496.000,2496.000,1.500,1.500,MATCH,0.000,3744.000,3744.000,Pendiente,No Facturado,PENDIENTE_DE_FACTURAR,PENDIENTE_DE_PAGO,SIN_CUBRIR,,,IMPORTABLE,
1636,2026-05-05,928,DECASA,EXACT,CARTON,CARTON,CARTON,SOURCE,EXACT,14925.000,13240.000,1685.000,0.000,0.000,0.000,0.000,1685.000,1685.000,1.100,1.100,MATCH,0.000,1853.500,1853.500,Pendiente,No Facturado,PENDIENTE_DE_FACTURAR,PENDIENTE_DE_PAGO,SIN_CUBRIR,,ORDEN DE PAGO 82,IMPORTABLE,
1637,2026-05-05,4419,MONROE,EXACT,CARTON,CARTON,CARTON,SOURCE,EXACT,15080.000,12760.000,2320.000,0.000,0.000,0.000,0.000,2320.000,2320.000,1.400,1.400,MATCH,0.000,3248.000,3248.000,Pendiente,No Facturado,PENDIENTE_DE_FACTURAR,PENDIENTE_DE_PAGO,SIN_CUBRIR,,REPORTE 04-08 MAYO 2026,IMPORTABLE,
1638,2026-05-04,80774,ROCIO CARVAJAL,EXACT,CARTON,CARTON,CARTON,SOURCE,EXACT,26835.000,21030.000,5805.000,0.000,1161.000,0.000,20.000,4644.000,4644.000,1.500,1.500,MATCH,0.000,6966.000,6966.000,Pendiente,No Facturado,PENDIENTE_DE_FACTURAR,PENDIENTE_DE_PAGO,SIN_CUBRIR,,,IMPORTABLE,
1639,2026-05-04,899,DECASA,EXACT,CARTON,CARTON,CARTON,SOURCE,EXACT,14165.000,12420.000,1745.000,0.000,0.000,0.000,0.000,1745.000,1745.000,1.100,1.100,MATCH,0.000,1919.500,1919.500,Pendiente,No Facturado,PENDIENTE_DE_FACTURAR,PENDIENTE_DE_PAGO,SIN_CUBRIR,,ORDEN DE PAGO 82,IMPORTABLE,
1640,2026-05-04,4243,MONROE,EXACT,CARTON,CARTON,CARTON,SOURCE,EXACT,14290.000,13130.000,1160.000,0.000,0.000,0.000,0.000,1160.000,1160.000,1.400,1.400,MATCH,0.000,1624.000,1624.000,Pendiente,No Facturado,PENDIENTE_DE_FACTURAR,PENDIENTE_DE_PAGO,SIN_CUBRIR,,REPORTE 04-08 MAYO 2026,IMPORTABLE,
1641,2026-05-04,81076,SETEXMES,EXACT,CARTON,CARTON,CARTON,SOURCE,EXACT,15080.000,13315.000,1765.000,0.000,0.000,0.000,0.000,1765.000,1765.000,0.900,0.900,MATCH,0.000,1588.500,1588.500,Pendiente,No Facturado,PENDIENTE_DE_FACTURAR,PENDIENTE_DE_PAGO,SIN_CUBRIR,,REPORTE MAYO 2026,IMPORTABLE,
1642,2026-04-30,4207,MONROE,EXACT,CARTON,CARTON,CARTON,SOURCE,EXACT,14660.000,13170.000,1490.000,0.000,0.000,0.000,0.000,1490.000,1490.000,1.400,1.400,MATCH,0.000,2086.000,2086.000,Pendiente,No Facturado,PENDIENTE_DE_FACTURAR,PENDIENTE_DE_PAGO,SIN_CUBRIR,,REPORTE 27-30 ABRIL 2026,IMPORTABLE,
1643,2026-04-30,81026,ROCIO CARVAJAL,EXACT,CARTON,CARTON,CARTON,SOURCE,EXACT,21430.000,19180.000,2250.000,0.000,0.000,0.000,0.000,2250.000,2250.000,1.500,1.500,MATCH,0.000,3375.000,3375.000,Pendiente,No Facturado,PENDIENTE_DE_FACTURAR,PENDIENTE_DE_PAGO,SIN_CUBRIR,,,IMPORTABLE,
1644,2026-04-30,81023,ROCIO CARVAJAL,EXACT,CARTON,CARTON,CARTON,SOURCE,EXACT,24395.000,19910.000,4485.000,0.000,100.000,0.000,2.230,4385.000,4385.000,1.500,1.500,MATCH,0.000,6577.500,6577.500,Pendiente,No Facturado,PENDIENTE_DE_FACTURAR,PENDIENTE_DE_PAGO,SIN_CUBRIR,,,IMPORTABLE,
1645,2026-04-30,441,LICBOX,EXACT,CARTON,CARTON,CARTON,SOURCE,EXACT,31540.000,20490.000,11050.000,0.000,0.000,0.000,0.000,11050.000,11050.000,1.400,1.400,MATCH,0.000,15470.000,15470.000,Pendiente,Facturado,FACTURADO,PENDIENTE_DE_PAGO,SIN_CUBRIR,2083040,OCC 1448,IMPORTABLE,
1646,2026-04-30,897,DECASA,EXACT,CARTON,CARTON,CARTON,SOURCE,EXACT,13890.000,12295.000,1595.000,0.000,0.000,0.000,0.000,1595.000,1595.000,1.100,1.100,MATCH,0.000,1754.500,1754.500,Pendiente,No Facturado,PENDIENTE_DE_FACTURAR,PENDIENTE_DE_PAGO,SIN_CUBRIR,,ORDEN DE PAGO 81,IMPORTABLE,
1647,2026-04-30,1094,KS,EXACT,CARTON,CARTON,CARTON,SOURCE,EXACT,515.000,0.000,515.000,0.000,0.000,0.000,0.000,515.000,515.000,1.000,1.000,MATCH,0.000,515.000,515.000,Pendiente,No Facturado,PENDIENTE_DE_FACTURAR,PENDIENTE_DE_PAGO,SIN_CUBRIR,,REPORTE ABRIL 2026,IMPORTABLE,
1648,2026-04-29,4165,MONROE,EXACT,CARTON,CARTON,CARTON,SOURCE,EXACT,14400.000,12700.000,1700.000,0.000,0.000,0.000,0.000,1700.000,1700.000,1.400,1.400,MATCH,0.000,2380.000,2380.000,Pendiente,No Facturado,PENDIENTE_DE_FACTURAR,PENDIENTE_DE_PAGO,SIN_CUBRIR,,REPORTE 27-30 ABRIL 2026,IMPORTABLE,
1649,2026-04-29,80917,SETEXMES,EXACT,CARTON,CARTON,CARTON,SOURCE,EXACT,15485.000,13100.000,2385.000,0.000,0.000,0.000,0.000,2385.000,2385.000,0.900,0.900,MATCH,0.000,2146.500,2146.500,Pendiente,No Facturado,PENDIENTE_DE_FACTURAR,PENDIENTE_DE_PAGO,SIN_CUBRIR,,REPORTE ABRIL 2026,IMPORTABLE,
1650,2026-04-29,363,LICBOX,EXACT,CARTON,CARTON,CARTON,SOURCE,EXACT,32920.000,24110.000,8810.000,0.000,0.000,0.000,0.000,8810.000,8810.000,1.400,1.400,MATCH,0.000,12334.000,12334.000,Pendiente,Facturado,FACTURADO,PENDIENTE_DE_PAGO,SIN_CUBRIR,2083040,OCC 1448,IMPORTABLE,
1651,2026-04-29,881,DECASA,EXACT,CARTON,CARTON,CARTON,SOURCE,EXACT,14795.000,13210.000,1585.000,0.000,0.000,0.000,0.000,1585.000,1585.000,1.100,1.100,MATCH,0.000,1743.500,1743.500,Pendiente,No Facturado,PENDIENTE_DE_FACTURAR,PENDIENTE_DE_PAGO,SIN_CUBRIR,,ORDEN DE PAGO 81,IMPORTABLE,
1652,2026-04-29,1094,KS,EXACT,CARTON,CARTON,CARTON,SOURCE,EXACT,845.000,0.000,845.000,0.000,0.000,0.000,0.000,845.000,845.000,1.000,1.000,MATCH,0.000,845.000,845.000,Pendiente,No Facturado,PENDIENTE_DE_FACTURAR,PENDIENTE_DE_PAGO,SIN_CUBRIR,,REPORTE ABRIL 2026,IMPORTABLE,
1653,2026-04-28,80930,ROCIO CARVAJAL,EXACT,CARTON,CARTON,CARTON,SOURCE,EXACT,24835.000,18215.000,6620.000,0.000,150.000,0.000,2.266,6470.000,6470.000,1.500,1.500,MATCH,0.000,9705.000,9705.000,Pendiente,No Facturado,PENDIENTE_DE_FACTURAR,PENDIENTE_DE_PAGO,SIN_CUBRIR,,,IMPORTABLE,
1654,2026-04-28,4098,MONROE,EXACT,CARTON,CARTON,CARTON,SOURCE,EXACT,14260.000,12470.000,1790.000,0.000,0.000,0.000,0.000,1790.000,1790.000,1.400,1.400,MATCH,0.000,2506.000,2506.000,Pendiente,No Facturado,PENDIENTE_DE_FACTURAR,PENDIENTE_DE_PAGO,SIN_CUBRIR,,REPORTE 27-30 ABRIL 2026,IMPORTABLE,
1655,2026-04-28,871,DECASA,EXACT,CARTON,CARTON,CARTON,SOURCE,EXACT,13925.000,12250.000,1675.000,0.000,0.000,0.000,0.000,1675.000,1675.000,1.100,1.100,MATCH,0.000,1842.500,1842.500,Pendiente,No Facturado,PENDIENTE_DE_FACTURAR,PENDIENTE_DE_PAGO,SIN_CUBRIR,,ORDEN DE PAGO 81,IMPORTABLE,
1656,2026-04-27,4049,MONROE,EXACT,CARTON,CARTON,CARTON,SOURCE,EXACT,14690.000,12700.000,1990.000,0.000,0.000,0.000,0.000,1990.000,1990.000,1.400,1.400,MATCH,0.000,2786.000,2786.000,Pendiente,No Facturado,PENDIENTE_DE_FACTURAR,PENDIENTE_DE_PAGO,SIN_CUBRIR,,REPORTE 27-30 ABRIL 2026,IMPORTABLE,
1657,2026-04-27,4009,MONROE,EXACT,CARTON,CARTON,CARTON,SOURCE,EXACT,15120.000,13260.000,1860.000,0.000,0.000,0.000,0.000,1860.000,1860.000,1.400,1.400,MATCH,0.000,2604.000,2604.000,Pendiente,No Facturado,PENDIENTE_DE_FACTURAR,PENDIENTE_DE_PAGO,SIN_CUBRIR,,REPORTE 27-30 ABRIL 2026,IMPORTABLE,
1658,2026-04-27,189,LICBOX,EXACT,CARTON,CARTON,CARTON,SOURCE,EXACT,33050.000,20470.000,12580.000,0.000,0.000,0.000,0.000,12580.000,12580.000,1.600,1.400,DIFFERS,0.000,20128.000,20128.000,Pendiente,Facturado,FACTURADO,PENDIENTE_DE_PAGO,SIN_CUBRIR,2083039,OCC 1447,REVIEW,
1659,2026-04-27,862,DECASA,EXACT,CARTON,CARTON,CARTON,SOURCE,EXACT,15150.000,13470.000,1680.000,0.000,0.000,0.000,0.000,1680.000,1680.000,1.100,1.100,MATCH,0.000,1848.000,1848.000,Pendiente,No Facturado,PENDIENTE_DE_FACTURAR,PENDIENTE_DE_PAGO,SIN_CUBRIR,,ORDEN DE PAGO 81,IMPORTABLE,
1660,2026-04-27,1092,KS,EXACT,CARTON,CARTON,CARTON,SOURCE,EXACT,615.000,0.000,615.000,0.000,0.000,0.000,0.000,615.000,615.000,1.000,1.000,MATCH,0.000,615.000,615.000,Pendiente,No Facturado,PENDIENTE_DE_FACTURAR,PENDIENTE_DE_PAGO,SIN_CUBRIR,,REPORTE ABRIL 2026,IMPORTABLE,
1661,2026-04-27,1092,KS,EXACT,CARTON,CARTON,CARTON,SOURCE,EXACT,725.000,0.000,725.000,0.000,0.000,0.000,0.000,725.000,725.000,1.000,1.000,MATCH,0.000,725.000,725.000,Pendiente,No Facturado,PENDIENTE_DE_FACTURAR,PENDIENTE_DE_PAGO,SIN_CUBRIR,,REPORTE ABRIL 2026,IMPORTABLE,
1662,2026-04-24,1091,KS,EXACT,CARTON,CARTON,CARTON,SOURCE,EXACT,700.000,0.000,700.000,0.000,0.000,0.000,0.000,700.000,700.000,1.000,1.000,MATCH,0.000,700.000,700.000,Pendiente,No Facturado,PENDIENTE_DE_FACTURAR,PENDIENTE_DE_PAGO,SIN_CUBRIR,,REPORTE ABRIL 2026,IMPORTABLE,
1663,2026-04-24,3965,MONROE,EXACT,CARTON,CARTON,CARTON,SOURCE,EXACT,14640.000,12760.000,1880.000,0.000,0.000,0.000,0.000,1880.000,1880.000,1.400,1.400,MATCH,0.000,2632.000,2632.000,Pendiente,No Facturado,PENDIENTE_DE_FACTURAR,PENDIENTE_DE_PAGO,SIN_CUBRIR,,REPORTE 20-25 ABRIL 2026,IMPORTABLE,
1664,2026-04-24,830,DECASA,EXACT,CARTON,CARTON,CARTON,SOURCE,EXACT,14655.000,13070.000,1585.000,0.000,0.000,0.000,0.000,1585.000,1585.000,1.100,1.100,MATCH,0.000,1743.500,1743.500,Pendiente,No Facturado,PENDIENTE_DE_FACTURAR,PENDIENTE_DE_PAGO,SIN_CUBRIR,,ORDEN DE PAGO 81,IMPORTABLE,
1665,2026-04-23,80831,ROCIO CARVAJAL,EXACT,CARTON,CARTON,CARTON,SOURCE,EXACT,15095.000,13315.000,1780.000,0.000,50.000,0.000,2.809,1730.000,1730.000,1.500,1.500,MATCH,0.000,2595.000,2595.000,Pendiente,No Facturado,PENDIENTE_DE_FACTURAR,PENDIENTE_DE_PAGO,SIN_CUBRIR,,,IMPORTABLE,
1666,2026-04-23,1091,KS,EXACT,CARTON,CARTON,CARTON,SOURCE,EXACT,810.000,0.000,810.000,0.000,0.000,0.000,0.000,810.000,810.000,1.000,1.000,MATCH,0.000,810.000,810.000,Pendiente,No Facturado,PENDIENTE_DE_FACTURAR,PENDIENTE_DE_PAGO,SIN_CUBRIR,,REPORTE ABRIL 2026,IMPORTABLE,
1667,2026-04-23,821,DECASA,EXACT,CARTON,CARTON,CARTON,SOURCE,EXACT,15160.000,13500.000,1660.000,0.000,0.000,0.000,0.000,1660.000,1660.000,1.100,1.100,MATCH,0.000,1826.000,1826.000,Pendiente,No Facturado,PENDIENTE_DE_FACTURAR,PENDIENTE_DE_PAGO,SIN_CUBRIR,,ORDEN DE PAGO 80,IMPORTABLE,
1668,2026-04-23,3910,MONROE,EXACT,CARTON,CARTON,CARTON,SOURCE,EXACT,14360.000,12490.000,1870.000,0.000,0.000,0.000,0.000,1870.000,1870.000,1.400,1.400,MATCH,0.000,2618.000,2618.000,Pendiente,No Facturado,PENDIENTE_DE_FACTURAR,PENDIENTE_DE_PAGO,SIN_CUBRIR,,REPORTE 20-25 ABRIL 2026,IMPORTABLE,
1669,2026-04-22,813,DECASA,EXACT,CARTON,CARTON,CARTON,SOURCE,EXACT,14675.000,13120.000,1555.000,0.000,0.000,0.000,0.000,1555.000,1555.000,1.100,1.100,MATCH,0.000,1710.500,1710.500,Pendiente,No Facturado,PENDIENTE_DE_FACTURAR,PENDIENTE_DE_PAGO,SIN_CUBRIR,,ORDEN DE PAGO 80,IMPORTABLE,
1670,2026-04-22,3852,MONROE,EXACT,CARTON,CARTON,CARTON,SOURCE,EXACT,14560.000,12560.000,2000.000,0.000,0.000,0.000,0.000,2000.000,2000.000,1.400,1.400,MATCH,0.000,2800.000,2800.000,Pendiente,No Facturado,PENDIENTE_DE_FACTURAR,PENDIENTE_DE_PAGO,SIN_CUBRIR,,REPORTE 20-25 ABRIL 2026,IMPORTABLE,
1671,2026-04-22,830,LICBOX,EXACT,CARTON,CARTON,CARTON,SOURCE,EXACT,26060.000,18330.000,7730.000,0.000,0.000,0.000,0.000,7730.000,7730.000,1.600,1.400,DIFFERS,0.000,12368.000,12368.000,Pendiente,Facturado,FACTURADO,PENDIENTE_DE_PAGO,SIN_CUBRIR,2083038,OCC 1446,REVIEW,
1672,2026-04-22,855,LICBOX,EXACT,CARTON,CARTON,CARTON,SOURCE,EXACT,27790.000,18290.000,9500.000,0.000,0.000,0.000,0.000,9500.000,9500.000,1.600,1.400,DIFFERS,0.000,15200.000,15200.000,Pendiente,Facturado,FACTURADO,PENDIENTE_DE_PAGO,SIN_CUBRIR,2083038,OCC 1446,REVIEW,
1673,2026-04-21,1090,KS,EXACT,CARTON,CARTON,CARTON,SOURCE,EXACT,725.000,0.000,725.000,0.000,0.000,0.000,0.000,725.000,725.000,1.000,1.000,MATCH,0.000,725.000,725.000,Pendiente,No Facturado,PENDIENTE_DE_FACTURAR,PENDIENTE_DE_PAGO,SIN_CUBRIR,,REPORTE ABRIL 2026,IMPORTABLE,
1674,2026-04-21,808,DECASA,EXACT,CARTON,CARTON,CARTON,SOURCE,EXACT,15170.000,13555.000,1615.000,0.000,0.000,0.000,0.000,1615.000,1615.000,1.100,1.100,MATCH,0.000,1776.500,1776.500,Pendiente,No Facturado,PENDIENTE_DE_FACTURAR,PENDIENTE_DE_PAGO,SIN_CUBRIR,,ORDEN DE PAGO 80,IMPORTABLE,
1675,2026-04-21,3802,MONROE,EXACT,CARTON,CARTON,CARTON,SOURCE,EXACT,14330.000,12710.000,1620.000,0.000,0.000,0.000,0.000,1620.000,1620.000,1.400,1.400,MATCH,0.000,2268.000,2268.000,Pendiente,No Facturado,PENDIENTE_DE_FACTURAR,PENDIENTE_DE_PAGO,SIN_CUBRIR,,REPORTE 20-25 ABRIL 2026,IMPORTABLE,
1676,2026-04-21,80767,SETEXMES,EXACT,CARTON,CARTON,CARTON,SOURCE,EXACT,15575.000,13275.000,2300.000,0.000,0.000,0.000,0.000,2300.000,2300.000,0.900,0.900,MATCH,0.000,2070.000,2070.000,Pendiente,No Facturado,PENDIENTE_DE_FACTURAR,PENDIENTE_DE_PAGO,SIN_CUBRIR,,REPORTE ABRIL 2026,IMPORTABLE,
1677,2026-04-20,730,LICBOX,EXACT,CARTON,CARTON,CARTON,SOURCE,EXACT,24710.000,18200.000,6510.000,0.000,0.000,0.000,0.000,6510.000,6510.000,1.600,1.400,DIFFERS,0.000,10416.000,10416.000,Pendiente,Facturado,FACTURADO,PENDIENTE_DE_PAGO,SIN_CUBRIR,2082019,OCC 1445,REVIEW,
1678,2026-04-20,731,LICBOX,EXACT,CARTON,CARTON,CARTON,SOURCE,EXACT,32490.000,21010.000,11480.000,0.000,0.000,0.000,0.000,11480.000,11480.000,1.600,1.400,DIFFERS,0.000,18368.000,18368.000,Pendiente,Facturado,FACTURADO,PENDIENTE_DE_PAGO,SIN_CUBRIR,2082019,OCC 1445,REVIEW,
1679,2026-04-20,1089,KS,EXACT,CARTON,CARTON,CARTON,SOURCE,EXACT,895.000,0.000,895.000,0.000,0.000,0.000,0.000,895.000,895.000,1.000,1.000,MATCH,0.000,895.000,895.000,Pendiente,No Facturado,PENDIENTE_DE_FACTURAR,PENDIENTE_DE_PAGO,SIN_CUBRIR,,REPORTE ABRIL 2026,IMPORTABLE,
1680,2026-04-20,802,DECASA,EXACT,CARTON,CARTON,CARTON,SOURCE,EXACT,15025.000,13205.000,1820.000,0.000,0.000,0.000,0.000,1820.000,1820.000,1.100,1.100,MATCH,0.000,2002.000,2002.000,Pendiente,No Facturado,PENDIENTE_DE_FACTURAR,PENDIENTE_DE_PAGO,SIN_CUBRIR,,ORDEN DE PAGO 80,IMPORTABLE,
1681,2026-04-20,3765,MONROE,EXACT,CARTON,CARTON,CARTON,SOURCE,EXACT,14750.000,12510.000,2240.000,0.000,0.000,0.000,0.000,2240.000,2240.000,1.400,1.400,MATCH,0.000,3136.000,3136.000,Pendiente,No Facturado,PENDIENTE_DE_FACTURAR,PENDIENTE_DE_PAGO,SIN_CUBRIR,,REPORTE 20-25 ABRIL 2026,IMPORTABLE,
1682,2026-04-20,3678,MONROE,EXACT,CARTON,CARTON,CARTON,SOURCE,EXACT,15080.000,13120.000,1960.000,0.000,0.000,0.000,0.000,1960.000,1960.000,1.400,1.400,MATCH,0.000,2744.000,2744.000,Pendiente,No Facturado,PENDIENTE_DE_FACTURAR,PENDIENTE_DE_PAGO,SIN_CUBRIR,,REPORTE 20-25 ABRIL 2026,IMPORTABLE,
1683,2026-04-17,80646,ROCIO CARVAJAL,EXACT,CARTON,CARTON,CARTON,SOURCE,EXACT,28820.000,24205.000,4615.000,0.000,100.000,0.000,2.167,4515.000,4515.000,1.500,1.500,MATCH,0.000,6772.500,6772.500,Pendiente,No Facturado,PENDIENTE_DE_FACTURAR,PENDIENTE_DE_PAGO,SIN_CUBRIR,,,IMPORTABLE,
1684,2026-04-17,592,LICBOX,EXACT,CARTON,CARTON,CARTON,SOURCE,EXACT,35260.000,24150.000,11110.000,0.000,0.000,0.000,0.000,11110.000,11110.000,1.600,1.400,DIFFERS,0.000,17776.000,17776.000,Pendiente,Facturado,FACTURADO,PENDIENTE_DE_PAGO,SIN_CUBRIR,2081796,OCC 1444,REVIEW,
1685,2026-04-17,591,LICBOX,EXACT,CARTON,CARTON,CARTON,SOURCE,EXACT,26630.000,18200.000,8430.000,0.000,0.000,0.000,0.000,8430.000,8430.000,1.600,1.400,DIFFERS,0.000,13488.000,13488.000,Pendiente,Facturado,FACTURADO,PENDIENTE_DE_PAGO,SIN_CUBRIR,2081796,OCC 1444,REVIEW,
1686,2026-04-17,3640,MONROE,EXACT,CARTON,CARTON,CARTON,SOURCE,EXACT,14710.000,12510.000,2200.000,0.000,0.000,0.000,0.000,2200.000,2200.000,1.400,1.400,MATCH,0.000,3080.000,3080.000,Pendiente,No Facturado,PENDIENTE_DE_FACTURAR,PENDIENTE_DE_PAGO,SIN_CUBRIR,,REPORTE 13-18 ABRIL 2026,IMPORTABLE,
1687,2026-04-17,1089,KS,EXACT,CARTON,CARTON,CARTON,SOURCE,EXACT,410.000,0.000,410.000,0.000,0.000,0.000,0.000,410.000,410.000,1.000,1.000,MATCH,0.000,410.000,410.000,Pendiente,No Facturado,PENDIENTE_DE_FACTURAR,PENDIENTE_DE_PAGO,SIN_CUBRIR,,REPORTE ABRIL 2026,IMPORTABLE,
1688,2026-04-17,778,DECASA,EXACT,CARTON,CARTON,CARTON,SOURCE,EXACT,14825.000,13090.000,1735.000,0.000,0.000,0.000,0.000,1735.000,1735.000,1.100,1.100,MATCH,0.000,1908.500,1908.500,Pendiente,No Facturado,PENDIENTE_DE_FACTURAR,PENDIENTE_DE_PAGO,SIN_CUBRIR,,ORDEN DE PAGO 80,IMPORTABLE,
1689,2026-04-16,464,LICBOX,EXACT,CARTON,CARTON,CARTON,SOURCE,EXACT,32540.000,24250.000,8290.000,0.000,0.000,0.000,0.000,8290.000,8290.000,1.600,1.400,DIFFERS,0.000,13264.000,13264.000,Pendiente,Facturado,FACTURADO,PENDIENTE_DE_PAGO,SIN_CUBRIR,2081665,OCC 1443,REVIEW,
1690,2026-04-16,505,LICBOX,EXACT,CARTON,CARTON,CARTON,SOURCE,EXACT,26170.000,18220.000,7950.000,0.000,0.000,0.000,0.000,7950.000,7950.000,1.600,1.400,DIFFERS,0.000,12720.000,12720.000,Pendiente,Facturado,FACTURADO,PENDIENTE_DE_PAGO,SIN_CUBRIR,2081665,OCC 1443,REVIEW,
1691,2026-04-16,3566,MONROE,EXACT,CARTON,CARTON,CARTON,SOURCE,EXACT,14250.000,12830.000,1420.000,0.000,0.000,0.000,0.000,1420.000,1420.000,1.400,1.400,MATCH,0.000,1988.000,1988.000,Pendiente,No Facturado,PENDIENTE_DE_FACTURAR,PENDIENTE_DE_PAGO,SIN_CUBRIR,,REPORTE 13-18 ABRIL 2026,IMPORTABLE,
1692,2026-04-16,1089,KS,EXACT,CARTON,CARTON,CARTON,SOURCE,EXACT,845.000,0.000,845.000,0.000,0.000,0.000,0.000,845.000,845.000,1.000,1.000,MATCH,0.000,845.000,845.000,Pendiente,No Facturado,PENDIENTE_DE_FACTURAR,PENDIENTE_DE_PAGO,SIN_CUBRIR,,REPORTE ABRIL 2026,IMPORTABLE,
1693,2026-04-16,80583,SETEXMES,EXACT,CARTON,CARTON,CARTON,SOURCE,EXACT,15240.000,13175.000,2065.000,0.000,0.000,0.000,0.000,2065.000,2065.000,0.900,0.900,MATCH,0.000,1858.500,1858.500,Pendiente,No Facturado,PENDIENTE_DE_FACTURAR,PENDIENTE_DE_PAGO,SIN_CUBRIR,,REPORTE ABRIL 2026,IMPORTABLE,
1694,2026-04-15,3513,MONROE,EXACT,CARTON,CARTON,CARTON,SOURCE,EXACT,14270.000,12480.000,1790.000,0.000,0.000,0.000,0.000,1790.000,1790.000,1.400,1.400,MATCH,0.000,2506.000,2506.000,Pendiente,No Facturado,PENDIENTE_DE_FACTURAR,PENDIENTE_DE_PAGO,SIN_CUBRIR,,REPORTE 13-18 ABRIL 2026,IMPORTABLE,
1695,2026-04-14,360,LICBOX,EXACT,CARTON,CARTON,CARTON,SOURCE,EXACT,30370.000,20530.000,9840.000,0.000,0.000,0.000,0.000,9840.000,9840.000,1.600,1.400,DIFFERS,0.000,15744.000,15744.000,Pendiente,Facturado,FACTURADO,PENDIENTE_DE_PAGO,SIN_CUBRIR,2081384,OCC 1442,REVIEW,
1696,2026-04-14,331,LICBOX,EXACT,CARTON,CARTON,CARTON,SOURCE,EXACT,27440.000,20590.000,6850.000,0.000,0.000,0.000,0.000,6850.000,6850.000,1.600,1.400,DIFFERS,0.000,10960.000,10960.000,Pendiente,Facturado,FACTURADO,PENDIENTE_DE_PAGO,SIN_CUBRIR,2081384,OCC 1442,REVIEW,
1697,2026-04-14,80548,ROCIO CARVAJAL,EXACT,CARTON,CARTON,CARTON,SOURCE,EXACT,24215.000,18195.000,6020.000,0.000,903.000,0.000,15.000,5117.000,5117.000,1.500,1.500,MATCH,0.000,7675.500,7675.500,Pendiente,No Facturado,PENDIENTE_DE_FACTURAR,PENDIENTE_DE_PAGO,SIN_CUBRIR,,15% DE HUMEDAD,IMPORTABLE,
1698,2026-04-14,3343,MONROE,EXACT,CARTON,CARTON,CARTON,SOURCE,EXACT,14160.000,13340.000,820.000,0.000,0.000,0.000,0.000,820.000,820.000,1.400,1.400,MATCH,0.000,1148.000,1148.000,Pendiente,No Facturado,PENDIENTE_DE_FACTURAR,PENDIENTE_DE_PAGO,SIN_CUBRIR,,REPORTE 13-18 ABRIL 2026,IMPORTABLE,
1699,2026-04-14,1088,KS,EXACT,CARTON,CARTON,CARTON,SOURCE,EXACT,620.000,0.000,620.000,0.000,0.000,0.000,0.000,620.000,620.000,1.000,1.000,MATCH,0.000,620.000,620.000,Pendiente,No Facturado,PENDIENTE_DE_FACTURAR,PENDIENTE_DE_PAGO,SIN_CUBRIR,,REPORTE ABRIL 2026,IMPORTABLE,
1700,2026-04-14,1088,KS,EXACT,CARTON,CARTON,CARTON,SOURCE,EXACT,465.000,0.000,465.000,0.000,0.000,0.000,0.000,465.000,465.000,1.000,1.000,MATCH,0.000,465.000,465.000,Pendiente,No Facturado,PENDIENTE_DE_FACTURAR,PENDIENTE_DE_PAGO,SIN_CUBRIR,,REPORTE ABRIL 2026,IMPORTABLE,
1701,2026-04-13,3342,MONROE,EXACT,CARTON,CARTON,CARTON,SOURCE,EXACT,15430.000,13340.000,2090.000,0.000,0.000,0.000,0.000,2090.000,2090.000,1.400,1.400,MATCH,0.000,2926.000,2926.000,Pendiente,No Facturado,PENDIENTE_DE_FACTURAR,PENDIENTE_DE_PAGO,SIN_CUBRIR,,REPORTE 13-18 ABRIL 2026,IMPORTABLE,
1702,2026-04-13,3432,MONROE,EXACT,CARTON,CARTON,CARTON,SOURCE,EXACT,14030.000,12470.000,1560.000,0.000,0.000,0.000,0.000,1560.000,1560.000,1.400,1.400,MATCH,0.000,2184.000,2184.000,Pendiente,No Facturado,PENDIENTE_DE_FACTURAR,PENDIENTE_DE_PAGO,SIN_CUBRIR,,REPORTE 13-18 ABRIL 2026,IMPORTABLE,
1703,2026-04-13,1086,KS,EXACT,CARTON,CARTON,CARTON,SOURCE,EXACT,490.000,0.000,490.000,0.000,0.000,0.000,0.000,490.000,490.000,1.000,1.000,MATCH,0.000,490.000,490.000,Pendiente,No Facturado,PENDIENTE_DE_FACTURAR,PENDIENTE_DE_PAGO,SIN_CUBRIR,,REPORTE ABRIL 2026,IMPORTABLE,
1704,2026-04-13,1087,KS,EXACT,CARTON,CARTON,CARTON,SOURCE,EXACT,560.000,0.000,560.000,0.000,0.000,0.000,0.000,560.000,560.000,1.000,1.000,MATCH,0.000,560.000,560.000,Pendiente,No Facturado,PENDIENTE_DE_FACTURAR,PENDIENTE_DE_PAGO,SIN_CUBRIR,,REPORTE ABRIL 2026,IMPORTABLE,
1705,2026-04-13,1087,KS,EXACT,CARTON,CARTON,CARTON,SOURCE,EXACT,750.000,0.000,750.000,0.000,0.000,0.000,0.000,750.000,750.000,1.000,1.000,MATCH,0.000,750.000,750.000,Pendiente,No Facturado,PENDIENTE_DE_FACTURAR,PENDIENTE_DE_PAGO,SIN_CUBRIR,,REPORTE ABRIL 2026,IMPORTABLE,
1706,2026-04-10,3279,MONROE,EXACT,CARTON,CARTON,CARTON,SOURCE,EXACT,14430.000,12490.000,1940.000,0.000,0.000,0.000,0.000,1940.000,1940.000,1.400,1.400,MATCH,0.000,2716.000,2716.000,Pendiente,No Facturado,PENDIENTE_DE_FACTURAR,PENDIENTE_DE_PAGO,SIN_CUBRIR,,REPORTE 06-11 ABRIL 2026,IMPORTABLE,
1707,2026-04-10,1086,KS,EXACT,CARTON,CARTON,CARTON,SOURCE,EXACT,640.000,0.000,640.000,0.000,0.000,0.000,0.000,640.000,640.000,1.000,1.000,MATCH,0.000,640.000,640.000,Pendiente,No Facturado,PENDIENTE_DE_FACTURAR,PENDIENTE_DE_PAGO,SIN_CUBRIR,,REPORTE ABRIL 2026,IMPORTABLE,
1708,2026-04-09,80407,ROCIO CARVAJAL,EXACT,CARTON,CARTON,CARTON,SOURCE,EXACT,23535.000,19905.000,3630.000,0.000,200.000,0.000,5.510,3430.000,3430.000,1.500,1.500,MATCH,0.000,5145.000,5145.000,Pendiente,No Facturado,PENDIENTE_DE_FACTURAR,PENDIENTE_DE_PAGO,SIN_CUBRIR,,,IMPORTABLE,
1709,2026-04-09,3269,MONROE,EXACT,CARTON,CARTON,CARTON,SOURCE,EXACT,15080.000,12480.000,2600.000,0.000,0.000,0.000,0.000,2600.000,2600.000,1.400,1.400,MATCH,0.000,3640.000,3640.000,Pendiente,No Facturado,PENDIENTE_DE_FACTURAR,PENDIENTE_DE_PAGO,SIN_CUBRIR,,REPORTE 06-11 ABRIL 2026,IMPORTABLE,
1710,2026-04-09,701,DECASA,EXACT,CARTON,CARTON,CARTON,SOURCE,EXACT,13965.000,12410.000,1555.000,0.000,0.000,0.000,0.000,1555.000,1555.000,1.100,1.100,MATCH,0.000,1710.500,1710.500,Pendiente,No Facturado,PENDIENTE_DE_FACTURAR,PENDIENTE_DE_PAGO,SIN_CUBRIR,,ORDEN DE PAGO 78,IMPORTABLE,
1711,2026-04-09,1085,KS,EXACT,CARTON,CARTON,CARTON,SOURCE,EXACT,435.000,0.000,435.000,0.000,0.000,0.000,0.000,435.000,435.000,1.000,1.000,MATCH,0.000,435.000,435.000,Pendiente,No Facturado,PENDIENTE_DE_FACTURAR,PENDIENTE_DE_PAGO,SIN_CUBRIR,,REPORTE ABRIL 2026,IMPORTABLE,
1712,2026-04-09,80404,SETEXMES,EXACT,CARTON,CARTON,CARTON,SOURCE,EXACT,15090.000,13355.000,1735.000,0.000,0.000,0.000,0.000,1735.000,1735.000,0.900,0.900,MATCH,0.000,1561.500,1561.500,Pendiente,No Facturado,PENDIENTE_DE_FACTURAR,PENDIENTE_DE_PAGO,SIN_CUBRIR,,REPORTE ABRIL 2026,IMPORTABLE,
1713,2026-04-08,3216,MONROE,EXACT,CARTON,CARTON,CARTON,SOURCE,EXACT,14670.000,12550.000,2120.000,0.000,0.000,0.000,0.000,2120.000,2120.000,1.400,1.400,MATCH,0.000,2968.000,2968.000,Pendiente,No Facturado,PENDIENTE_DE_FACTURAR,PENDIENTE_DE_PAGO,SIN_CUBRIR,,REPORTE 06-11 ABRIL 2026,IMPORTABLE,
1714,2026-04-08,687,DECASA,EXACT,CARTON,CARTON,CARTON,SOURCE,EXACT,14795.000,13195.000,1600.000,0.000,0.000,0.000,0.000,1600.000,1600.000,1.100,1.100,MATCH,0.000,1760.000,1760.000,Pendiente,No Facturado,PENDIENTE_DE_FACTURAR,PENDIENTE_DE_PAGO,SIN_CUBRIR,,ORDEN DE PAGO 78,IMPORTABLE,
1715,2026-04-08,1085,KS,EXACT,CARTON,CARTON,CARTON,SOURCE,EXACT,975.000,0.000,975.000,0.000,0.000,0.000,0.000,975.000,975.000,1.000,1.000,MATCH,0.000,975.000,975.000,Pendiente,No Facturado,PENDIENTE_DE_FACTURAR,PENDIENTE_DE_PAGO,SIN_CUBRIR,,REPORTE ABRIL 2026,IMPORTABLE,
1716,2026-04-07,3166,MONROE,EXACT,CARTON,CARTON,CARTON,SOURCE,EXACT,14500.000,12580.000,1920.000,0.000,0.000,0.000,0.000,1920.000,1920.000,1.400,1.400,MATCH,0.000,2688.000,2688.000,Pendiente,No Facturado,PENDIENTE_DE_FACTURAR,PENDIENTE_DE_PAGO,SIN_CUBRIR,,REPORTE 06-11 ABRIL 2026,IMPORTABLE,
1717,2026-04-07,676,DECASA,EXACT,CARTON,CARTON,CARTON,SOURCE,EXACT,14110.000,12425.000,1685.000,0.000,0.000,0.000,0.000,1685.000,1685.000,1.100,1.100,MATCH,0.000,1853.500,1853.500,Pendiente,No Facturado,PENDIENTE_DE_FACTURAR,PENDIENTE_DE_PAGO,SIN_CUBRIR,,ORDEN DE PAGO 78,IMPORTABLE,
1718,2026-04-06,3116,MONROE,EXACT,CARTON,CARTON,CARTON,SOURCE,EXACT,7170.000,5580.000,1590.000,0.000,0.000,0.000,0.000,1590.000,1590.000,1.400,1.400,MATCH,0.000,2226.000,2226.000,Pendiente,No Facturado,PENDIENTE_DE_FACTURAR,PENDIENTE_DE_PAGO,SIN_CUBRIR,,REPORTE 06-11 ABRIL 2026,IMPORTABLE,
1719,2026-04-06,1084,KS,EXACT,CARTON,CARTON,CARTON,SOURCE,EXACT,510.000,0.000,510.000,0.000,0.000,0.000,0.000,510.000,510.000,1.000,1.000,MATCH,0.000,510.000,510.000,Pendiente,No Facturado,PENDIENTE_DE_FACTURAR,PENDIENTE_DE_PAGO,SIN_CUBRIR,,REPORTE ABRIL 2026,IMPORTABLE,
1720,2026-04-06,80266,SETEXMES,EXACT,CARTON,CARTON,CARTON,SOURCE,EXACT,15595.000,13170.000,2425.000,0.000,0.000,0.000,0.000,2425.000,2425.000,0.900,0.900,MATCH,0.000,2182.500,2182.500,Pendiente,No Facturado,PENDIENTE_DE_FACTURAR,PENDIENTE_DE_PAGO,SIN_CUBRIR,,REPORTE ABRIL 2026,IMPORTABLE,
1721,2026-04-03,80251,ROCIO CARVAJAL,EXACT,CARTON,CARTON,CARTON,SOURCE,EXACT,26725.000,20530.000,6195.000,0.000,200.000,0.000,3.228,5995.000,5995.000,1.500,1.500,MATCH,0.000,8992.500,8992.500,Pendiente,No Facturado,PENDIENTE_DE_FACTURAR,PENDIENTE_DE_PAGO,SIN_CUBRIR,,,IMPORTABLE,
1722,2026-04-03,658,DECASA,EXACT,CARTON,CARTON,CARTON,SOURCE,EXACT,15555.000,13520.000,2035.000,0.000,0.000,0.000,0.000,2035.000,2035.000,1.100,1.100,MATCH,0.000,2238.500,2238.500,Pendiente,No Facturado,PENDIENTE_DE_FACTURAR,PENDIENTE_DE_PAGO,SIN_CUBRIR,,ORDEN DE PAGO 78,IMPORTABLE,
1723,2026-04-02,3055,MONROE,EXACT,CARTON,CARTON,CARTON,SOURCE,EXACT,14370.000,12820.000,1550.000,0.000,0.000,0.000,0.000,1550.000,1550.000,1.400,1.400,MATCH,0.000,2170.000,2170.000,Pendiente,No Facturado,PENDIENTE_DE_FACTURAR,PENDIENTE_DE_PAGO,SIN_CUBRIR,,REPORTE 01-04 ABRIL 2026,IMPORTABLE,
1724,2026-04-02,648,DECASA,EXACT,CARTON,CARTON,CARTON,SOURCE,EXACT,13310.000,12345.000,965.000,0.000,0.000,0.000,0.000,965.000,965.000,1.100,1.100,MATCH,0.000,1061.500,1061.500,Pendiente,No Facturado,PENDIENTE_DE_FACTURAR,PENDIENTE_DE_PAGO,SIN_CUBRIR,,ORDEN DE PAGO 77,IMPORTABLE,
1725,2026-04-02,1083,KS,EXACT,CARTON,CARTON,CARTON,SOURCE,EXACT,500.000,0.000,500.000,0.000,0.000,0.000,0.000,500.000,500.000,1.000,1.000,MATCH,0.000,500.000,500.000,Pendiente,No Facturado,PENDIENTE_DE_FACTURAR,PENDIENTE_DE_PAGO,SIN_CUBRIR,,REPORTE ABRIL 2026,IMPORTABLE,
1726,2026-04-01,3006,MONROE,EXACT,CARTON,CARTON,CARTON,SOURCE,EXACT,14810.000,12500.000,2310.000,0.000,0.000,0.000,0.000,2310.000,2310.000,1.400,1.400,MATCH,0.000,3234.000,3234.000,Pendiente,No Facturado,PENDIENTE_DE_FACTURAR,PENDIENTE_DE_PAGO,SIN_CUBRIR,,REPORTE 01-04 ABRIL 2026,IMPORTABLE,
1727,2026-04-01,640,DECASA,EXACT,CARTON,CARTON,CARTON,SOURCE,EXACT,15075.000,13520.000,1555.000,0.000,0.000,0.000,0.000,1555.000,1555.000,1.100,1.100,MATCH,0.000,1710.500,1710.500,Pendiente,No Facturado,PENDIENTE_DE_FACTURAR,PENDIENTE_DE_PAGO,SIN_CUBRIR,,ORDEN DE PAGO 77,IMPORTABLE,
1728,2026-04-01,1083,KS,EXACT,CARTON,CARTON,CARTON,SOURCE,EXACT,530.000,0.000,530.000,0.000,0.000,0.000,0.000,530.000,530.000,1.000,1.000,MATCH,0.000,530.000,530.000,Pendiente,No Facturado,PENDIENTE_DE_FACTURAR,PENDIENTE_DE_PAGO,SIN_CUBRIR,,REPORTE ABRIL 2026,IMPORTABLE,
1729,2026-03-31,2945,MONROE,EXACT,CARTON,CARTON,CARTON,SOURCE,EXACT,14500.000,12790.000,1710.000,0.000,0.000,0.000,0.000,1710.000,1710.000,1.400,1.400,MATCH,0.000,2394.000,2394.000,Pendiente,No Facturado,PENDIENTE_DE_FACTURAR,PENDIENTE_DE_PAGO,SIN_CUBRIR,,REPORTE 23-31 MARZO 2026,IMPORTABLE,
1730,2026-03-31,80168,ROCIO CARVAJAL,EXACT,CARTON,CARTON,CARTON,SOURCE,EXACT,24355.000,18190.000,6165.000,0.000,200.000,0.000,3.244,5965.000,5965.000,1.500,1.500,MATCH,0.000,8947.500,8947.500,Pendiente,No Facturado,PENDIENTE_DE_FACTURAR,PENDIENTE_DE_PAGO,SIN_CUBRIR,,SE AGREDO A ABRIL ORDEN DE PAGO,IMPORTABLE,
1731,2026-03-31,631,DECASA,EXACT,CARTON,CARTON,CARTON,SOURCE,EXACT,13925.000,12345.000,1580.000,0.000,0.000,0.000,0.000,1580.000,1580.000,1.100,1.100,MATCH,0.000,1738.000,1738.000,Pendiente,No Facturado,PENDIENTE_DE_FACTURAR,PENDIENTE_DE_PAGO,SIN_CUBRIR,,ORDEN DE PAGO 77,IMPORTABLE,
1732,2026-03-30,2790,MONROE,EXACT,CARTON,CARTON,CARTON,SOURCE,EXACT,15380.000,13280.000,2100.000,0.000,0.000,0.000,0.000,2100.000,2100.000,1.400,1.400,MATCH,0.000,2940.000,2940.000,Pendiente,No Facturado,PENDIENTE_DE_FACTURAR,PENDIENTE_DE_PAGO,SIN_CUBRIR,,REPORTE 23-31 MARZO 2026,IMPORTABLE,
1733,2026-03-30,2886,MONROE,EXACT,CARTON,CARTON,CARTON,SOURCE,EXACT,14750.000,12890.000,1860.000,0.000,0.000,0.000,0.000,1860.000,1860.000,1.400,1.400,MATCH,0.000,2604.000,2604.000,Pendiente,No Facturado,PENDIENTE_DE_FACTURAR,PENDIENTE_DE_PAGO,SIN_CUBRIR,,REPORTE 23-31 MARZO 2026,IMPORTABLE,
1734,2026-03-30,1081,KS,EXACT,CARTON,CARTON,CARTON,SOURCE,EXACT,480.000,0.000,480.000,0.000,0.000,0.000,0.000,480.000,480.000,1.000,1.000,MATCH,0.000,480.000,480.000,Pendiente,No Facturado,PENDIENTE_DE_FACTURAR,PENDIENTE_DE_PAGO,SIN_CUBRIR,,REPORTE MARZO 2026,IMPORTABLE,
1735,2026-03-30,1081,KS,EXACT,CARTON,CARTON,CARTON,SOURCE,EXACT,730.000,0.000,730.000,0.000,0.000,0.000,0.000,730.000,730.000,1.000,1.000,MATCH,0.000,730.000,730.000,Pendiente,No Facturado,PENDIENTE_DE_FACTURAR,PENDIENTE_DE_PAGO,SIN_CUBRIR,,REPORTE MARZO 2026,IMPORTABLE,
1736,2026-03-30,622,DECASA,EXACT,CARTON,CARTON,CARTON,SOURCE,EXACT,14970.000,13205.000,1765.000,0.000,0.000,0.000,0.000,1765.000,1765.000,1.100,1.100,MATCH,0.000,1941.500,1941.500,Pendiente,No Facturado,PENDIENTE_DE_FACTURAR,PENDIENTE_DE_PAGO,SIN_CUBRIR,,ORDEN DE PAGO 77,IMPORTABLE,
1737,2026-03-27,2745,MONROE,EXACT,CARTON,CARTON,CARTON,SOURCE,EXACT,14220.000,12490.000,1730.000,0.000,0.000,0.000,0.000,1730.000,1730.000,1.400,1.400,MATCH,0.000,2422.000,2422.000,Pendiente,No Facturado,PENDIENTE_DE_FACTURAR,PENDIENTE_DE_PAGO,SIN_CUBRIR,,REPORTE 23-31 MARZO 2026,IMPORTABLE,
1738,2026-03-27,80099,SETEXMES,EXACT,CARTON,CARTON,CARTON,SOURCE,EXACT,15250.000,13200.000,2050.000,0.000,0.000,0.000,0.000,2050.000,2050.000,0.900,0.900,MATCH,0.000,1845.000,1845.000,Pendiente,Facturado,FACTURADO,PENDIENTE_DE_PAGO,SIN_CUBRIR,,REPORTE MARZO 2026,IMPORTABLE,
1739,2026-03-27,604,DECASA,EXACT,CARTON,CARTON,CARTON,SOURCE,EXACT,14675.000,12305.000,2370.000,0.000,0.000,0.000,0.000,2370.000,2370.000,1.100,1.100,MATCH,0.000,2607.000,2607.000,Pendiente,No Facturado,PENDIENTE_DE_FACTURAR,PENDIENTE_DE_PAGO,SIN_CUBRIR,,ORDEN DE PAGO 77,IMPORTABLE,
1740,2026-03-26,80081,ROCIO CARVAJAL,EXACT,CARTON,CARTON,CARTON,SOURCE,EXACT,24000.000,19130.000,4870.000,0.000,200.000,0.000,4.107,4670.000,4670.000,1.500,1.500,MATCH,0.000,7005.000,7005.000,Pendiente,No Facturado,PENDIENTE_DE_FACTURAR,PENDIENTE_DE_PAGO,SIN_CUBRIR,,ORDEN DE PAGO 2512,IMPORTABLE,
1741,2026-03-26,599,DECASA,EXACT,CARTON,CARTON,CARTON,SOURCE,EXACT,14540.000,13155.000,1385.000,0.000,0.000,0.000,0.000,1385.000,1385.000,1.100,1.100,MATCH,0.000,1523.500,1523.500,Pendiente,No Facturado,PENDIENTE_DE_FACTURAR,PENDIENTE_DE_PAGO,SIN_CUBRIR,,ORDEN DE PAGO 76,IMPORTABLE,
1742,2026-03-26,2685,MONROE,EXACT,CARTON,CARTON,CARTON,SOURCE,EXACT,14610.000,12490.000,2120.000,0.000,0.000,0.000,0.000,2120.000,2120.000,1.400,1.400,MATCH,0.000,2968.000,2968.000,Pendiente,No Facturado,PENDIENTE_DE_FACTURAR,PENDIENTE_DE_PAGO,SIN_CUBRIR,,REPORTE 23-31 MARZO 2026,IMPORTABLE,
1743,2026-03-26,1080,KS,EXACT,CARTON,CARTON,CARTON,SOURCE,EXACT,520.000,0.000,520.000,0.000,0.000,0.000,0.000,520.000,520.000,1.000,1.000,MATCH,0.000,520.000,520.000,Pendiente,No Facturado,PENDIENTE_DE_FACTURAR,PENDIENTE_DE_PAGO,SIN_CUBRIR,,REPORTE MARZO 2026,IMPORTABLE,
1744,2026-03-26,1080,KS,EXACT,CARTON,CARTON,CARTON,SOURCE,EXACT,510.000,0.000,510.000,0.000,0.000,0.000,0.000,510.000,510.000,1.000,1.000,MATCH,0.000,510.000,510.000,Pendiente,No Facturado,PENDIENTE_DE_FACTURAR,PENDIENTE_DE_PAGO,SIN_CUBRIR,,REPORTE MARZO 2026,IMPORTABLE,
1745,2026-03-25,586,DECASA,EXACT,CARTON,CARTON,CARTON,SOURCE,EXACT,13995.000,12285.000,1710.000,0.000,0.000,0.000,0.000,1710.000,1710.000,1.100,1.100,MATCH,0.000,1881.000,1881.000,Pendiente,No Facturado,PENDIENTE_DE_FACTURAR,PENDIENTE_DE_PAGO,SIN_CUBRIR,,ORDEN DE PAGO 76,IMPORTABLE,
1746,2026-03-25,2679,MONROE,EXACT,CARTON,CARTON,CARTON,SOURCE,EXACT,14110.000,12480.000,1630.000,0.000,0.000,0.000,0.000,1630.000,1630.000,1.400,1.400,MATCH,0.000,2282.000,2282.000,Pendiente,No Facturado,PENDIENTE_DE_FACTURAR,PENDIENTE_DE_PAGO,SIN_CUBRIR,,REPORTE 23-31 MARZO 2026,IMPORTABLE,
1747,2026-03-25,1079,KS,EXACT,CARTON,CARTON,CARTON,SOURCE,EXACT,530.000,0.000,530.000,0.000,0.000,0.000,0.000,530.000,530.000,1.000,1.000,MATCH,0.000,530.000,530.000,Pendiente,No Facturado,PENDIENTE_DE_FACTURAR,PENDIENTE_DE_PAGO,SIN_CUBRIR,,REPORTE MARZO 2026,IMPORTABLE,
1748,2026-03-24,59802,SETEXMES,EXACT,CARTON,CARTON,CARTON,SOURCE,EXACT,15640.000,13295.000,2345.000,0.000,0.000,0.000,0.000,2345.000,2345.000,0.900,0.900,MATCH,0.000,2110.500,2110.500,Pendiente,Facturado,FACTURADO,PENDIENTE_DE_PAGO,SIN_CUBRIR,,REPORTE MARZO 2026,IMPORTABLE,
1749,2026-03-24,577,DECASA,EXACT,CARTON,CARTON,CARTON,SOURCE,EXACT,14675.000,13140.000,1535.000,0.000,0.000,0.000,0.000,1535.000,1535.000,1.100,1.100,MATCH,0.000,1688.500,1688.500,Pendiente,No Facturado,PENDIENTE_DE_FACTURAR,PENDIENTE_DE_PAGO,SIN_CUBRIR,,ORDEN DE PAGO 76,IMPORTABLE,
1750,2026-03-24,2613,MONROE,EXACT,CARTON,CARTON,CARTON,SOURCE,EXACT,14360.000,12510.000,1850.000,0.000,0.000,0.000,0.000,1850.000,1850.000,1.400,1.400,MATCH,0.000,2590.000,2590.000,Pendiente,No Facturado,PENDIENTE_DE_FACTURAR,PENDIENTE_DE_PAGO,SIN_CUBRIR,,REPORTE 23-31 MARZO 2026,IMPORTABLE,
1751,2026-03-24,1079,KS,EXACT,CARTON,CARTON,CARTON,SOURCE,EXACT,390.000,0.000,390.000,0.000,0.000,0.000,0.000,390.000,390.000,1.000,1.000,MATCH,0.000,390.000,390.000,Pendiente,No Facturado,PENDIENTE_DE_FACTURAR,PENDIENTE_DE_PAGO,SIN_CUBRIR,,REPORTE MARZO 2026,IMPORTABLE,
1752,2026-03-23,78474,ROCIO CARVAJAL,EXACT,CARTON,CARTON,CARTON,SOURCE,EXACT,23970.000,18220.000,5750.000,0.000,0.000,0.000,0.000,5750.000,5750.000,1.500,1.500,MATCH,0.000,8625.000,8625.000,Pendiente,No Facturado,PENDIENTE_DE_FACTURAR,PENDIENTE_DE_PAGO,SIN_CUBRIR,,ORDEN DE PAGO 2512,IMPORTABLE,
1753,2026-03-23,567,DECASA,EXACT,CARTON,CARTON,CARTON,SOURCE,EXACT,14745.000,12960.000,1785.000,0.000,0.000,0.000,0.000,1785.000,1785.000,1.100,1.100,MATCH,0.000,1963.500,1963.500,Pendiente,No Facturado,PENDIENTE_DE_FACTURAR,PENDIENTE_DE_PAGO,SIN_CUBRIR,,ORDEN DE PAGO 76,IMPORTABLE,
1754,2026-03-23,2571,MONROE,EXACT,CARTON,CARTON,CARTON,SOURCE,EXACT,14690.000,12520.000,2170.000,0.000,0.000,0.000,0.000,2170.000,2170.000,1.400,1.400,MATCH,0.000,3038.000,3038.000,Pendiente,No Facturado,PENDIENTE_DE_FACTURAR,PENDIENTE_DE_PAGO,SIN_CUBRIR,,REPORTE 23-31 MARZO 2026,IMPORTABLE,
1755,2026-03-23,2557,MONROE,EXACT,CARTON,CARTON,CARTON,SOURCE,EXACT,16860.000,13000.000,3860.000,0.000,0.000,0.000,0.000,3860.000,3860.000,1.400,1.400,MATCH,0.000,5404.000,5404.000,Pendiente,No Facturado,PENDIENTE_DE_FACTURAR,PENDIENTE_DE_PAGO,SIN_CUBRIR,,REPORTE 23-31 MARZO 2026,IMPORTABLE,
1756,2026-03-23,1078,KS,EXACT,CARTON,CARTON,CARTON,SOURCE,EXACT,800.000,0.000,800.000,0.000,0.000,0.000,0.000,800.000,800.000,1.000,1.000,MATCH,0.000,800.000,800.000,Pendiente,No Facturado,PENDIENTE_DE_FACTURAR,PENDIENTE_DE_PAGO,SIN_CUBRIR,,REPORTE MARZO 2026,IMPORTABLE,
1757,2026-03-23,1078,KS,EXACT,CARTON,CARTON,CARTON,SOURCE,EXACT,790.000,0.000,790.000,0.000,0.000,0.000,0.000,790.000,790.000,1.000,1.000,MATCH,0.000,790.000,790.000,Pendiente,No Facturado,PENDIENTE_DE_FACTURAR,PENDIENTE_DE_PAGO,SIN_CUBRIR,,REPORTE MARZO 2026,IMPORTABLE,
1758,2026-03-20,78404,ROCIO CARVAJAL,EXACT,CARTON,CARTON,CARTON,SOURCE,EXACT,27485.000,20450.000,7035.000,0.000,200.000,0.000,2.843,6835.000,6835.000,1.500,1.500,MATCH,0.000,10252.500,10252.500,Pendiente,No Facturado,PENDIENTE_DE_FACTURAR,PENDIENTE_DE_PAGO,SIN_CUBRIR,,ORDEN DE PAGO 2512,IMPORTABLE,
1759,2026-03-20,534,DECASA,EXACT,CARTON,CARTON,CARTON,SOURCE,EXACT,14205.000,12270.000,1935.000,0.000,0.000,0.000,0.000,1935.000,1935.000,1.100,1.100,MATCH,0.000,2128.500,2128.500,Pendiente,No Facturado,PENDIENTE_DE_FACTURAR,PENDIENTE_DE_PAGO,SIN_CUBRIR,,ORDEN DE PAGO 75,IMPORTABLE,
1760,2026-03-20,2450,MONROE,EXACT,CARTON,CARTON,CARTON,SOURCE,EXACT,14240.000,12480.000,1760.000,0.000,0.000,0.000,0.000,1760.000,1760.000,1.400,1.400,MATCH,0.000,2464.000,2464.000,Pendiente,No Facturado,PENDIENTE_DE_FACTURAR,PENDIENTE_DE_PAGO,SIN_CUBRIR,,REPORTE 16-21 MARZO 2026,IMPORTABLE,
1761,2026-03-20,545,DECASA,EXACT,CARTON,CARTON,CARTON,SOURCE,EXACT,13895.000,12225.000,1670.000,0.000,0.000,0.000,0.000,1670.000,1670.000,1.100,1.100,MATCH,0.000,1837.000,1837.000,Pendiente,No Facturado,PENDIENTE_DE_FACTURAR,PENDIENTE_DE_PAGO,SIN_CUBRIR,,ORDEN DE PAGO 76,IMPORTABLE,
1762,2026-03-20,1077,KS,EXACT,CARTON,CARTON,CARTON,SOURCE,EXACT,980.000,0.000,980.000,0.000,0.000,0.000,0.000,980.000,980.000,1.000,1.000,MATCH,0.000,980.000,980.000,Pendiente,No Facturado,PENDIENTE_DE_FACTURAR,PENDIENTE_DE_PAGO,SIN_CUBRIR,,REPORTE MARZO 2026,IMPORTABLE,
1763,2026-03-19,525,DECASA,EXACT,CARTON,CARTON,CARTON,SOURCE,EXACT,14930.000,13130.000,1800.000,0.000,0.000,0.000,0.000,1800.000,1800.000,1.100,1.100,MATCH,0.000,1980.000,1980.000,Pendiente,No Facturado,PENDIENTE_DE_FACTURAR,PENDIENTE_DE_PAGO,SIN_CUBRIR,,ORDEN DE PAGO 75,IMPORTABLE,
1764,2026-03-19,2390,MONROE,EXACT,CARTON,CARTON,CARTON,SOURCE,EXACT,14590.000,12480.000,2110.000,0.000,0.000,0.000,0.000,2110.000,2110.000,1.400,1.400,MATCH,0.000,2954.000,2954.000,Pendiente,No Facturado,PENDIENTE_DE_FACTURAR,PENDIENTE_DE_PAGO,SIN_CUBRIR,,REPORTE 16-21 MARZO 2026,IMPORTABLE,
1765,2026-03-19,1077,KS,EXACT,CARTON,CARTON,CARTON,SOURCE,EXACT,750.000,0.000,750.000,0.000,0.000,0.000,0.000,750.000,750.000,1.000,1.000,MATCH,0.000,750.000,750.000,Pendiente,No Facturado,PENDIENTE_DE_FACTURAR,PENDIENTE_DE_PAGO,SIN_CUBRIR,,REPORTE MARZO 2026,IMPORTABLE,
1766,2026-03-18,514,DECASA,EXACT,CARTON,CARTON,CARTON,SOURCE,EXACT,14485.000,12305.000,2180.000,0.000,0.000,0.000,0.000,2180.000,2180.000,1.100,1.100,MATCH,0.000,2398.000,2398.000,Pendiente,No Facturado,PENDIENTE_DE_FACTURAR,PENDIENTE_DE_PAGO,SIN_CUBRIR,,ORDEN DE PAGO 75,IMPORTABLE,
1767,2026-03-18,2321,MONROE,EXACT,CARTON,CARTON,CARTON,SOURCE,EXACT,13920.000,12530.000,1390.000,0.000,0.000,0.000,0.000,1390.000,1390.000,1.400,1.400,MATCH,0.000,1946.000,1946.000,Pendiente,No Facturado,PENDIENTE_DE_FACTURAR,PENDIENTE_DE_PAGO,SIN_CUBRIR,,REPORTE 16-21 MARZO 2026,IMPORTABLE,
1768,2026-03-18,1077,KS,EXACT,CARTON,CARTON,CARTON,SOURCE,EXACT,490.000,0.000,490.000,0.000,0.000,0.000,0.000,490.000,490.000,1.000,1.000,MATCH,0.000,490.000,490.000,Pendiente,No Facturado,PENDIENTE_DE_FACTURAR,PENDIENTE_DE_PAGO,SIN_CUBRIR,,REPORTE MARZO 2026,IMPORTABLE,
1769,2026-03-17,491,DECASA,EXACT,CARTON,CARTON,CARTON,SOURCE,EXACT,14655.000,13065.000,1590.000,0.000,0.000,0.000,0.000,1590.000,1590.000,1.100,1.100,MATCH,0.000,1749.000,1749.000,Pendiente,No Facturado,PENDIENTE_DE_FACTURAR,PENDIENTE_DE_PAGO,SIN_CUBRIR,,ORDEN DE PAGO 75,IMPORTABLE,
1770,2026-03-17,2285,MONROE,EXACT,CARTON,CARTON,CARTON,SOURCE,EXACT,15140.000,12550.000,2590.000,0.000,0.000,0.000,0.000,2590.000,2590.000,1.400,1.400,MATCH,0.000,3626.000,3626.000,Pendiente,No Facturado,PENDIENTE_DE_FACTURAR,PENDIENTE_DE_PAGO,SIN_CUBRIR,,REPORTE 16-21 MARZO 2026,IMPORTABLE,
1771,2026-03-17,2230,MONROE,EXACT,CARTON,CARTON,CARTON,SOURCE,EXACT,15170.000,13170.000,2000.000,0.000,0.000,0.000,0.000,2000.000,2000.000,1.400,1.400,MATCH,0.000,2800.000,2800.000,Pendiente,No Facturado,PENDIENTE_DE_FACTURAR,PENDIENTE_DE_PAGO,SIN_CUBRIR,,REPORTE 16-21 MARZO 2026,IMPORTABLE,
1772,2026-03-17,1076,KS,EXACT,CARTON,CARTON,CARTON,SOURCE,EXACT,740.000,0.000,740.000,0.000,0.000,0.000,0.000,740.000,740.000,1.000,1.000,MATCH,0.000,740.000,740.000,Pendiente,No Facturado,PENDIENTE_DE_FACTURAR,PENDIENTE_DE_PAGO,SIN_CUBRIR,,REPORTE MARZO 2026,IMPORTABLE,
1773,2026-03-17,1076,KS,EXACT,CARTON,CARTON,CARTON,SOURCE,EXACT,870.000,0.000,870.000,0.000,0.000,0.000,0.000,870.000,870.000,1.000,1.000,MATCH,0.000,870.000,870.000,Pendiente,No Facturado,PENDIENTE_DE_FACTURAR,PENDIENTE_DE_PAGO,SIN_CUBRIR,,REPORTE MARZO 2026,IMPORTABLE,
1774,2026-03-13,78336,ROCIO CARVAJAL,EXACT,CARTON,CARTON,CARTON,SOURCE,EXACT,26740.000,22945.000,3795.000,0.000,150.000,0.000,3.953,3645.000,3645.000,1.400,1.500,DIFFERS,0.000,5103.000,5103.000,Pendiente,No Facturado,PENDIENTE_DE_FACTURAR,PENDIENTE_DE_PAGO,SIN_CUBRIR,,ORDEN DE PAGO 2512,REVIEW,
1775,2026-03-13,78340,ROCIO CARVAJAL,EXACT,CARTON,CARTON,CARTON,SOURCE,EXACT,25990.000,20940.000,5050.000,0.000,350.000,0.000,6.931,4700.000,4700.000,1.400,1.500,DIFFERS,0.000,6580.000,6580.000,Pendiente,No Facturado,PENDIENTE_DE_FACTURAR,PENDIENTE_DE_PAGO,SIN_CUBRIR,,ORDEN DE PAGO 2512,REVIEW,
1776,2026-03-13,2115,MONROE,EXACT,CARTON,CARTON,CARTON,SOURCE,EXACT,14210.000,12510.000,1700.000,0.000,0.000,0.000,0.000,1700.000,1700.000,1.400,1.400,MATCH,0.000,2380.000,2380.000,Pendiente,No Facturado,PENDIENTE_DE_FACTURAR,PENDIENTE_DE_PAGO,SIN_CUBRIR,,REPORTE 09-14 MARZO 2026,IMPORTABLE,
1777,2026-03-13,79513,SETEXMES,EXACT,CARTON,CARTON,CARTON,SOURCE,EXACT,15465.000,13155.000,2310.000,0.000,0.000,0.000,0.000,2310.000,2310.000,0.900,0.900,MATCH,0.000,2079.000,2079.000,Pendiente,Facturado,FACTURADO,PENDIENTE_DE_PAGO,SIN_CUBRIR,,REPORTE MARZO 2026,IMPORTABLE,
1778,2026-03-13,1075,KS,EXACT,CARTON,CARTON,CARTON,SOURCE,EXACT,380.000,0.000,380.000,0.000,0.000,0.000,0.000,380.000,380.000,1.000,1.000,MATCH,0.000,380.000,380.000,Pendiente,No Facturado,PENDIENTE_DE_FACTURAR,PENDIENTE_DE_PAGO,SIN_CUBRIR,,REPORTE MARZO 2026,IMPORTABLE,
1779,2026-03-13,1075,KS,EXACT,CARTON,CARTON,CARTON,SOURCE,EXACT,540.000,0.000,540.000,0.000,0.000,0.000,0.000,540.000,540.000,1.000,1.000,MATCH,0.000,540.000,540.000,Pendiente,No Facturado,PENDIENTE_DE_FACTURAR,PENDIENTE_DE_PAGO,SIN_CUBRIR,,REPORTE MARZO 2026,IMPORTABLE,
1780,2026-03-12,2102,MONROE,EXACT,CARTON,CARTON,CARTON,SOURCE,EXACT,14290.000,12500.000,1790.000,0.000,0.000,0.000,0.000,1790.000,1790.000,1.400,1.400,MATCH,0.000,2506.000,2506.000,Pendiente,No Facturado,PENDIENTE_DE_FACTURAR,PENDIENTE_DE_PAGO,SIN_CUBRIR,,REPORTE 09-14 MARZO 2026,IMPORTABLE,
1781,2026-03-12,1074,KS,EXACT,CARTON,CARTON,CARTON,SOURCE,EXACT,720.000,0.000,720.000,0.000,0.000,0.000,0.000,720.000,720.000,1.000,1.000,MATCH,0.000,720.000,720.000,Pendiente,No Facturado,PENDIENTE_DE_FACTURAR,PENDIENTE_DE_PAGO,SIN_CUBRIR,,REPORTE MARZO 2026,IMPORTABLE,
1782,2026-03-11,2047,MONROE,EXACT,CARTON,CARTON,CARTON,SOURCE,EXACT,14530.000,12520.000,2010.000,0.000,0.000,0.000,0.000,2010.000,2010.000,1.400,1.400,MATCH,0.000,2814.000,2814.000,Pendiente,No Facturado,PENDIENTE_DE_FACTURAR,PENDIENTE_DE_PAGO,SIN_CUBRIR,,REPORTE 09-14 MARZO 2026,IMPORTABLE,
1783,2026-03-10,1979,MONROE,EXACT,CARTON,CARTON,CARTON,SOURCE,EXACT,14440.000,12560.000,1880.000,0.000,0.000,0.000,0.000,1880.000,1880.000,1.400,1.400,MATCH,0.000,2632.000,2632.000,Pendiente,No Facturado,PENDIENTE_DE_FACTURAR,PENDIENTE_DE_PAGO,SIN_CUBRIR,,REPORTE 09-14 MARZO 2026,IMPORTABLE,
1784,2026-03-10,1073,KS,EXACT,CARTON,CARTON,CARTON,SOURCE,EXACT,470.000,0.000,470.000,0.000,0.000,0.000,0.000,470.000,470.000,1.000,1.000,MATCH,0.000,470.000,470.000,Pendiente,No Facturado,PENDIENTE_DE_FACTURAR,PENDIENTE_DE_PAGO,SIN_CUBRIR,,REPORTE MARZO 2026,IMPORTABLE,
1785,2026-03-09,1942,MONROE,EXACT,CARTON,CARTON,CARTON,SOURCE,EXACT,14880.000,12550.000,2330.000,0.000,0.000,0.000,0.000,2330.000,2330.000,1.400,1.400,MATCH,0.000,3262.000,3262.000,Pendiente,No Facturado,PENDIENTE_DE_FACTURAR,PENDIENTE_DE_PAGO,SIN_CUBRIR,,REPORTE 09-14 MARZO 2026,IMPORTABLE,
1786,2026-03-09,1882,MONROE,EXACT,CARTON,CARTON,CARTON,SOURCE,EXACT,15420.000,13380.000,2040.000,0.000,0.000,0.000,0.000,2040.000,2040.000,1.400,1.400,MATCH,0.000,2856.000,2856.000,Pendiente,No Facturado,PENDIENTE_DE_FACTURAR,PENDIENTE_DE_PAGO,SIN_CUBRIR,,REPORTE 09-14 MARZO 2026,IMPORTABLE,
1787,2026-03-09,1073,KS,EXACT,CARTON,CARTON,CARTON,SOURCE,EXACT,840.000,0.000,840.000,0.000,0.000,0.000,0.000,840.000,840.000,1.000,1.000,MATCH,0.000,840.000,840.000,Pendiente,No Facturado,PENDIENTE_DE_FACTURAR,PENDIENTE_DE_PAGO,SIN_CUBRIR,,REPORTE MARZO 2026,IMPORTABLE,
1788,2026-03-06,1842,MONROE,EXACT,CARTON,CARTON,CARTON,SOURCE,EXACT,14620.000,12500.000,2120.000,0.000,0.000,0.000,0.000,2120.000,2120.000,1.400,1.400,MATCH,0.000,2968.000,2968.000,Pendiente,No Facturado,PENDIENTE_DE_FACTURAR,PENDIENTE_DE_PAGO,SIN_CUBRIR,,REPORTE 02-07 MARZO 2026,IMPORTABLE,
1789,2026-03-06,440,DECASA,EXACT,CARTON,CARTON,CARTON,SOURCE,EXACT,13890.000,12430.000,1460.000,0.000,0.000,0.000,0.000,1460.000,1460.000,1.100,1.100,MATCH,0.000,1606.000,1606.000,Pendiente,Facturado,FACTURADO,PENDIENTE_DE_PAGO,SIN_CUBRIR,,ORDEN DE PAGO 73,IMPORTABLE,
1790,2026-03-06,78146,SETEXMES,EXACT,CARTON,CARTON,CARTON,SOURCE,EXACT,15315.000,13385.000,1930.000,0.000,0.000,0.000,0.000,1930.000,1930.000,0.900,0.900,MATCH,0.000,1737.000,1737.000,Pendiente,Facturado,FACTURADO,PENDIENTE_DE_PAGO,SIN_CUBRIR,,REPORTE MARZO 2026,IMPORTABLE,
1791,2026-03-06,1072,KS,EXACT,CARTON,CARTON,CARTON,SOURCE,EXACT,590.000,0.000,590.000,0.000,0.000,0.000,0.000,590.000,590.000,1.000,1.000,MATCH,0.000,590.000,590.000,Pendiente,No Facturado,PENDIENTE_DE_FACTURAR,PENDIENTE_DE_PAGO,SIN_CUBRIR,,REPORTE MARZO 2026,IMPORTABLE,
1792,2026-03-05,1774,MONROE,EXACT,CARTON,CARTON,CARTON,SOURCE,EXACT,14550.000,12520.000,2030.000,0.000,0.000,0.000,0.000,2030.000,2030.000,1.400,1.400,MATCH,0.000,2842.000,2842.000,Pendiente,No Facturado,PENDIENTE_DE_FACTURAR,PENDIENTE_DE_PAGO,SIN_CUBRIR,,REPORTE 02-07 MARZO 2026,IMPORTABLE,
1793,2026-03-05,430,DECASA,EXACT,CARTON,CARTON,CARTON,SOURCE,EXACT,13730.000,12350.000,1380.000,0.000,0.000,0.000,0.000,1380.000,1380.000,1.100,1.100,MATCH,0.000,1518.000,1518.000,Pendiente,Facturado,FACTURADO,PENDIENTE_DE_PAGO,SIN_CUBRIR,,ORDEN DE PAGO 73,IMPORTABLE,
1794,2026-03-05,1072,KS,EXACT,CARTON,CARTON,CARTON,SOURCE,EXACT,980.000,0.000,980.000,0.000,0.000,0.000,0.000,980.000,980.000,1.000,1.000,MATCH,0.000,980.000,980.000,Pendiente,No Facturado,PENDIENTE_DE_FACTURAR,PENDIENTE_DE_PAGO,SIN_CUBRIR,,REPORTE MARZO 2026,IMPORTABLE,
1795,2026-03-04,1728,MONROE,EXACT,CARTON,CARTON,CARTON,SOURCE,EXACT,14550.000,12550.000,2000.000,0.000,0.000,0.000,0.000,2000.000,2000.000,1.400,1.400,MATCH,0.000,2800.000,2800.000,Pendiente,No Facturado,PENDIENTE_DE_FACTURAR,PENDIENTE_DE_PAGO,SIN_CUBRIR,,REPORTE 02-07 MARZO 2026,IMPORTABLE,
1796,2026-03-04,420,DECASA,EXACT,CARTON,CARTON,CARTON,SOURCE,EXACT,14190.000,12300.000,1890.000,0.000,0.000,0.000,0.000,1890.000,1890.000,1.100,1.100,MATCH,0.000,2079.000,2079.000,Pendiente,Facturado,FACTURADO,PENDIENTE_DE_PAGO,SIN_CUBRIR,,ORDEN DE PAGO 73,IMPORTABLE,
1797,2026-03-04,1071,KS,EXACT,CARTON,CARTON,CARTON,SOURCE,EXACT,780.000,0.000,780.000,0.000,0.000,0.000,0.000,780.000,780.000,1.000,1.000,MATCH,0.000,780.000,780.000,Pendiente,No Facturado,PENDIENTE_DE_FACTURAR,PENDIENTE_DE_PAGO,SIN_CUBRIR,,REPORTE MARZO 2026,IMPORTABLE,
1798,2026-03-03,1685,MONROE,EXACT,CARTON,CARTON,CARTON,SOURCE,EXACT,14720.000,12550.000,2170.000,0.000,0.000,0.000,0.000,2170.000,2170.000,1.400,1.400,MATCH,0.000,3038.000,3038.000,Pendiente,No Facturado,PENDIENTE_DE_FACTURAR,PENDIENTE_DE_PAGO,SIN_CUBRIR,,REPORTE 02-07 MARZO 2026,IMPORTABLE,
1799,2026-03-03,409,DECASA,EXACT,CARTON,CARTON,CARTON,SOURCE,EXACT,14965.000,13100.000,1865.000,0.000,0.000,0.000,0.000,1865.000,1865.000,1.100,1.100,MATCH,0.000,2051.500,2051.500,Pendiente,Facturado,FACTURADO,PENDIENTE_DE_PAGO,SIN_CUBRIR,,ORDEN DE PAGO 73,IMPORTABLE,
1800,2026-03-03,1071,KS,EXACT,CARTON,CARTON,CARTON,SOURCE,EXACT,540.000,0.000,540.000,0.000,0.000,0.000,0.000,540.000,540.000,1.000,1.000,MATCH,0.000,540.000,540.000,Pendiente,No Facturado,PENDIENTE_DE_FACTURAR,PENDIENTE_DE_PAGO,SIN_CUBRIR,,REPORTE MARZO 2026,IMPORTABLE,
1801,2026-03-02,1586,MONROE,EXACT,CARTON,CARTON,CARTON,SOURCE,EXACT,15460.000,13420.000,2040.000,0.000,0.000,0.000,0.000,2040.000,2040.000,1.400,1.400,MATCH,0.000,2856.000,2856.000,Pendiente,No Facturado,PENDIENTE_DE_FACTURAR,PENDIENTE_DE_PAGO,SIN_CUBRIR,,REPORTE 02-07 MARZO 2026,IMPORTABLE,
1802,2026-03-02,1642,MONROE,EXACT,CARTON,CARTON,CARTON,SOURCE,EXACT,14510.000,12610.000,1900.000,0.000,0.000,0.000,0.000,1900.000,1900.000,1.400,1.400,MATCH,0.000,2660.000,2660.000,Pendiente,No Facturado,PENDIENTE_DE_FACTURAR,PENDIENTE_DE_PAGO,SIN_CUBRIR,,REPORTE 02-07 MARZO 2026,IMPORTABLE,
1803,2026-03-02,395,DECASA,EXACT,CARTON,CARTON,CARTON,SOURCE,EXACT,15090.000,13440.000,1650.000,0.000,0.000,0.000,0.000,1650.000,1650.000,1.100,1.100,MATCH,0.000,1815.000,1815.000,Pendiente,Facturado,FACTURADO,PENDIENTE_DE_PAGO,SIN_CUBRIR,,ORDEN DE PAGO 73,IMPORTABLE,
1804,2026-03-02,77966,SETEXMES,EXACT,CARTON,CARTON,CARTON,SOURCE,EXACT,15525.000,13190.000,2335.000,0.000,0.000,0.000,0.000,2335.000,2335.000,0.900,0.900,MATCH,0.000,2101.500,2101.500,Pendiente,Facturado,FACTURADO,PENDIENTE_DE_PAGO,SIN_CUBRIR,,REPORTE MARZO 2026,IMPORTABLE,
1805,2026-03-02,1070,KS,EXACT,CARTON,CARTON,CARTON,SOURCE,EXACT,710.000,0.000,710.000,0.000,0.000,0.000,0.000,710.000,710.000,1.000,1.000,MATCH,0.000,710.000,710.000,Pendiente,No Facturado,PENDIENTE_DE_FACTURAR,PENDIENTE_DE_PAGO,SIN_CUBRIR,,REPORTE MARZO 2026,IMPORTABLE,
1806,2026-02-27,1506,MONROE,EXACT,CARTON,CARTON,CARTON,SOURCE,EXACT,14120.000,12540.000,1580.000,0.000,0.000,0.000,0.000,1580.000,1580.000,1.400,1.400,MATCH,0.000,2212.000,2212.000,Pendiente,No Facturado,PENDIENTE_DE_FACTURAR,PENDIENTE_DE_PAGO,SIN_CUBRIR,,REPORTE 23-28 FEBRERO 2026,IMPORTABLE,
1807,2026-02-26,1455,MONROE,EXACT,CARTON,CARTON,CARTON,SOURCE,EXACT,14640.000,12580.000,2060.000,0.000,0.000,0.000,0.000,2060.000,2060.000,1.400,1.400,MATCH,0.000,2884.000,2884.000,Pendiente,No Facturado,PENDIENTE_DE_FACTURAR,PENDIENTE_DE_PAGO,SIN_CUBRIR,,REPORTE 23-28 FEBRERO 2026,IMPORTABLE,
1808,2026-02-25,1397,MONROE,EXACT,CARTON,CARTON,CARTON,SOURCE,EXACT,14970.000,12570.000,2400.000,0.000,0.000,0.000,0.000,2400.000,2400.000,1.400,1.400,MATCH,0.000,3360.000,3360.000,Pendiente,No Facturado,PENDIENTE_DE_FACTURAR,PENDIENTE_DE_PAGO,SIN_CUBRIR,,REPORTE 23-28 FEBRERO 2026,IMPORTABLE,
1809,2026-02-25,6519,YOROZU,EXACT,CARTON,CARTON,CARTON,SOURCE,EXACT,4580.000,3595.000,985.000,0.000,0.000,0.000,0.000,985.000,985.000,0.500,0.500,MATCH,0.000,492.500,492.500,Pendiente,Facturado,FACTURADO,PENDIENTE_DE_PAGO,SIN_CUBRIR,,REPORTE DE FEBRERO 2026,IMPORTABLE,
1810,2026-02-24,1384,MONROE,EXACT,CARTON,CARTON,CARTON,SOURCE,EXACT,13840.000,12570.000,1270.000,0.000,0.000,0.000,0.000,1270.000,1270.000,1.400,1.400,MATCH,0.000,1778.000,1778.000,Pendiente,No Facturado,PENDIENTE_DE_FACTURAR,PENDIENTE_DE_PAGO,SIN_CUBRIR,,REPORTE 23-28 FEBRERO 2026,IMPORTABLE,
1811,2026-02-23,1348,MONROE,EXACT,CARTON,CARTON,CARTON,SOURCE,EXACT,14690.000,12590.000,2100.000,0.000,0.000,0.000,0.000,2100.000,2100.000,1.400,1.400,MATCH,0.000,2940.000,2940.000,Pendiente,No Facturado,PENDIENTE_DE_FACTURAR,PENDIENTE_DE_PAGO,SIN_CUBRIR,,REPORTE 23-28 FEBRERO 2026,IMPORTABLE,
1812,2026-02-23,1289,MONROE,EXACT,CARTON,CARTON,CARTON,SOURCE,EXACT,14600.000,13180.000,1420.000,0.000,0.000,0.000,0.000,1420.000,1420.000,1.400,1.400,MATCH,0.000,1988.000,1988.000,Pendiente,No Facturado,PENDIENTE_DE_FACTURAR,PENDIENTE_DE_PAGO,SIN_CUBRIR,,REPORTE 23-28 FEBRERO 2026,IMPORTABLE,
1813,2026-02-20,1212,MONROE,EXACT,CARTON,CARTON,CARTON,SOURCE,EXACT,14220.000,12570.000,1650.000,0.000,0.000,0.000,0.000,1650.000,1650.000,1.400,1.400,MATCH,0.000,2310.000,2310.000,Pendiente,No Facturado,PENDIENTE_DE_FACTURAR,PENDIENTE_DE_PAGO,SIN_CUBRIR,,REPORTE 16-21 FEBRERO 2026,IMPORTABLE,
1814,2026-02-19,1158,MONROE,EXACT,CARTON,CARTON,CARTON,SOURCE,EXACT,14270.000,12610.000,1660.000,0.000,0.000,0.000,0.000,1660.000,1660.000,1.400,1.400,MATCH,0.000,2324.000,2324.000,Pendiente,No Facturado,PENDIENTE_DE_FACTURAR,PENDIENTE_DE_PAGO,SIN_CUBRIR,,REPORTE 16-21 FEBRERO 2026,IMPORTABLE,
1815,2026-02-18,1149,MONROE,EXACT,CARTON,CARTON,CARTON,SOURCE,EXACT,14380.000,12610.000,1770.000,0.000,0.000,0.000,0.000,1770.000,1770.000,1.400,1.400,MATCH,0.000,2478.000,2478.000,Pendiente,No Facturado,PENDIENTE_DE_FACTURAR,PENDIENTE_DE_PAGO,SIN_CUBRIR,,REPORTE 16-21 FEBRERO 2026,IMPORTABLE,
1816,2026-02-17,1072,MONROE,EXACT,CARTON,CARTON,CARTON,SOURCE,EXACT,15360.000,13320.000,2040.000,0.000,0.000,0.000,0.000,2040.000,2040.000,1.400,1.400,MATCH,0.000,2856.000,2856.000,Pendiente,No Facturado,PENDIENTE_DE_FACTURAR,PENDIENTE_DE_PAGO,SIN_CUBRIR,,REPORTE 16-21 FEBRERO 2026,IMPORTABLE,
1817,2026-02-16,1010,MONROE,EXACT,CARTON,CARTON,CARTON,SOURCE,EXACT,15200.000,13340.000,1860.000,0.000,0.000,0.000,0.000,1860.000,1860.000,1.400,1.400,MATCH,0.000,2604.000,2604.000,Pendiente,No Facturado,PENDIENTE_DE_FACTURAR,PENDIENTE_DE_PAGO,SIN_CUBRIR,,REPORTE 16-21 FEBRERO 2026,IMPORTABLE,
1818,2026-02-16,1065,MONROE,EXACT,CARTON,CARTON,CARTON,SOURCE,EXACT,14140.000,13320.000,820.000,0.000,0.000,0.000,0.000,820.000,820.000,1.400,1.400,MATCH,0.000,1148.000,1148.000,Pendiente,No Facturado,PENDIENTE_DE_FACTURAR,PENDIENTE_DE_PAGO,SIN_CUBRIR,,REPORTE 16-21 FEBRERO 2026,IMPORTABLE,
1819,2026-02-13,968,MONROE,EXACT,CARTON,CARTON,CARTON,SOURCE,EXACT,14530.000,12560.000,1970.000,0.000,0.000,0.000,0.000,1970.000,1970.000,1.400,1.400,MATCH,0.000,2758.000,2758.000,Pendiente,No Facturado,PENDIENTE_DE_FACTURAR,PENDIENTE_DE_PAGO,SIN_CUBRIR,,REPORTE 09-14 FEBRERO 2026,IMPORTABLE,
1820,2026-02-13,6497,YOROZU,EXACT,CARTON,CARTON,CARTON,SOURCE,EXACT,4285.000,2710.000,1575.000,0.000,0.000,0.000,0.000,1575.000,1575.000,0.500,0.500,MATCH,0.000,787.500,787.500,Pendiente,Facturado,FACTURADO,PENDIENTE_DE_PAGO,SIN_CUBRIR,,REPORTE DE FEBRERO 2026,IMPORTABLE,
1821,2026-02-12,889,MONROE,EXACT,CARTON,CARTON,CARTON,SOURCE,EXACT,14510.000,12590.000,1920.000,0.000,0.000,0.000,0.000,1920.000,1920.000,1.400,1.400,MATCH,0.000,2688.000,2688.000,Pendiente,No Facturado,PENDIENTE_DE_FACTURAR,PENDIENTE_DE_PAGO,SIN_CUBRIR,,REPORTE 09-14 FEBRERO 2026,IMPORTABLE,
1822,2026-02-11,838,MONROE,EXACT,CARTON,CARTON,CARTON,SOURCE,EXACT,14590.000,12510.000,2080.000,0.000,0.000,0.000,0.000,2080.000,2080.000,1.400,1.400,MATCH,0.000,2912.000,2912.000,Pendiente,No Facturado,PENDIENTE_DE_FACTURAR,PENDIENTE_DE_PAGO,SIN_CUBRIR,,REPORTE 09-14 FEBRERO 2026,IMPORTABLE,
1823,2026-02-10,787,MONROE,EXACT,CARTON,CARTON,CARTON,SOURCE,EXACT,14900.000,12560.000,2340.000,0.000,0.000,0.000,0.000,2340.000,2340.000,1.400,1.400,MATCH,0.000,3276.000,3276.000,Pendiente,No Facturado,PENDIENTE_DE_FACTURAR,PENDIENTE_DE_PAGO,SIN_CUBRIR,,REPORTE 09-14 FEBRERO 2026,IMPORTABLE,
1824,2026-02-09,667,MONROE,EXACT,CARTON,CARTON,CARTON,SOURCE,EXACT,14370.000,12540.000,1830.000,0.000,0.000,0.000,0.000,1830.000,1830.000,1.400,1.400,MATCH,0.000,2562.000,2562.000,Pendiente,No Facturado,PENDIENTE_DE_FACTURAR,PENDIENTE_DE_PAGO,SIN_CUBRIR,,REPORTE 09-14 FEBRERO 2026,IMPORTABLE,
1825,2026-02-09,686,MONROE,EXACT,CARTON,CARTON,CARTON,SOURCE,EXACT,14910.000,13170.000,1740.000,0.000,0.000,0.000,0.000,1740.000,1740.000,1.400,1.400,MATCH,0.000,2436.000,2436.000,Pendiente,No Facturado,PENDIENTE_DE_FACTURAR,PENDIENTE_DE_PAGO,SIN_CUBRIR,,REPORTE 09-14 FEBRERO 2026,IMPORTABLE,
1826,2026-02-06,598,MONROE,EXACT,CARTON,CARTON,CARTON,SOURCE,EXACT,14520.000,12520.000,2000.000,0.000,0.000,0.000,0.000,2000.000,2000.000,1.400,1.400,MATCH,0.000,2800.000,2800.000,Pendiente,No Facturado,PENDIENTE_DE_FACTURAR,PENDIENTE_DE_PAGO,SIN_CUBRIR,,REPORTE 03-07 FEBRERO 2026,IMPORTABLE,
1827,2026-02-05,536,MONROE,EXACT,CARTON,CARTON,CARTON,SOURCE,EXACT,14590.000,12550.000,2040.000,0.000,0.000,0.000,0.000,2040.000,2040.000,1.400,1.400,MATCH,0.000,2856.000,2856.000,Pendiente,No Facturado,PENDIENTE_DE_FACTURAR,PENDIENTE_DE_PAGO,SIN_CUBRIR,,REPORTE 03-07 FEBRERO 2026,IMPORTABLE,
1828,2026-02-04,527,MONROE,EXACT,CARTON,CARTON,CARTON,SOURCE,EXACT,14060.000,12550.000,1510.000,0.000,0.000,0.000,0.000,1510.000,1510.000,1.400,1.400,MATCH,0.000,2114.000,2114.000,Pendiente,No Facturado,PENDIENTE_DE_FACTURAR,PENDIENTE_DE_PAGO,SIN_CUBRIR,,REPORTE 03-07 FEBRERO 2026,IMPORTABLE,
1829,2026-02-03,443,MONROE,EXACT,CARTON,CARTON,CARTON,SOURCE,EXACT,15400.000,13330.000,2070.000,0.000,0.000,0.000,0.000,2070.000,2070.000,1.400,1.400,MATCH,0.000,2898.000,2898.000,Pendiente,No Facturado,PENDIENTE_DE_FACTURAR,PENDIENTE_DE_PAGO,SIN_CUBRIR,,REPORTE 03-07 FEBRERO 2026,IMPORTABLE,
1830,2026-01-31,407,MONROE,EXACT,CARTON,CARTON,CARTON,SOURCE,EXACT,13910.000,12500.000,1410.000,0.000,0.000,0.000,0.000,1410.000,1410.000,1.400,1.400,MATCH,0.000,1974.000,1974.000,Pendiente,No Facturado,PENDIENTE_DE_FACTURAR,PENDIENTE_DE_PAGO,SIN_CUBRIR,,REPORTE 26-31 ENERO 2026,IMPORTABLE,
1831,2026-01-30,352,MONROE,EXACT,CARTON,CARTON,CARTON,SOURCE,EXACT,14380.000,12540.000,1840.000,0.000,0.000,0.000,0.000,1840.000,1840.000,1.400,1.400,MATCH,0.000,2576.000,2576.000,Pendiente,No Facturado,PENDIENTE_DE_FACTURAR,PENDIENTE_DE_PAGO,SIN_CUBRIR,,REPORTE 26-31 ENERO 2026,IMPORTABLE,
1832,2026-01-29,343,MONROE,EXACT,CARTON,CARTON,CARTON,SOURCE,EXACT,14410.000,12540.000,1870.000,0.000,0.000,0.000,0.000,1870.000,1870.000,1.400,1.400,MATCH,0.000,2618.000,2618.000,Pendiente,No Facturado,PENDIENTE_DE_FACTURAR,PENDIENTE_DE_PAGO,SIN_CUBRIR,,REPORTE 26-31 ENERO 2026,IMPORTABLE,
1833,2026-01-28,239,MONROE,EXACT,CARTON,CARTON,CARTON,SOURCE,EXACT,14370.000,12530.000,1840.000,0.000,0.000,0.000,0.000,1840.000,1840.000,1.400,1.400,MATCH,0.000,2576.000,2576.000,Pendiente,No Facturado,PENDIENTE_DE_FACTURAR,PENDIENTE_DE_PAGO,SIN_CUBRIR,,REPORTE 26-31 ENERO 2026,IMPORTABLE,
1834,2026-01-27,228,MONROE,EXACT,CARTON,CARTON,CARTON,SOURCE,EXACT,14390.000,12530.000,1860.000,0.000,0.000,0.000,0.000,1860.000,1860.000,1.400,1.400,MATCH,0.000,2604.000,2604.000,Pendiente,No Facturado,PENDIENTE_DE_FACTURAR,PENDIENTE_DE_PAGO,SIN_CUBRIR,,REPORTE 26-31 ENERO 2026,IMPORTABLE,
1835,2026-01-26,137,MONROE,EXACT,CARTON,CARTON,CARTON,SOURCE,EXACT,15210.000,13140.000,2070.000,0.000,0.000,0.000,0.000,2070.000,2070.000,1.400,1.400,MATCH,0.000,2898.000,2898.000,Pendiente,No Facturado,PENDIENTE_DE_FACTURAR,PENDIENTE_DE_PAGO,SIN_CUBRIR,,REPORTE 26-31 ENERO 2026,IMPORTABLE,
1836,2026-01-24,91,MONROE,EXACT,CARTON,CARTON,CARTON,SOURCE,EXACT,13980.000,12520.000,1460.000,0.000,0.000,0.000,0.000,1460.000,1460.000,1.400,1.400,MATCH,0.000,2044.000,2044.000,Pendiente,No Facturado,PENDIENTE_DE_FACTURAR,PENDIENTE_DE_PAGO,SIN_CUBRIR,,REPORTE 19-24 ENERO 2026,IMPORTABLE,
1837,2026-01-23,27,MONROE,EXACT,CARTON,CARTON,CARTON,SOURCE,EXACT,14240.000,12540.000,1700.000,0.000,0.000,0.000,0.000,1700.000,1700.000,1.400,1.400,MATCH,0.000,2380.000,2380.000,Pendiente,No Facturado,PENDIENTE_DE_FACTURAR,PENDIENTE_DE_PAGO,SIN_CUBRIR,,REPORTE 19-24 ENERO 2026,IMPORTABLE,
1838,2026-01-22,14978,MONROE,EXACT,CARTON,CARTON,CARTON,SOURCE,EXACT,14490.000,12540.000,1950.000,0.000,0.000,0.000,0.000,1950.000,1950.000,1.400,1.400,MATCH,0.000,2730.000,2730.000,Pendiente,No Facturado,PENDIENTE_DE_FACTURAR,PENDIENTE_DE_PAGO,SIN_CUBRIR,,REPORTE 19-24 ENERO 2026,IMPORTABLE,
1839,2026-01-21,14923,MONROE,EXACT,CARTON,CARTON,CARTON,SOURCE,EXACT,14020.000,12570.000,1450.000,0.000,0.000,0.000,0.000,1450.000,1450.000,1.400,1.400,MATCH,0.000,2030.000,2030.000,Pendiente,No Facturado,PENDIENTE_DE_FACTURAR,PENDIENTE_DE_PAGO,SIN_CUBRIR,,REPORTE 19-24 ENERO 2026,IMPORTABLE,
1840,2026-01-20,14874,MONROE,EXACT,CARTON,CARTON,CARTON,SOURCE,EXACT,14180.000,12520.000,1660.000,0.000,0.000,0.000,0.000,1660.000,1660.000,1.400,1.400,MATCH,0.000,2324.000,2324.000,Pendiente,No Facturado,PENDIENTE_DE_FACTURAR,PENDIENTE_DE_PAGO,SIN_CUBRIR,,REPORTE 19-24 ENERO 2026,IMPORTABLE,
1841,2026-01-19,14837,MONROE,EXACT,CARTON,CARTON,CARTON,SOURCE,EXACT,13890.000,12520.000,1370.000,0.000,0.000,0.000,0.000,1370.000,1370.000,1.400,1.400,MATCH,0.000,1918.000,1918.000,Pendiente,No Facturado,PENDIENTE_DE_FACTURAR,PENDIENTE_DE_PAGO,SIN_CUBRIR,,REPORTE 19-24 ENERO 2026,IMPORTABLE,
1842,2026-01-17,14834,MONROE,EXACT,CARTON,CARTON,CARTON,SOURCE,EXACT,15040.000,13400.000,1640.000,0.000,0.000,0.000,0.000,1640.000,1640.000,1.400,1.400,MATCH,0.000,2296.000,2296.000,Pendiente,No Facturado,PENDIENTE_DE_FACTURAR,PENDIENTE_DE_PAGO,SIN_CUBRIR,,REPORTE 12-17 ENERO 2026,IMPORTABLE,
1843,2026-01-16,14729,MONROE,EXACT,CARTON,CARTON,CARTON,SOURCE,EXACT,14320.000,12530.000,1790.000,0.000,0.000,0.000,0.000,1790.000,1790.000,1.400,1.400,MATCH,0.000,2506.000,2506.000,Pendiente,No Facturado,PENDIENTE_DE_FACTURAR,PENDIENTE_DE_PAGO,SIN_CUBRIR,,REPORTE 12-17 ENERO 2026,IMPORTABLE,
1844,2026-01-16,56,DECASA,EXACT,CARTON,CARTON,CARTON,SOURCE,EXACT,13810.000,12220.000,1590.000,0.000,0.000,0.000,0.000,1590.000,1590.000,1.100,1.100,MATCH,0.000,1749.000,1749.000,Pendiente,Facturado,FACTURADO,PENDIENTE_DE_PAGO,SIN_CUBRIR,,ORDEN DE PAGO 66,IMPORTABLE,
1845,2026-01-16,62,DECASA,EXACT,CARTON,CARTON,CARTON,SOURCE,EXACT,14620.000,13055.000,1565.000,0.000,0.000,0.000,0.000,1565.000,1565.000,1.100,1.100,MATCH,0.000,1721.500,1721.500,Pendiente,Facturado,FACTURADO,PENDIENTE_DE_PAGO,SIN_CUBRIR,,ORDEN DE PAGO 66,IMPORTABLE,
1846,2026-01-15,14667,MONROE,EXACT,CARTON,CARTON,CARTON,SOURCE,EXACT,13920.000,12540.000,1380.000,0.000,0.000,0.000,0.000,1380.000,1380.000,1.400,1.400,MATCH,0.000,1932.000,1932.000,Pendiente,No Facturado,PENDIENTE_DE_FACTURAR,PENDIENTE_DE_PAGO,SIN_CUBRIR,,REPORTE 12-17 ENERO 2026,IMPORTABLE,
1847,2026-01-14,14602,MONROE,EXACT,CARTON,CARTON,CARTON,SOURCE,EXACT,13710.000,12510.000,1200.000,0.000,0.000,0.000,0.000,1200.000,1200.000,1.400,1.400,MATCH,0.000,1680.000,1680.000,Pendiente,No Facturado,PENDIENTE_DE_FACTURAR,PENDIENTE_DE_PAGO,SIN_CUBRIR,,REPORTE 12-17 ENERO 2026,IMPORTABLE,
1848,2026-01-14,46,DECASA,EXACT,CARTON,CARTON,CARTON,SOURCE,EXACT,14855.000,13090.000,1765.000,0.000,0.000,0.000,0.000,1765.000,1765.000,1.100,1.100,MATCH,0.000,1941.500,1941.500,Pendiente,Facturado,FACTURADO,PENDIENTE_DE_PAGO,SIN_CUBRIR,,ORDEN DE PAGO 66,IMPORTABLE,
1849,2026-01-13,14539,MONROE,EXACT,CARTON,CARTON,CARTON,SOURCE,EXACT,13960.000,12530.000,1430.000,0.000,0.000,0.000,0.000,1430.000,1430.000,1.400,1.400,MATCH,0.000,2002.000,2002.000,Pendiente,No Facturado,PENDIENTE_DE_FACTURAR,PENDIENTE_DE_PAGO,SIN_CUBRIR,,REPORTE 12-17 ENERO 2026,IMPORTABLE,
1850,2026-01-13,39,DECASA,EXACT,CARTON,CARTON,CARTON,SOURCE,EXACT,14090.000,12295.000,1795.000,0.000,10.000,0.000,0.557,1785.000,1785.000,1.100,1.100,MATCH,0.000,1963.500,1963.500,Pendiente,Facturado,FACTURADO,PENDIENTE_DE_PAGO,SIN_CUBRIR,,ORDEN DE PAGO 66,IMPORTABLE,
1851,2026-01-12,14438,MONROE,EXACT,CARTON,CARTON,CARTON,SOURCE,EXACT,15210.000,12570.000,2640.000,0.000,0.000,0.000,0.000,2640.000,2640.000,1.400,1.400,MATCH,0.000,3696.000,3696.000,Pendiente,No Facturado,PENDIENTE_DE_FACTURAR,PENDIENTE_DE_PAGO,SIN_CUBRIR,,REPORTE 12-17 ENERO 2026,IMPORTABLE,
1852,2026-01-12,14544,MONROE,EXACT,CARTON,CARTON,CARTON,SOURCE,EXACT,5480.000,4970.000,510.000,0.000,0.000,0.000,0.000,510.000,510.000,1.400,1.400,MATCH,0.000,714.000,714.000,Pendiente,No Facturado,PENDIENTE_DE_FACTURAR,PENDIENTE_DE_PAGO,SIN_CUBRIR,,REPORTE 12-17 ENERO 2026,IMPORTABLE,
1853,2026-01-12,25,DECASA,EXACT,CARTON,CARTON,CARTON,SOURCE,EXACT,14035.000,12240.000,1795.000,0.000,0.000,0.000,0.000,1795.000,1795.000,1.100,1.100,MATCH,0.000,1974.500,1974.500,Pendiente,Facturado,FACTURADO,PENDIENTE_DE_PAGO,SIN_CUBRIR,,ORDEN DE PAGO 66,IMPORTABLE,
1854,2026-01-09,14376,MONROE,EXACT,CARTON,CARTON,CARTON,SOURCE,EXACT,14230.000,12510.000,1720.000,0.000,0.000,0.000,0.000,1720.000,1720.000,1.400,1.400,MATCH,0.000,2408.000,2408.000,Pendiente,No Facturado,PENDIENTE_DE_FACTURAR,PENDIENTE_DE_PAGO,SIN_CUBRIR,,REPORTE 02-09 ENERO 2026,IMPORTABLE,
1855,2026-01-08,14333,MONROE,EXACT,CARTON,CARTON,CARTON,SOURCE,EXACT,14020.000,12540.000,1480.000,0.000,0.000,0.000,0.000,1480.000,1480.000,1.400,1.400,MATCH,0.000,2072.000,2072.000,Pendiente,No Facturado,PENDIENTE_DE_FACTURAR,PENDIENTE_DE_PAGO,SIN_CUBRIR,,REPORTE 02-09 ENERO 2026,IMPORTABLE,
1856,2026-01-07,14284,MONROE,EXACT,CARTON,CARTON,CARTON,SOURCE,EXACT,14100.000,12480.000,1620.000,0.000,0.000,0.000,0.000,1620.000,1620.000,1.400,1.400,MATCH,0.000,2268.000,2268.000,Pendiente,No Facturado,PENDIENTE_DE_FACTURAR,PENDIENTE_DE_PAGO,SIN_CUBRIR,,REPORTE 02-09 ENERO 2026,IMPORTABLE,
1857,2026-01-06,14275,MONROE,EXACT,CARTON,CARTON,CARTON,SOURCE,EXACT,14480.000,12480.000,2000.000,0.000,0.000,0.000,0.000,2000.000,2000.000,1.400,1.400,MATCH,0.000,2800.000,2800.000,Pendiente,No Facturado,PENDIENTE_DE_FACTURAR,PENDIENTE_DE_PAGO,SIN_CUBRIR,,REPORTE 02-09 ENERO 2026,IMPORTABLE,
1858,2026-01-05,14230,MONROE,EXACT,CARTON,CARTON,CARTON,SOURCE,EXACT,14590.000,12510.000,2080.000,0.000,0.000,0.000,0.000,2080.000,2080.000,1.400,1.400,MATCH,0.000,2912.000,2912.000,Pendiente,No Facturado,PENDIENTE_DE_FACTURAR,PENDIENTE_DE_PAGO,SIN_CUBRIR,,REPORTE 02-09 ENERO 2026,IMPORTABLE,
1859,2026-01-02,14187,MONROE,EXACT,CARTON,CARTON,CARTON,SOURCE,EXACT,13250.000,12450.000,800.000,0.000,0.000,0.000,0.000,800.000,800.000,1.400,1.400,MATCH,0.000,1120.000,1120.000,Pendiente,No Facturado,PENDIENTE_DE_FACTURAR,PENDIENTE_DE_PAGO,SIN_CUBRIR,,REPORTE 02-09 ENERO 2026,IMPORTABLE,
1860,2025-12-30,14137,MONROE,EXACT,CARTON,CARTON,CARTON,SOURCE,EXACT,14330.000,12500.000,1830.000,0.000,0.000,0.000,0.000,1830.000,1830.000,1.400,1.400,MATCH,0.000,2562.000,2562.000,Pendiente,No Facturado,PENDIENTE_DE_FACTURAR,PENDIENTE_DE_PAGO,SIN_CUBRIR,,REPORTE 29-31 DICIEMBRE 2025,IMPORTABLE,
1861,2025-12-29,14087,MONROE,EXACT,CARTON,CARTON,CARTON,SOURCE,EXACT,14540.000,12490.000,2050.000,0.000,0.000,0.000,0.000,2050.000,2050.000,1.400,1.400,MATCH,0.000,2870.000,2870.000,Pendiente,No Facturado,PENDIENTE_DE_FACTURAR,PENDIENTE_DE_PAGO,SIN_CUBRIR,,REPORTE 29-31 DICIEMBRE 2025,IMPORTABLE,
1862,2025-12-18,13718,MONROE,EXACT,CARTON,CARTON,CARTON,SOURCE,EXACT,14090.000,12490.000,1600.000,0.000,0.000,0.000,0.000,1600.000,1600.000,1.400,1.400,MATCH,0.000,2240.000,2240.000,Pendiente,Facturado,FACTURADO,PENDIENTE_DE_PAGO,SIN_CUBRIR,,REPORTE 15-19 DICIEMBRE 2025,IMPORTABLE,
1863,2025-12-12,13521,MONROE,EXACT,CARTON,CARTON,CARTON,SOURCE,EXACT,14450.000,12520.000,1930.000,0.000,0.000,0.000,0.000,1930.000,1930.000,1.400,1.400,MATCH,0.000,2702.000,2702.000,Pendiente,No Facturado,PENDIENTE_DE_FACTURAR,PENDIENTE_DE_PAGO,SIN_CUBRIR,,Reporte 08-12 diciembre 2025,IMPORTABLE,
1864,2025-12-11,13417,MONROE,EXACT,CARTON,CARTON,CARTON,SOURCE,EXACT,14260.000,12460.000,1800.000,0.000,0.000,0.000,0.000,1800.000,1800.000,1.400,1.400,MATCH,0.000,2520.000,2520.000,Pendiente,No Facturado,PENDIENTE_DE_FACTURAR,PENDIENTE_DE_PAGO,SIN_CUBRIR,,Reporte 08-12 diciembre 2025,IMPORTABLE,
1865,2025-12-10,13372,MONROE,EXACT,CARTON,CARTON,CARTON,SOURCE,EXACT,14400.000,12570.000,1830.000,0.000,0.000,0.000,0.000,1830.000,1830.000,1.400,1.400,MATCH,0.000,2562.000,2562.000,Pendiente,No Facturado,PENDIENTE_DE_FACTURAR,PENDIENTE_DE_PAGO,SIN_CUBRIR,,Reporte 08-12 diciembre 2025,IMPORTABLE,
1866,2025-12-09,13362,MONROE,EXACT,CARTON,CARTON,CARTON,SOURCE,EXACT,14340.000,12570.000,1770.000,0.000,0.000,0.000,0.000,1770.000,1770.000,1.400,1.400,MATCH,0.000,2478.000,2478.000,Pendiente,No Facturado,PENDIENTE_DE_FACTURAR,PENDIENTE_DE_PAGO,SIN_CUBRIR,,Reporte 08-12 diciembre 2025,IMPORTABLE,
1867,2025-12-08,13271,MONROE,EXACT,CARTON,CARTON,CARTON,SOURCE,EXACT,14760.000,13040.000,1720.000,0.000,0.000,0.000,0.000,1720.000,1720.000,1.400,1.400,MATCH,0.000,2408.000,2408.000,Pendiente,No Facturado,PENDIENTE_DE_FACTURAR,PENDIENTE_DE_PAGO,SIN_CUBRIR,,Reporte 08-12 diciembre 2025,IMPORTABLE,
1868,2025-12-02,13022,MONROE,EXACT,CARTON,CARTON,CARTON,SOURCE,EXACT,14420.000,12490.000,1930.000,0.000,0.000,0.000,0.000,1930.000,1930.000,1.400,1.400,MATCH,0.000,2702.000,2702.000,Pendiente,Facturado,FACTURADO,PENDIENTE_DE_PAGO,SIN_CUBRIR,,Reporte 01-06 diciembre 2025,IMPORTABLE,
1869,2025-12-01,12972,MONROE,EXACT,CARTON,CARTON,CARTON,SOURCE,EXACT,14860.000,12990.000,1870.000,0.000,0.000,0.000,0.000,1870.000,1870.000,1.400,1.400,MATCH,0.000,2618.000,2618.000,Pendiente,Facturado,FACTURADO,PENDIENTE_DE_PAGO,SIN_CUBRIR,,Reporte 01-06 diciembre 2025,IMPORTABLE,
1870,2025-11-26,12772,MONROE,EXACT,CARTON,CARTON,CARTON,SOURCE,EXACT,5410.000,4670.000,740.000,0.000,0.000,0.000,0.000,740.000,740.000,1.400,1.400,MATCH,0.000,1036.000,1036.000,Pendiente,Facturado,FACTURADO,PENDIENTE_DE_PAGO,SIN_CUBRIR,,Reporte 24-28 noviembre  2025,IMPORTABLE,
1871,2025-11-22,12633,MONROE,EXACT,CARTON,CARTON,CARTON,SOURCE,EXACT,14110.000,12420.000,1690.000,0.000,0.000,0.000,0.000,1690.000,1690.000,1.400,1.400,MATCH,0.000,2366.000,2366.000,Pendiente,Facturado,FACTURADO,PENDIENTE_DE_PAGO,SIN_CUBRIR,,Reporte 17-21 noviembre  2025,IMPORTABLE,
1872,2025-11-18,12391,MONROE,EXACT,CARTON,CARTON,CARTON,SOURCE,EXACT,15630.000,13110.000,2520.000,0.000,0.000,0.000,0.000,2520.000,2520.000,1.400,1.400,MATCH,0.000,3528.000,3528.000,Pendiente,Facturado,FACTURADO,PENDIENTE_DE_PAGO,SIN_CUBRIR,,Reporte 17-21 noviembre  2025,IMPORTABLE,
1873,2025-11-15,12333,MONROE,EXACT,CARTON,CARTON,CARTON,SOURCE,EXACT,14030.000,13110.000,920.000,0.000,0.000,0.000,0.000,920.000,920.000,1.400,1.400,MATCH,0.000,1288.000,1288.000,Pendiente,Facturado,FACTURADO,PENDIENTE_DE_PAGO,SIN_CUBRIR,,Reporte 10-14 noviembre  2025,IMPORTABLE,
1874,2025-11-13,1017,KS,EXACT,CARTON,CARTON,CARTON,SOURCE,EXACT,720.000,0.000,720.000,0.000,0.000,0.000,0.000,720.000,720.000,1.000,1.000,MATCH,0.000,720.000,720.000,Pendiente,Facturado,FACTURADO,PENDIENTE_DE_PAGO,SIN_CUBRIR,,,IMPORTABLE,
1875,2025-11-12,1016,KS,EXACT,CARTON,CARTON,CARTON,SOURCE,EXACT,690.000,0.000,690.000,0.000,0.000,0.000,0.000,690.000,690.000,1.000,1.000,MATCH,0.000,690.000,690.000,Pendiente,Facturado,FACTURADO,PENDIENTE_DE_PAGO,SIN_CUBRIR,,,IMPORTABLE,
1876,2025-11-11,1015,KS,EXACT,CARTON,CARTON,CARTON,SOURCE,EXACT,690.000,0.000,690.000,0.000,0.000,0.000,0.000,690.000,690.000,1.000,1.000,MATCH,0.000,690.000,690.000,Pendiente,Facturado,FACTURADO,PENDIENTE_DE_PAGO,SIN_CUBRIR,,,IMPORTABLE,
1877,2025-11-10,11976,MONROE,EXACT,CARTON,CARTON,CARTON,SOURCE,EXACT,14640.000,13380.000,1260.000,0.000,0.000,0.000,0.000,1260.000,1260.000,1.400,1.400,MATCH,0.000,1764.000,1764.000,Pendiente,Facturado,FACTURADO,PENDIENTE_DE_PAGO,SIN_CUBRIR,,Reporte 10-14 noviembre  2025,IMPORTABLE,
1878,2025-11-10,1014,KS,EXACT,CARTON,CARTON,CARTON,SOURCE,EXACT,690.000,0.000,690.000,0.000,0.000,0.000,0.000,690.000,690.000,1.000,1.000,MATCH,0.000,690.000,690.000,Pendiente,Facturado,FACTURADO,PENDIENTE_DE_PAGO,SIN_CUBRIR,,,IMPORTABLE,
1879,2025-11-10,1014,KS,EXACT,CARTON,CARTON,CARTON,SOURCE,EXACT,660.000,0.000,660.000,0.000,0.000,0.000,0.000,660.000,660.000,1.000,1.000,MATCH,0.000,660.000,660.000,Pendiente,Facturado,FACTURADO,PENDIENTE_DE_PAGO,SIN_CUBRIR,,,IMPORTABLE,
1880,2025-11-07,11933,MONROE,EXACT,CARTON,CARTON,CARTON,SOURCE,EXACT,14660.000,13140.000,1520.000,0.000,0.000,0.000,0.000,1520.000,1520.000,1.400,1.400,MATCH,0.000,2128.000,2128.000,Pendiente,No Facturado,PENDIENTE_DE_FACTURAR,PENDIENTE_DE_PAGO,SIN_CUBRIR,,Reporte 01-07 noviembre  2025,IMPORTABLE,
1881,2025-11-07,1013,KS,EXACT,CARTON,CARTON,CARTON,SOURCE,EXACT,650.000,0.000,650.000,0.000,0.000,0.000,0.000,650.000,650.000,1.000,1.000,MATCH,0.000,650.000,650.000,Pendiente,Facturado,FACTURADO,PENDIENTE_DE_PAGO,SIN_CUBRIR,,,IMPORTABLE,
1882,2025-11-07,1013,KS,EXACT,CARTON,CARTON,CARTON,SOURCE,EXACT,530.000,0.000,530.000,0.000,0.000,0.000,0.000,530.000,530.000,1.000,1.000,MATCH,0.000,530.000,530.000,Pendiente,Facturado,FACTURADO,PENDIENTE_DE_PAGO,SIN_CUBRIR,,,IMPORTABLE,
1883,2025-11-06,11879,MONROE,EXACT,CARTON,CARTON,CARTON,SOURCE,EXACT,14990.000,13110.000,1880.000,0.000,0.000,0.000,0.000,1880.000,1880.000,1.400,1.400,MATCH,0.000,2632.000,2632.000,Pendiente,No Facturado,PENDIENTE_DE_FACTURAR,PENDIENTE_DE_PAGO,SIN_CUBRIR,,Reporte 01-07 noviembre  2025,IMPORTABLE,
1884,2025-11-06,1012,KS,EXACT,CARTON,CARTON,CARTON,SOURCE,EXACT,720.000,0.000,720.000,0.000,0.000,0.000,0.000,720.000,720.000,1.000,1.000,MATCH,0.000,720.000,720.000,Pendiente,Facturado,FACTURADO,PENDIENTE_DE_PAGO,SIN_CUBRIR,,,IMPORTABLE,
1885,2025-11-05,11810,MONROE,EXACT,CARTON,CARTON,CARTON,SOURCE,EXACT,14760.000,13150.000,1610.000,0.000,0.000,0.000,0.000,1610.000,1610.000,1.400,1.400,MATCH,0.000,2254.000,2254.000,Pendiente,No Facturado,PENDIENTE_DE_FACTURAR,PENDIENTE_DE_PAGO,SIN_CUBRIR,,Reporte 01-07 noviembre  2025,IMPORTABLE,
1886,2025-11-05,1011,KS,EXACT,CARTON,CARTON,CARTON,SOURCE,EXACT,610.000,0.000,610.000,0.000,0.000,0.000,0.000,610.000,610.000,1.000,1.000,MATCH,0.000,610.000,610.000,Pendiente,Facturado,FACTURADO,PENDIENTE_DE_PAGO,SIN_CUBRIR,,,IMPORTABLE,
1887,2025-11-04,11772,MONROE,EXACT,CARTON,CARTON,CARTON,SOURCE,EXACT,15150.000,13130.000,2020.000,0.000,0.000,0.000,0.000,2020.000,2020.000,1.400,1.400,MATCH,0.000,2828.000,2828.000,Pendiente,No Facturado,PENDIENTE_DE_FACTURAR,PENDIENTE_DE_PAGO,SIN_CUBRIR,,Reporte 01-07 noviembre  2025,IMPORTABLE,
1888,2025-11-04,1010,KS,EXACT,CARTON,CARTON,CARTON,SOURCE,EXACT,700.000,0.000,700.000,0.000,0.000,0.000,0.000,700.000,700.000,1.000,1.000,MATCH,0.000,700.000,700.000,Pendiente,Facturado,FACTURADO,PENDIENTE_DE_PAGO,SIN_CUBRIR,,REPORTE NOVIEMBRE 2025,IMPORTABLE,
1889,2025-11-04,1010,KS,EXACT,CARTON,CARTON,CARTON,SOURCE,EXACT,860.000,0.000,860.000,0.000,0.000,0.000,0.000,860.000,860.000,1.000,1.000,MATCH,0.000,860.000,860.000,Pendiente,Facturado,FACTURADO,PENDIENTE_DE_PAGO,SIN_CUBRIR,,REPORTE NOVIEMBRE 2025,IMPORTABLE,
1890,2025-11-03,11684,MONROE,EXACT,CARTON,CARTON,CARTON,SOURCE,EXACT,14820.000,13180.000,1640.000,0.000,0.000,0.000,0.000,1640.000,1640.000,1.400,1.400,MATCH,0.000,2296.000,2296.000,Pendiente,No Facturado,PENDIENTE_DE_FACTURAR,PENDIENTE_DE_PAGO,SIN_CUBRIR,,Reporte 01-07 noviembre  2025,IMPORTABLE,
1891,2025-11-03,1009,KS,EXACT,CARTON,CARTON,CARTON,SOURCE,EXACT,600.000,0.000,600.000,0.000,0.000,0.000,0.000,600.000,600.000,1.000,1.000,MATCH,0.000,600.000,600.000,Pendiente,Facturado,FACTURADO,PENDIENTE_DE_PAGO,SIN_CUBRIR,,REPORTE NOVIEMBRE 2025,IMPORTABLE,
1892,2025-11-01,11683,MONROE,EXACT,CARTON,CARTON,CARTON,SOURCE,EXACT,15040.000,13180.000,1860.000,0.000,0.000,0.000,0.000,1860.000,1860.000,1.400,1.400,MATCH,0.000,2604.000,2604.000,Pendiente,No Facturado,PENDIENTE_DE_FACTURAR,PENDIENTE_DE_PAGO,SIN_CUBRIR,,Reporte 01-07 noviembre  2025,IMPORTABLE,
1893,2025-10-25,11398,MONROE,EXACT,CARTON,CARTON,CARTON,SOURCE,EXACT,15120.000,13140.000,1980.000,0.000,0.000,0.000,0.000,1980.000,1980.000,1.400,1.400,MATCH,0.000,2772.000,2772.000,Pendiente,Facturado,FACTURADO,PENDIENTE_DE_PAGO,SIN_CUBRIR,,Reporte 20-24 octubre 2025,IMPORTABLE,
1894,2025-10-23,11309,MONROE,EXACT,CARTON,CARTON,CARTON,SOURCE,EXACT,14220.000,12550.000,1670.000,0.000,0.000,0.000,0.000,1670.000,1670.000,1.400,1.400,MATCH,0.000,2338.000,2338.000,Pendiente,Facturado,FACTURADO,PENDIENTE_DE_PAGO,SIN_CUBRIR,,Reporte 20-24 octubre 2025,IMPORTABLE,
1895,2025-10-20,11151,MONROE,EXACT,CARTON,CARTON,CARTON,SOURCE,EXACT,14780.000,13010.000,1770.000,0.000,0.000,0.000,0.000,1770.000,1770.000,1.400,1.400,MATCH,0.000,2478.000,2478.000,Pendiente,Facturado,FACTURADO,PENDIENTE_DE_PAGO,SIN_CUBRIR,,Reporte 20-24 octubre 2025,IMPORTABLE,
1896,2025-10-13,10782,MONROE,EXACT,CARTON,CARTON,CARTON,SOURCE,EXACT,14600.000,13630.000,970.000,0.000,0.000,0.000,0.000,970.000,970.000,1.400,1.400,MATCH,0.000,1358.000,1358.000,Pendiente,No Facturado,PENDIENTE_DE_FACTURAR,PENDIENTE_DE_PAGO,SIN_CUBRIR,,Reporte 13-17 octubre 2025,IMPORTABLE,
1897,2025-10-13,10781,MONROE,EXACT,CARTON,CARTON,CARTON,SOURCE,EXACT,16160.000,13630.000,2530.000,0.000,0.000,0.000,0.000,2530.000,2530.000,1.400,1.400,MATCH,0.000,3542.000,3542.000,Pendiente,No Facturado,PENDIENTE_DE_FACTURAR,PENDIENTE_DE_PAGO,SIN_CUBRIR,,Reporte 13-17 octubre 2025,IMPORTABLE,
1898,2025-09-30,10279,MONROE,EXACT,CARTON,CARTON,CARTON,SOURCE,EXACT,14020.000,12500.000,1520.000,0.000,0.000,0.000,0.000,1520.000,1520.000,1.400,1.400,MATCH,0.000,2128.000,2128.000,Pendiente,Facturado,FACTURADO,PENDIENTE_DE_PAGO,SIN_CUBRIR,,Reporte 22-30 septiembre 2025,IMPORTABLE,
1899,2025-09-24,1000013,MONROE,EXACT,CARTON,CARTON,CARTON,SOURCE,EXACT,14870.000,12530.000,2340.000,0.000,0.000,0.000,0.000,2340.000,2340.000,1.400,1.400,MATCH,0.000,3276.000,3276.000,Pendiente,Facturado,FACTURADO,PENDIENTE_DE_PAGO,SIN_CUBRIR,,Reporte 22-30 septiembre 2025,IMPORTABLE,
1900,2025-09-19,9802,MONROE,EXACT,CARTON,CARTON,CARTON,SOURCE,EXACT,14350.000,12520.000,1830.000,0.000,0.000,0.000,0.000,1830.000,1830.000,1.400,1.400,MATCH,0.000,2562.000,2562.000,Pendiente,Facturado,FACTURADO,PENDIENTE_DE_PAGO,SIN_CUBRIR,,Reporte 15-19 septiembre 2025,IMPORTABLE,
1901,2025-09-18,9788,MONROE,EXACT,CARTON,CARTON,CARTON,SOURCE,EXACT,14000.000,12520.000,1480.000,0.000,0.000,0.000,0.000,1480.000,1480.000,1.400,1.400,MATCH,0.000,2072.000,2072.000,Pendiente,Facturado,FACTURADO,PENDIENTE_DE_PAGO,SIN_CUBRIR,,Reporte 15-19 septiembre 2025,IMPORTABLE,
1902,2025-09-17,72435,RICARDO GARCIA MENDIETA,EXACT,CARTON,CARTON,CARTON,SOURCE,EXACT,49820.000,16250.000,33570.000,0.000,0.000,0.000,0.000,33570.000,33570.000,3.000,3.000,MATCH,0.000,100710.000,100710.000,Pendiente,No Facturado,PENDIENTE_DE_FACTURAR,PENDIENTE_DE_PAGO,SIN_CUBRIR,,,IMPORTABLE,
1903,2025-09-15,9654,MONROE,EXACT,CARTON,CARTON,CARTON,SOURCE,EXACT,14410.000,13120.000,1290.000,0.000,0.000,0.000,0.000,1290.000,1290.000,1.400,1.400,MATCH,0.000,1806.000,1806.000,Pendiente,Facturado,FACTURADO,PENDIENTE_DE_PAGO,SIN_CUBRIR,,Reporte 15-19 septiembre 2025,IMPORTABLE,
1904,2025-09-12,9581,MONROE,EXACT,CARTON,CARTON,CARTON,SOURCE,EXACT,14140.000,12480.000,1660.000,0.000,0.000,0.000,0.000,1660.000,1660.000,1.400,1.400,MATCH,0.000,2324.000,2324.000,Pendiente,Facturado,FACTURADO,PENDIENTE_DE_PAGO,SIN_CUBRIR,,Reporte 08-12 septiembre 2025,IMPORTABLE,
1905,2025-09-09,9466,MONROE,EXACT,CARTON,CARTON,CARTON,SOURCE,EXACT,14290.000,12520.000,1770.000,0.000,0.000,0.000,0.000,1770.000,1770.000,1.400,1.400,MATCH,0.000,2478.000,2478.000,Pendiente,Facturado,FACTURADO,PENDIENTE_DE_PAGO,SIN_CUBRIR,,Reporte 08-12 septiembre 2025,IMPORTABLE,
1906,2025-09-08,9371,MONROE,EXACT,CARTON,CARTON,CARTON,SOURCE,EXACT,14370.000,12410.000,1960.000,0.000,0.000,0.000,0.000,1960.000,1960.000,1.400,1.400,MATCH,0.000,2744.000,2744.000,Pendiente,No Facturado,PENDIENTE_DE_FACTURAR,PENDIENTE_DE_PAGO,SIN_CUBRIR,,Reporte 08-12 septiembre 2025,IMPORTABLE,
1907,2025-09-08,9372,MONROE,EXACT,CARTON,CARTON,CARTON,SOURCE,EXACT,14350.000,12410.000,1940.000,0.000,0.000,0.000,0.000,1940.000,1940.000,1.400,1.400,MATCH,0.000,2716.000,2716.000,Pendiente,No Facturado,PENDIENTE_DE_FACTURAR,PENDIENTE_DE_PAGO,SIN_CUBRIR,,Reporte 08-12 septiembre 2025,IMPORTABLE,
1908,2025-09-05,9285,MONROE,EXACT,CARTON,CARTON,CARTON,SOURCE,EXACT,14120.000,12550.000,1570.000,0.000,0.000,0.000,0.000,1570.000,1570.000,1.400,1.400,MATCH,0.000,2198.000,2198.000,Pendiente,No Facturado,PENDIENTE_DE_FACTURAR,PENDIENTE_DE_PAGO,SIN_CUBRIR,,Reporte 01-05 septiembre 2025,IMPORTABLE,
1909,2025-09-04,9240,MONROE,EXACT,CARTON,CARTON,CARTON,SOURCE,EXACT,14300.000,12490.000,1810.000,0.000,0.000,0.000,0.000,1810.000,1810.000,1.400,1.400,MATCH,0.000,2534.000,2534.000,Pendiente,No Facturado,PENDIENTE_DE_FACTURAR,PENDIENTE_DE_PAGO,SIN_CUBRIR,,Reporte 01-05 septiembre 2025,IMPORTABLE,
1910,2025-09-03,9230,MONROE,EXACT,CARTON,CARTON,CARTON,SOURCE,EXACT,14690.000,12490.000,2200.000,0.000,0.000,0.000,0.000,2200.000,2200.000,1.400,1.400,MATCH,0.000,3080.000,3080.000,Pendiente,No Facturado,PENDIENTE_DE_FACTURAR,PENDIENTE_DE_PAGO,SIN_CUBRIR,,Reporte 01-05 septiembre 2025,IMPORTABLE,
1911,2025-09-02,9113,MONROE,EXACT,CARTON,CARTON,CARTON,SOURCE,EXACT,14410.000,13060.000,1350.000,0.000,0.000,0.000,0.000,1350.000,1350.000,1.400,1.400,MATCH,0.000,1890.000,1890.000,Pendiente,No Facturado,PENDIENTE_DE_FACTURAR,PENDIENTE_DE_PAGO,SIN_CUBRIR,,Reporte 01-05 septiembre 2025,IMPORTABLE,
1912,2025-09-01,8969,MONROE,EXACT,CARTON,CARTON,CARTON,SOURCE,EXACT,14230.000,12420.000,1810.000,0.000,0.000,0.000,0.000,1810.000,1810.000,1.400,1.400,MATCH,0.000,2534.000,2534.000,Pendiente,No Facturado,PENDIENTE_DE_FACTURAR,PENDIENTE_DE_PAGO,SIN_CUBRIR,,Reporte 01-05 septiembre 2025,IMPORTABLE,
1913,2025-09-01,9035,MONROE,EXACT,CARTON,CARTON,CARTON,SOURCE,EXACT,14310.000,13230.000,1080.000,0.000,0.000,0.000,0.000,1080.000,1080.000,1.400,1.400,MATCH,0.000,1512.000,1512.000,Pendiente,No Facturado,PENDIENTE_DE_FACTURAR,PENDIENTE_DE_PAGO,SIN_CUBRIR,,Reporte 01-05 septiembre 2025,IMPORTABLE,
1914,2024-02-02,14888,MONROE,EXACT,CARTON,CARTON,CARTON,SOURCE,EXACT,14420.000,12580.000,1840.000,0.000,0.000,0.000,0.000,1840.000,1840.000,1.400,1.400,MATCH,0.000,2576.000,2576.000,Pendiente,No Facturado,PENDIENTE_DE_FACTURAR,PENDIENTE_DE_PAGO,SIN_CUBRIR,Reporte del 01-02 febrero 2024,Reporte del 01-02 febrero 2024,IMPORTABLE,
1915,2024-02-01,14833,MONROE,EXACT,CARTON,CARTON,CARTON,SOURCE,EXACT,14800.000,12410.000,2390.000,0.000,0.000,0.000,0.000,2390.000,2390.000,1.400,1.400,MATCH,0.000,3346.000,3346.000,Pendiente,No Facturado,PENDIENTE_DE_FACTURAR,PENDIENTE_DE_PAGO,SIN_CUBRIR,Reporte del 01-02 febrero 2024,Reporte del 01-02 febrero 2024,IMPORTABLE,
1916,2026-04-29,46036,AVON,EXACT,CAPLE CAJILLA,CARTON,CAPLE CAJILLA,SOURCE,EXACT,6800.000,5285.000,1515.000,0.000,0.000,0.000,0.000,1515.000,1515.000,0.700,0.700,MATCH,0.000,1060.500,1060.500,Pendiente,No Facturado,PENDIENTE_DE_FACTURAR,PENDIENTE_DE_PAGO,SIN_CUBRIR,,CORTE 27-30 ABRIL 2026,IMPORTABLE,
1917,2026-03-18,45749,AVON,EXACT,CAPLE CAJILLA,CAPLE,CAPLE CAJILLA,SOURCE,EXACT,6170.000,5350.000,820.000,0.000,0.000,0.000,0.000,820.000,820.000,0.700,0.700,MATCH,0.000,574.000,574.000,Pendiente,No Facturado,PENDIENTE_DE_FACTURAR,PENDIENTE_DE_PAGO,SIN_CUBRIR,,CORTE 16-21 MARZO 2026,IMPORTABLE,
1918,2026-03-12,45723,AVON,EXACT,CAPLE CAJILLA,CAPLE,CAPLE CAJILLA,SOURCE,EXACT,15530.000,12610.000,2920.000,0.000,0.000,0.000,0.000,2920.000,2920.000,0.700,0.700,MATCH,0.000,2044.000,2044.000,Pendiente,No Facturado,PENDIENTE_DE_FACTURAR,PENDIENTE_DE_PAGO,SIN_CUBRIR,,CORTE 09-14 MARZO 2026,IMPORTABLE,
1919,2026-02-24,45620,AVON,EXACT,CAPLE CAJILLA,CAPLE,CAPLE CAJILLA,SOURCE,EXACT,6210.000,5285.000,925.000,0.000,0.000,0.000,0.000,925.000,925.000,0.700,0.700,MATCH,0.000,647.500,647.500,Pendiente,No Facturado,PENDIENTE_DE_FACTURAR,PENDIENTE_DE_PAGO,SIN_CUBRIR,,CORTE 23-28 FEBRERO 2026,IMPORTABLE,
1920,2026-02-10,45542,AVON,EXACT,CAPLE CAJILLA,CARTON,CAPLE CAJILLA,SOURCE,EXACT,14980.000,12610.000,2370.000,0.000,0.000,0.000,0.000,2370.000,2370.000,0.700,0.700,MATCH,0.000,1659.000,1659.000,Pendiente,No Facturado,PENDIENTE_DE_FACTURAR,PENDIENTE_DE_PAGO,SIN_CUBRIR,,CORTE 09-14 FEBRERO 2026,IMPORTABLE,
1921,2026-01-12,45338,AVON,EXACT,CAPLE CAJILLA,CAPLE,CAPLE CAJILLA,SOURCE,EXACT,13360.000,10874.000,2486.000,0.000,0.000,0.000,0.000,2486.000,2486.000,0.700,0.700,MATCH,0.000,1740.200,1740.200,Pendiente,No Facturado,PENDIENTE_DE_FACTURAR,PENDIENTE_DE_PAGO,SIN_CUBRIR,,Corte 12-17 Enero 2026,IMPORTABLE,
1922,2026-06-03,46295,AVON,EXACT,BOND,PAPEL,BOND,SOURCE,EXACT,6720.000,5865.000,855.000,0.000,0.000,0.000,0.000,855.000,855.000,1.200,1.200,MATCH,0.000,1026.000,1026.000,Pendiente,No Facturado,PENDIENTE_DE_FACTURAR,PENDIENTE_DE_PAGO,SIN_CUBRIR,,CORTE 01-06 JUNIO 2026,IMPORTABLE,
1923,2026-05-21,46205,AVON,EXACT,BOND,PAPEL,BOND,SOURCE,EXACT,6550.000,5865.000,685.000,0.000,0.000,0.000,0.000,685.000,685.000,1.200,1.200,MATCH,0.000,822.000,822.000,Pendiente,No Facturado,PENDIENTE_DE_FACTURAR,PENDIENTE_DE_PAGO,SIN_CUBRIR,,CORTE 18-23 MAYO 2026,IMPORTABLE,
1924,2026-05-12,46138,AVON,EXACT,BOND,PAPEL,BOND,SOURCE,EXACT,6390.000,5865.000,525.000,0.000,0.000,0.000,0.000,525.000,525.000,1.200,1.200,MATCH,0.000,630.000,630.000,Pendiente,No Facturado,PENDIENTE_DE_FACTURAR,PENDIENTE_DE_PAGO,SIN_CUBRIR,,CORTE 11-16 MAYO 2026,IMPORTABLE,
1925,2026-05-08,46115,AVON,EXACT,BOND,PAPEL,BOND,SOURCE,EXACT,6520.000,5865.000,655.000,0.000,0.000,0.000,0.000,655.000,655.000,1.200,1.200,MATCH,0.000,786.000,786.000,Pendiente,No Facturado,PENDIENTE_DE_FACTURAR,PENDIENTE_DE_PAGO,SIN_CUBRIR,,CORTE 01-09 MAYO 2026,IMPORTABLE,
1926,2026-04-28,46030,AVON,EXACT,BOND,PAPEL,BOND,SOURCE,EXACT,6640.000,5865.000,775.000,0.000,0.000,0.000,0.000,775.000,775.000,1.200,1.200,MATCH,0.000,930.000,930.000,Pendiente,No Facturado,PENDIENTE_DE_FACTURAR,PENDIENTE_DE_PAGO,SIN_CUBRIR,,CORTE 27-30 ABRIL 2026,IMPORTABLE,
1927,2026-04-20,45961,AVON,EXACT,BOND,PAPEL,BOND,SOURCE,EXACT,6530.000,5865.000,665.000,0.000,0.000,0.000,0.000,665.000,665.000,1.200,1.200,MATCH,0.000,798.000,798.000,Pendiente,No Facturado,PENDIENTE_DE_FACTURAR,PENDIENTE_DE_PAGO,SIN_CUBRIR,,CORTE 20-25 ABRIL 2026,IMPORTABLE,
1928,2026-04-13,45908,AVON,EXACT,BOND,PAPEL,BOND,SOURCE,EXACT,6500.000,5865.000,635.000,0.000,0.000,0.000,0.000,635.000,635.000,1.200,1.200,MATCH,0.000,762.000,762.000,Pendiente,No Facturado,PENDIENTE_DE_FACTURAR,PENDIENTE_DE_PAGO,SIN_CUBRIR,,CORTE 13-18 ABRIL 2026,IMPORTABLE,
1929,2026-04-06,45861,AVON,EXACT,BOND,PAPEL,BOND,SOURCE,EXACT,6490.000,5865.000,625.000,0.000,0.000,0.000,0.000,625.000,625.000,1.200,1.200,MATCH,0.000,750.000,750.000,Pendiente,No Facturado,PENDIENTE_DE_FACTURAR,PENDIENTE_DE_PAGO,SIN_CUBRIR,,CORTE 06-11 ABRIL 2026,IMPORTABLE,
1930,2026-03-30,45831,AVON,EXACT,BOND,PAPEL,BOND,SOURCE,EXACT,6590.000,5865.000,725.000,0.000,0.000,0.000,0.000,725.000,725.000,1.200,1.200,MATCH,0.000,870.000,870.000,Pendiente,No Facturado,PENDIENTE_DE_FACTURAR,PENDIENTE_DE_PAGO,SIN_CUBRIR,,CORTE 23-28 MARZO 2026,IMPORTABLE,
1931,2026-03-20,45761,AVON,EXACT,BOND,PAPEL,BOND,SOURCE,EXACT,6530.000,5865.000,665.000,0.000,0.000,0.000,0.000,665.000,665.000,1.200,1.200,MATCH,0.000,798.000,798.000,Pendiente,No Facturado,PENDIENTE_DE_FACTURAR,PENDIENTE_DE_PAGO,SIN_CUBRIR,,CORTE 16-21 MARZO 2026,IMPORTABLE,
1932,2026-03-12,45724,AVON,EXACT,BOND,PAPEL,BOND,SOURCE,EXACT,6670.000,5865.000,805.000,0.000,0.000,0.000,0.000,805.000,805.000,1.200,1.200,MATCH,0.000,966.000,966.000,Pendiente,No Facturado,PENDIENTE_DE_FACTURAR,PENDIENTE_DE_PAGO,SIN_CUBRIR,,CORTE 09-14 MARZO 2026,IMPORTABLE,
1933,2026-03-04,45674,AVON,EXACT,BOND,PAPEL,BOND,SOURCE,EXACT,6650.000,5865.000,785.000,0.000,0.000,0.000,0.000,785.000,785.000,1.200,1.200,MATCH,0.000,942.000,942.000,Pendiente,No Facturado,PENDIENTE_DE_FACTURAR,PENDIENTE_DE_PAGO,SIN_CUBRIR,,CORTE 02-07 MARZO 2026,IMPORTABLE,
1934,2026-02-19,45594,AVON,EXACT,BOND,PAPEL,BOND,SOURCE,EXACT,6500.000,5865.000,635.000,0.000,0.000,0.000,0.000,635.000,635.000,1.200,1.200,MATCH,0.000,762.000,762.000,Pendiente,No Facturado,PENDIENTE_DE_FACTURAR,PENDIENTE_DE_PAGO,SIN_CUBRIR,,CORTE 16-21 FEBRERO 2026,IMPORTABLE,
1935,2026-02-11,45549,AVON,EXACT,BOND,PAPEL,BOND,SOURCE,EXACT,6500.000,5865.000,635.000,0.000,0.000,0.000,0.000,635.000,635.000,1.200,1.200,MATCH,0.000,762.000,762.000,Pendiente,No Facturado,PENDIENTE_DE_FACTURAR,PENDIENTE_DE_PAGO,SIN_CUBRIR,,CORTE 09-14 FEBRERO 2026,IMPORTABLE,
1936,2026-02-04,45499,AVON,EXACT,BOND,PAPEL,BOND,SOURCE,EXACT,6620.000,5860.000,760.000,0.000,0.000,0.000,0.000,760.000,760.000,1.200,1.200,MATCH,0.000,912.000,912.000,Pendiente,No Facturado,PENDIENTE_DE_FACTURAR,PENDIENTE_DE_PAGO,SIN_CUBRIR,,CORTE 03-07 FEBRERO 2026,IMPORTABLE,
1937,2026-01-27,45449,AVON,EXACT,BOND,PAPEL,BOND,SOURCE,EXACT,6480.000,5865.000,615.000,0.000,0.000,0.000,0.000,615.000,615.000,1.200,1.200,MATCH,0.000,738.000,738.000,Pendiente,No Facturado,PENDIENTE_DE_FACTURAR,PENDIENTE_DE_PAGO,SIN_CUBRIR,,CORTE 26-31 ENERO 2026,IMPORTABLE,
1938,2026-01-21,45403,AVON,EXACT,BOND,PAPEL,BOND,SOURCE,EXACT,6940.000,5865.000,1075.000,0.000,0.000,0.000,0.000,1075.000,1075.000,1.200,1.200,MATCH,0.000,1290.000,1290.000,Pendiente,No Facturado,PENDIENTE_DE_FACTURAR,PENDIENTE_DE_PAGO,SIN_CUBRIR,,Corte 19-24 Enero 2026,IMPORTABLE,
1939,2026-01-12,45337,AVON,EXACT,BOND,PAPEL,BOND,SOURCE,EXACT,8530.000,5865.000,2665.000,0.000,0.000,0.000,0.000,2665.000,2665.000,1.200,1.200,MATCH,0.000,3198.000,3198.000,Pendiente,No Facturado,PENDIENTE_DE_FACTURAR,PENDIENTE_DE_PAGO,SIN_CUBRIR,,Corte 12-17 Enero 2026,IMPORTABLE,
1940,2026-01-09,45332,AVON,EXACT,BOND,PAPEL,BOND,SOURCE,EXACT,5160.000,4865.000,295.000,0.000,0.000,0.000,0.000,295.000,295.000,1.200,1.200,MATCH,0.000,354.000,354.000,Pendiente,No Facturado,PENDIENTE_DE_FACTURAR,PENDIENTE_DE_PAGO,SIN_CUBRIR,,CORTE 05-10 ENERO 2026,IMPORTABLE,
1941,2025-11-26,45066,AVON,EXACT,BOND,PAPEL,BOND,SOURCE,EXACT,6520.000,5865.000,655.000,0.000,0.000,0.000,0.000,655.000,655.000,1.200,1.200,MATCH,0.000,786.000,786.000,Pendiente,Facturado,FACTURADO,PENDIENTE_DE_PAGO,SIN_CUBRIR,Corte 24-29 noviembre 2025,C-919,IMPORTABLE,
1942,2026-05-29,78906,MONROE,EXACT,BASURA,BASURA,BASURA,SOURCE,EXACT,14920.000,12250.000,2670.000,0.000,0.000,0.000,0.000,2670.000,2670.000,0.000,0.000,MATCH,0.000,0.000,0.000,Pendiente,No Facturado,PENDIENTE_DE_FACTURAR,PENDIENTE_DE_PAGO,SIN_CUBRIR,,REPORTE SEMANA 18-22 MAYO 2026,IMPORTABLE,
1943,2026-05-28,99,MONROE,EXACT,BASURA,BASURA,BASURA,SOURCE,EXACT,5180.000,4670.000,510.000,0.000,0.000,0.000,0.000,510.000,510.000,0.000,0.000,MATCH,0.000,0.000,0.000,Pendiente,No Facturado,PENDIENTE_DE_FACTURAR,PENDIENTE_DE_PAGO,SIN_CUBRIR,,REPORTE SEMANA 18-22 MAYO 2026,IMPORTABLE,
1944,2026-05-26,78884,MONROE,EXACT,BASURA,BASURA,BASURA,SOURCE,EXACT,16035.000,12245.000,3790.000,0.000,0.000,0.000,0.000,3790.000,3790.000,0.000,0.000,MATCH,0.000,0.000,0.000,Pendiente,No Facturado,PENDIENTE_DE_FACTURAR,PENDIENTE_DE_PAGO,SIN_CUBRIR,,REPORTE SEMANA 18-22 MAYO 2026,IMPORTABLE,
1945,2026-05-25,78879,MONROE,EXACT,BASURA,BASURA,BASURA,SOURCE,EXACT,5100.000,4690.000,410.000,0.000,0.000,0.000,0.000,410.000,410.000,0.000,0.000,MATCH,0.000,0.000,0.000,Pendiente,No Facturado,PENDIENTE_DE_FACTURAR,PENDIENTE_DE_PAGO,SIN_CUBRIR,,REPORTE SEMANA 18-22 MAYO 2026,IMPORTABLE,
1946,2026-05-25,78877,SETEXMES,EXACT,BASURA,BASURA,BASURA,SOURCE,EXACT,15465.000,14240.000,1225.000,0.000,0.000,0.000,0.000,1225.000,1225.000,0.000,0.000,MATCH,0.000,0.000,0.000,Pendiente,No Facturado,PENDIENTE_DE_FACTURAR,PENDIENTE_DE_PAGO,SIN_CUBRIR,,REPORTE MAYO 2026,IMPORTABLE,
1947,2026-05-22,78867,MONROE,EXACT,BASURA,BASURA,BASURA,SOURCE,EXACT,15325.000,12270.000,3055.000,0.000,0.000,0.000,0.000,3055.000,3055.000,0.000,0.000,MATCH,0.000,0.000,0.000,Pendiente,No Facturado,PENDIENTE_DE_FACTURAR,PENDIENTE_DE_PAGO,SIN_CUBRIR,,REPORTE 18-22 MAYO 2026,IMPORTABLE,
1948,2026-05-21,65,MONROE,EXACT,BASURA,BASURA,BASURA,SOURCE,EXACT,5290.000,4700.000,590.000,0.000,0.000,0.000,0.000,590.000,590.000,0.000,0.000,MATCH,0.000,0.000,0.000,Pendiente,No Facturado,PENDIENTE_DE_FACTURAR,PENDIENTE_DE_PAGO,SIN_CUBRIR,,REPORTE 18-22 MAYO 2026,IMPORTABLE,
1949,2026-05-20,78860,SETEXMES,EXACT,BASURA,BASURA,BASURA,SOURCE,EXACT,15445.000,14290.000,1155.000,0.000,0.000,0.000,0.000,1155.000,1155.000,0.000,0.000,MATCH,0.000,0.000,0.000,Pendiente,No Facturado,PENDIENTE_DE_FACTURAR,PENDIENTE_DE_PAGO,SIN_CUBRIR,,REPORTE MAYO 2026,IMPORTABLE,
1950,2026-05-19,78843,MONROE,EXACT,BASURA,BASURA,BASURA,SOURCE,EXACT,14240.000,12310.000,1930.000,0.000,0.000,0.000,0.000,1930.000,1930.000,0.000,0.000,MATCH,0.000,0.000,0.000,Pendiente,No Facturado,PENDIENTE_DE_FACTURAR,PENDIENTE_DE_PAGO,SIN_CUBRIR,,REPORTE 18-22 MAYO 2026,IMPORTABLE,
1951,2026-05-18,81444,MONROE,EXACT,BASURA,BASURA,BASURA,SOURCE,EXACT,5140.000,4740.000,400.000,0.000,0.000,0.000,0.000,400.000,400.000,0.000,0.000,MATCH,0.000,0.000,0.000,Pendiente,No Facturado,PENDIENTE_DE_FACTURAR,PENDIENTE_DE_PAGO,SIN_CUBRIR,,REPORTE 18-22 MAYO 2026,IMPORTABLE,
1952,2026-05-15,78833,MONROE,EXACT,BASURA,BASURA,BASURA,SOURCE,EXACT,14650.000,12245.000,2405.000,0.000,0.000,0.000,0.000,2405.000,2405.000,0.000,0.000,MATCH,0.000,0.000,0.000,Pendiente,No Facturado,PENDIENTE_DE_FACTURAR,PENDIENTE_DE_PAGO,SIN_CUBRIR,,REPORTE 11-15 MAYO 2026,IMPORTABLE,
1953,2026-05-14,78832,MONROE,EXACT,BASURA,BASURA,BASURA,SOURCE,EXACT,5060.000,4640.000,420.000,0.000,0.000,0.000,0.000,420.000,420.000,0.000,0.000,MATCH,0.000,0.000,0.000,Pendiente,No Facturado,PENDIENTE_DE_FACTURAR,PENDIENTE_DE_PAGO,SIN_CUBRIR,,REPORTE 11-15 MAYO 2026,IMPORTABLE,
1954,2026-05-14,78824,SETEXMES,EXACT,BASURA,BASURA,BASURA,SOURCE,EXACT,15625.000,14230.000,1395.000,0.000,0.000,0.000,0.000,1395.000,1395.000,0.000,0.000,MATCH,0.000,0.000,0.000,Pendiente,No Facturado,PENDIENTE_DE_FACTURAR,PENDIENTE_DE_PAGO,SIN_CUBRIR,,REPORTE MAYO 2026,IMPORTABLE,
1955,2026-05-12,78810,MONROE,EXACT,BASURA,BASURA,BASURA,SOURCE,EXACT,15990.000,12265.000,3725.000,0.000,0.000,0.000,0.000,3725.000,3725.000,0.000,0.000,MATCH,0.000,0.000,0.000,Pendiente,No Facturado,PENDIENTE_DE_FACTURAR,PENDIENTE_DE_PAGO,SIN_CUBRIR,,REPORTE 11-15 MAYO 2026,IMPORTABLE,
1956,2026-05-12,78805,SETEXMES,EXACT,BASURA,BASURA,BASURA,SOURCE,EXACT,15925.000,14255.000,1670.000,0.000,0.000,0.000,0.000,1670.000,1670.000,0.000,0.000,MATCH,0.000,0.000,0.000,Pendiente,No Facturado,PENDIENTE_DE_FACTURAR,PENDIENTE_DE_PAGO,SIN_CUBRIR,,REPORTE MAYO 2026,IMPORTABLE,
1957,2026-05-11,24,MONROE,EXACT,BASURA,BASURA,BASURA,SOURCE,EXACT,5080.000,4830.000,250.000,0.000,0.000,0.000,0.000,250.000,250.000,0.000,0.000,MATCH,0.000,0.000,0.000,Pendiente,No Facturado,PENDIENTE_DE_FACTURAR,PENDIENTE_DE_PAGO,SIN_CUBRIR,,REPORTE 11-15 MAYO 2026,IMPORTABLE,
1958,2026-05-08,78796,MONROE,EXACT,BASURA,BASURA,BASURA,SOURCE,EXACT,14585.000,12260.000,2325.000,0.000,0.000,0.000,0.000,2325.000,2325.000,0.000,0.000,MATCH,0.000,0.000,0.000,Pendiente,No Facturado,PENDIENTE_DE_FACTURAR,PENDIENTE_DE_PAGO,SIN_CUBRIR,,REPORTE 04-08 MAYO 2026,IMPORTABLE,
1959,2026-05-07,4,MONROE,EXACT,BASURA,BASURA,BASURA,SOURCE,EXACT,5820.000,5100.000,720.000,0.000,0.000,0.000,0.000,720.000,720.000,0.000,0.000,MATCH,0.000,0.000,0.000,Pendiente,No Facturado,PENDIENTE_DE_FACTURAR,PENDIENTE_DE_PAGO,SIN_CUBRIR,,REPORTE 04-08 MAYO 2026,IMPORTABLE,
1960,2026-05-05,78771,SETEXMES,EXACT,BASURA,BASURA,BASURA,SOURCE,EXACT,15590.000,14215.000,1375.000,0.000,0.000,0.000,0.000,1375.000,1375.000,0.000,0.000,MATCH,0.000,0.000,0.000,Pendiente,No Facturado,PENDIENTE_DE_FACTURAR,PENDIENTE_DE_PAGO,SIN_CUBRIR,,REPORTE MAYO 2026,IMPORTABLE,
1961,2026-05-04,78766,MONROE,EXACT,BASURA,BASURA,BASURA,SOURCE,EXACT,5600.000,5285.000,315.000,0.000,0.000,0.000,0.000,315.000,315.000,0.000,0.000,MATCH,0.000,0.000,0.000,Pendiente,No Facturado,PENDIENTE_DE_FACTURAR,PENDIENTE_DE_PAGO,SIN_CUBRIR,,REPORTE 04-08 MAYO 2026,IMPORTABLE,
1962,2026-05-04,78767,MONROE,EXACT,BASURA,BASURA,BASURA,SOURCE,EXACT,15020.000,12315.000,2705.000,0.000,0.000,0.000,0.000,2705.000,2705.000,0.000,0.000,MATCH,0.000,0.000,0.000,Pendiente,No Facturado,PENDIENTE_DE_FACTURAR,PENDIENTE_DE_PAGO,SIN_CUBRIR,,REPORTE 04-08 MAYO 2026,IMPORTABLE,
1963,2026-04-30,80996,MONROE,EXACT,BASURA,BASURA,BASURA,SOURCE,EXACT,14605.000,12420.000,2185.000,0.000,0.000,0.000,0.000,2185.000,2185.000,0.000,0.000,MATCH,0.000,0.000,0.000,Pendiente,No Facturado,PENDIENTE_DE_FACTURAR,PENDIENTE_DE_PAGO,SIN_CUBRIR,,REPORTE 27-30 ABRIL 2026,IMPORTABLE,
1964,2026-04-30,1094,KS,EXACT,BASURA,BASURA,BASURA,SOURCE,EXACT,740.000,0.000,740.000,0.000,0.000,0.000,0.000,740.000,740.000,0.000,0.000,MATCH,0.000,0.000,0.000,Pendiente,No Facturado,PENDIENTE_DE_FACTURAR,PENDIENTE_DE_PAGO,SIN_CUBRIR,,REPORTE ABRIL 2026,IMPORTABLE,
1965,2026-04-29,78750,MONROE,EXACT,BASURA,BASURA,BASURA,SOURCE,EXACT,5975.000,5330.000,645.000,0.000,0.000,0.000,0.000,645.000,645.000,0.000,0.000,MATCH,0.000,0.000,0.000,Pendiente,No Facturado,PENDIENTE_DE_FACTURAR,PENDIENTE_DE_PAGO,SIN_CUBRIR,,REPORTE 27-30 ABRIL 2026,IMPORTABLE,
1966,2026-04-29,1094,KS,EXACT,BASURA,BASURA,BASURA,SOURCE,EXACT,1235.000,0.000,1235.000,0.000,0.000,0.000,0.000,1235.000,1235.000,0.000,0.000,MATCH,0.000,0.000,0.000,Pendiente,No Facturado,PENDIENTE_DE_FACTURAR,PENDIENTE_DE_PAGO,SIN_CUBRIR,,REPORTE ABRIL 2026,IMPORTABLE,
1967,2026-04-27,78734,SETEXMES,EXACT,BASURA,BASURA,BASURA,SOURCE,EXACT,15965.000,14350.000,1615.000,0.000,0.000,0.000,0.000,1615.000,1615.000,0.000,0.000,MATCH,0.000,0.000,0.000,Pendiente,No Facturado,PENDIENTE_DE_FACTURAR,PENDIENTE_DE_PAGO,SIN_CUBRIR,,REPORTE ABRIL 2026,IMPORTABLE,
1968,2026-04-24,1091,KS,EXACT,BASURA,BASURA,BASURA,SOURCE,EXACT,815.000,0.000,815.000,0.000,0.000,0.000,0.000,815.000,815.000,0.000,0.000,MATCH,0.000,0.000,0.000,Pendiente,No Facturado,PENDIENTE_DE_FACTURAR,PENDIENTE_DE_PAGO,SIN_CUBRIR,,REPORTE ABRIL 2026,IMPORTABLE,
1969,2026-04-24,78728,MONROE,EXACT,BASURA,BASURA,BASURA,SOURCE,EXACT,14550.000,12315.000,2235.000,0.000,0.000,0.000,0.000,2235.000,2235.000,0.000,0.000,MATCH,0.000,0.000,0.000,Pendiente,No Facturado,PENDIENTE_DE_FACTURAR,PENDIENTE_DE_PAGO,SIN_CUBRIR,,REPORTE 20-25 ABRIL 2026,IMPORTABLE,
1970,2026-04-23,78725,MONROE,EXACT,BASURA,BASURA,BASURA,SOURCE,EXACT,5525.000,5245.000,280.000,0.000,0.000,0.000,0.000,280.000,280.000,0.000,0.000,MATCH,0.000,0.000,0.000,Pendiente,No Facturado,PENDIENTE_DE_FACTURAR,PENDIENTE_DE_PAGO,SIN_CUBRIR,,REPORTE 20-25 ABRIL 2026,IMPORTABLE,
1971,2026-04-22,1090,KS,EXACT,BASURA,BASURA,BASURA,SOURCE,EXACT,1295.000,0.000,1295.000,0.000,0.000,0.000,0.000,1295.000,1295.000,0.000,0.000,MATCH,0.000,0.000,0.000,Pendiente,No Facturado,PENDIENTE_DE_FACTURAR,PENDIENTE_DE_PAGO,SIN_CUBRIR,,REPORTE ABRIL 2026,IMPORTABLE,
1972,2026-04-21,78708,MONROE,EXACT,BASURA,BASURA,BASURA,SOURCE,EXACT,15210.000,12315.000,2895.000,0.000,0.000,0.000,0.000,2895.000,2895.000,0.000,0.000,MATCH,0.000,0.000,0.000,Pendiente,No Facturado,PENDIENTE_DE_FACTURAR,PENDIENTE_DE_PAGO,SIN_CUBRIR,,REPORTE 20-25 ABRIL 2026,IMPORTABLE,
1973,2026-04-21,78711,SETEXMES,EXACT,BASURA,BASURA,BASURA,SOURCE,EXACT,15525.000,14265.000,1260.000,0.000,0.000,0.000,0.000,1260.000,1260.000,0.000,0.000,MATCH,0.000,0.000,0.000,Pendiente,No Facturado,PENDIENTE_DE_FACTURAR,PENDIENTE_DE_PAGO,SIN_CUBRIR,,REPORTE ABRIL 2026,IMPORTABLE,
1974,2026-04-20,1089,KS,EXACT,BASURA,BASURA,BASURA,SOURCE,EXACT,1205.000,0.000,1205.000,0.000,0.000,0.000,0.000,1205.000,1205.000,0.000,0.000,MATCH,0.000,0.000,0.000,Pendiente,No Facturado,PENDIENTE_DE_FACTURAR,PENDIENTE_DE_PAGO,SIN_CUBRIR,,REPORTE ABRIL 2026,IMPORTABLE,
1975,2026-04-20,78702,MONROE,EXACT,BASURA,BASURA,BASURA,SOURCE,EXACT,11375.000,11100.000,275.000,0.000,0.000,0.000,0.000,275.000,275.000,0.000,0.000,MATCH,0.000,0.000,0.000,Pendiente,No Facturado,PENDIENTE_DE_FACTURAR,PENDIENTE_DE_PAGO,SIN_CUBRIR,,REPORTE 20-25 ABRIL 2026,IMPORTABLE,
1976,2026-04-17,78693,MONROE,EXACT,BASURA,BASURA,BASURA,SOURCE,EXACT,14715.000,12310.000,2405.000,0.000,0.000,0.000,0.000,2405.000,2405.000,0.000,0.000,MATCH,0.000,0.000,0.000,Pendiente,No Facturado,PENDIENTE_DE_FACTURAR,PENDIENTE_DE_PAGO,SIN_CUBRIR,,REPORTE 13-18 ABRIL 2026,IMPORTABLE,
1977,2026-04-16,24886,MONROE,EXACT,BASURA,BASURA,BASURA,SOURCE,EXACT,5600.000,5220.000,380.000,0.000,0.000,0.000,0.000,380.000,380.000,0.000,0.000,MATCH,0.000,0.000,0.000,Pendiente,No Facturado,PENDIENTE_DE_FACTURAR,PENDIENTE_DE_PAGO,SIN_CUBRIR,,REPORTE 13-18 ABRIL 2026,IMPORTABLE,
1978,2026-04-16,1089,KS,EXACT,BASURA,BASURA,BASURA,SOURCE,EXACT,1215.000,0.000,1215.000,0.000,0.000,0.000,0.000,1215.000,1215.000,0.000,0.000,MATCH,0.000,0.000,0.000,Pendiente,No Facturado,PENDIENTE_DE_FACTURAR,PENDIENTE_DE_PAGO,SIN_CUBRIR,,REPORTE ABRIL 2026,IMPORTABLE,
1979,2026-04-15,78683,SETEXMES,EXACT,BASURA,BASURA,BASURA,SOURCE,EXACT,15780.000,14305.000,1475.000,0.000,0.000,0.000,0.000,1475.000,1475.000,0.000,0.000,MATCH,0.000,0.000,0.000,Pendiente,No Facturado,PENDIENTE_DE_FACTURAR,PENDIENTE_DE_PAGO,SIN_CUBRIR,,REPORTE ABRIL 2026,IMPORTABLE,
1980,2026-04-14,78674,MONROE,EXACT,BASURA,BASURA,BASURA,SOURCE,EXACT,16295.000,12305.000,3990.000,0.000,0.000,0.000,0.000,3990.000,3990.000,0.000,0.000,MATCH,0.000,0.000,0.000,Pendiente,No Facturado,PENDIENTE_DE_FACTURAR,PENDIENTE_DE_PAGO,SIN_CUBRIR,,REPORTE 13-18 ABRIL 2026,IMPORTABLE,
1981,2026-04-14,1088,KS,EXACT,BASURA,BASURA,BASURA,SOURCE,EXACT,1200.000,0.000,1200.000,0.000,0.000,0.000,0.000,1200.000,1200.000,0.000,0.000,MATCH,0.000,0.000,0.000,Pendiente,No Facturado,PENDIENTE_DE_FACTURAR,PENDIENTE_DE_PAGO,SIN_CUBRIR,,REPORTE ABRIL 2026,IMPORTABLE,
1982,2026-04-13,24862,MONROE,EXACT,BASURA,BASURA,BASURA,SOURCE,EXACT,5600.000,5250.000,350.000,0.000,0.000,0.000,0.000,350.000,350.000,0.000,0.000,MATCH,0.000,0.000,0.000,Pendiente,No Facturado,PENDIENTE_DE_FACTURAR,PENDIENTE_DE_PAGO,SIN_CUBRIR,,REPORTE 13-18 ABRIL 2026,IMPORTABLE,
1983,2026-04-10,78665,MONROE,EXACT,BASURA,BASURA,BASURA,SOURCE,EXACT,14615.000,12310.000,2305.000,0.000,0.000,0.000,0.000,2305.000,2305.000,0.000,0.000,MATCH,0.000,0.000,0.000,Pendiente,No Facturado,PENDIENTE_DE_FACTURAR,PENDIENTE_DE_PAGO,SIN_CUBRIR,,REPORTE 06-11 ABRIL 2026,IMPORTABLE,
1984,2026-04-09,78667,MONROE,EXACT,BASURA,BASURA,BASURA,SOURCE,EXACT,5485.000,4655.000,830.000,0.000,0.000,0.000,0.000,830.000,830.000,0.000,0.000,MATCH,0.000,0.000,0.000,Pendiente,No Facturado,PENDIENTE_DE_FACTURAR,PENDIENTE_DE_PAGO,SIN_CUBRIR,,REPORTE 06-11 ABRIL 2026,IMPORTABLE,
1985,2026-04-09,1085,KS,EXACT,BASURA,BASURA,BASURA,SOURCE,EXACT,1650.000,0.000,1650.000,0.000,0.000,0.000,0.000,1650.000,1650.000,0.000,0.000,MATCH,0.000,0.000,0.000,Pendiente,No Facturado,PENDIENTE_DE_FACTURAR,PENDIENTE_DE_PAGO,SIN_CUBRIR,,REPORTE ABRIL 2026,IMPORTABLE,
1986,2026-04-09,78658,SETEXMES,EXACT,BASURA,BASURA,BASURA,SOURCE,EXACT,15725.000,14350.000,1375.000,0.000,0.000,0.000,0.000,1375.000,1375.000,0.000,0.000,MATCH,0.000,0.000,0.000,Pendiente,No Facturado,PENDIENTE_DE_FACTURAR,PENDIENTE_DE_PAGO,SIN_CUBRIR,,REPORTE ABRIL 2026,IMPORTABLE,
1987,2026-04-07,78643,MONROE,EXACT,BASURA,BASURA,BASURA,SOURCE,EXACT,15515.000,12400.000,3115.000,0.000,0.000,0.000,0.000,3115.000,3115.000,0.000,0.000,MATCH,0.000,0.000,0.000,Pendiente,No Facturado,PENDIENTE_DE_FACTURAR,PENDIENTE_DE_PAGO,SIN_CUBRIR,,REPORTE 06-11 ABRIL 2026,IMPORTABLE,
1988,2026-04-03,1083,KS,EXACT,BASURA,BASURA,BASURA,SOURCE,EXACT,590.000,0.000,590.000,0.000,0.000,0.000,0.000,590.000,590.000,0.000,0.000,MATCH,0.000,0.000,0.000,Pendiente,No Facturado,PENDIENTE_DE_FACTURAR,PENDIENTE_DE_PAGO,SIN_CUBRIR,,REPORTE ABRIL 2026,IMPORTABLE,
1989,2026-04-02,78632,MONROE,EXACT,BASURA,BASURA,BASURA,SOURCE,EXACT,16875.000,12365.000,4510.000,0.000,0.000,0.000,0.000,4510.000,4510.000,0.000,0.000,MATCH,0.000,0.000,0.000,Pendiente,No Facturado,PENDIENTE_DE_FACTURAR,PENDIENTE_DE_PAGO,SIN_CUBRIR,,REPORTE 01-04 ABRIL 2026,IMPORTABLE,
1990,2026-04-01,78628,MONROE,EXACT,BASURA,BASURA,BASURA,SOURCE,EXACT,5985.000,5320.000,665.000,0.000,0.000,0.000,0.000,665.000,665.000,0.000,0.000,MATCH,0.000,0.000,0.000,Pendiente,No Facturado,PENDIENTE_DE_FACTURAR,PENDIENTE_DE_PAGO,SIN_CUBRIR,,REPORTE 01-04 ABRIL 2026,IMPORTABLE,
1991,2026-04-01,1083,KS,EXACT,BASURA,BASURA,BASURA,SOURCE,EXACT,540.000,0.000,540.000,0.000,0.000,0.000,0.000,540.000,540.000,0.000,0.000,MATCH,0.000,0.000,0.000,Pendiente,No Facturado,PENDIENTE_DE_FACTURAR,PENDIENTE_DE_PAGO,SIN_CUBRIR,,REPORTE ABRIL 2026,IMPORTABLE,
1992,2026-03-31,78617,MONROE,EXACT,BASURA,BASURA,BASURA,SOURCE,EXACT,15500.000,12305.000,3195.000,0.000,0.000,0.000,0.000,3195.000,3195.000,0.000,0.000,MATCH,0.000,0.000,0.000,Pendiente,No Facturado,PENDIENTE_DE_FACTURAR,PENDIENTE_DE_PAGO,SIN_CUBRIR,,REPORTE 23-31 MARZO 2026,IMPORTABLE,
1993,2026-03-31,78620,SETEXMES,EXACT,BASURA,BASURA,BASURA,SOURCE,EXACT,15745.000,14370.000,1375.000,0.000,0.000,0.000,0.000,1375.000,1375.000,0.000,0.000,MATCH,0.000,0.000,0.000,Pendiente,Facturado,FACTURADO,PENDIENTE_DE_PAGO,SIN_CUBRIR,,REPORTE MARZO 2026,IMPORTABLE,
1994,2026-03-30,1081,KS,EXACT,BASURA,BASURA,BASURA,SOURCE,EXACT,810.000,0.000,810.000,0.000,0.000,0.000,0.000,810.000,810.000,0.000,0.000,MATCH,0.000,0.000,0.000,Pendiente,No Facturado,PENDIENTE_DE_FACTURAR,PENDIENTE_DE_PAGO,SIN_CUBRIR,,REPORTE MARZO 2026,IMPORTABLE,
1995,2026-03-27,78601,MONROE,EXACT,BASURA,BASURA,BASURA,SOURCE,EXACT,16330.000,12320.000,4010.000,0.000,0.000,0.000,0.000,4010.000,4010.000,0.000,0.000,MATCH,0.000,0.000,0.000,Pendiente,No Facturado,PENDIENTE_DE_FACTURAR,PENDIENTE_DE_PAGO,SIN_CUBRIR,,REPORTE 23-31 MARZO 2026,IMPORTABLE,
1996,2026-03-27,1080,KS,EXACT,BASURA,BASURA,BASURA,SOURCE,EXACT,1170.000,0.000,1170.000,0.000,0.000,0.000,0.000,1170.000,1170.000,0.000,0.000,MATCH,0.000,0.000,0.000,Pendiente,No Facturado,PENDIENTE_DE_FACTURAR,PENDIENTE_DE_PAGO,SIN_CUBRIR,,REPORTE MARZO 2026,IMPORTABLE,
1997,2026-03-26,78607,MONROE,EXACT,BASURA,BASURA,BASURA,SOURCE,EXACT,5475.000,5135.000,340.000,0.000,0.000,0.000,0.000,340.000,340.000,0.000,0.000,MATCH,0.000,0.000,0.000,Pendiente,No Facturado,PENDIENTE_DE_FACTURAR,PENDIENTE_DE_PAGO,SIN_CUBRIR,,REPORTE 23-31 MARZO 2026,IMPORTABLE,
1998,2026-03-26,78597,SETEXMES,EXACT,BASURA,BASURA,BASURA,SOURCE,EXACT,15680.000,14275.000,1405.000,0.000,0.000,0.000,0.000,1405.000,1405.000,0.000,0.000,MATCH,0.000,0.000,0.000,Pendiente,Facturado,FACTURADO,PENDIENTE_DE_PAGO,SIN_CUBRIR,,REPORTE MARZO 2026,IMPORTABLE,
1999,2026-03-24,78570,MONROE,EXACT,BASURA,BASURA,BASURA,SOURCE,EXACT,14665.000,12355.000,2310.000,0.000,0.000,0.000,0.000,2310.000,2310.000,0.000,0.000,MATCH,0.000,0.000,0.000,Pendiente,No Facturado,PENDIENTE_DE_FACTURAR,PENDIENTE_DE_PAGO,SIN_CUBRIR,,REPORTE 23-31 MARZO 2026,IMPORTABLE,
2000,2026-03-24,1079,KS,EXACT,BASURA,BASURA,BASURA,SOURCE,EXACT,2020.000,0.000,2020.000,0.000,0.000,0.000,0.000,2020.000,2020.000,0.000,0.000,MATCH,0.000,0.000,0.000,Pendiente,No Facturado,PENDIENTE_DE_FACTURAR,PENDIENTE_DE_PAGO,SIN_CUBRIR,,REPORTE MARZO 2026,IMPORTABLE,
2001,2026-03-23,78567,MONROE,EXACT,BASURA,BASURA,BASURA,SOURCE,EXACT,5665.000,5195.000,470.000,0.000,0.000,0.000,0.000,470.000,470.000,0.000,0.000,MATCH,0.000,0.000,0.000,Pendiente,No Facturado,PENDIENTE_DE_FACTURAR,PENDIENTE_DE_PAGO,SIN_CUBRIR,,REPORTE 23-31 MARZO 2026,IMPORTABLE,
2002,2026-03-20,78558,MONROE,EXACT,BASURA,BASURA,BASURA,SOURCE,EXACT,15385.000,12275.000,3110.000,0.000,0.000,0.000,0.000,3110.000,3110.000,0.000,0.000,MATCH,0.000,0.000,0.000,Pendiente,No Facturado,PENDIENTE_DE_FACTURAR,PENDIENTE_DE_PAGO,SIN_CUBRIR,,REPORTE 16-21 MARZO 2026,IMPORTABLE,
2003,2026-03-20,1077,KS,EXACT,BASURA,BASURA,BASURA,SOURCE,EXACT,950.000,0.000,950.000,0.000,0.000,0.000,0.000,950.000,950.000,0.000,0.000,MATCH,0.000,0.000,0.000,Pendiente,No Facturado,PENDIENTE_DE_FACTURAR,PENDIENTE_DE_PAGO,SIN_CUBRIR,,REPORTE MARZO 2026,IMPORTABLE,
2004,2026-03-19,78548,SETEXMES,EXACT,BASURA,BASURA,BASURA,SOURCE,EXACT,15550.000,14345.000,1205.000,0.000,0.000,0.000,0.000,1205.000,1205.000,0.000,0.000,MATCH,0.000,0.000,0.000,Pendiente,Facturado,FACTURADO,PENDIENTE_DE_PAGO,SIN_CUBRIR,,REPORTE MARZO 2026,IMPORTABLE,
2005,2026-03-17,78553,MONROE,EXACT,BASURA,BASURA,BASURA,SOURCE,EXACT,5470.000,5165.000,305.000,0.000,0.000,0.000,0.000,305.000,305.000,0.000,0.000,MATCH,0.000,0.000,0.000,Pendiente,No Facturado,PENDIENTE_DE_FACTURAR,PENDIENTE_DE_PAGO,SIN_CUBRIR,,REPORTE 16-21 MARZO 2026,IMPORTABLE,
2006,2026-03-17,78528,MONROE,EXACT,BASURA,BASURA,BASURA,SOURCE,EXACT,14865.000,12360.000,2505.000,0.000,0.000,0.000,0.000,2505.000,2505.000,0.000,0.000,MATCH,0.000,0.000,0.000,Pendiente,No Facturado,PENDIENTE_DE_FACTURAR,PENDIENTE_DE_PAGO,SIN_CUBRIR,,REPORTE 16-21 MARZO 2026,IMPORTABLE,
2007,2026-03-17,1076,KS,EXACT,BASURA,BASURA,BASURA,SOURCE,EXACT,1150.000,0.000,1150.000,0.000,0.000,0.000,0.000,1150.000,1150.000,0.000,0.000,MATCH,0.000,0.000,0.000,Pendiente,No Facturado,PENDIENTE_DE_FACTURAR,PENDIENTE_DE_PAGO,SIN_CUBRIR,,REPORTE MARZO 2026,IMPORTABLE,
2008,2026-03-13,78521,MONROE,EXACT,BASURA,BASURA,BASURA,SOURCE,EXACT,14250.000,12335.000,1915.000,0.000,0.000,0.000,0.000,1915.000,1915.000,0.000,0.000,MATCH,0.000,0.000,0.000,Pendiente,No Facturado,PENDIENTE_DE_FACTURAR,PENDIENTE_DE_PAGO,SIN_CUBRIR,,REPORTE 09-14 MARZO 2026,IMPORTABLE,
2009,2026-03-13,1075,KS,EXACT,BASURA,BASURA,BASURA,SOURCE,EXACT,690.000,0.000,690.000,0.000,0.000,0.000,0.000,690.000,690.000,0.000,0.000,MATCH,0.000,0.000,0.000,Pendiente,No Facturado,PENDIENTE_DE_FACTURAR,PENDIENTE_DE_PAGO,SIN_CUBRIR,,REPORTE MARZO 2026,IMPORTABLE,
2010,2026-03-12,24602,MONROE,EXACT,BASURA,BASURA,BASURA,SOURCE,EXACT,5840.000,5260.000,580.000,0.000,0.000,0.000,0.000,580.000,580.000,0.000,0.000,MATCH,0.000,0.000,0.000,Pendiente,No Facturado,PENDIENTE_DE_FACTURAR,PENDIENTE_DE_PAGO,SIN_CUBRIR,,REPORTE 09-14 MARZO 2026,IMPORTABLE,
2011,2026-03-12,78519,SETEXMES,EXACT,BASURA,BASURA,BASURA,SOURCE,EXACT,15500.000,14345.000,1155.000,0.000,0.000,0.000,0.000,1155.000,1155.000,0.000,0.000,MATCH,0.000,0.000,0.000,Pendiente,Facturado,FACTURADO,PENDIENTE_DE_PAGO,SIN_CUBRIR,,REPORTE MARZO 2026,IMPORTABLE,
2012,2026-03-11,1074,KS,EXACT,BASURA,BASURA,BASURA,SOURCE,EXACT,840.000,0.000,840.000,0.000,0.000,0.000,0.000,840.000,840.000,0.000,0.000,MATCH,0.000,0.000,0.000,Pendiente,No Facturado,PENDIENTE_DE_FACTURAR,PENDIENTE_DE_PAGO,SIN_CUBRIR,,REPORTE MARZO 2026,IMPORTABLE,
2013,2026-03-10,78507,MONROE,EXACT,BASURA,BASURA,BASURA,SOURCE,EXACT,16210.000,12395.000,3815.000,0.000,0.000,0.000,0.000,3815.000,3815.000,0.000,0.000,MATCH,0.000,0.000,0.000,Pendiente,No Facturado,PENDIENTE_DE_FACTURAR,PENDIENTE_DE_PAGO,SIN_CUBRIR,,REPORTE 09-14 MARZO 2026,IMPORTABLE,
2014,2026-03-09,1073,KS,EXACT,BASURA,BASURA,BASURA,SOURCE,EXACT,690.000,0.000,690.000,0.000,0.000,0.000,0.000,690.000,690.000,0.000,0.000,MATCH,0.000,0.000,0.000,Pendiente,No Facturado,PENDIENTE_DE_FACTURAR,PENDIENTE_DE_PAGO,SIN_CUBRIR,,REPORTE MARZO 2026,IMPORTABLE,
2015,2026-03-06,79941,MONROE,EXACT,BASURA,BASURA,BASURA,SOURCE,EXACT,15310.000,12280.000,3030.000,0.000,0.000,0.000,0.000,3030.000,3030.000,0.000,0.000,MATCH,0.000,0.000,0.000,Pendiente,No Facturado,PENDIENTE_DE_FACTURAR,PENDIENTE_DE_PAGO,SIN_CUBRIR,,REPORTE 02-07 MARZO 2026,IMPORTABLE,
2016,2026-03-06,79944,SETEXMES,EXACT,BASURA,BASURA,BASURA,SOURCE,EXACT,15710.000,14380.000,1330.000,0.000,0.000,0.000,0.000,1330.000,1330.000,0.000,0.000,MATCH,0.000,0.000,0.000,Pendiente,Facturado,FACTURADO,PENDIENTE_DE_PAGO,SIN_CUBRIR,,REPORTE MARZO 2026,IMPORTABLE,
2017,2026-03-06,1072,KS,EXACT,BASURA,BASURA,BASURA,SOURCE,EXACT,870.000,0.000,870.000,0.000,0.000,0.000,0.000,870.000,870.000,0.000,0.000,MATCH,0.000,0.000,0.000,Pendiente,No Facturado,PENDIENTE_DE_FACTURAR,PENDIENTE_DE_PAGO,SIN_CUBRIR,,REPORTE MARZO 2026,IMPORTABLE,
2018,2026-03-05,24529,MONROE,EXACT,BASURA,BASURA,BASURA,SOURCE,EXACT,5810.000,5110.000,700.000,0.000,0.000,0.000,0.000,700.000,700.000,0.000,0.000,MATCH,0.000,0.000,0.000,Pendiente,No Facturado,PENDIENTE_DE_FACTURAR,PENDIENTE_DE_PAGO,SIN_CUBRIR,,REPORTE 02-07 MARZO 2026,IMPORTABLE,
2019,2026-03-04,1071,KS,EXACT,BASURA,BASURA,BASURA,SOURCE,EXACT,1000.000,0.000,1000.000,0.000,0.000,0.000,0.000,1000.000,1000.000,0.000,0.000,MATCH,0.000,0.000,0.000,Pendiente,No Facturado,PENDIENTE_DE_FACTURAR,PENDIENTE_DE_PAGO,SIN_CUBRIR,,REPORTE MARZO 2026,IMPORTABLE,
2020,2026-03-03,79921,MONROE,EXACT,BASURA,BASURA,BASURA,SOURCE,EXACT,15075.000,12305.000,2770.000,0.000,0.000,0.000,0.000,2770.000,2770.000,0.000,0.000,MATCH,0.000,0.000,0.000,Pendiente,No Facturado,PENDIENTE_DE_FACTURAR,PENDIENTE_DE_PAGO,SIN_CUBRIR,,REPORTE 02-07 MARZO 2026,IMPORTABLE,
2021,2026-03-02,79914,MONROE,EXACT,BASURA,BASURA,BASURA,SOURCE,EXACT,6815.000,5645.000,1170.000,0.000,0.000,0.000,0.000,1170.000,1170.000,0.000,0.000,MATCH,0.000,0.000,0.000,Pendiente,No Facturado,PENDIENTE_DE_FACTURAR,PENDIENTE_DE_PAGO,SIN_CUBRIR,,REPORTE 02-07 MARZO 2026,IMPORTABLE,
2022,2026-03-02,79923,MONROE,EXACT,BASURA,BASURA,BASURA,SOURCE,EXACT,5455.000,5055.000,400.000,0.000,0.000,0.000,0.000,400.000,400.000,0.000,0.000,MATCH,0.000,0.000,0.000,Pendiente,No Facturado,PENDIENTE_DE_FACTURAR,PENDIENTE_DE_PAGO,SIN_CUBRIR,,REPORTE 02-07 MARZO 2026,IMPORTABLE,
2023,2026-03-02,79917,SETEXMES,EXACT,BASURA,BASURA,BASURA,SOURCE,EXACT,15845.000,14310.000,1535.000,0.000,0.000,0.000,0.000,1535.000,1535.000,0.000,0.000,MATCH,0.000,0.000,0.000,Pendiente,Facturado,FACTURADO,PENDIENTE_DE_PAGO,SIN_CUBRIR,,REPORTE MARZO 2026,IMPORTABLE,
2024,2026-03-02,1070,KS,EXACT,BASURA,BASURA,BASURA,SOURCE,EXACT,1160.000,0.000,1160.000,0.000,0.000,0.000,0.000,1160.000,1160.000,0.000,0.000,MATCH,0.000,0.000,0.000,Pendiente,No Facturado,PENDIENTE_DE_FACTURAR,PENDIENTE_DE_PAGO,SIN_CUBRIR,,REPORTE MARZO 2026,IMPORTABLE,
2025,2026-02-27,79908,MONROE,EXACT,BASURA,BASURA,BASURA,SOURCE,EXACT,14265.000,12435.000,1830.000,0.000,0.000,0.000,0.000,1830.000,1830.000,0.000,0.000,MATCH,0.000,0.000,0.000,Pendiente,No Facturado,PENDIENTE_DE_FACTURAR,PENDIENTE_DE_PAGO,SIN_CUBRIR,,REPORTE 23-28 FEBRERO 2026,IMPORTABLE,
2026,2026-02-24,77979,MONROE,EXACT,BASURA,BASURA,BASURA,SOURCE,EXACT,14655.000,12280.000,2375.000,0.000,0.000,0.000,0.000,2375.000,2375.000,0.000,0.000,MATCH,0.000,0.000,0.000,Pendiente,No Facturado,PENDIENTE_DE_FACTURAR,PENDIENTE_DE_PAGO,SIN_CUBRIR,,REPORTE 23-28 FEBRERO 2026,IMPORTABLE,
2027,2026-02-20,24435,MONROE,EXACT,BASURA,BASURA,BASURA,SOURCE,EXACT,5520.000,5090.000,430.000,0.000,0.000,0.000,0.000,430.000,430.000,0.000,0.000,MATCH,0.000,0.000,0.000,Pendiente,No Facturado,PENDIENTE_DE_FACTURAR,PENDIENTE_DE_PAGO,SIN_CUBRIR,,REPORTE 16-21 FEBRERO 2026,IMPORTABLE,
2028,2026-02-20,79878,MONROE,EXACT,BASURA,BASURA,BASURA,SOURCE,EXACT,14290.000,12350.000,1940.000,0.000,0.000,0.000,0.000,1940.000,1940.000,0.000,0.000,MATCH,0.000,0.000,0.000,Pendiente,No Facturado,PENDIENTE_DE_FACTURAR,PENDIENTE_DE_PAGO,SIN_CUBRIR,,REPORTE 16-21 FEBRERO 2026,IMPORTABLE,
2029,2026-02-17,79858,MONROE,EXACT,BASURA,BASURA,BASURA,SOURCE,EXACT,15170.000,12320.000,2850.000,0.000,0.000,0.000,0.000,2850.000,2850.000,0.000,0.000,MATCH,0.000,0.000,0.000,Pendiente,No Facturado,PENDIENTE_DE_FACTURAR,PENDIENTE_DE_PAGO,SIN_CUBRIR,,REPORTE 16-21 FEBRERO 2026,IMPORTABLE,
2030,2026-02-16,24392,MONROE,EXACT,BASURA,BASURA,BASURA,SOURCE,EXACT,5100.000,4660.000,440.000,0.000,0.000,0.000,0.000,440.000,440.000,0.000,0.000,MATCH,0.000,0.000,0.000,Pendiente,No Facturado,PENDIENTE_DE_FACTURAR,PENDIENTE_DE_PAGO,SIN_CUBRIR,,REPORTE 16-21 FEBRERO 2026,IMPORTABLE,
2031,2026-02-13,79700,MONROE,EXACT,BASURA,BASURA,BASURA,SOURCE,EXACT,14405.000,12350.000,2055.000,0.000,0.000,0.000,0.000,2055.000,2055.000,0.000,0.000,MATCH,0.000,0.000,0.000,Pendiente,No Facturado,PENDIENTE_DE_FACTURAR,PENDIENTE_DE_PAGO,SIN_CUBRIR,,REPORTE 09-14 FEBRERO 2026,IMPORTABLE,
2032,2026-02-12,24373,MONROE,EXACT,BASURA,BASURA,BASURA,SOURCE,EXACT,4960.000,4660.000,300.000,0.000,0.000,0.000,0.000,300.000,300.000,0.000,0.000,MATCH,0.000,0.000,0.000,Pendiente,No Facturado,PENDIENTE_DE_FACTURAR,PENDIENTE_DE_PAGO,SIN_CUBRIR,,REPORTE 09-14 FEBRERO 2026,IMPORTABLE,
2033,2026-02-10,79676,MONROE,EXACT,BASURA,BASURA,BASURA,SOURCE,EXACT,15030.000,12380.000,2650.000,0.000,0.000,0.000,0.000,2650.000,2650.000,0.000,0.000,MATCH,0.000,0.000,0.000,Pendiente,No Facturado,PENDIENTE_DE_FACTURAR,PENDIENTE_DE_PAGO,SIN_CUBRIR,,REPORTE 09-14 FEBRERO 2026,IMPORTABLE,
2034,2026-02-09,79675,MONROE,EXACT,BASURA,BASURA,BASURA,SOURCE,EXACT,4900.000,4695.000,205.000,0.000,0.000,0.000,0.000,205.000,205.000,0.000,0.000,MATCH,0.000,0.000,0.000,Pendiente,No Facturado,PENDIENTE_DE_FACTURAR,PENDIENTE_DE_PAGO,SIN_CUBRIR,,REPORTE 09-14 FEBRERO 2026,IMPORTABLE,
2035,2026-02-06,79664,MONROE,EXACT,BASURA,BASURA,BASURA,SOURCE,EXACT,14425.000,12325.000,2100.000,0.000,0.000,0.000,0.000,2100.000,2100.000,0.000,0.000,MATCH,0.000,0.000,0.000,Pendiente,No Facturado,PENDIENTE_DE_FACTURAR,PENDIENTE_DE_PAGO,SIN_CUBRIR,,REPORTE 03-07 FEBRERO 2026,IMPORTABLE,
2036,2026-02-06,24344,MONROE,EXACT,BASURA,BASURA,BASURA,SOURCE,EXACT,5270.000,4670.000,600.000,0.000,0.000,0.000,0.000,600.000,600.000,0.000,0.000,MATCH,0.000,0.000,0.000,Pendiente,No Facturado,PENDIENTE_DE_FACTURAR,PENDIENTE_DE_PAGO,SIN_CUBRIR,,REPORTE 03-07 FEBRERO 2026,IMPORTABLE,
2037,2026-02-03,493,MONROE,EXACT,BASURA,BASURA,BASURA,SOURCE,EXACT,5750.000,5070.000,680.000,0.000,0.000,0.000,0.000,680.000,680.000,0.000,0.000,MATCH,0.000,0.000,0.000,Pendiente,No Facturado,PENDIENTE_DE_FACTURAR,PENDIENTE_DE_PAGO,SIN_CUBRIR,,REPORTE 03-07 FEBRERO 2026,IMPORTABLE,
2038,2026-02-03,79842,MONROE,EXACT,BASURA,BASURA,BASURA,SOURCE,EXACT,14435.000,12295.000,2140.000,0.000,0.000,0.000,0.000,2140.000,2140.000,0.000,0.000,MATCH,0.000,0.000,0.000,Pendiente,No Facturado,PENDIENTE_DE_FACTURAR,PENDIENTE_DE_PAGO,SIN_CUBRIR,,REPORTE 03-07 FEBRERO 2026,IMPORTABLE,
2039,2026-02-03,24318,MONROE,EXACT,BASURA,BASURA,BASURA,SOURCE,EXACT,4970.000,4730.000,240.000,0.000,0.000,0.000,0.000,240.000,240.000,0.000,0.000,MATCH,0.000,0.000,0.000,Pendiente,No Facturado,PENDIENTE_DE_FACTURAR,PENDIENTE_DE_PAGO,SIN_CUBRIR,,REPORTE 03-07 FEBRERO 2026,IMPORTABLE,
2040,2026-01-30,79836,MONROE,EXACT,BASURA,BASURA,BASURA,SOURCE,EXACT,14200.000,12285.000,1915.000,0.000,0.000,0.000,0.000,1915.000,1915.000,0.000,0.000,MATCH,0.000,0.000,0.000,Pendiente,No Facturado,PENDIENTE_DE_FACTURAR,PENDIENTE_DE_PAGO,SIN_CUBRIR,,REPORTE 26-31 ENERO 2026,IMPORTABLE,
2041,2026-01-29,24295,MONROE,EXACT,BASURA,BASURA,BASURA,SOURCE,EXACT,5080.000,4670.000,410.000,0.000,0.000,0.000,0.000,410.000,410.000,0.000,0.000,MATCH,0.000,0.000,0.000,Pendiente,No Facturado,PENDIENTE_DE_FACTURAR,PENDIENTE_DE_PAGO,SIN_CUBRIR,,REPORTE 26-31 ENERO 2026,IMPORTABLE,
2042,2026-01-27,79820,MONROE,EXACT,BASURA,BASURA,BASURA,SOURCE,EXACT,14390.000,12295.000,2095.000,0.000,0.000,0.000,0.000,2095.000,2095.000,0.000,0.000,MATCH,0.000,0.000,0.000,Pendiente,No Facturado,PENDIENTE_DE_FACTURAR,PENDIENTE_DE_PAGO,SIN_CUBRIR,,REPORTE 26-31 ENERO 2026,IMPORTABLE,
2043,2026-01-26,24262,MONROE,EXACT,BASURA,BASURA,BASURA,SOURCE,EXACT,4980.000,4690.000,290.000,0.000,0.000,0.000,0.000,290.000,290.000,0.000,0.000,MATCH,0.000,0.000,0.000,Pendiente,No Facturado,PENDIENTE_DE_FACTURAR,PENDIENTE_DE_PAGO,SIN_CUBRIR,,REPORTE 26-31 ENERO 2026,IMPORTABLE,
2044,2026-01-23,79809,MONROE,EXACT,BASURA,BASURA,BASURA,SOURCE,EXACT,14035.000,12325.000,1710.000,0.000,0.000,0.000,0.000,1710.000,1710.000,0.000,0.000,MATCH,0.000,0.000,0.000,Pendiente,No Facturado,PENDIENTE_DE_FACTURAR,PENDIENTE_DE_PAGO,SIN_CUBRIR,,REPORTE 19-24 ENERO 2026,IMPORTABLE,
2045,2026-01-22,24246,MONROE,EXACT,BASURA,BASURA,BASURA,SOURCE,EXACT,5190.000,4730.000,460.000,0.000,0.000,0.000,0.000,460.000,460.000,0.000,0.000,MATCH,0.000,0.000,0.000,Pendiente,No Facturado,PENDIENTE_DE_FACTURAR,PENDIENTE_DE_PAGO,SIN_CUBRIR,,REPORTE 19-24 ENERO 2026,IMPORTABLE,
2046,2026-01-20,79787,MONROE,EXACT,BASURA,BASURA,BASURA,SOURCE,EXACT,15275.000,12340.000,2935.000,0.000,0.000,0.000,0.000,2935.000,2935.000,0.000,0.000,MATCH,0.000,0.000,0.000,Pendiente,No Facturado,PENDIENTE_DE_FACTURAR,PENDIENTE_DE_PAGO,SIN_CUBRIR,,REPORTE 19-24 ENERO 2026,IMPORTABLE,
2047,2026-01-19,76592,MONROE,EXACT,BASURA,BASURA,BASURA,SOURCE,EXACT,5030.000,4710.000,320.000,0.000,0.000,0.000,0.000,320.000,320.000,0.000,0.000,MATCH,0.000,0.000,0.000,Pendiente,No Facturado,PENDIENTE_DE_FACTURAR,PENDIENTE_DE_PAGO,SIN_CUBRIR,,REPORTE 19-24 ENERO 2026,IMPORTABLE,
2048,2026-01-16,79774,MONROE,EXACT,BASURA,BASURA,BASURA,SOURCE,EXACT,14355.000,12340.000,2015.000,0.000,0.000,0.000,0.000,2015.000,2015.000,0.000,0.000,MATCH,0.000,0.000,0.000,Pendiente,No Facturado,PENDIENTE_DE_FACTURAR,PENDIENTE_DE_PAGO,SIN_CUBRIR,,REPORTE 12-17 ENERO 2026,IMPORTABLE,
2049,2026-01-15,79771,MONROE,EXACT,BASURA,BASURA,BASURA,SOURCE,EXACT,5210.000,4690.000,520.000,0.000,0.000,0.000,0.000,520.000,520.000,0.000,0.000,MATCH,0.000,0.000,0.000,Pendiente,No Facturado,PENDIENTE_DE_FACTURAR,PENDIENTE_DE_PAGO,SIN_CUBRIR,,REPORTE 12-17 ENERO 2026,IMPORTABLE,
2050,2026-01-15,24200,MONROE,EXACT,BASURA,BASURA,BASURA,SOURCE,EXACT,5220.000,4650.000,570.000,0.000,0.000,0.000,0.000,570.000,570.000,0.000,0.000,MATCH,0.000,0.000,0.000,Pendiente,No Facturado,PENDIENTE_DE_FACTURAR,PENDIENTE_DE_PAGO,SIN_CUBRIR,,REPORTE 12-17 ENERO 2026,IMPORTABLE,
2051,2026-01-13,79752,MONROE,EXACT,BASURA,BASURA,BASURA,SOURCE,EXACT,14480.000,12305.000,2175.000,0.000,0.000,0.000,0.000,2175.000,2175.000,0.000,0.000,MATCH,0.000,0.000,0.000,Pendiente,No Facturado,PENDIENTE_DE_FACTURAR,PENDIENTE_DE_PAGO,SIN_CUBRIR,,REPORTE 12-17 ENERO 2026,IMPORTABLE,
2052,2026-01-13,79759,MONROE,EXACT,BASURA,BASURA,BASURA,SOURCE,EXACT,6470.000,4990.000,1480.000,0.000,0.000,0.000,0.000,1480.000,1480.000,0.000,0.000,MATCH,0.000,0.000,0.000,Pendiente,No Facturado,PENDIENTE_DE_FACTURAR,PENDIENTE_DE_PAGO,SIN_CUBRIR,,REPORTE 12-17 ENERO 2026,IMPORTABLE,
2053,2026-01-12,24161,MONROE,EXACT,BASURA,BASURA,BASURA,SOURCE,EXACT,5140.000,4860.000,280.000,0.000,0.000,0.000,0.000,280.000,280.000,0.000,0.000,MATCH,0.000,0.000,0.000,Pendiente,No Facturado,PENDIENTE_DE_FACTURAR,PENDIENTE_DE_PAGO,SIN_CUBRIR,,REPORTE 12-17 ENERO 2026,IMPORTABLE,
2054,2026-01-09,79741,MONROE,EXACT,BASURA,BASURA,BASURA,SOURCE,EXACT,14085.000,12375.000,1710.000,0.000,0.000,0.000,0.000,1710.000,1710.000,0.000,0.000,MATCH,0.000,0.000,0.000,Pendiente,No Facturado,PENDIENTE_DE_FACTURAR,PENDIENTE_DE_PAGO,SIN_CUBRIR,,REPORTE 02-09 ENERO 2026,IMPORTABLE,
2055,2026-01-07,14327,MONROE,EXACT,BASURA,BASURA,BASURA,SOURCE,EXACT,2660.000,1910.000,750.000,0.000,0.000,0.000,0.000,750.000,750.000,0.000,0.000,MATCH,0.000,0.000,0.000,Pendiente,No Facturado,PENDIENTE_DE_FACTURAR,PENDIENTE_DE_PAGO,SIN_CUBRIR,,REPORTE 02-09 ENERO 2026,IMPORTABLE,
2056,2026-01-06,79725,MONROE,EXACT,BASURA,BASURA,BASURA,SOURCE,EXACT,14920.000,12305.000,2615.000,0.000,0.000,0.000,0.000,2615.000,2615.000,0.000,0.000,MATCH,0.000,0.000,0.000,Pendiente,No Facturado,PENDIENTE_DE_FACTURAR,PENDIENTE_DE_PAGO,SIN_CUBRIR,,REPORTE 02-09 ENERO 2026,IMPORTABLE,
2057,2026-01-05,24129,MONROE,EXACT,BASURA,BASURA,BASURA,SOURCE,EXACT,5320.000,4840.000,480.000,0.000,0.000,0.000,0.000,480.000,480.000,0.000,0.000,MATCH,0.000,0.000,0.000,Pendiente,No Facturado,PENDIENTE_DE_FACTURAR,PENDIENTE_DE_PAGO,SIN_CUBRIR,,REPORTE 02-09 ENERO 2026,IMPORTABLE,
2058,2026-01-02,14181,MONROE,EXACT,BASURA,BASURA,BASURA,SOURCE,EXACT,4770.000,4720.000,50.000,0.000,0.000,0.000,0.000,50.000,50.000,0.000,0.000,MATCH,0.000,0.000,0.000,Pendiente,No Facturado,PENDIENTE_DE_FACTURAR,PENDIENTE_DE_PAGO,SIN_CUBRIR,,REPORTE 02-09 ENERO 2026,IMPORTABLE,
2059,2025-12-22,79489,MONROE,EXACT,BASURA,BASURA,BASURA,SOURCE,EXACT,15825.000,12360.000,3465.000,0.000,0.000,0.000,0.000,3465.000,3465.000,0.000,0.000,MATCH,0.000,0.000,0.000,Pendiente,Facturado,FACTURADO,PENDIENTE_DE_PAGO,SIN_CUBRIR,,REPORTE 22-26 DICIEMBRE 2025,IMPORTABLE,
2060,2025-12-12,79455,MONROE,EXACT,BASURA,BASURA,BASURA,SOURCE,EXACT,14460.000,12325.000,2135.000,0.000,0.000,0.000,0.000,2135.000,2135.000,0.000,0.000,MATCH,0.000,0.000,0.000,Pendiente,No Facturado,PENDIENTE_DE_FACTURAR,PENDIENTE_DE_PAGO,SIN_CUBRIR,,Reporte 08-12 diciembre 2025,IMPORTABLE,
2061,2025-12-11,24047,MONROE,EXACT,BASURA,BASURA,BASURA,SOURCE,EXACT,5380.000,4670.000,710.000,0.000,0.000,0.000,0.000,710.000,710.000,0.000,0.000,MATCH,0.000,0.000,0.000,Pendiente,No Facturado,PENDIENTE_DE_FACTURAR,PENDIENTE_DE_PAGO,SIN_CUBRIR,,Reporte 08-12 diciembre 2025,IMPORTABLE,
2062,2025-12-09,79440,MONROE,EXACT,BASURA,BASURA,BASURA,SOURCE,EXACT,15955.000,12340.000,3615.000,0.000,0.000,0.000,0.000,3615.000,3615.000,0.000,0.000,MATCH,0.000,0.000,0.000,Pendiente,No Facturado,PENDIENTE_DE_FACTURAR,PENDIENTE_DE_PAGO,SIN_CUBRIR,,Reporte 08-12 diciembre 2025,IMPORTABLE,
2063,2025-12-08,13320,MONROE,EXACT,BASURA,BASURA,BASURA,SOURCE,EXACT,16160.000,12180.000,3980.000,0.000,0.000,0.000,0.000,3980.000,3980.000,0.000,0.000,MATCH,0.000,0.000,0.000,Pendiente,No Facturado,PENDIENTE_DE_FACTURAR,PENDIENTE_DE_PAGO,SIN_CUBRIR,,Reporte 08-12 diciembre 2025,IMPORTABLE,
2064,2025-12-08,24001,MONROE,EXACT,BASURA,BASURA,BASURA,SOURCE,EXACT,6450.000,4710.000,1740.000,0.000,0.000,0.000,0.000,1740.000,1740.000,0.000,0.000,MATCH,0.000,0.000,0.000,Pendiente,No Facturado,PENDIENTE_DE_FACTURAR,PENDIENTE_DE_PAGO,SIN_CUBRIR,,Reporte 08-12 diciembre 2025,IMPORTABLE,
2065,2025-12-01,23996,MONROE,EXACT,BASURA,BASURA,BASURA,SOURCE,EXACT,5090.000,4700.000,390.000,0.000,0.000,0.000,0.000,390.000,390.000,0.000,0.000,MATCH,0.000,0.000,0.000,Pendiente,Facturado,FACTURADO,PENDIENTE_DE_PAGO,SIN_CUBRIR,,Reporte 01-06 diciembre 2025,IMPORTABLE,
2066,2025-11-12,1016,KS,EXACT,BASURA,BASURA,BASURA,SOURCE,EXACT,880.000,0.000,880.000,0.000,0.000,0.000,0.000,880.000,880.000,0.000,0.000,MATCH,0.000,0.000,0.000,Pendiente,Facturado,FACTURADO,PENDIENTE_DE_PAGO,SIN_CUBRIR,,,IMPORTABLE,
2067,2025-11-11,79305,MONROE,EXACT,BASURA,BASURA,BASURA,SOURCE,EXACT,14765.000,12245.000,2520.000,0.000,0.000,0.000,0.000,2520.000,2520.000,0.000,0.000,MATCH,0.000,0.000,0.000,Pendiente,Facturado,FACTURADO,PENDIENTE_DE_PAGO,SIN_CUBRIR,,Reporte 10-14 noviembre  2025,IMPORTABLE,
2068,2025-11-10,1014,KS,EXACT,BASURA,BASURA,BASURA,SOURCE,EXACT,790.000,0.000,790.000,0.000,0.000,0.000,0.000,790.000,790.000,0.000,0.000,MATCH,0.000,0.000,0.000,Pendiente,Facturado,FACTURADO,PENDIENTE_DE_PAGO,SIN_CUBRIR,,,IMPORTABLE,
2069,2025-11-07,79291,MONROE,EXACT,BASURA,BASURA,BASURA,SOURCE,EXACT,14055.000,12275.000,1780.000,0.000,0.000,0.000,0.000,1780.000,1780.000,0.000,0.000,MATCH,0.000,0.000,0.000,Pendiente,No Facturado,PENDIENTE_DE_FACTURAR,PENDIENTE_DE_PAGO,SIN_CUBRIR,,Reporte 01-07 noviembre  2025,IMPORTABLE,
2070,2025-11-07,1013,KS,EXACT,BASURA,BASURA,BASURA,SOURCE,EXACT,820.000,0.000,820.000,0.000,0.000,0.000,0.000,820.000,820.000,0.000,0.000,MATCH,0.000,0.000,0.000,Pendiente,Facturado,FACTURADO,PENDIENTE_DE_PAGO,SIN_CUBRIR,,,IMPORTABLE,
2071,2025-11-06,23821,MONROE,EXACT,BASURA,BASURA,BASURA,SOURCE,EXACT,5370.000,4690.000,680.000,0.000,0.000,0.000,0.000,680.000,680.000,0.000,0.000,MATCH,0.000,0.000,0.000,Pendiente,No Facturado,PENDIENTE_DE_FACTURAR,PENDIENTE_DE_PAGO,SIN_CUBRIR,,Reporte 01-07 noviembre  2025,IMPORTABLE,
2072,2025-11-05,1011,KS,EXACT,BASURA,BASURA,BASURA,SOURCE,EXACT,780.000,0.000,780.000,0.000,0.000,0.000,0.000,780.000,780.000,0.000,0.000,MATCH,0.000,0.000,0.000,Pendiente,Facturado,FACTURADO,PENDIENTE_DE_PAGO,SIN_CUBRIR,,,IMPORTABLE,
2073,2025-11-04,79274,MONROE,EXACT,BASURA,BASURA,BASURA,SOURCE,EXACT,14310.000,12300.000,2010.000,0.000,0.000,0.000,0.000,2010.000,2010.000,0.000,0.000,MATCH,0.000,0.000,0.000,Pendiente,No Facturado,PENDIENTE_DE_FACTURAR,PENDIENTE_DE_PAGO,SIN_CUBRIR,,Reporte 01-07 noviembre  2025,IMPORTABLE,
2074,2025-11-03,23795,MONROE,EXACT,BASURA,BASURA,BASURA,SOURCE,EXACT,5660.000,4840.000,820.000,0.000,0.000,0.000,0.000,820.000,820.000,0.000,0.000,MATCH,0.000,0.000,0.000,Pendiente,No Facturado,PENDIENTE_DE_FACTURAR,PENDIENTE_DE_PAGO,SIN_CUBRIR,,Reporte 01-07 noviembre  2025,IMPORTABLE,
2075,2025-11-03,1009,KS,EXACT,BASURA,BASURA,BASURA,SOURCE,EXACT,630.000,0.000,630.000,0.000,0.000,0.000,0.000,630.000,630.000,0.000,0.000,MATCH,0.000,0.000,0.000,Pendiente,Facturado,FACTURADO,PENDIENTE_DE_PAGO,SIN_CUBRIR,,REPORTE NOVIEMBRE 2025,IMPORTABLE,
2076,2025-09-26,79130,MONROE,EXACT,BASURA,BASURA,BASURA,SOURCE,EXACT,14765.000,12320.000,2445.000,0.000,0.000,0.000,0.000,2445.000,2445.000,0.000,0.000,MATCH,0.000,0.000,0.000,Pendiente,Facturado,FACTURADO,PENDIENTE_DE_PAGO,SIN_CUBRIR,,Reporte 22-30 septiembre 2025,IMPORTABLE,
2077,2025-09-22,23586,MONROE,EXACT,BASURA,BASURA,BASURA,SOURCE,EXACT,5180.000,4700.000,480.000,0.000,0.000,0.000,0.000,480.000,480.000,0.000,0.000,MATCH,0.000,0.000,0.000,Pendiente,Facturado,FACTURADO,PENDIENTE_DE_PAGO,SIN_CUBRIR,,Reporte 22-30 septiembre 2025,IMPORTABLE,
2078,2025-09-19,79100,MONROE,EXACT,BASURA,BASURA,BASURA,SOURCE,EXACT,14725.000,12290.000,2435.000,0.000,0.000,0.000,0.000,2435.000,2435.000,0.000,0.000,MATCH,0.000,0.000,0.000,Pendiente,Facturado,FACTURADO,PENDIENTE_DE_PAGO,SIN_CUBRIR,,Reporte 15-19 septiembre 2025,IMPORTABLE,
2079,2025-09-18,23573,MONROE,EXACT,BASURA,BASURA,BASURA,SOURCE,EXACT,5070.000,4690.000,380.000,0.000,0.000,0.000,0.000,380.000,380.000,0.000,0.000,MATCH,0.000,0.000,0.000,Pendiente,Facturado,FACTURADO,PENDIENTE_DE_PAGO,SIN_CUBRIR,,Reporte 15-19 septiembre 2025,IMPORTABLE,
2080,2025-09-18,9813,MONROE,EXACT,BASURA,BASURA,BASURA,SOURCE,EXACT,5550.000,4600.000,950.000,0.000,0.000,0.000,0.000,950.000,950.000,0.000,0.000,MATCH,0.000,0.000,0.000,Pendiente,Facturado,FACTURADO,PENDIENTE_DE_PAGO,SIN_CUBRIR,,Reporte 15-19 septiembre 2025,IMPORTABLE,
2081,2025-09-15,23564,MONROE,EXACT,BASURA,BASURA,BASURA,SOURCE,EXACT,5260.000,4690.000,570.000,0.000,0.000,0.000,0.000,570.000,570.000,0.000,0.000,MATCH,0.000,0.000,0.000,Pendiente,Facturado,FACTURADO,PENDIENTE_DE_PAGO,SIN_CUBRIR,,Reporte 15-19 septiembre 2025,IMPORTABLE,
2082,2025-09-09,79068,MONROE,EXACT,BASURA,BASURA,BASURA,SOURCE,EXACT,14530.000,12380.000,2150.000,0.000,0.000,0.000,0.000,2150.000,2150.000,0.000,0.000,MATCH,0.000,0.000,0.000,Pendiente,Facturado,FACTURADO,PENDIENTE_DE_PAGO,SIN_CUBRIR,,Reporte 08-12 septiembre 2025,IMPORTABLE,
2083,2025-09-05,79060,MONROE,EXACT,BASURA,BASURA,BASURA,SOURCE,EXACT,16055.000,12370.000,3685.000,0.000,0.000,0.000,0.000,3685.000,3685.000,0.000,0.000,MATCH,0.000,0.000,0.000,Pendiente,No Facturado,PENDIENTE_DE_FACTURAR,PENDIENTE_DE_PAGO,SIN_CUBRIR,,Reporte 01-05 septiembre 2025,IMPORTABLE,
2084,2025-09-04,23537,MONROE,EXACT,BASURA,BASURA,BASURA,SOURCE,EXACT,5130.000,4700.000,430.000,0.000,0.000,0.000,0.000,430.000,430.000,0.000,0.000,MATCH,0.000,0.000,0.000,Pendiente,No Facturado,PENDIENTE_DE_FACTURAR,PENDIENTE_DE_PAGO,SIN_CUBRIR,,Reporte 01-05 septiembre 2025,IMPORTABLE,
2085,2025-09-02,79044,MONROE,EXACT,BASURA,BASURA,BASURA,SOURCE,EXACT,15270.000,12420.000,2850.000,0.000,0.000,0.000,0.000,2850.000,2850.000,0.000,0.000,MATCH,0.000,0.000,0.000,Pendiente,No Facturado,PENDIENTE_DE_FACTURAR,PENDIENTE_DE_PAGO,SIN_CUBRIR,,Reporte 01-05 septiembre 2025,IMPORTABLE,
2086,2025-09-01,23525,MONROE,EXACT,BASURA,BASURA,BASURA,SOURCE,EXACT,5310.000,4670.000,640.000,0.000,0.000,0.000,0.000,640.000,640.000,0.000,0.000,MATCH,0.000,0.000,0.000,Pendiente,No Facturado,PENDIENTE_DE_FACTURAR,PENDIENTE_DE_PAGO,SIN_CUBRIR,,Reporte 01-05 septiembre 2025,IMPORTABLE,
2087,2024-02-02,19709,MONROE,EXACT,BASURA,BASURA,BASURA,SOURCE,EXACT,15380.000,12235.000,3145.000,0.000,0.000,0.000,0.000,3145.000,3145.000,0.000,0.000,MATCH,0.000,0.000,0.000,Pendiente,No Facturado,PENDIENTE_DE_FACTURAR,PENDIENTE_DE_PAGO,SIN_CUBRIR,Reporte del 01-02 febrero 2024,Reporte del 01-02 febrero 2024,IMPORTABLE,
2088,2024-02-01,19500,MONROE,EXACT,BASURA,BASURA,BASURA,SOURCE,EXACT,5230.000,4670.000,560.000,0.000,0.000,0.000,0.000,560.000,560.000,0.000,0.000,MATCH,0.000,0.000,0.000,Pendiente,No Facturado,PENDIENTE_DE_FACTURAR,PENDIENTE_DE_PAGO,SIN_CUBRIR,Reporte del 01-02 febrero 2024,Reporte del 01-02 febrero 2024,IMPORTABLE,
2089,2026-02-23,6537,YOROZU,EXACT,ALUMINIO,ALUMINIO,ALUMINIO,SOURCE,EXACT,1550.000,1540.000,10.000,0.000,0.000,0.000,0.000,10.000,10.000,15.000,15.000,MATCH,0.000,150.000,150.000,Pendiente,Facturado,FACTURADO,PENDIENTE_DE_PAGO,SIN_CUBRIR,,REPORTE DE FEBRERO 2026,IMPORTABLE,
2090,2025-11-26,45070,AVON,EXACT,ACERO INOXIABLE,,ACERO INOXIDABLE,AUTO_ALIAS,EXACT,18560.000,17550.000,1010.000,0.000,0.000,0.000,0.000,1010.000,1010.000,8.500,8.500,MATCH,0.000,8585.000,8585.000,Pendiente,Facturado,FACTURADO,PENDIENTE_DE_PAGO,SIN_CUBRIR,Corte 24-29 noviembre 2025,C-919,IMPORTABLE,
2091,2026-02-26,6528,YOROZU,EXACT,ACERO,ACERO,ACERO,SOURCE,EXACT,3175.000,1490.000,1685.000,0.000,0.000,0.000,0.000,1685.000,1685.000,2.500,2.800,DIFFERS,0.000,4212.500,4212.500,Pendiente,Facturado,FACTURADO,PENDIENTE_DE_PAGO,SIN_CUBRIR,,REPORTE DE FEBRERO 2026,REVIEW,
2092,2026-02-17,6507,YOROZU,EXACT,ACERO,ACERO,ACERO,SOURCE,EXACT,3200.000,1495.000,1705.000,0.000,0.000,0.000,0.000,1705.000,1705.000,2.500,2.800,DIFFERS,0.000,4262.500,4262.500,Pendiente,Facturado,FACTURADO,PENDIENTE_DE_PAGO,SIN_CUBRIR,,REPORTE DE FEBRERO 2026,REVIEW,
2093,2026-02-03,6480,YOROZU,EXACT,ACERO,ACERO,ACERO,SOURCE,EXACT,3970.000,1495.000,2475.000,0.000,0.000,0.000,0.000,2475.000,2475.000,2.500,2.800,DIFFERS,0.000,6187.500,6187.500,Pendiente,Facturado,FACTURADO,PENDIENTE_DE_PAGO,SIN_CUBRIR,,REPORTE DE FEBRERO 2026,REVIEW,
2094,2025-12-26,14039,MONROE,EXACT,,MADERA,LENA,AUTO_INFERRED_PRICE,AUTO_INFERRED_PRICE,6970.000,5200.000,1770.000,0.000,0.000,0.000,0.000,1770.000,1770.000,0.350,0.350,MATCH,0.000,619.500,619.500,Pendiente,Facturado,FACTURADO,PENDIENTE_DE_PAGO,SIN_CUBRIR,,REPORTE 22-26 DICIEMBRE 2025,IMPORTABLE,
2095,2025-12-26,14029,MONROE,EXACT,,MADERA,LENA,AUTO_INFERRED_PRICE,AUTO_INFERRED_PRICE,6560.000,5130.000,1430.000,0.000,0.000,0.000,0.000,1430.000,1430.000,0.350,0.350,MATCH,0.000,500.500,500.500,Pendiente,Facturado,FACTURADO,PENDIENTE_DE_PAGO,SIN_CUBRIR,,REPORTE 22-26 DICIEMBRE 2025,IMPORTABLE,
2096,2025-12-26,79498,MONROE,EXACT,,BASURA,BASURA,AUTO_INFERRED_PRICE,AUTO_INFERRED_PRICE,13695.000,12370.000,1325.000,0.000,0.000,0.000,0.000,1325.000,1325.000,0.000,0.000,MATCH,0.000,0.000,0.000,Pendiente,Facturado,FACTURADO,PENDIENTE_DE_PAGO,SIN_CUBRIR,,REPORTE 22-26 DICIEMBRE 2025,IMPORTABLE,
2097,2025-12-24,14008,MONROE,EXACT,,CARTON,CARTON,AUTO_INFERRED_PRICE,AUTO_INFERRED_PRICE,13500.000,12550.000,950.000,0.000,0.000,0.000,0.000,950.000,950.000,1.400,1.400,MATCH,0.000,1330.000,1330.000,Pendiente,Facturado,FACTURADO,PENDIENTE_DE_PAGO,SIN_CUBRIR,,REPORTE 22-26 DICIEMBRE 2025,IMPORTABLE,
2098,2025-12-24,14011,MONROE,EXACT,,MADERA,LENA,AUTO_INFERRED_PRICE,AUTO_INFERRED_PRICE,6700.000,4720.000,1980.000,0.000,0.000,0.000,0.000,1980.000,1980.000,0.350,0.350,MATCH,0.000,693.000,693.000,Pendiente,Facturado,FACTURADO,PENDIENTE_DE_PAGO,SIN_CUBRIR,,REPORTE 22-26 DICIEMBRE 2025,IMPORTABLE,
2099,2025-12-23,13911,MONROE,EXACT,,CARTON,CARTON,AUTO_INFERRED_PRICE,AUTO_INFERRED_PRICE,14460.000,12520.000,1940.000,0.000,0.000,0.000,0.000,1940.000,1940.000,1.400,1.400,MATCH,0.000,2716.000,2716.000,Pendiente,Facturado,FACTURADO,PENDIENTE_DE_PAGO,SIN_CUBRIR,,REPORTE 22-26 DICIEMBRE 2025,IMPORTABLE,
2100,2025-12-23,5481,MONROE,EXACT,,REBABA,REBABA,AUTO_INFERRED_PRICE,AUTO_INFERRED_PRICE,6200.000,5050.000,1150.000,0.000,0.000,0.000,0.000,1150.000,1150.000,1.980,2.270,DIFFERS,0.000,2277.000,2277.000,Pendiente,Facturado,FACTURADO,PENDIENTE_DE_PAGO,SIN_CUBRIR,,REPORTE 22-26 DICIEMBRE 2025,REVIEW,
2101,2025-12-23,5479,MONROE,EXACT,,REBABA,REBABA,AUTO_INFERRED_PRICE,AUTO_INFERRED_PRICE,5960.000,5390.000,570.000,0.000,0.000,0.000,0.000,570.000,570.000,1.980,2.270,DIFFERS,0.000,1128.600,1128.600,Pendiente,Facturado,FACTURADO,PENDIENTE_DE_PAGO,SIN_CUBRIR,,REPORTE 22-26 DICIEMBRE 2025,REVIEW,
2102,2025-12-23,13958,MONROE,EXACT,,MADERA,LENA,AUTO_INFERRED_PRICE,AUTO_INFERRED_PRICE,6470.000,5350.000,1120.000,0.000,0.000,0.000,0.000,1120.000,1120.000,0.350,0.350,MATCH,0.000,392.000,392.000,Pendiente,Facturado,FACTURADO,PENDIENTE_DE_PAGO,SIN_CUBRIR,,REPORTE 22-26 DICIEMBRE 2025,IMPORTABLE,
2103,2025-12-23,75813,MONROE,EXACT,,BASURA,BASURA,AUTO_INFERRED_PRICE,AUTO_INFERRED_PRICE,5150.000,4740.000,410.000,0.000,0.000,0.000,0.000,410.000,410.000,0.000,0.000,MATCH,0.000,0.000,0.000,Pendiente,Facturado,FACTURADO,PENDIENTE_DE_PAGO,SIN_CUBRIR,,REPORTE 22-26 DICIEMBRE 2025,IMPORTABLE,
2104,2025-12-22,13898,MONROE,EXACT,,CARTON,CARTON,AUTO_INFERRED_PRICE,AUTO_INFERRED_PRICE,14330.000,12520.000,1810.000,0.000,0.000,0.000,0.000,1810.000,1810.000,1.400,1.400,MATCH,0.000,2534.000,2534.000,Pendiente,Facturado,FACTURADO,PENDIENTE_DE_PAGO,SIN_CUBRIR,,REPORTE 22-26 DICIEMBRE 2025,IMPORTABLE,
2105,2025-12-22,13933,MONROE,EXACT,,MADERA,LENA,AUTO_INFERRED_PRICE,AUTO_INFERRED_PRICE,6700.000,5470.000,1230.000,0.000,0.000,0.000,0.000,1230.000,1230.000,0.350,0.350,MATCH,0.000,430.500,430.500,Pendiente,Facturado,FACTURADO,PENDIENTE_DE_PAGO,SIN_CUBRIR,,REPORTE 22-26 DICIEMBRE 2025,IMPORTABLE,
2106,2025-12-22,13959,MONROE,EXACT,,MADERA,LENA,AUTO_INFERRED_PRICE,AUTO_INFERRED_PRICE,7070.000,5350.000,1720.000,0.000,0.000,0.000,0.000,1720.000,1720.000,0.350,0.350,MATCH,0.000,602.000,602.000,Pendiente,Facturado,FACTURADO,PENDIENTE_DE_PAGO,SIN_CUBRIR,,REPORTE 22-26 DICIEMBRE 2025,IMPORTABLE,
2107,2025-12-18,5410,MONROE,EXACT,,REBABA,REBABA,AUTO_INFERRED_PRICE,AUTO_INFERRED_PRICE,5570.000,4840.000,730.000,0.000,0.000,0.000,0.000,730.000,730.000,1.980,2.270,DIFFERS,0.000,1445.400,1445.400,Pendiente,Facturado,FACTURADO,PENDIENTE_DE_PAGO,SIN_CUBRIR,,REPORTE 15-19 DICIEMBRE 2025,REVIEW,
2108,2025-12-18,5413,MONROE,EXACT,,REBABA,REBABA,AUTO_INFERRED_PRICE,AUTO_INFERRED_PRICE,6010.000,4650.000,1360.000,0.000,0.000,0.000,0.000,1360.000,1360.000,1.980,2.270,DIFFERS,0.000,2692.800,2692.800,Pendiente,Facturado,FACTURADO,PENDIENTE_DE_PAGO,SIN_CUBRIR,,REPORTE 15-19 DICIEMBRE 2025,REVIEW,
2109,2025-12-18,13763,MONROE,EXACT,,MADERA,LENA,AUTO_INFERRED_PRICE,AUTO_INFERRED_PRICE,6080.000,4760.000,1320.000,0.000,0.000,0.000,0.000,1320.000,1320.000,0.350,0.350,MATCH,0.000,462.000,462.000,Pendiente,Facturado,FACTURADO,PENDIENTE_DE_PAGO,SIN_CUBRIR,,REPORTE 15-19 DICIEMBRE 2025,IMPORTABLE,
2110,2025-12-18,13764,MONROE,EXACT,,MADERA,LENA,AUTO_INFERRED_PRICE,AUTO_INFERRED_PRICE,6310.000,4760.000,1550.000,0.000,0.000,0.000,0.000,1550.000,1550.000,0.350,0.350,MATCH,0.000,542.500,542.500,Pendiente,Facturado,FACTURADO,PENDIENTE_DE_PAGO,SIN_CUBRIR,,REPORTE 15-19 DICIEMBRE 2025,IMPORTABLE,
2111,2025-12-18,75828,MONROE,EXACT,,BASURA,BASURA,AUTO_INFERRED_PRICE,AUTO_INFERRED_PRICE,5145.000,4770.000,375.000,0.000,0.000,0.000,0.000,375.000,375.000,0.000,0.000,MATCH,0.000,0.000,0.000,Pendiente,Facturado,FACTURADO,PENDIENTE_DE_PAGO,SIN_CUBRIR,,REPORTE 15-19 DICIEMBRE 2025,IMPORTABLE,
2112,2025-12-17,13644,MONROE,EXACT,,CARTON,CARTON,AUTO_INFERRED_PRICE,AUTO_INFERRED_PRICE,14050.000,12460.000,1590.000,0.000,0.000,0.000,0.000,1590.000,1590.000,1.400,1.400,MATCH,0.000,2226.000,2226.000,Pendiente,Facturado,FACTURADO,PENDIENTE_DE_PAGO,SIN_CUBRIR,,REPORTE 15-19 DICIEMBRE 2025,IMPORTABLE,
2113,2025-12-17,13696,MONROE,EXACT,,MADERA,LENA,AUTO_INFERRED_PRICE,AUTO_INFERRED_PRICE,6390.000,4770.000,1620.000,0.000,0.000,0.000,0.000,1620.000,1620.000,0.350,0.350,MATCH,0.000,567.000,567.000,Pendiente,Facturado,FACTURADO,PENDIENTE_DE_PAGO,SIN_CUBRIR,,REPORTE 15-19 DICIEMBRE 2025,IMPORTABLE,
2114,2025-12-16,13635,MONROE,EXACT,,CARTON,CARTON,AUTO_INFERRED_PRICE,AUTO_INFERRED_PRICE,14040.000,12460.000,1580.000,0.000,0.000,0.000,0.000,1580.000,1580.000,1.400,1.400,MATCH,0.000,2212.000,2212.000,Pendiente,Facturado,FACTURADO,PENDIENTE_DE_PAGO,SIN_CUBRIR,,REPORTE 15-19 DICIEMBRE 2025,IMPORTABLE,
2115,2025-12-16,13697,MONROE,EXACT,,MADERA,LENA,AUTO_INFERRED_PRICE,AUTO_INFERRED_PRICE,6520.000,4770.000,1750.000,0.000,0.000,0.000,0.000,1750.000,1750.000,0.350,0.350,MATCH,0.000,612.500,612.500,Pendiente,Facturado,FACTURADO,PENDIENTE_DE_PAGO,SIN_CUBRIR,,REPORTE 15-19 DICIEMBRE 2025,IMPORTABLE,
2116,2025-12-16,13631,MONROE,EXACT,,MADERA,LENA,AUTO_INFERRED_PRICE,AUTO_INFERRED_PRICE,6440.000,4930.000,1510.000,0.000,0.000,0.000,0.000,1510.000,1510.000,0.350,0.350,MATCH,0.000,528.500,528.500,Pendiente,Facturado,FACTURADO,PENDIENTE_DE_PAGO,SIN_CUBRIR,,REPORTE 15-19 DICIEMBRE 2025,IMPORTABLE,
2117,2025-12-16,79464,MONROE,EXACT,,BASURA,BASURA,AUTO_INFERRED_PRICE,AUTO_INFERRED_PRICE,13445.000,12280.000,1165.000,0.000,0.000,0.000,0.000,1165.000,1165.000,0.000,0.000,MATCH,0.000,0.000,0.000,Pendiente,Facturado,FACTURADO,PENDIENTE_DE_PAGO,SIN_CUBRIR,,REPORTE 15-19 DICIEMBRE 2025,IMPORTABLE,
2118,2025-12-15,13583,MONROE,EXACT,,CARTON,CARTON,AUTO_INFERRED_PRICE,AUTO_INFERRED_PRICE,13590.000,12490.000,1100.000,0.000,0.000,0.000,0.000,1100.000,1100.000,1.400,1.400,MATCH,0.000,1540.000,1540.000,Pendiente,Facturado,FACTURADO,PENDIENTE_DE_PAGO,SIN_CUBRIR,,REPORTE 15-19 DICIEMBRE 2025,IMPORTABLE,
2119,2025-12-15,5358,MONROE,EXACT,,REBABA,REBABA,AUTO_INFERRED_PRICE,AUTO_INFERRED_PRICE,5520.000,4670.000,850.000,0.000,0.000,0.000,0.000,850.000,850.000,1.980,2.270,DIFFERS,0.000,1683.000,1683.000,Pendiente,Facturado,FACTURADO,PENDIENTE_DE_PAGO,SIN_CUBRIR,,REPORTE 15-19 DICIEMBRE 2025,REVIEW,
2120,2025-12-15,5353,MONROE,EXACT,,REBABA,REBABA,AUTO_INFERRED_PRICE,AUTO_INFERRED_PRICE,5520.000,5030.000,490.000,0.000,0.000,0.000,0.000,490.000,490.000,1.980,2.270,DIFFERS,0.000,970.200,970.200,Pendiente,Facturado,FACTURADO,PENDIENTE_DE_PAGO,SIN_CUBRIR,,REPORTE 15-19 DICIEMBRE 2025,REVIEW,
2121,2025-12-15,13588,MONROE,EXACT,,MADERA,LENA,AUTO_INFERRED_PRICE,AUTO_INFERRED_PRICE,5980.000,4860.000,1120.000,0.000,0.000,0.000,0.000,1120.000,1120.000,0.350,0.350,MATCH,0.000,392.000,392.000,Pendiente,Facturado,FACTURADO,PENDIENTE_DE_PAGO,SIN_CUBRIR,,REPORTE 15-19 DICIEMBRE 2025,IMPORTABLE,
2122,2025-12-15,13585,MONROE,EXACT,,MADERA,LENA,AUTO_INFERRED_PRICE,AUTO_INFERRED_PRICE,6220.000,4860.000,1360.000,0.000,0.000,0.000,0.000,1360.000,1360.000,0.350,0.350,MATCH,0.000,476.000,476.000,Pendiente,Facturado,FACTURADO,PENDIENTE_DE_PAGO,SIN_CUBRIR,,REPORTE 15-19 DICIEMBRE 2025,IMPORTABLE,
2123,2025-12-15,75592,MONROE,EXACT,,BASURA,BASURA,AUTO_INFERRED_PRICE,AUTO_INFERRED_PRICE,4675.000,4325.000,350.000,0.000,0.000,0.000,0.000,350.000,350.000,0.000,0.000,MATCH,0.000,0.000,0.000,Pendiente,Facturado,FACTURADO,PENDIENTE_DE_PAGO,SIN_CUBRIR,,REPORTE 15-19 DICIEMBRE 2025,IMPORTABLE,
2124,2025-12-13,45190,AVON,EXACT,,CARTON,CORRUGADO CARTON,AUTO_INFERRED_PRICE,AUTO_INFERRED_PRICE,14050.000,12785.000,1265.000,0.000,0.000,0.000,0.000,1265.000,1265.000,1.200,1.200,MATCH,0.000,1518.000,1518.000,Pendiente,Facturado,FACTURADO,PENDIENTE_DE_PAGO,SIN_CUBRIR,,Corte 08-13 diciembre 2025,IMPORTABLE,
2125,2025-12-13,1,AVON,EXACT,,BASURA,SABADOS(VIAJE),AUTO_INFERRED_PRICE,AUTO_INFERRED_PRICE,1.000,0.000,1.000,0.000,0.000,0.000,0.000,1.000,1.000,-500.000,500.000,DIFFERS,0.000,-500.000,-500.000,Pendiente,Facturado,FACTURADO,PENDIENTE_DE_PAGO,SIN_CUBRIR,,Corte 08-13 diciembre 2025,REVIEW,
2126,2025-12-12,45189,AVON,EXACT,,CARTON,CORRUGADO CARTON,AUTO_INFERRED_PRICE,AUTO_INFERRED_PRICE,14690.000,12900.000,1790.000,0.000,0.000,0.000,0.000,1790.000,1790.000,1.200,1.200,MATCH,0.000,2148.000,2148.000,Pendiente,Facturado,FACTURADO,PENDIENTE_DE_PAGO,SIN_CUBRIR,,Corte 08-13 diciembre 2025,IMPORTABLE,
2127,2025-12-11,45185,AVON,EXACT,,PLASTICO,PLASTICO MIXTO,AUTO_INFERRED_PRICE,AUTO_INFERRED_PRICE,5830.000,5320.000,510.000,0.000,0.000,0.000,0.000,510.000,510.000,1.200,1.200,MATCH,0.000,612.000,612.000,Pendiente,Facturado,FACTURADO,PENDIENTE_DE_PAGO,SIN_CUBRIR,,Corte 08-13 diciembre 2025,IMPORTABLE,
2128,2025-12-11,45179,AVON,EXACT,,CARTON,CORRUGADO CARTON,AUTO_INFERRED_PRICE,AUTO_INFERRED_PRICE,14650.000,12610.000,2040.000,0.000,0.000,0.000,0.000,2040.000,2040.000,1.200,1.200,MATCH,0.000,2448.000,2448.000,Pendiente,Facturado,FACTURADO,PENDIENTE_DE_PAGO,SIN_CUBRIR,,Corte 08-13 diciembre 2025,IMPORTABLE,
2129,2025-12-11,45184,AVON,EXACT,,CARTON,CORRUGADO CARTON,AUTO_INFERRED_PRICE,AUTO_INFERRED_PRICE,14710.000,12985.000,1725.000,0.000,0.000,0.000,0.000,1725.000,1725.000,1.200,1.200,MATCH,0.000,2070.000,2070.000,Pendiente,Facturado,FACTURADO,PENDIENTE_DE_PAGO,SIN_CUBRIR,,Corte 08-13 diciembre 2025,IMPORTABLE,
2130,2025-12-11,45181,AVON,EXACT,,CARTON,CORRUGADO CARTON,AUTO_INFERRED_PRICE,AUTO_INFERRED_PRICE,13860.000,12465.000,1395.000,0.000,0.000,0.000,0.000,1395.000,1395.000,1.200,1.200,MATCH,0.000,1674.000,1674.000,Pendiente,Facturado,FACTURADO,PENDIENTE_DE_PAGO,SIN_CUBRIR,,Corte 08-13 diciembre 2025,IMPORTABLE,
2131,2025-12-11,45186,AVON,EXACT,,CARTON,CORRUGADO CARTON,AUTO_INFERRED_PRICE,AUTO_INFERRED_PRICE,14120.000,12610.000,1510.000,0.000,0.000,0.000,0.000,1510.000,1510.000,1.200,1.200,MATCH,0.000,1812.000,1812.000,Pendiente,Facturado,FACTURADO,PENDIENTE_DE_PAGO,SIN_CUBRIR,,Corte 08-13 diciembre 2025,IMPORTABLE,
2132,2025-12-11,45188,AVON,EXACT,,CARTON,CORRUGADO CARTON,AUTO_INFERRED_PRICE,AUTO_INFERRED_PRICE,13860.000,12465.000,1395.000,0.000,0.000,0.000,0.000,1395.000,1395.000,1.200,1.200,MATCH,0.000,1674.000,1674.000,Pendiente,Facturado,FACTURADO,PENDIENTE_DE_PAGO,SIN_CUBRIR,,Corte 08-13 diciembre 2025,IMPORTABLE,
2133,2025-12-11,45187,AVON,EXACT,,CARTON,CORRUGADO CARTON,AUTO_INFERRED_PRICE,AUTO_INFERRED_PRICE,14140.000,12785.000,1355.000,0.000,0.000,0.000,0.000,1355.000,1355.000,1.200,1.200,MATCH,0.000,1626.000,1626.000,Pendiente,Facturado,FACTURADO,PENDIENTE_DE_PAGO,SIN_CUBRIR,,Corte 08-13 diciembre 2025,IMPORTABLE,
2134,2025-12-10,45171,AVON,EXACT,,CARTON,CORRUGADO CARTON,AUTO_INFERRED_PRICE,AUTO_INFERRED_PRICE,14090.000,12785.000,1305.000,0.000,0.000,0.000,0.000,1305.000,1305.000,1.200,1.200,MATCH,0.000,1566.000,1566.000,Pendiente,Facturado,FACTURADO,PENDIENTE_DE_PAGO,SIN_CUBRIR,,Corte 08-13 diciembre 2025,IMPORTABLE,
2135,2025-12-10,45170,AVON,EXACT,,CARTON,CORRUGADO CARTON,AUTO_INFERRED_PRICE,AUTO_INFERRED_PRICE,14390.000,12610.000,1780.000,0.000,0.000,0.000,0.000,1780.000,1780.000,1.200,1.200,MATCH,0.000,2136.000,2136.000,Pendiente,Facturado,FACTURADO,PENDIENTE_DE_PAGO,SIN_CUBRIR,,Corte 08-13 diciembre 2025,IMPORTABLE,
2136,2025-12-10,45175,AVON,EXACT,,PLASTICO,PLASTICO MIXTO,AUTO_INFERRED_PRICE,AUTO_INFERRED_PRICE,5910.000,5495.000,415.000,0.000,0.000,0.000,0.000,415.000,415.000,1.200,1.200,MATCH,0.000,498.000,498.000,Pendiente,Facturado,FACTURADO,PENDIENTE_DE_PAGO,SIN_CUBRIR,,Corte 08-13 diciembre 2025,IMPORTABLE,
2137,2025-12-10,45174,AVON,EXACT,,CARTON,CORRUGADO CARTON,AUTO_INFERRED_PRICE,AUTO_INFERRED_PRICE,15770.000,12795.000,2975.000,0.000,0.000,0.000,0.000,2975.000,2975.000,1.200,1.200,MATCH,0.000,3570.000,3570.000,Pendiente,Facturado,FACTURADO,PENDIENTE_DE_PAGO,SIN_CUBRIR,,Corte 08-13 diciembre 2025,IMPORTABLE,
2138,2025-12-10,45177,AVON,EXACT,,CARTON,CORRUGADO CARTON,AUTO_INFERRED_PRICE,AUTO_INFERRED_PRICE,13780.000,12610.000,1170.000,0.000,0.000,0.000,0.000,1170.000,1170.000,1.200,1.200,MATCH,0.000,1404.000,1404.000,Pendiente,Facturado,FACTURADO,PENDIENTE_DE_PAGO,SIN_CUBRIR,,Corte 08-13 diciembre 2025,IMPORTABLE,
2139,2025-12-10,45178,AVON,EXACT,,CARTON,CORRUGADO CARTON,AUTO_INFERRED_PRICE,AUTO_INFERRED_PRICE,14010.000,12785.000,1225.000,0.000,0.000,0.000,0.000,1225.000,1225.000,1.200,1.200,MATCH,0.000,1470.000,1470.000,Pendiente,Facturado,FACTURADO,PENDIENTE_DE_PAGO,SIN_CUBRIR,,Corte 08-13 diciembre 2025,IMPORTABLE,
2140,2025-12-09,45168,AVON,EXACT,,CARTON,CORRUGADO CARTON,AUTO_INFERRED_PRICE,AUTO_INFERRED_PRICE,13530.000,12785.000,745.000,0.000,0.000,0.000,0.000,745.000,745.000,1.200,1.200,MATCH,0.000,894.000,894.000,Pendiente,Facturado,FACTURADO,PENDIENTE_DE_PAGO,SIN_CUBRIR,,Corte 08-13 diciembre 2025,IMPORTABLE,
2141,2025-12-09,45165,AVON,EXACT,,CARTON,CORRUGADO CARTON,AUTO_INFERRED_PRICE,AUTO_INFERRED_PRICE,13810.000,12465.000,1345.000,0.000,0.000,0.000,0.000,1345.000,1345.000,1.200,1.200,MATCH,0.000,1614.000,1614.000,Pendiente,Facturado,FACTURADO,PENDIENTE_DE_PAGO,SIN_CUBRIR,,Corte 08-13 diciembre 2025,IMPORTABLE,
2142,2025-12-09,45163,AVON,EXACT,,PLASTICO,PLASTICO MIXTO,AUTO_INFERRED_PRICE,AUTO_INFERRED_PRICE,5700.000,5320.000,380.000,0.000,0.000,0.000,0.000,380.000,380.000,1.200,1.200,MATCH,0.000,456.000,456.000,Pendiente,Facturado,FACTURADO,PENDIENTE_DE_PAGO,SIN_CUBRIR,,Corte 08-13 diciembre 2025,IMPORTABLE,
2143,2025-12-09,45167,AVON,EXACT,,CARTON,CORRUGADO CARTON,AUTO_INFERRED_PRICE,AUTO_INFERRED_PRICE,13870.000,12610.000,1260.000,0.000,0.000,0.000,0.000,1260.000,1260.000,1.200,1.200,MATCH,0.000,1512.000,1512.000,Pendiente,Facturado,FACTURADO,PENDIENTE_DE_PAGO,SIN_CUBRIR,,Corte 08-13 diciembre 2025,IMPORTABLE,
2144,2025-12-09,45164,AVON,EXACT,,VIDRIO,VIDRIO,AUTO_INFERRED_PRICE,AUTO_INFERRED_PRICE,14090.000,12785.000,1305.000,0.000,0.000,0.000,0.000,1305.000,1305.000,0.100,0.100,MATCH,0.000,130.500,130.500,Pendiente,Facturado,FACTURADO,PENDIENTE_DE_PAGO,SIN_CUBRIR,,Corte 08-13 diciembre 2025,IMPORTABLE,
2145,2025-12-09,45162,AVON,EXACT,,CARTON,CORRUGADO CARTON,AUTO_INFERRED_PRICE,AUTO_INFERRED_PRICE,13710.000,12795.000,915.000,0.000,0.000,0.000,0.000,915.000,915.000,1.200,1.200,MATCH,0.000,1098.000,1098.000,Pendiente,Facturado,FACTURADO,PENDIENTE_DE_PAGO,SIN_CUBRIR,,Corte 08-13 diciembre 2025,IMPORTABLE,
2146,2025-12-09,45156,AVON,EXACT,,CARTON,CORRUGADO CARTON,AUTO_INFERRED_PRICE,AUTO_INFERRED_PRICE,13810.000,12465.000,1345.000,0.000,0.000,0.000,0.000,1345.000,1345.000,1.200,1.200,MATCH,0.000,1614.000,1614.000,Pendiente,Facturado,FACTURADO,PENDIENTE_DE_PAGO,SIN_CUBRIR,,Corte 08-13 diciembre 2025,IMPORTABLE,
2147,2025-12-09,45158,AVON,EXACT,,MADERA,PEDACERIA MADERA,AUTO_INFERRED_PRICE,AUTO_INFERRED_PRICE,6440.000,4095.000,2345.000,0.000,0.000,0.000,0.000,2345.000,2345.000,0.000,0.000,MATCH,0.000,0.000,0.000,Pendiente,Facturado,FACTURADO,PENDIENTE_DE_PAGO,SIN_CUBRIR,,Corte 08-13 diciembre 2025,IMPORTABLE,
2148,2025-12-08,45153,AVON,EXACT,,CARTON,CORRUGADO CARTON,AUTO_INFERRED_PRICE,AUTO_INFERRED_PRICE,14250.000,12795.000,1455.000,0.000,0.000,0.000,0.000,1455.000,1455.000,1.200,1.200,MATCH,0.000,1746.000,1746.000,Pendiente,Facturado,FACTURADO,PENDIENTE_DE_PAGO,SIN_CUBRIR,,Corte 08-13 diciembre 2025,IMPORTABLE,
2149,2025-12-08,45152,AVON,EXACT,,CARTON,CORRUGADO CARTON,AUTO_INFERRED_PRICE,AUTO_INFERRED_PRICE,14040.000,12610.000,1430.000,0.000,0.000,0.000,0.000,1430.000,1430.000,1.200,1.200,MATCH,0.000,1716.000,1716.000,Pendiente,Facturado,FACTURADO,PENDIENTE_DE_PAGO,SIN_CUBRIR,,Corte 08-13 diciembre 2025,IMPORTABLE,
2150,2025-12-08,45150,AVON,EXACT,,PLASTICO,PLASTICO MIXTO,AUTO_INFERRED_PRICE,AUTO_INFERRED_PRICE,5820.000,5320.000,500.000,0.000,0.000,0.000,0.000,500.000,500.000,1.200,1.200,MATCH,0.000,600.000,600.000,Pendiente,Facturado,FACTURADO,PENDIENTE_DE_PAGO,SIN_CUBRIR,,Corte 08-13 diciembre 2025,IMPORTABLE,
2151,2025-12-06,45147,AVON,EXACT,,CARTON,CORRUGADO CARTON,AUTO_INFERRED_PRICE,AUTO_INFERRED_PRICE,13180.000,12610.000,570.000,0.000,0.000,0.000,0.000,570.000,570.000,1.200,1.200,MATCH,0.000,684.000,684.000,Pendiente,Facturado,FACTURADO,PENDIENTE_DE_PAGO,SIN_CUBRIR,,Reporte 01-06 diciembre 2025,IMPORTABLE,
2152,2025-12-06,45146,AVON,EXACT,,CARTON,CORRUGADO CARTON,AUTO_INFERRED_PRICE,AUTO_INFERRED_PRICE,13830.000,12465.000,1365.000,0.000,0.000,0.000,0.000,1365.000,1365.000,1.200,1.200,MATCH,0.000,1638.000,1638.000,Pendiente,Facturado,FACTURADO,PENDIENTE_DE_PAGO,SIN_CUBRIR,,Reporte 01-06 diciembre 2025,IMPORTABLE,
2153,2025-12-06,13269,MONROE,EXACT,,LENA,LENA,AUTO_INFERRED_PRICE,AUTO_INFERRED_PRICE,6620.000,5070.000,1550.000,0.000,0.000,0.000,0.000,1550.000,1550.000,0.350,0.350,MATCH,0.000,542.500,542.500,Pendiente,Facturado,FACTURADO,PENDIENTE_DE_PAGO,SIN_CUBRIR,,Reporte 01-06 diciembre 2025,IMPORTABLE,
2154,2025-12-06,13270,MONROE,EXACT,,CARTON,CARTON,AUTO_INFERRED_PRICE,AUTO_INFERRED_PRICE,14290.000,13040.000,1250.000,0.000,0.000,0.000,0.000,1250.000,1250.000,1.400,1.400,MATCH,0.000,1750.000,1750.000,Pendiente,Facturado,FACTURADO,PENDIENTE_DE_PAGO,SIN_CUBRIR,,Reporte 01-06 diciembre 2025,IMPORTABLE,
2155,2025-12-06,1,AVON,EXACT,,BASURA,SABADOS(VIAJE),AUTO_INFERRED_PRICE,AUTO_INFERRED_PRICE,1.000,0.000,1.000,0.000,0.000,0.000,0.000,1.000,1.000,-500.000,500.000,DIFFERS,0.000,-500.000,-500.000,Pendiente,Facturado,FACTURADO,PENDIENTE_DE_PAGO,SIN_CUBRIR,,Reporte 01-06 diciembre 2025,REVIEW,
2156,2025-12-05,5399,MONROE,EXACT,,TARIMAS,TARIMAS,AUTO_INFERRED_PRICE,AUTO_INFERRED_PRICE,150.000,0.000,150.000,0.000,0.000,0.000,0.000,150.000,150.000,13.000,13.000,MATCH,0.000,1950.000,1950.000,Pendiente,Facturado,FACTURADO,PENDIENTE_DE_PAGO,SIN_CUBRIR,,Reporte 01-06 diciembre 2025,IMPORTABLE,
2157,2025-12-05,13208,MONROE,EXACT,,LENA,LENA,AUTO_INFERRED_PRICE,AUTO_INFERRED_PRICE,7120.000,5350.000,1770.000,0.000,0.000,0.000,0.000,1770.000,1770.000,0.350,0.350,MATCH,0.000,619.500,619.500,Pendiente,Facturado,FACTURADO,PENDIENTE_DE_PAGO,SIN_CUBRIR,,Reporte 01-06 diciembre 2025,IMPORTABLE,
2158,2025-12-05,45140,AVON,EXACT,,PLASTICO,PLASTICO MIXTO,AUTO_INFERRED_PRICE,AUTO_INFERRED_PRICE,5920.000,5495.000,425.000,0.000,0.000,0.000,0.000,425.000,425.000,1.200,1.200,MATCH,0.000,510.000,510.000,Pendiente,Facturado,FACTURADO,PENDIENTE_DE_PAGO,SIN_CUBRIR,,Reporte 01-06 diciembre 2025,IMPORTABLE,
2159,2025-12-05,45144,AVON,EXACT,,PLASTICO,PLASTICO MIXTO,AUTO_INFERRED_PRICE,AUTO_INFERRED_PRICE,5800.000,5320.000,480.000,0.000,0.000,0.000,0.000,480.000,480.000,1.200,1.200,MATCH,0.000,576.000,576.000,Pendiente,Facturado,FACTURADO,PENDIENTE_DE_PAGO,SIN_CUBRIR,,Reporte 01-06 diciembre 2025,IMPORTABLE,
2160,2025-12-05,45143,AVON,EXACT,,CARTON,CORRUGADO CARTON,AUTO_INFERRED_PRICE,AUTO_INFERRED_PRICE,13830.000,12465.000,1365.000,0.000,0.000,0.000,0.000,1365.000,1365.000,1.200,1.200,MATCH,0.000,1638.000,1638.000,Pendiente,Facturado,FACTURADO,PENDIENTE_DE_PAGO,SIN_CUBRIR,,Reporte 01-06 diciembre 2025,IMPORTABLE,
2161,2025-12-05,45142,AVON,EXACT,,CARTON,CORRUGADO CARTON,AUTO_INFERRED_PRICE,AUTO_INFERRED_PRICE,15760.000,12985.000,2775.000,0.000,0.000,0.000,0.000,2775.000,2775.000,1.200,1.200,MATCH,0.000,3330.000,3330.000,Pendiente,Facturado,FACTURADO,PENDIENTE_DE_PAGO,SIN_CUBRIR,,Reporte 01-06 diciembre 2025,IMPORTABLE,
2162,2025-12-05,45141,AVON,EXACT,,CARTON,CORRUGADO CARTON,AUTO_INFERRED_PRICE,AUTO_INFERRED_PRICE,14140.000,12795.000,1345.000,0.000,0.000,0.000,0.000,1345.000,1345.000,1.200,1.200,MATCH,0.000,1614.000,1614.000,Pendiente,Facturado,FACTURADO,PENDIENTE_DE_PAGO,SIN_CUBRIR,,Reporte 01-06 diciembre 2025,IMPORTABLE,
2163,2025-12-05,45137,AVON,EXACT,,CARTON,CORRUGADO CARTON,AUTO_INFERRED_PRICE,AUTO_INFERRED_PRICE,14320.000,12465.000,1855.000,0.000,0.000,0.000,0.000,1855.000,1855.000,1.200,1.200,MATCH,0.000,2226.000,2226.000,Pendiente,Facturado,FACTURADO,PENDIENTE_DE_PAGO,SIN_CUBRIR,,Reporte 01-06 diciembre 2025,IMPORTABLE,
2164,2025-12-05,45136,AVON,EXACT,,CARTON,CORRUGADO CARTON,AUTO_INFERRED_PRICE,AUTO_INFERRED_PRICE,14420.000,12610.000,1810.000,0.000,0.000,0.000,0.000,1810.000,1810.000,1.200,1.200,MATCH,0.000,2172.000,2172.000,Pendiente,Facturado,FACTURADO,PENDIENTE_DE_PAGO,SIN_CUBRIR,,Reporte 01-06 diciembre 2025,IMPORTABLE,
2165,2025-12-05,45145,AVON,EXACT,,CARTON,CORRUGADO CARTON,AUTO_INFERRED_PRICE,AUTO_INFERRED_PRICE,13850.000,12795.000,1055.000,0.000,0.000,0.000,0.000,1055.000,1055.000,1.200,1.200,MATCH,0.000,1266.000,1266.000,Pendiente,Facturado,FACTURADO,PENDIENTE_DE_PAGO,SIN_CUBRIR,,Reporte 01-06 diciembre 2025,IMPORTABLE,
2166,2025-12-05,13162,MONROE,EXACT,,CARTON,CARTON,AUTO_INFERRED_PRICE,AUTO_INFERRED_PRICE,14840.000,12480.000,2360.000,0.000,0.000,0.000,0.000,2360.000,2360.000,1.400,1.400,MATCH,0.000,3304.000,3304.000,Pendiente,Facturado,FACTURADO,PENDIENTE_DE_PAGO,SIN_CUBRIR,,Reporte 01-06 diciembre 2025,IMPORTABLE,
2167,2025-12-04,5223,MONROE,EXACT,,REBABA,REBABA,AUTO_INFERRED_PRICE,AUTO_INFERRED_PRICE,5810.000,4850.000,960.000,0.000,0.000,0.000,0.000,960.000,960.000,1.980,2.270,DIFFERS,0.000,1900.800,1900.800,Pendiente,Facturado,FACTURADO,PENDIENTE_DE_PAGO,SIN_CUBRIR,,Reporte 01-06 diciembre 2025,REVIEW,
2168,2025-12-04,13152,MONROE,EXACT,,LENA,LENA,AUTO_INFERRED_PRICE,AUTO_INFERRED_PRICE,6350.000,4730.000,1620.000,0.000,0.000,0.000,0.000,1620.000,1620.000,0.350,0.350,MATCH,0.000,567.000,567.000,Pendiente,Facturado,FACTURADO,PENDIENTE_DE_PAGO,SIN_CUBRIR,,Reporte 01-06 diciembre 2025,IMPORTABLE,
2169,2025-12-04,13151,MONROE,EXACT,,LENA,LENA,AUTO_INFERRED_PRICE,AUTO_INFERRED_PRICE,5670.000,4730.000,940.000,0.000,0.000,0.000,0.000,940.000,940.000,0.350,0.350,MATCH,0.000,329.000,329.000,Pendiente,Facturado,FACTURADO,PENDIENTE_DE_PAGO,SIN_CUBRIR,,Reporte 01-06 diciembre 2025,IMPORTABLE,
2170,2025-12-04,45135,AVON,EXACT,,PAPEL,BOND,AUTO_INFERRED_PRICE,AUTO_INFERRED_PRICE,6520.000,5865.000,655.000,0.000,0.000,0.000,0.000,655.000,655.000,1.200,1.200,MATCH,0.000,786.000,786.000,Pendiente,Facturado,FACTURADO,PENDIENTE_DE_PAGO,SIN_CUBRIR,,Reporte 01-06 diciembre 2025,IMPORTABLE,
2171,2025-12-04,45132,AVON,EXACT,,CARTON,CORRUGADO CARTON,AUTO_INFERRED_PRICE,AUTO_INFERRED_PRICE,15690.000,12785.000,2905.000,0.000,0.000,0.000,0.000,2905.000,2905.000,1.200,1.200,MATCH,0.000,3486.000,3486.000,Pendiente,Facturado,FACTURADO,PENDIENTE_DE_PAGO,SIN_CUBRIR,,Reporte 01-06 diciembre 2025,IMPORTABLE,
2172,2025-12-04,45131,AVON,EXACT,,CARTON,CORRUGADO CARTON,AUTO_INFERRED_PRICE,AUTO_INFERRED_PRICE,15060.000,12900.000,2160.000,0.000,0.000,0.000,0.000,2160.000,2160.000,1.200,1.200,MATCH,0.000,2592.000,2592.000,Pendiente,Facturado,FACTURADO,PENDIENTE_DE_PAGO,SIN_CUBRIR,,Reporte 01-06 diciembre 2025,IMPORTABLE,
2173,2025-12-04,45129,AVON,EXACT,,CARTON,CORRUGADO CARTON,AUTO_INFERRED_PRICE,AUTO_INFERRED_PRICE,13960.000,12465.000,1495.000,0.000,0.000,0.000,0.000,1495.000,1495.000,1.200,1.200,MATCH,0.000,1794.000,1794.000,Pendiente,Facturado,FACTURADO,PENDIENTE_DE_PAGO,SIN_CUBRIR,,Reporte 01-06 diciembre 2025,IMPORTABLE,
2174,2025-12-04,45128,AVON,EXACT,,CARTON,CORRUGADO CARTON,AUTO_INFERRED_PRICE,AUTO_INFERRED_PRICE,14480.000,12610.000,1870.000,0.000,0.000,0.000,0.000,1870.000,1870.000,1.200,1.200,MATCH,0.000,2244.000,2244.000,Pendiente,Facturado,FACTURADO,PENDIENTE_DE_PAGO,SIN_CUBRIR,,Reporte 01-06 diciembre 2025,IMPORTABLE,
2175,2025-12-04,45130,AVON,EXACT,,PLASTICO,PLASTICO MIXTO,AUTO_INFERRED_PRICE,AUTO_INFERRED_PRICE,6030.000,5495.000,535.000,0.000,0.000,0.000,0.000,535.000,535.000,1.200,1.200,MATCH,0.000,642.000,642.000,Pendiente,Facturado,FACTURADO,PENDIENTE_DE_PAGO,SIN_CUBRIR,,Reporte 01-06 diciembre 2025,IMPORTABLE,
2176,2025-12-04,79408,MONROE,EXACT,,BASURA,BASURA,AUTO_INFERRED_PRICE,AUTO_INFERRED_PRICE,14960.000,12275.000,2685.000,0.000,0.000,0.000,0.000,2685.000,2685.000,0.000,0.000,MATCH,0.000,0.000,0.000,Pendiente,Facturado,FACTURADO,PENDIENTE_DE_PAGO,SIN_CUBRIR,,Reporte 01-06 diciembre 2025,IMPORTABLE,
2177,2025-12-04,13119,MONROE,EXACT,,CARTON,CARTON,AUTO_INFERRED_PRICE,AUTO_INFERRED_PRICE,14260.000,12480.000,1780.000,0.000,0.000,0.000,0.000,1780.000,1780.000,1.400,1.400,MATCH,0.000,2492.000,2492.000,Pendiente,Facturado,FACTURADO,PENDIENTE_DE_PAGO,SIN_CUBRIR,,Reporte 01-06 diciembre 2025,IMPORTABLE,
2178,2025-12-03,13099,MONROE,EXACT,,LENA,LENA,AUTO_INFERRED_PRICE,AUTO_INFERRED_PRICE,6730.000,4670.000,2060.000,0.000,0.000,0.000,0.000,2060.000,2060.000,0.350,0.350,MATCH,0.000,721.000,721.000,Pendiente,Facturado,FACTURADO,PENDIENTE_DE_PAGO,SIN_CUBRIR,,Reporte 01-06 diciembre 2025,IMPORTABLE,
2179,2025-12-03,45118,AVON,EXACT,,CHATARRA,CHATARRA,AUTO_INFERRED_PRICE,AUTO_INFERRED_PRICE,6610.000,5225.000,1385.000,0.000,0.000,0.000,0.000,1385.000,1385.000,2.800,2.800,MATCH,0.000,3878.000,3878.000,Pendiente,Facturado,FACTURADO,PENDIENTE_DE_PAGO,SIN_CUBRIR,,Reporte 01-06 diciembre 2025,IMPORTABLE,
2180,2025-12-03,45126,AVON,EXACT,,CARTON,CORRUGADO CARTON,AUTO_INFERRED_PRICE,AUTO_INFERRED_PRICE,13800.000,12795.000,1005.000,0.000,0.000,0.000,0.000,1005.000,1005.000,1.200,1.200,MATCH,0.000,1206.000,1206.000,Pendiente,Facturado,FACTURADO,PENDIENTE_DE_PAGO,SIN_CUBRIR,,Reporte 01-06 diciembre 2025,IMPORTABLE,
2181,2025-12-03,45125,AVON,EXACT,,CARTON,CORRUGADO CARTON,AUTO_INFERRED_PRICE,AUTO_INFERRED_PRICE,14040.000,12465.000,1575.000,0.000,0.000,0.000,0.000,1575.000,1575.000,1.200,1.200,MATCH,0.000,1890.000,1890.000,Pendiente,Facturado,FACTURADO,PENDIENTE_DE_PAGO,SIN_CUBRIR,,Reporte 01-06 diciembre 2025,IMPORTABLE,
2182,2025-12-03,45121,AVON,EXACT,,CARTON,CORRUGADO CARTON,AUTO_INFERRED_PRICE,AUTO_INFERRED_PRICE,14440.000,12795.000,1645.000,0.000,0.000,0.000,0.000,1645.000,1645.000,1.200,1.200,MATCH,0.000,1974.000,1974.000,Pendiente,Facturado,FACTURADO,PENDIENTE_DE_PAGO,SIN_CUBRIR,,Reporte 01-06 diciembre 2025,IMPORTABLE,
2183,2025-12-03,45119,AVON,EXACT,,CARTON,CORRUGADO CARTON,AUTO_INFERRED_PRICE,AUTO_INFERRED_PRICE,13850.000,12465.000,1385.000,0.000,0.000,0.000,0.000,1385.000,1385.000,1.200,1.200,MATCH,0.000,1662.000,1662.000,Pendiente,Facturado,FACTURADO,PENDIENTE_DE_PAGO,SIN_CUBRIR,,Reporte 01-06 diciembre 2025,IMPORTABLE,
2184,2025-12-03,45120,AVON,EXACT,,CAPLE,CAPLE CAJILLA,AUTO_INFERRED_PRICE,AUTO_INFERRED_PRICE,6180.000,5285.000,895.000,0.000,0.000,0.000,0.000,895.000,895.000,0.700,0.700,MATCH,0.000,626.500,626.500,Pendiente,Facturado,FACTURADO,PENDIENTE_DE_PAGO,SIN_CUBRIR,,Reporte 01-06 diciembre 2025,IMPORTABLE,
2185,2025-12-03,45124,AVON,EXACT,,PLASTICO,PLASTICO MIXTO,AUTO_INFERRED_PRICE,AUTO_INFERRED_PRICE,5830.000,5320.000,510.000,0.000,0.000,0.000,0.000,510.000,510.000,1.200,1.200,MATCH,0.000,612.000,612.000,Pendiente,Facturado,FACTURADO,PENDIENTE_DE_PAGO,SIN_CUBRIR,,Reporte 01-06 diciembre 2025,IMPORTABLE,
2186,2025-12-03,13072,MONROE,EXACT,,CARTON,CARTON,AUTO_INFERRED_PRICE,AUTO_INFERRED_PRICE,14640.000,12390.000,2250.000,0.000,0.000,0.000,0.000,2250.000,2250.000,1.400,1.400,MATCH,0.000,3150.000,3150.000,Pendiente,Facturado,FACTURADO,PENDIENTE_DE_PAGO,SIN_CUBRIR,,Reporte 01-06 diciembre 2025,IMPORTABLE,
2187,2025-12-02,45114,AVON,EXACT,,CARTON,CORRUGADO CARTON,AUTO_INFERRED_PRICE,AUTO_INFERRED_PRICE,14060.000,12795.000,1265.000,0.000,0.000,0.000,0.000,1265.000,1265.000,1.200,1.200,MATCH,0.000,1518.000,1518.000,Pendiente,Facturado,FACTURADO,PENDIENTE_DE_PAGO,SIN_CUBRIR,,Reporte 01-06 diciembre 2025,IMPORTABLE,
2188,2025-12-02,45109,AVON,EXACT,,CARTON,CORRUGADO CARTON,AUTO_INFERRED_PRICE,AUTO_INFERRED_PRICE,13560.000,12465.000,1095.000,0.000,0.000,0.000,0.000,1095.000,1095.000,1.200,1.200,MATCH,0.000,1314.000,1314.000,Pendiente,Facturado,FACTURADO,PENDIENTE_DE_PAGO,SIN_CUBRIR,,Reporte 01-06 diciembre 2025,IMPORTABLE,
2189,2025-12-02,45111,AVON,EXACT,,CARTON,CORRUGADO CARTON,AUTO_INFERRED_PRICE,AUTO_INFERRED_PRICE,14840.000,12785.000,2055.000,0.000,0.000,0.000,0.000,2055.000,2055.000,1.200,1.200,MATCH,0.000,2466.000,2466.000,Pendiente,Facturado,FACTURADO,PENDIENTE_DE_PAGO,SIN_CUBRIR,,Reporte 01-06 diciembre 2025,IMPORTABLE,
2190,2025-12-02,45112,AVON,EXACT,,CARTON,CORRUGADO CARTON,AUTO_INFERRED_PRICE,AUTO_INFERRED_PRICE,13990.000,12795.000,1195.000,0.000,0.000,0.000,0.000,1195.000,1195.000,1.200,1.200,MATCH,0.000,1434.000,1434.000,Pendiente,Facturado,FACTURADO,PENDIENTE_DE_PAGO,SIN_CUBRIR,,Reporte 01-06 diciembre 2025,IMPORTABLE,
2191,2025-12-02,45115,AVON,EXACT,,PLASTICO,PLASTICO MIXTO,AUTO_INFERRED_PRICE,AUTO_INFERRED_PRICE,5960.000,5495.000,465.000,0.000,0.000,0.000,0.000,465.000,465.000,1.200,1.200,MATCH,0.000,558.000,558.000,Pendiente,Facturado,FACTURADO,PENDIENTE_DE_PAGO,SIN_CUBRIR,,Reporte 01-06 diciembre 2025,IMPORTABLE,
2192,2025-12-02,13058,MONROE,EXACT,,TARIMAS,TARIMAS,AUTO_INFERRED_PRICE,AUTO_INFERRED_PRICE,140.000,0.000,140.000,0.000,0.000,0.000,0.000,140.000,140.000,13.000,13.000,MATCH,0.000,1820.000,1820.000,Pendiente,Facturado,FACTURADO,PENDIENTE_DE_PAGO,SIN_CUBRIR,,Reporte 01-06 diciembre 2025,IMPORTABLE,
2193,2025-12-02,13064,MONROE,EXACT,,LENA,LENA,AUTO_INFERRED_PRICE,AUTO_INFERRED_PRICE,6240.000,5100.000,1140.000,0.000,0.000,0.000,0.000,1140.000,1140.000,0.350,0.350,MATCH,0.000,399.000,399.000,Pendiente,Facturado,FACTURADO,PENDIENTE_DE_PAGO,SIN_CUBRIR,,Reporte 01-06 diciembre 2025,IMPORTABLE,
2194,2025-12-02,13055,MONROE,EXACT,,LENA,LENA,AUTO_INFERRED_PRICE,AUTO_INFERRED_PRICE,6840.000,5100.000,1740.000,0.000,0.000,0.000,0.000,1740.000,1740.000,0.350,0.350,MATCH,0.000,609.000,609.000,Pendiente,Facturado,FACTURADO,PENDIENTE_DE_PAGO,SIN_CUBRIR,,Reporte 01-06 diciembre 2025,IMPORTABLE,
2195,2025-12-01,45113,AVON,EXACT,,CARTON,CORRUGADO CARTON,AUTO_INFERRED_PRICE,AUTO_INFERRED_PRICE,13640.000,12465.000,1175.000,0.000,0.000,0.000,0.000,1175.000,1175.000,1.200,1.200,MATCH,0.000,1410.000,1410.000,Pendiente,Facturado,FACTURADO,PENDIENTE_DE_PAGO,SIN_CUBRIR,,Reporte 01-06 diciembre 2025,IMPORTABLE,
2196,2025-12-01,45100,AVON,EXACT,,PLASTICO,PLASTICO MIXTO,AUTO_INFERRED_PRICE,AUTO_INFERRED_PRICE,5790.000,5320.000,470.000,0.000,0.000,0.000,0.000,470.000,470.000,1.200,1.200,MATCH,0.000,564.000,564.000,Pendiente,Facturado,FACTURADO,PENDIENTE_DE_PAGO,SIN_CUBRIR,,Reporte 01-06 diciembre 2025,IMPORTABLE,
2197,2025-12-01,45098,AVON,EXACT,,CARTON,CORRUGADO CARTON,AUTO_INFERRED_PRICE,AUTO_INFERRED_PRICE,14330.000,12465.000,1865.000,0.000,0.000,0.000,0.000,1865.000,1865.000,1.200,1.200,MATCH,0.000,2238.000,2238.000,Pendiente,Facturado,FACTURADO,PENDIENTE_DE_PAGO,SIN_CUBRIR,,Reporte 01-06 diciembre 2025,IMPORTABLE,
2198,2025-12-01,13010,MONROE,EXACT,,LENA,LENA,AUTO_INFERRED_PRICE,AUTO_INFERRED_PRICE,6460.000,5010.000,1450.000,0.000,0.000,0.000,0.000,1450.000,1450.000,0.350,0.350,MATCH,0.000,507.500,507.500,Pendiente,Facturado,FACTURADO,PENDIENTE_DE_PAGO,SIN_CUBRIR,,Reporte 01-06 diciembre 2025,IMPORTABLE,
2199,2025-12-01,13040,MONROE,EXACT,,LENA,LENA,AUTO_INFERRED_PRICE,AUTO_INFERRED_PRICE,6260.000,4900.000,1360.000,0.000,0.000,0.000,0.000,1360.000,1360.000,0.350,0.350,MATCH,0.000,476.000,476.000,Pendiente,Facturado,FACTURADO,PENDIENTE_DE_PAGO,SIN_CUBRIR,,Reporte 01-06 diciembre 2025,IMPORTABLE,
2200,2025-12-01,45099,AVON,EXACT,,CARTON,CORRUGADO CARTON,AUTO_INFERRED_PRICE,AUTO_INFERRED_PRICE,13640.000,12785.000,855.000,0.000,0.000,0.000,0.000,855.000,855.000,1.200,1.200,MATCH,0.000,1026.000,1026.000,Pendiente,Facturado,FACTURADO,PENDIENTE_DE_PAGO,SIN_CUBRIR,,Reporte 01-06 diciembre 2025,IMPORTABLE,
2201,2025-12-01,45101,AVON,EXACT,,CARTON,CORRUGADO CARTON,AUTO_INFERRED_PRICE,AUTO_INFERRED_PRICE,15710.000,13565.000,2145.000,0.000,0.000,0.000,0.000,2145.000,2145.000,1.200,1.200,MATCH,0.000,2574.000,2574.000,Pendiente,Facturado,FACTURADO,PENDIENTE_DE_PAGO,SIN_CUBRIR,,Reporte 01-06 diciembre 2025,IMPORTABLE,
2202,2025-12-01,45104,AVON,EXACT,,CARTON,CORRUGADO CARTON,AUTO_INFERRED_PRICE,AUTO_INFERRED_PRICE,15980.000,12985.000,2995.000,0.000,0.000,0.000,0.000,2995.000,2995.000,1.200,1.200,MATCH,0.000,3594.000,3594.000,Pendiente,Facturado,FACTURADO,PENDIENTE_DE_PAGO,SIN_CUBRIR,,Reporte 01-06 diciembre 2025,IMPORTABLE,
2203,2025-12-01,45107,AVON,EXACT,,CARTON,CORRUGADO CARTON,AUTO_INFERRED_PRICE,AUTO_INFERRED_PRICE,14010.000,12610.000,1400.000,0.000,0.000,0.000,0.000,1400.000,1400.000,1.200,1.200,MATCH,0.000,1680.000,1680.000,Pendiente,Facturado,FACTURADO,PENDIENTE_DE_PAGO,SIN_CUBRIR,,Reporte 01-06 diciembre 2025,IMPORTABLE,
2204,2025-12-01,79393,MONROE,EXACT,,BASURA,BASURA,AUTO_INFERRED_PRICE,AUTO_INFERRED_PRICE,15680.000,12270.000,3410.000,0.000,0.000,0.000,0.000,3410.000,3410.000,0.000,0.000,MATCH,0.000,0.000,0.000,Pendiente,Facturado,FACTURADO,PENDIENTE_DE_PAGO,SIN_CUBRIR,,Reporte 01-06 diciembre 2025,IMPORTABLE,
2205,2025-11-29,12973,MONROE,EXACT,,LENA,LENA,AUTO_INFERRED_PRICE,AUTO_INFERRED_PRICE,6440.000,4880.000,1560.000,0.000,0.000,0.000,0.000,1560.000,1560.000,0.350,0.350,MATCH,0.000,546.000,546.000,Pendiente,Facturado,FACTURADO,PENDIENTE_DE_PAGO,SIN_CUBRIR,,Reporte 24-28 noviembre  2025,IMPORTABLE,
2206,2025-11-29,12971,MONROE,EXACT,,CARTON,CARTON,AUTO_INFERRED_PRICE,AUTO_INFERRED_PRICE,14970.000,12990.000,1980.000,0.000,0.000,0.000,0.000,1980.000,1980.000,1.400,1.400,MATCH,0.000,2772.000,2772.000,Pendiente,Facturado,FACTURADO,PENDIENTE_DE_PAGO,SIN_CUBRIR,,Reporte 24-28 noviembre  2025,IMPORTABLE,
2207,2025-11-28,12852,MONROE,EXACT,,CARTON,CARTON,AUTO_INFERRED_PRICE,AUTO_INFERRED_PRICE,15380.000,12560.000,2820.000,0.000,0.000,0.000,0.000,2820.000,2820.000,1.400,1.400,MATCH,0.000,3948.000,3948.000,Pendiente,Facturado,FACTURADO,PENDIENTE_DE_PAGO,SIN_CUBRIR,,Reporte 24-28 noviembre  2025,IMPORTABLE,
2208,2025-11-28,12911,MONROE,EXACT,,LENA,LENA,AUTO_INFERRED_PRICE,AUTO_INFERRED_PRICE,6620.000,5060.000,1560.000,0.000,0.000,0.000,0.000,1560.000,1560.000,0.350,0.350,MATCH,0.000,546.000,546.000,Pendiente,Facturado,FACTURADO,PENDIENTE_DE_PAGO,SIN_CUBRIR,,Reporte 24-28 noviembre  2025,IMPORTABLE,
2209,2025-11-28,12933,MONROE,EXACT,,LENA,LENA,AUTO_INFERRED_PRICE,AUTO_INFERRED_PRICE,6540.000,5060.000,1480.000,0.000,0.000,0.000,0.000,1480.000,1480.000,0.350,0.350,MATCH,0.000,518.000,518.000,Pendiente,Facturado,FACTURADO,PENDIENTE_DE_PAGO,SIN_CUBRIR,,Reporte 24-28 noviembre  2025,IMPORTABLE,
2210,2025-11-27,23930,MONROE,EXACT,,BASURA,BASURA,AUTO_INFERRED_PRICE,AUTO_INFERRED_PRICE,5340.000,4660.000,680.000,0.000,0.000,0.000,0.000,680.000,680.000,0.000,0.000,MATCH,0.000,0.000,0.000,Pendiente,Facturado,FACTURADO,PENDIENTE_DE_PAGO,SIN_CUBRIR,,Reporte 24-28 noviembre  2025,IMPORTABLE,
2211,2025-11-27,79374,MONROE,EXACT,,BASURA,BASURA,AUTO_INFERRED_PRICE,AUTO_INFERRED_PRICE,15265.000,12385.000,2880.000,0.000,0.000,0.000,0.000,2880.000,2880.000,0.000,0.000,MATCH,0.000,0.000,0.000,Pendiente,Facturado,FACTURADO,PENDIENTE_DE_PAGO,SIN_CUBRIR,,Reporte 24-28 noviembre  2025,IMPORTABLE,
2212,2025-11-27,12789,MONROE,EXACT,,CARTON,CARTON,AUTO_INFERRED_PRICE,AUTO_INFERRED_PRICE,14300.000,12480.000,1820.000,0.000,0.000,0.000,0.000,1820.000,1820.000,1.400,1.400,MATCH,0.000,2548.000,2548.000,Pendiente,Facturado,FACTURADO,PENDIENTE_DE_PAGO,SIN_CUBRIR,,Reporte 24-28 noviembre  2025,IMPORTABLE,
2213,2025-11-27,23931,MONROE,EXACT,,REBABA,REBABA,AUTO_INFERRED_PRICE,AUTO_INFERRED_PRICE,5590.000,4840.000,750.000,0.000,0.000,0.000,0.000,750.000,750.000,1.990,2.270,DIFFERS,0.000,1492.500,1492.500,Pendiente,Facturado,FACTURADO,PENDIENTE_DE_PAGO,SIN_CUBRIR,,Reporte 24-28 noviembre  2025,REVIEW,
2214,2025-11-27,23929,MONROE,EXACT,,REBABA,REBABA,AUTO_INFERRED_PRICE,AUTO_INFERRED_PRICE,6130.000,4660.000,1470.000,0.000,0.000,0.000,0.000,1470.000,1470.000,1.990,2.270,DIFFERS,0.000,2925.300,2925.300,Pendiente,Facturado,FACTURADO,PENDIENTE_DE_PAGO,SIN_CUBRIR,,Reporte 24-28 noviembre  2025,REVIEW,
2215,2025-11-27,12841,MONROE,EXACT,,TARIMAS,TARIMAS,AUTO_INFERRED_PRICE,AUTO_INFERRED_PRICE,240.000,0.000,240.000,0.000,0.000,0.000,0.000,240.000,240.000,13.000,13.000,MATCH,0.000,3120.000,3120.000,Pendiente,Facturado,FACTURADO,PENDIENTE_DE_PAGO,SIN_CUBRIR,,Reporte 24-28 noviembre  2025,IMPORTABLE,
2216,2025-11-27,12837,MONROE,EXACT,,LENA,LENA,AUTO_INFERRED_PRICE,AUTO_INFERRED_PRICE,6970.000,4730.000,2240.000,0.000,0.000,0.000,0.000,2240.000,2240.000,0.350,0.350,MATCH,0.000,784.000,784.000,Pendiente,Facturado,FACTURADO,PENDIENTE_DE_PAGO,SIN_CUBRIR,,Reporte 24-28 noviembre  2025,IMPORTABLE,
2217,2025-11-27,12838,MONROE,EXACT,,LENA,LENA,AUTO_INFERRED_PRICE,AUTO_INFERRED_PRICE,6670.000,4730.000,1940.000,0.000,0.000,0.000,0.000,1940.000,1940.000,0.350,0.350,MATCH,0.000,679.000,679.000,Pendiente,Facturado,FACTURADO,PENDIENTE_DE_PAGO,SIN_CUBRIR,,Reporte 24-28 noviembre  2025,IMPORTABLE,
2218,2025-11-26,12736,MONROE,EXACT,,CARTON,CARTON,AUTO_INFERRED_PRICE,AUTO_INFERRED_PRICE,14960.000,12420.000,2540.000,0.000,0.000,0.000,0.000,2540.000,2540.000,1.400,1.400,MATCH,0.000,3556.000,3556.000,Pendiente,Facturado,FACTURADO,PENDIENTE_DE_PAGO,SIN_CUBRIR,,Reporte 24-28 noviembre  2025,IMPORTABLE,
2219,2025-11-26,12773,MONROE,EXACT,,LENA,LENA,AUTO_INFERRED_PRICE,AUTO_INFERRED_PRICE,6950.000,4670.000,2280.000,0.000,0.000,0.000,0.000,2280.000,2280.000,0.350,0.350,MATCH,0.000,798.000,798.000,Pendiente,Facturado,FACTURADO,PENDIENTE_DE_PAGO,SIN_CUBRIR,,Reporte 24-28 noviembre  2025,IMPORTABLE,
2220,2025-11-26,12774,MONROE,EXACT,,LENA,LENA,AUTO_INFERRED_PRICE,AUTO_INFERRED_PRICE,6740.000,4670.000,2070.000,0.000,0.000,0.000,0.000,2070.000,2070.000,0.350,0.350,MATCH,0.000,724.500,724.500,Pendiente,Facturado,FACTURADO,PENDIENTE_DE_PAGO,SIN_CUBRIR,,Reporte 24-28 noviembre  2025,IMPORTABLE,
2221,2025-11-25,79361,MONROE,EXACT,,BASURA,BASURA,AUTO_INFERRED_PRICE,AUTO_INFERRED_PRICE,15185.000,12270.000,2915.000,0.000,0.000,0.000,0.000,2915.000,2915.000,0.000,0.000,MATCH,0.000,0.000,0.000,Pendiente,Facturado,FACTURADO,PENDIENTE_DE_PAGO,SIN_CUBRIR,,Reporte 24-28 noviembre  2025,IMPORTABLE,
2222,2025-11-25,12693,MONROE,EXACT,,CARTON,CARTON,AUTO_INFERRED_PRICE,AUTO_INFERRED_PRICE,14720.000,12420.000,2300.000,0.000,0.000,0.000,0.000,2300.000,2300.000,1.400,1.400,MATCH,0.000,3220.000,3220.000,Pendiente,Facturado,FACTURADO,PENDIENTE_DE_PAGO,SIN_CUBRIR,,Reporte 24-28 noviembre  2025,IMPORTABLE,
2223,2025-11-25,12741,MONROE,EXACT,,LENA,LENA,AUTO_INFERRED_PRICE,AUTO_INFERRED_PRICE,6250.000,5080.000,1170.000,0.000,0.000,0.000,0.000,1170.000,1170.000,0.350,0.350,MATCH,0.000,409.500,409.500,Pendiente,Facturado,FACTURADO,PENDIENTE_DE_PAGO,SIN_CUBRIR,,Reporte 24-28 noviembre  2025,IMPORTABLE,
2224,2025-11-25,12724,MONROE,EXACT,,LENA,LENA,AUTO_INFERRED_PRICE,AUTO_INFERRED_PRICE,6640.000,5270.000,1370.000,0.000,0.000,0.000,0.000,1370.000,1370.000,0.350,0.350,MATCH,0.000,479.500,479.500,Pendiente,Facturado,FACTURADO,PENDIENTE_DE_PAGO,SIN_CUBRIR,,Reporte 24-28 noviembre  2025,IMPORTABLE,
2225,2025-11-24,23913,MONROE,EXACT,,BASURA,BASURA,AUTO_INFERRED_PRICE,AUTO_INFERRED_PRICE,5270.000,4680.000,590.000,0.000,0.000,0.000,0.000,590.000,590.000,0.000,0.000,MATCH,0.000,0.000,0.000,Pendiente,Facturado,FACTURADO,PENDIENTE_DE_PAGO,SIN_CUBRIR,,Reporte 24-28 noviembre  2025,IMPORTABLE,
2226,2025-11-24,12622,MONROE,EXACT,,CARTON,CARTON,AUTO_INFERRED_PRICE,AUTO_INFERRED_PRICE,15920.000,13290.000,2630.000,0.000,0.000,0.000,0.000,2630.000,2630.000,1.400,1.400,MATCH,0.000,3682.000,3682.000,Pendiente,Facturado,FACTURADO,PENDIENTE_DE_PAGO,SIN_CUBRIR,,Reporte 24-28 noviembre  2025,IMPORTABLE,
2227,2025-11-24,12681,MONROE,EXACT,,LENA,LENA,AUTO_INFERRED_PRICE,AUTO_INFERRED_PRICE,6230.000,5020.000,1210.000,0.000,0.000,0.000,0.000,1210.000,1210.000,0.350,0.350,MATCH,0.000,423.500,423.500,Pendiente,Facturado,FACTURADO,PENDIENTE_DE_PAGO,SIN_CUBRIR,,Reporte 24-28 noviembre  2025,IMPORTABLE,
2228,2025-11-22,12623,MONROE,EXACT,,LENA,LENA,AUTO_INFERRED_PRICE,AUTO_INFERRED_PRICE,6530.000,4940.000,1590.000,0.000,0.000,0.000,0.000,1590.000,1590.000,0.350,0.350,MATCH,0.000,556.500,556.500,Pendiente,Facturado,FACTURADO,PENDIENTE_DE_PAGO,SIN_CUBRIR,,Reporte 17-21 noviembre  2025,IMPORTABLE,
2229,2025-11-22,12682,MONROE,EXACT,,LENA,LENA,AUTO_INFERRED_PRICE,AUTO_INFERRED_PRICE,6570.000,5020.000,1550.000,0.000,0.000,0.000,0.000,1550.000,1550.000,0.350,0.350,MATCH,0.000,542.500,542.500,Pendiente,Facturado,FACTURADO,PENDIENTE_DE_PAGO,SIN_CUBRIR,,Reporte 17-21 noviembre  2025,IMPORTABLE,
2230,2025-11-21,12521,MONROE,EXACT,,CARTON,CARTON,AUTO_INFERRED_PRICE,AUTO_INFERRED_PRICE,14410.000,12440.000,1970.000,0.000,0.000,0.000,0.000,1970.000,1970.000,1.400,1.400,MATCH,0.000,2758.000,2758.000,Pendiente,Facturado,FACTURADO,PENDIENTE_DE_PAGO,SIN_CUBRIR,,Reporte 17-21 noviembre  2025,IMPORTABLE,
2231,2025-11-21,12568,MONROE,EXACT,,TARIMAS,TARIMAS,AUTO_INFERRED_PRICE,AUTO_INFERRED_PRICE,178.000,0.000,178.000,0.000,0.000,0.000,0.000,178.000,178.000,13.000,13.000,MATCH,0.000,2314.000,2314.000,Pendiente,Facturado,FACTURADO,PENDIENTE_DE_PAGO,SIN_CUBRIR,,Reporte 17-21 noviembre  2025,IMPORTABLE,
2232,2025-11-21,12561,MONROE,EXACT,,LENA,LENA,AUTO_INFERRED_PRICE,AUTO_INFERRED_PRICE,6480.000,4880.000,1600.000,0.000,0.000,0.000,0.000,1600.000,1600.000,0.350,0.350,MATCH,0.000,560.000,560.000,Pendiente,Facturado,FACTURADO,PENDIENTE_DE_PAGO,SIN_CUBRIR,,Reporte 17-21 noviembre  2025,IMPORTABLE,
2233,2025-11-21,12562,MONROE,EXACT,,LENA,LENA,AUTO_INFERRED_PRICE,AUTO_INFERRED_PRICE,6460.000,4880.000,1580.000,0.000,0.000,0.000,0.000,1580.000,1580.000,0.350,0.350,MATCH,0.000,553.000,553.000,Pendiente,Facturado,FACTURADO,PENDIENTE_DE_PAGO,SIN_CUBRIR,,Reporte 17-21 noviembre  2025,IMPORTABLE,
2234,2025-11-21,79348,MONROE,EXACT,,BASURA,BASURA,AUTO_INFERRED_PRICE,AUTO_INFERRED_PRICE,14425.000,12325.000,2100.000,0.000,0.000,0.000,0.000,2100.000,2100.000,0.000,0.000,MATCH,0.000,0.000,0.000,Pendiente,Facturado,FACTURADO,PENDIENTE_DE_PAGO,SIN_CUBRIR,,Reporte 17-21 noviembre  2025,IMPORTABLE,
2235,2025-11-20,12459,MONROE,EXACT,,CARTON,CARTON,AUTO_INFERRED_PRICE,AUTO_INFERRED_PRICE,14400.000,12450.000,1950.000,0.000,0.000,0.000,0.000,1950.000,1950.000,1.400,1.400,MATCH,0.000,2730.000,2730.000,Pendiente,Facturado,FACTURADO,PENDIENTE_DE_PAGO,SIN_CUBRIR,,Reporte 17-21 noviembre  2025,IMPORTABLE,
2236,2025-11-20,12503,MONROE,EXACT,,LENA,LENA,AUTO_INFERRED_PRICE,AUTO_INFERRED_PRICE,6480.000,4820.000,1660.000,0.000,0.000,0.000,0.000,1660.000,1660.000,0.350,0.350,MATCH,0.000,581.000,581.000,Pendiente,Facturado,FACTURADO,PENDIENTE_DE_PAGO,SIN_CUBRIR,,Reporte 17-21 noviembre  2025,IMPORTABLE,
2237,2025-11-20,12504,MONROE,EXACT,,LENA,LENA,AUTO_INFERRED_PRICE,AUTO_INFERRED_PRICE,6260.000,4820.000,1440.000,0.000,0.000,0.000,0.000,1440.000,1440.000,0.350,0.350,MATCH,0.000,504.000,504.000,Pendiente,Facturado,FACTURADO,PENDIENTE_DE_PAGO,SIN_CUBRIR,,Reporte 17-21 noviembre  2025,IMPORTABLE,
2238,2025-11-19,12334,MONROE,EXACT,,CARTON,CARTON,AUTO_INFERRED_PRICE,AUTO_INFERRED_PRICE,15270.000,13110.000,2160.000,0.000,0.000,0.000,0.000,2160.000,2160.000,1.400,1.400,MATCH,0.000,3024.000,3024.000,Pendiente,Facturado,FACTURADO,PENDIENTE_DE_PAGO,SIN_CUBRIR,,Reporte 17-21 noviembre  2025,IMPORTABLE,
2239,2025-11-19,12443,MONROE,EXACT,,LENA,LENA,AUTO_INFERRED_PRICE,AUTO_INFERRED_PRICE,6510.000,5140.000,1370.000,0.000,0.000,0.000,0.000,1370.000,1370.000,0.350,0.350,MATCH,0.000,479.500,479.500,Pendiente,Facturado,FACTURADO,PENDIENTE_DE_PAGO,SIN_CUBRIR,,Reporte 17-21 noviembre  2025,IMPORTABLE,
2240,2025-11-19,12474,MONROE,EXACT,,LENA,LENA,AUTO_INFERRED_PRICE,AUTO_INFERRED_PRICE,6040.000,4830.000,1210.000,0.000,0.000,0.000,0.000,1210.000,1210.000,0.350,0.350,MATCH,0.000,423.500,423.500,Pendiente,Facturado,FACTURADO,PENDIENTE_DE_PAGO,SIN_CUBRIR,,Reporte 17-21 noviembre  2025,IMPORTABLE,
2241,2025-11-19,12458,MONROE,EXACT,,LENA,LENA,AUTO_INFERRED_PRICE,AUTO_INFERRED_PRICE,6840.000,4830.000,2010.000,0.000,0.000,0.000,0.000,2010.000,2010.000,0.350,0.350,MATCH,0.000,703.500,703.500,Pendiente,Facturado,FACTURADO,PENDIENTE_DE_PAGO,SIN_CUBRIR,,Reporte 17-21 noviembre  2025,IMPORTABLE,
2242,2025-11-18,23874,MONROE,EXACT,,REBABA,REBABA,AUTO_INFERRED_PRICE,AUTO_INFERRED_PRICE,6000.000,4690.000,1310.000,0.000,0.000,0.000,0.000,1310.000,1310.000,1.990,2.270,DIFFERS,0.000,2606.900,2606.900,Pendiente,Facturado,FACTURADO,PENDIENTE_DE_PAGO,SIN_CUBRIR,,Reporte 17-21 noviembre  2025,REVIEW,
2243,2025-11-18,23873,MONROE,EXACT,,REBABA,REBABA,AUTO_INFERRED_PRICE,AUTO_INFERRED_PRICE,5540.000,4900.000,640.000,0.000,0.000,0.000,0.000,640.000,640.000,1.990,2.270,DIFFERS,0.000,1273.600,1273.600,Pendiente,Facturado,FACTURADO,PENDIENTE_DE_PAGO,SIN_CUBRIR,,Reporte 17-21 noviembre  2025,REVIEW,
2244,2025-11-18,12385,MONROE,EXACT,,LENA,LENA,AUTO_INFERRED_PRICE,AUTO_INFERRED_PRICE,6070.000,5020.000,1050.000,0.000,0.000,0.000,0.000,1050.000,1050.000,0.350,0.350,MATCH,0.000,367.500,367.500,Pendiente,Facturado,FACTURADO,PENDIENTE_DE_PAGO,SIN_CUBRIR,,Reporte 17-21 noviembre  2025,IMPORTABLE,
2245,2025-11-18,23875,MONROE,EXACT,,BASURA,BASURA,AUTO_INFERRED_PRICE,AUTO_INFERRED_PRICE,5140.000,4700.000,440.000,0.000,0.000,0.000,0.000,440.000,440.000,0.000,0.000,MATCH,0.000,0.000,0.000,Pendiente,Facturado,FACTURADO,PENDIENTE_DE_PAGO,SIN_CUBRIR,,Reporte 17-21 noviembre  2025,IMPORTABLE,
2246,2025-11-18,79329,MONROE,EXACT,,BASURA,BASURA,AUTO_INFERRED_PRICE,AUTO_INFERRED_PRICE,14275.000,12280.000,1995.000,0.000,0.000,0.000,0.000,1995.000,1995.000,0.000,0.000,MATCH,0.000,0.000,0.000,Pendiente,Facturado,FACTURADO,PENDIENTE_DE_PAGO,SIN_CUBRIR,,Reporte 17-21 noviembre  2025,IMPORTABLE,
2247,2025-11-15,12335,MONROE,EXACT,,LENA,LENA,AUTO_INFERRED_PRICE,AUTO_INFERRED_PRICE,6760.000,4710.000,2050.000,0.000,0.000,0.000,0.000,2050.000,2050.000,0.350,0.350,MATCH,0.000,717.500,717.500,Pendiente,Facturado,FACTURADO,PENDIENTE_DE_PAGO,SIN_CUBRIR,,Reporte 10-14 noviembre  2025,IMPORTABLE,
2248,2025-11-15,12336,MONROE,EXACT,,LENA,LENA,AUTO_INFERRED_PRICE,AUTO_INFERRED_PRICE,6310.000,4710.000,1600.000,0.000,0.000,0.000,0.000,1600.000,1600.000,0.350,0.350,MATCH,0.000,560.000,560.000,Pendiente,Facturado,FACTURADO,PENDIENTE_DE_PAGO,SIN_CUBRIR,,Reporte 10-14 noviembre  2025,IMPORTABLE,
2249,2025-11-14,12262,MONROE,EXACT,,CARTON,CARTON,AUTO_INFERRED_PRICE,AUTO_INFERRED_PRICE,14020.000,12440.000,1580.000,0.000,0.000,0.000,0.000,1580.000,1580.000,1.400,1.400,MATCH,0.000,2212.000,2212.000,Pendiente,Facturado,FACTURADO,PENDIENTE_DE_PAGO,SIN_CUBRIR,,Reporte 10-14 noviembre  2025,IMPORTABLE,
2250,2025-11-14,12277,MONROE,EXACT,,TARIMAS,TARIMAS,AUTO_INFERRED_PRICE,AUTO_INFERRED_PRICE,155.000,0.000,155.000,0.000,0.000,0.000,0.000,155.000,155.000,13.000,13.000,MATCH,0.000,2015.000,2015.000,Pendiente,Facturado,FACTURADO,PENDIENTE_DE_PAGO,SIN_CUBRIR,,Reporte 10-14 noviembre  2025,IMPORTABLE,
2251,2025-11-14,12272,MONROE,EXACT,,LENA,LENA,AUTO_INFERRED_PRICE,AUTO_INFERRED_PRICE,6660.000,5220.000,1440.000,0.000,0.000,0.000,0.000,1440.000,1440.000,0.350,0.350,MATCH,0.000,504.000,504.000,Pendiente,Facturado,FACTURADO,PENDIENTE_DE_PAGO,SIN_CUBRIR,,Reporte 10-14 noviembre  2025,IMPORTABLE,
2252,2025-11-14,12273,MONROE,EXACT,,LENA,LENA,AUTO_INFERRED_PRICE,AUTO_INFERRED_PRICE,6540.000,5220.000,1320.000,0.000,0.000,0.000,0.000,1320.000,1320.000,0.350,0.350,MATCH,0.000,462.000,462.000,Pendiente,Facturado,FACTURADO,PENDIENTE_DE_PAGO,SIN_CUBRIR,,Reporte 10-14 noviembre  2025,IMPORTABLE,
2253,2025-11-14,79323,MONROE,EXACT,,BASURA,BASURA,AUTO_INFERRED_PRICE,AUTO_INFERRED_PRICE,14785.000,12385.000,2400.000,0.000,0.000,0.000,0.000,2400.000,2400.000,0.000,0.000,MATCH,0.000,0.000,0.000,Pendiente,Facturado,FACTURADO,PENDIENTE_DE_PAGO,SIN_CUBRIR,,Reporte 10-14 noviembre  2025,IMPORTABLE,
2254,2025-11-13,12255,MONROE,EXACT,,CARTON,CARTON,AUTO_INFERRED_PRICE,AUTO_INFERRED_PRICE,14500.000,12440.000,2060.000,0.000,0.000,0.000,0.000,2060.000,2060.000,1.400,1.400,MATCH,0.000,2884.000,2884.000,Pendiente,Facturado,FACTURADO,PENDIENTE_DE_PAGO,SIN_CUBRIR,,Reporte 10-14 noviembre  2025,IMPORTABLE,
2255,2025-11-13,23849,MONROE,EXACT,,REBABA,REBABA,AUTO_INFERRED_PRICE,AUTO_INFERRED_PRICE,6130.000,4670.000,1460.000,0.000,0.000,0.000,0.000,1460.000,1460.000,1.990,2.270,DIFFERS,0.000,2905.400,2905.400,Pendiente,Facturado,FACTURADO,PENDIENTE_DE_PAGO,SIN_CUBRIR,,Reporte 10-14 noviembre  2025,REVIEW,
2256,2025-11-13,23851,MONROE,EXACT,,REBABA,REBABA,AUTO_INFERRED_PRICE,AUTO_INFERRED_PRICE,5480.000,4830.000,650.000,0.000,0.000,0.000,0.000,650.000,650.000,1.990,2.270,DIFFERS,0.000,1293.500,1293.500,Pendiente,Facturado,FACTURADO,PENDIENTE_DE_PAGO,SIN_CUBRIR,,Reporte 10-14 noviembre  2025,REVIEW,
2257,2025-11-13,12223,MONROE,EXACT,,LENA,LENA,AUTO_INFERRED_PRICE,AUTO_INFERRED_PRICE,6850.000,5680.000,1170.000,0.000,0.000,0.000,0.000,1170.000,1170.000,0.350,0.350,MATCH,0.000,409.500,409.500,Pendiente,Facturado,FACTURADO,PENDIENTE_DE_PAGO,SIN_CUBRIR,,Reporte 10-14 noviembre  2025,IMPORTABLE,
2258,2025-11-13,12222,MONROE,EXACT,,LENA,LENA,AUTO_INFERRED_PRICE,AUTO_INFERRED_PRICE,6940.000,5680.000,1260.000,0.000,0.000,0.000,0.000,1260.000,1260.000,0.350,0.350,MATCH,0.000,441.000,441.000,Pendiente,Facturado,FACTURADO,PENDIENTE_DE_PAGO,SIN_CUBRIR,,Reporte 10-14 noviembre  2025,IMPORTABLE,
2259,2025-11-13,23850,MONROE,EXACT,,BASURA,BASURA,AUTO_INFERRED_PRICE,AUTO_INFERRED_PRICE,5240.000,4670.000,570.000,0.000,0.000,0.000,0.000,570.000,570.000,0.000,0.000,MATCH,0.000,0.000,0.000,Pendiente,Facturado,FACTURADO,PENDIENTE_DE_PAGO,SIN_CUBRIR,,Reporte 10-14 noviembre  2025,IMPORTABLE,
2260,2025-11-12,12133,MONROE,EXACT,,CARTON,CARTON,AUTO_INFERRED_PRICE,AUTO_INFERRED_PRICE,14490.000,12430.000,2060.000,0.000,0.000,0.000,0.000,2060.000,2060.000,1.400,1.400,MATCH,0.000,2884.000,2884.000,Pendiente,Facturado,FACTURADO,PENDIENTE_DE_PAGO,SIN_CUBRIR,,Reporte 10-14 noviembre  2025,IMPORTABLE,
2261,2025-11-12,23842,MONROE,EXACT,,LENA,LENA,AUTO_INFERRED_PRICE,AUTO_INFERRED_PRICE,5610.000,4890.000,720.000,0.000,0.000,0.000,0.000,720.000,720.000,0.350,0.350,MATCH,0.000,252.000,252.000,Pendiente,Facturado,FACTURADO,PENDIENTE_DE_PAGO,SIN_CUBRIR,,Reporte 10-14 noviembre  2025,IMPORTABLE,
2262,2025-11-12,12167,MONROE,EXACT,,LENA,LENA,AUTO_INFERRED_PRICE,AUTO_INFERRED_PRICE,6490.000,4840.000,1650.000,0.000,0.000,0.000,0.000,1650.000,1650.000,0.350,0.350,MATCH,0.000,577.500,577.500,Pendiente,Facturado,FACTURADO,PENDIENTE_DE_PAGO,SIN_CUBRIR,,Reporte 10-14 noviembre  2025,IMPORTABLE,
2263,2025-11-12,12166,MONROE,EXACT,,LENA,LENA,AUTO_INFERRED_PRICE,AUTO_INFERRED_PRICE,5970.000,4840.000,1130.000,0.000,0.000,0.000,0.000,1130.000,1130.000,0.350,0.350,MATCH,0.000,395.500,395.500,Pendiente,Facturado,FACTURADO,PENDIENTE_DE_PAGO,SIN_CUBRIR,,Reporte 10-14 noviembre  2025,IMPORTABLE,
2264,2025-11-11,12127,MONROE,EXACT,,LENA,LENA,AUTO_INFERRED_PRICE,AUTO_INFERRED_PRICE,6290.000,5030.000,1260.000,0.000,0.000,0.000,0.000,1260.000,1260.000,0.350,0.350,MATCH,0.000,441.000,441.000,Pendiente,Facturado,FACTURADO,PENDIENTE_DE_PAGO,SIN_CUBRIR,,Reporte 10-14 noviembre  2025,IMPORTABLE,
2265,2025-11-11,12114,MONROE,EXACT,,CARTON,CARTON,AUTO_INFERRED_PRICE,AUTO_INFERRED_PRICE,13780.000,12430.000,1350.000,0.000,0.000,0.000,0.000,1350.000,1350.000,1.400,1.400,MATCH,0.000,1890.000,1890.000,Pendiente,Facturado,FACTURADO,PENDIENTE_DE_PAGO,SIN_CUBRIR,,Reporte 10-14 noviembre  2025,IMPORTABLE,
2266,2025-11-10,23834,MONROE,EXACT,,REBABA,REBABA,AUTO_INFERRED_PRICE,AUTO_INFERRED_PRICE,6160.000,4680.000,1480.000,0.000,0.000,0.000,0.000,1480.000,1480.000,1.990,2.270,DIFFERS,0.000,2945.200,2945.200,Pendiente,Facturado,FACTURADO,PENDIENTE_DE_PAGO,SIN_CUBRIR,,Reporte 10-14 noviembre  2025,REVIEW,
2267,2025-11-10,23836,MONROE,EXACT,,REBABA,REBABA,AUTO_INFERRED_PRICE,AUTO_INFERRED_PRICE,5730.000,4840.000,890.000,0.000,0.000,0.000,0.000,890.000,890.000,1.990,2.270,DIFFERS,0.000,1771.100,1771.100,Pendiente,Facturado,FACTURADO,PENDIENTE_DE_PAGO,SIN_CUBRIR,,Reporte 10-14 noviembre  2025,REVIEW,
2268,2025-11-10,23835,MONROE,EXACT,,BASURA,BASURA,AUTO_INFERRED_PRICE,AUTO_INFERRED_PRICE,5400.000,4680.000,720.000,0.000,0.000,0.000,0.000,720.000,720.000,0.000,0.000,MATCH,0.000,0.000,0.000,Pendiente,Facturado,FACTURADO,PENDIENTE_DE_PAGO,SIN_CUBRIR,,Reporte 10-14 noviembre  2025,IMPORTABLE,
2269,2025-11-10,11998,MONROE,EXACT,,CARTON,CARTON,AUTO_INFERRED_PRICE,AUTO_INFERRED_PRICE,14390.000,13090.000,1300.000,0.000,0.000,0.000,0.000,1300.000,1300.000,1.400,1.400,MATCH,0.000,1820.000,1820.000,Pendiente,Facturado,FACTURADO,PENDIENTE_DE_PAGO,SIN_CUBRIR,,Reporte 10-14 noviembre  2025,IMPORTABLE,
2270,2025-10-25,11447,MONROE,EXACT,,LENA,LENA,AUTO_INFERRED_PRICE,AUTO_INFERRED_PRICE,6350.000,4860.000,1490.000,0.000,0.000,0.000,0.000,1490.000,1490.000,0.350,0.350,MATCH,0.000,521.500,521.500,Pendiente,Facturado,FACTURADO,PENDIENTE_DE_PAGO,SIN_CUBRIR,,Reporte 20-24 octubre 2025,IMPORTABLE,
2271,2025-10-24,11349,MONROE,EXACT,,CARTON,CARTON,AUTO_INFERRED_PRICE,AUTO_INFERRED_PRICE,14180.000,12490.000,1690.000,0.000,0.000,0.000,0.000,1690.000,1690.000,1.400,1.400,MATCH,0.000,2366.000,2366.000,Pendiente,Facturado,FACTURADO,PENDIENTE_DE_PAGO,SIN_CUBRIR,,Reporte 20-24 octubre 2025,IMPORTABLE,
2272,2025-10-24,11401,MONROE,EXACT,,TARIMAS,TARIMAS,AUTO_INFERRED_PRICE,AUTO_INFERRED_PRICE,162.000,0.000,162.000,0.000,0.000,0.000,0.000,162.000,162.000,13.000,13.000,MATCH,0.000,2106.000,2106.000,Pendiente,Facturado,FACTURADO,PENDIENTE_DE_PAGO,SIN_CUBRIR,,Reporte 20-24 octubre 2025,IMPORTABLE,
2273,2025-10-24,11394,MONROE,EXACT,,LENA,LENA,AUTO_INFERRED_PRICE,AUTO_INFERRED_PRICE,6620.000,5540.000,1080.000,0.000,0.000,0.000,0.000,1080.000,1080.000,0.350,0.350,MATCH,0.000,378.000,378.000,Pendiente,Facturado,FACTURADO,PENDIENTE_DE_PAGO,SIN_CUBRIR,,Reporte 20-24 octubre 2025,IMPORTABLE,
2274,2025-10-24,11395,MONROE,EXACT,,LENA,LENA,AUTO_INFERRED_PRICE,AUTO_INFERRED_PRICE,6440.000,5530.000,910.000,0.000,0.000,0.000,0.000,910.000,910.000,0.350,0.350,MATCH,0.000,318.500,318.500,Pendiente,Facturado,FACTURADO,PENDIENTE_DE_PAGO,SIN_CUBRIR,,Reporte 20-24 octubre 2025,IMPORTABLE,
2275,2025-10-24,79242,MONROE,EXACT,,BASURA,BASURA,AUTO_INFERRED_PRICE,AUTO_INFERRED_PRICE,14680.000,12280.000,2400.000,0.000,0.000,0.000,0.000,2400.000,2400.000,0.000,0.000,MATCH,0.000,0.000,0.000,Pendiente,Facturado,FACTURADO,PENDIENTE_DE_PAGO,SIN_CUBRIR,,,IMPORTABLE,
2276,2025-10-23,23740,MONROE,EXACT,,REBABA,REBABA,AUTO_INFERRED_PRICE,AUTO_INFERRED_PRICE,6390.000,4710.000,1680.000,0.000,0.000,0.000,0.000,1680.000,1680.000,2.010,2.270,DIFFERS,0.000,3376.800,3376.800,Pendiente,Facturado,FACTURADO,PENDIENTE_DE_PAGO,SIN_CUBRIR,,Reporte 20-24 octubre 2025,REVIEW,
2277,2025-10-23,23737,MONROE,EXACT,,REBABA,REBABA,AUTO_INFERRED_PRICE,AUTO_INFERRED_PRICE,5720.000,4850.000,870.000,0.000,0.000,0.000,0.000,870.000,870.000,2.010,2.270,DIFFERS,0.000,1748.700,1748.700,Pendiente,Facturado,FACTURADO,PENDIENTE_DE_PAGO,SIN_CUBRIR,,Reporte 20-24 octubre 2025,REVIEW,
2278,2025-10-23,23739,MONROE,EXACT,,LENA,LENA,AUTO_INFERRED_PRICE,AUTO_INFERRED_PRICE,5560.000,4900.000,660.000,0.000,0.000,0.000,0.000,660.000,660.000,0.350,0.350,MATCH,0.000,231.000,231.000,Pendiente,Facturado,FACTURADO,PENDIENTE_DE_PAGO,SIN_CUBRIR,,Reporte 20-24 octubre 2025,IMPORTABLE,
2279,2025-10-23,11340,MONROE,EXACT,,LENA,LENA,AUTO_INFERRED_PRICE,AUTO_INFERRED_PRICE,6560.000,4700.000,1860.000,0.000,0.000,0.000,0.000,1860.000,1860.000,0.350,0.350,MATCH,0.000,651.000,651.000,Pendiente,Facturado,FACTURADO,PENDIENTE_DE_PAGO,SIN_CUBRIR,,Reporte 20-24 octubre 2025,IMPORTABLE,
2280,2025-10-23,11341,MONROE,EXACT,,LENA,LENA,AUTO_INFERRED_PRICE,AUTO_INFERRED_PRICE,6590.000,4700.000,1890.000,0.000,0.000,0.000,0.000,1890.000,1890.000,0.350,0.350,MATCH,0.000,661.500,661.500,Pendiente,Facturado,FACTURADO,PENDIENTE_DE_PAGO,SIN_CUBRIR,,Reporte 20-24 octubre 2025,IMPORTABLE,
2281,2025-10-23,23738,MONROE,EXACT,,BASURA,BASURA,AUTO_INFERRED_PRICE,AUTO_INFERRED_PRICE,5540.000,4900.000,640.000,0.000,0.000,0.000,0.000,640.000,640.000,0.000,0.000,MATCH,0.000,0.000,0.000,Pendiente,Facturado,FACTURADO,PENDIENTE_DE_PAGO,SIN_CUBRIR,,Reporte 20-24 octubre 2025,IMPORTABLE,
2282,2025-10-22,11254,MONROE,EXACT,,CARTON,CARTON,AUTO_INFERRED_PRICE,AUTO_INFERRED_PRICE,14840.000,12510.000,2330.000,0.000,0.000,0.000,0.000,2330.000,2330.000,1.400,1.400,MATCH,0.000,3262.000,3262.000,Pendiente,Facturado,FACTURADO,PENDIENTE_DE_PAGO,SIN_CUBRIR,,Reporte 20-24 octubre 2025,IMPORTABLE,
2283,2025-10-22,11288,MONROE,EXACT,,LENA,LENA,AUTO_INFERRED_PRICE,AUTO_INFERRED_PRICE,6340.000,4710.000,1630.000,0.000,0.000,0.000,0.000,1630.000,1630.000,0.350,0.350,MATCH,0.000,570.500,570.500,Pendiente,Facturado,FACTURADO,PENDIENTE_DE_PAGO,SIN_CUBRIR,,Reporte 20-24 octubre 2025,IMPORTABLE,
2284,2025-10-22,11321,MONROE,EXACT,,LENA,LENA,AUTO_INFERRED_PRICE,AUTO_INFERRED_PRICE,6170.000,4810.000,1360.000,0.000,0.000,0.000,0.000,1360.000,1360.000,0.350,0.350,MATCH,0.000,476.000,476.000,Pendiente,Facturado,FACTURADO,PENDIENTE_DE_PAGO,SIN_CUBRIR,,Reporte 20-24 octubre 2025,IMPORTABLE,
2285,2025-10-22,11289,MONROE,EXACT,,BASURA,BASURA,AUTO_INFERRED_PRICE,AUTO_INFERRED_PRICE,6660.000,4710.000,1950.000,0.000,0.000,0.000,0.000,1950.000,1950.000,0.000,0.000,MATCH,0.000,0.000,0.000,Pendiente,Facturado,FACTURADO,PENDIENTE_DE_PAGO,SIN_CUBRIR,,Reporte 20-24 octubre 2025,IMPORTABLE,
2286,2025-10-21,11240,MONROE,EXACT,,LENA,LENA,AUTO_INFERRED_PRICE,AUTO_INFERRED_PRICE,6890.000,5190.000,1700.000,0.000,0.000,0.000,0.000,1700.000,1700.000,0.350,0.350,MATCH,0.000,595.000,595.000,Pendiente,Facturado,FACTURADO,PENDIENTE_DE_PAGO,SIN_CUBRIR,,Reporte 20-24 octubre 2025,IMPORTABLE,
2287,2025-10-21,11271,MONROE,EXACT,,LENA,LENA,AUTO_INFERRED_PRICE,AUTO_INFERRED_PRICE,6290.000,5120.000,1170.000,0.000,0.000,0.000,0.000,1170.000,1170.000,0.350,0.350,MATCH,0.000,409.500,409.500,Pendiente,Facturado,FACTURADO,PENDIENTE_DE_PAGO,SIN_CUBRIR,,Reporte 20-24 octubre 2025,IMPORTABLE,
2288,2025-10-21,11241,MONROE,EXACT,,LENA,LENA,AUTO_INFERRED_PRICE,AUTO_INFERRED_PRICE,6520.000,5190.000,1330.000,0.000,0.000,0.000,0.000,1330.000,1330.000,0.350,0.350,MATCH,0.000,465.500,465.500,Pendiente,Facturado,FACTURADO,PENDIENTE_DE_PAGO,SIN_CUBRIR,,Reporte 20-24 octubre 2025,IMPORTABLE,
2289,2025-10-21,79226,MONROE,EXACT,,BASURA,BASURA,AUTO_INFERRED_PRICE,AUTO_INFERRED_PRICE,14550.000,12275.000,2275.000,0.000,0.000,0.000,0.000,2275.000,2275.000,0.000,0.000,MATCH,0.000,0.000,0.000,Pendiente,Facturado,FACTURADO,PENDIENTE_DE_PAGO,SIN_CUBRIR,,Reporte 20-24 octubre 2025,IMPORTABLE,
2290,2025-10-21,11203,MONROE,EXACT,,CARTON,CARTON,AUTO_INFERRED_PRICE,AUTO_INFERRED_PRICE,14340.000,12470.000,1870.000,0.000,0.000,0.000,0.000,1870.000,1870.000,1.400,1.400,MATCH,0.000,2618.000,2618.000,Pendiente,Facturado,FACTURADO,PENDIENTE_DE_PAGO,SIN_CUBRIR,,Reporte 20-24 octubre 2025,IMPORTABLE,
2291,2025-10-20,23716,MONROE,EXACT,,REBABA,REBABA,AUTO_INFERRED_PRICE,AUTO_INFERRED_PRICE,6450.000,4710.000,1740.000,0.000,0.000,0.000,0.000,1740.000,1740.000,2.010,2.270,DIFFERS,0.000,3497.400,3497.400,Pendiente,Facturado,FACTURADO,PENDIENTE_DE_PAGO,SIN_CUBRIR,,Reporte 20-24 octubre 2025,REVIEW,
2292,2025-10-20,11216,MONROE,EXACT,,LENA,LENA,AUTO_INFERRED_PRICE,AUTO_INFERRED_PRICE,6890.000,4940.000,1950.000,0.000,0.000,0.000,0.000,1950.000,1950.000,0.350,0.350,MATCH,0.000,682.500,682.500,Pendiente,Facturado,FACTURADO,PENDIENTE_DE_PAGO,SIN_CUBRIR,,Reporte 20-24 octubre 2025,IMPORTABLE,
2293,2025-10-20,23717,MONROE,EXACT,,BASURA,BASURA,AUTO_INFERRED_PRICE,AUTO_INFERRED_PRICE,5180.000,4720.000,460.000,0.000,0.000,0.000,0.000,460.000,460.000,0.000,0.000,MATCH,0.000,0.000,0.000,Pendiente,Facturado,FACTURADO,PENDIENTE_DE_PAGO,SIN_CUBRIR,,Reporte 20-24 octubre 2025,IMPORTABLE,
2294,2025-10-18,11150,MONROE,EXACT,,CARTON,CARTON,AUTO_INFERRED_PRICE,AUTO_INFERRED_PRICE,14290.000,13010.000,1280.000,0.000,0.000,0.000,0.000,1280.000,1280.000,1.400,1.400,MATCH,0.000,1792.000,1792.000,Pendiente,Facturado,FACTURADO,PENDIENTE_DE_PAGO,SIN_CUBRIR,,Reporte 13-17 octubre 2025,IMPORTABLE,
2295,2025-10-17,79216,MONROE,EXACT,,BASURA,BASURA,AUTO_INFERRED_PRICE,AUTO_INFERRED_PRICE,15235.000,12285.000,2950.000,0.000,0.000,0.000,0.000,2950.000,2950.000,0.000,0.000,MATCH,0.000,0.000,0.000,Pendiente,Facturado,FACTURADO,PENDIENTE_DE_PAGO,SIN_CUBRIR,,Reporte 13-17 octubre 2025,IMPORTABLE,
2296,2025-10-17,11093,MONROE,EXACT,,TARIMAS,TARIMAS,AUTO_INFERRED_PRICE,AUTO_INFERRED_PRICE,200.000,0.000,200.000,0.000,0.000,0.000,0.000,200.000,200.000,13.000,13.000,MATCH,0.000,2600.000,2600.000,Pendiente,Facturado,FACTURADO,PENDIENTE_DE_PAGO,SIN_CUBRIR,,Reporte 13-17 octubre 2025,IMPORTABLE,
2297,2025-10-17,11097,MONROE,EXACT,,LENA,LENA,AUTO_INFERRED_PRICE,AUTO_INFERRED_PRICE,6640.000,5130.000,1510.000,0.000,0.000,0.000,0.000,1510.000,1510.000,0.350,0.350,MATCH,0.000,528.500,528.500,Pendiente,Facturado,FACTURADO,PENDIENTE_DE_PAGO,SIN_CUBRIR,,Reporte 13-17 octubre 2025,IMPORTABLE,
2298,2025-10-17,11096,MONROE,EXACT,,CARTON,CARTON,AUTO_INFERRED_PRICE,AUTO_INFERRED_PRICE,14580.000,12500.000,2080.000,0.000,0.000,0.000,0.000,2080.000,2080.000,1.400,1.400,MATCH,0.000,2912.000,2912.000,Pendiente,Facturado,FACTURADO,PENDIENTE_DE_PAGO,SIN_CUBRIR,,Reporte 13-17 octubre 2025,IMPORTABLE,
2299,2025-10-16,23691,MONROE,EXACT,,BASURA,BASURA,AUTO_INFERRED_PRICE,AUTO_INFERRED_PRICE,5290.000,4880.000,410.000,0.000,0.000,0.000,0.000,410.000,410.000,0.000,0.000,MATCH,0.000,0.000,0.000,Pendiente,Facturado,FACTURADO,PENDIENTE_DE_PAGO,SIN_CUBRIR,,Reporte 13-17 octubre 2025,IMPORTABLE,
2300,2025-10-16,23692,MONROE,EXACT,,REBABA,REBABA,AUTO_INFERRED_PRICE,AUTO_INFERRED_PRICE,6220.000,4680.000,1540.000,0.000,0.000,0.000,0.000,1540.000,1540.000,2.010,2.270,DIFFERS,0.000,3095.400,3095.400,Pendiente,Facturado,FACTURADO,PENDIENTE_DE_PAGO,SIN_CUBRIR,,Reporte 13-17 octubre 2025,REVIEW,
2301,2025-10-16,23689,MONROE,EXACT,,REBABA,REBABA,AUTO_INFERRED_PRICE,AUTO_INFERRED_PRICE,5710.000,4870.000,840.000,0.000,0.000,0.000,0.000,840.000,840.000,2.010,2.270,DIFFERS,0.000,1688.400,1688.400,Pendiente,Facturado,FACTURADO,PENDIENTE_DE_PAGO,SIN_CUBRIR,,Reporte 13-17 octubre 2025,REVIEW,
2302,2025-10-16,11038,MONROE,EXACT,,LENA,LENA,AUTO_INFERRED_PRICE,AUTO_INFERRED_PRICE,6470.000,4740.000,1730.000,0.000,0.000,0.000,0.000,1730.000,1730.000,0.350,0.350,MATCH,0.000,605.500,605.500,Pendiente,Facturado,FACTURADO,PENDIENTE_DE_PAGO,SIN_CUBRIR,,Reporte 13-17 octubre 2025,IMPORTABLE,
2303,2025-10-16,23693,MONROE,EXACT,,LENA,LENA,AUTO_INFERRED_PRICE,AUTO_INFERRED_PRICE,5600.000,5290.000,310.000,0.000,0.000,0.000,0.000,310.000,310.000,0.350,0.350,MATCH,0.000,108.500,108.500,Pendiente,Facturado,FACTURADO,PENDIENTE_DE_PAGO,SIN_CUBRIR,,Reporte 13-17 octubre 2025,IMPORTABLE,
2304,2025-10-16,11037,MONROE,EXACT,,LENA,LENA,AUTO_INFERRED_PRICE,AUTO_INFERRED_PRICE,6770.000,4740.000,2030.000,0.000,0.000,0.000,0.000,2030.000,2030.000,0.350,0.350,MATCH,0.000,710.500,710.500,Pendiente,Facturado,FACTURADO,PENDIENTE_DE_PAGO,SIN_CUBRIR,,Reporte 13-17 octubre 2025,IMPORTABLE,
2305,2025-10-16,11041,MONROE,EXACT,,CARTON,CARTON,AUTO_INFERRED_PRICE,AUTO_INFERRED_PRICE,14500.000,12540.000,1960.000,0.000,0.000,0.000,0.000,1960.000,1960.000,1.400,1.400,MATCH,0.000,2744.000,2744.000,Pendiente,Facturado,FACTURADO,PENDIENTE_DE_PAGO,SIN_CUBRIR,,Reporte 13-17 octubre 2025,IMPORTABLE,
2306,2025-10-15,11011,MONROE,EXACT,,LENA,LENA,AUTO_INFERRED_PRICE,AUTO_INFERRED_PRICE,5560.000,5000.000,560.000,0.000,0.000,0.000,0.000,560.000,560.000,0.350,0.350,MATCH,0.000,196.000,196.000,Pendiente,Facturado,FACTURADO,PENDIENTE_DE_PAGO,SIN_CUBRIR,,Reporte 13-17 octubre 2025,IMPORTABLE,
2307,2025-10-15,10981,MONROE,EXACT,,LENA,LENA,AUTO_INFERRED_PRICE,AUTO_INFERRED_PRICE,6790.000,4700.000,2090.000,0.000,0.000,0.000,0.000,2090.000,2090.000,0.350,0.350,MATCH,0.000,731.500,731.500,Pendiente,Facturado,FACTURADO,PENDIENTE_DE_PAGO,SIN_CUBRIR,,Reporte 13-17 octubre 2025,IMPORTABLE,
2308,2025-10-15,10985,MONROE,EXACT,,CARTON,CARTON,AUTO_INFERRED_PRICE,AUTO_INFERRED_PRICE,14580.000,12420.000,2160.000,0.000,0.000,0.000,0.000,2160.000,2160.000,1.400,1.400,MATCH,0.000,3024.000,3024.000,Pendiente,Facturado,FACTURADO,PENDIENTE_DE_PAGO,SIN_CUBRIR,,Reporte 13-17 octubre 2025,IMPORTABLE,
2309,2025-10-14,79197,MONROE,EXACT,,BASURA,BASURA,AUTO_INFERRED_PRICE,AUTO_INFERRED_PRICE,14850.000,12260.000,2590.000,0.000,0.000,0.000,0.000,2590.000,2590.000,0.000,0.000,MATCH,0.000,0.000,0.000,Pendiente,Facturado,FACTURADO,PENDIENTE_DE_PAGO,SIN_CUBRIR,,Reporte 13-17 octubre 2025,IMPORTABLE,
2310,2025-10-14,10918,MONROE,EXACT,,LENA,LENA,AUTO_INFERRED_PRICE,AUTO_INFERRED_PRICE,6590.000,5210.000,1380.000,0.000,0.000,0.000,0.000,1380.000,1380.000,0.350,0.350,MATCH,0.000,483.000,483.000,Pendiente,Facturado,FACTURADO,PENDIENTE_DE_PAGO,SIN_CUBRIR,,Reporte 13-17 octubre 2025,IMPORTABLE,
2311,2025-10-14,10919,MONROE,EXACT,,LENA,LENA,AUTO_INFERRED_PRICE,AUTO_INFERRED_PRICE,6980.000,5210.000,1770.000,0.000,0.000,0.000,0.000,1770.000,1770.000,0.350,0.350,MATCH,0.000,619.500,619.500,Pendiente,Facturado,FACTURADO,PENDIENTE_DE_PAGO,SIN_CUBRIR,,Reporte 13-17 octubre 2025,IMPORTABLE,
2312,2025-10-14,10921,MONROE,EXACT,,CARTON,CARTON,AUTO_INFERRED_PRICE,AUTO_INFERRED_PRICE,14360.000,12460.000,1900.000,0.000,0.000,0.000,0.000,1900.000,1900.000,1.400,1.400,MATCH,0.000,2660.000,2660.000,Pendiente,Facturado,FACTURADO,PENDIENTE_DE_PAGO,SIN_CUBRIR,,Reporte 13-17 octubre 2025,IMPORTABLE,
2313,2025-10-13,23675,MONROE,EXACT,,BASURA,BASURA,AUTO_INFERRED_PRICE,AUTO_INFERRED_PRICE,5190.000,4710.000,480.000,0.000,0.000,0.000,0.000,480.000,480.000,0.000,0.000,MATCH,0.000,0.000,0.000,Pendiente,Facturado,FACTURADO,PENDIENTE_DE_PAGO,SIN_CUBRIR,,Reporte 13-17 octubre 2025,IMPORTABLE,
2314,2025-10-13,23673,MONROE,EXACT,,REBABA,REBABA,AUTO_INFERRED_PRICE,AUTO_INFERRED_PRICE,5950.000,5080.000,870.000,0.000,0.000,0.000,0.000,870.000,870.000,2.010,2.270,DIFFERS,0.000,1748.700,1748.700,Pendiente,Facturado,FACTURADO,PENDIENTE_DE_PAGO,SIN_CUBRIR,,Reporte 13-17 octubre 2025,REVIEW,
2315,2025-09-30,10303,MONROE,EXACT,,LENA,LENA,AUTO_INFERRED_PRICE,AUTO_INFERRED_PRICE,6380.000,5140.000,1240.000,0.000,0.000,0.000,0.000,1240.000,1240.000,0.350,0.350,MATCH,0.000,434.000,434.000,Pendiente,Facturado,FACTURADO,PENDIENTE_DE_PAGO,SIN_CUBRIR,,Reporte 22-30 septiembre 2025,IMPORTABLE,
2316,2025-09-30,10304,MONROE,EXACT,,LENA,LENA,AUTO_INFERRED_PRICE,AUTO_INFERRED_PRICE,6650.000,5140.000,1510.000,0.000,0.000,0.000,0.000,1510.000,1510.000,0.350,0.350,MATCH,0.000,528.500,528.500,Pendiente,Facturado,FACTURADO,PENDIENTE_DE_PAGO,SIN_CUBRIR,,Reporte 22-30 septiembre 2025,IMPORTABLE,
2317,2025-09-30,79136,MONROE,EXACT,,BASURA,BASURA,AUTO_INFERRED_PRICE,AUTO_INFERRED_PRICE,15970.000,12380.000,3590.000,0.000,0.000,0.000,0.000,3590.000,3590.000,0.000,0.000,MATCH,0.000,0.000,0.000,Pendiente,Facturado,FACTURADO,PENDIENTE_DE_PAGO,SIN_CUBRIR,,Reporte 22-30 septiembre 2025,IMPORTABLE,
2318,2025-09-29,10207,MONROE,EXACT,,CARTON,CARTON,AUTO_INFERRED_PRICE,AUTO_INFERRED_PRICE,15230.000,13110.000,2120.000,0.000,0.000,0.000,0.000,2120.000,2120.000,1.400,1.400,MATCH,0.000,2968.000,2968.000,Pendiente,Facturado,FACTURADO,PENDIENTE_DE_PAGO,SIN_CUBRIR,,Reporte 22-30 septiembre 2025,IMPORTABLE,
2319,2025-09-29,10206,MONROE,EXACT,,CARTON,CARTON,AUTO_INFERRED_PRICE,AUTO_INFERRED_PRICE,14830.000,13110.000,1720.000,0.000,0.000,0.000,0.000,1720.000,1720.000,1.400,1.400,MATCH,0.000,2408.000,2408.000,Pendiente,Facturado,FACTURADO,PENDIENTE_DE_PAGO,SIN_CUBRIR,,Reporte 22-30 septiembre 2025,IMPORTABLE,
2320,2025-09-29,23610,MONROE,EXACT,,REBABA,REBABA,AUTO_INFERRED_PRICE,AUTO_INFERRED_PRICE,5900.000,4730.000,1170.000,0.000,0.000,0.000,0.000,1170.000,1170.000,2.040,2.270,DIFFERS,0.000,2386.800,2386.800,Pendiente,Facturado,FACTURADO,PENDIENTE_DE_PAGO,SIN_CUBRIR,,Reporte 22-30 septiembre 2025,REVIEW,
2321,2025-09-29,23609,MONROE,EXACT,,REBABA,REBABA,AUTO_INFERRED_PRICE,AUTO_INFERRED_PRICE,5650.000,5090.000,560.000,0.000,0.000,0.000,0.000,560.000,560.000,2.040,2.270,DIFFERS,0.000,1142.400,1142.400,Pendiente,Facturado,FACTURADO,PENDIENTE_DE_PAGO,SIN_CUBRIR,,Reporte 22-30 septiembre 2025,REVIEW,
2322,2025-09-29,10260,MONROE,EXACT,,LENA,LENA,AUTO_INFERRED_PRICE,AUTO_INFERRED_PRICE,6880.000,4900.000,1980.000,0.000,0.000,0.000,0.000,1980.000,1980.000,0.350,0.350,MATCH,0.000,693.000,693.000,Pendiente,Facturado,FACTURADO,PENDIENTE_DE_PAGO,SIN_CUBRIR,,Reporte 22-30 septiembre 2025,IMPORTABLE,
2323,2025-09-29,10261,MONROE,EXACT,,LENA,LENA,AUTO_INFERRED_PRICE,AUTO_INFERRED_PRICE,6290.000,4900.000,1390.000,0.000,0.000,0.000,0.000,1390.000,1390.000,0.350,0.350,MATCH,0.000,486.500,486.500,Pendiente,Facturado,FACTURADO,PENDIENTE_DE_PAGO,SIN_CUBRIR,,Reporte 22-30 septiembre 2025,IMPORTABLE,
2324,2025-09-29,23611,MONROE,EXACT,,BASURA,BASURA,AUTO_INFERRED_PRICE,AUTO_INFERRED_PRICE,5160.000,4730.000,430.000,0.000,0.000,0.000,0.000,430.000,430.000,0.000,0.000,MATCH,0.000,0.000,0.000,Pendiente,Facturado,FACTURADO,PENDIENTE_DE_PAGO,SIN_CUBRIR,,Reporte 22-30 septiembre 2025,IMPORTABLE,
2325,2025-09-26,10127,MONROE,EXACT,,CARTON,CARTON,AUTO_INFERRED_PRICE,AUTO_INFERRED_PRICE,14370.000,12560.000,1810.000,0.000,0.000,0.000,0.000,1810.000,1810.000,1.400,1.400,MATCH,0.000,2534.000,2534.000,Pendiente,Facturado,FACTURADO,PENDIENTE_DE_PAGO,SIN_CUBRIR,,Reporte 22-30 septiembre 2025,IMPORTABLE,
2326,2025-09-26,10172,MONROE,EXACT,,TARIMAS,TARIMAS,AUTO_INFERRED_PRICE,AUTO_INFERRED_PRICE,167.000,0.000,167.000,0.000,0.000,0.000,0.000,167.000,167.000,13.000,13.000,MATCH,0.000,2171.000,2171.000,Pendiente,Facturado,FACTURADO,PENDIENTE_DE_PAGO,SIN_CUBRIR,,Reporte 22-30 septiembre 2025,IMPORTABLE,
2327,2025-09-26,10165,MONROE,EXACT,,LENA,LENA,AUTO_INFERRED_PRICE,AUTO_INFERRED_PRICE,6790.000,5220.000,1570.000,0.000,0.000,0.000,0.000,1570.000,1570.000,0.350,0.350,MATCH,0.000,549.500,549.500,Pendiente,Facturado,FACTURADO,PENDIENTE_DE_PAGO,SIN_CUBRIR,,Reporte 22-30 septiembre 2025,IMPORTABLE,
2328,2025-09-26,10166,MONROE,EXACT,,LENA,LENA,AUTO_INFERRED_PRICE,AUTO_INFERRED_PRICE,6230.000,5220.000,1010.000,0.000,0.000,0.000,0.000,1010.000,1010.000,0.350,0.350,MATCH,0.000,353.500,353.500,Pendiente,Facturado,FACTURADO,PENDIENTE_DE_PAGO,SIN_CUBRIR,,Reporte 22-30 septiembre 2025,IMPORTABLE,
2329,2025-09-25,10080,MONROE,EXACT,,CARTON,CARTON,AUTO_INFERRED_PRICE,AUTO_INFERRED_PRICE,14770.000,12480.000,2290.000,0.000,0.000,0.000,0.000,2290.000,2290.000,1.400,1.400,MATCH,0.000,3206.000,3206.000,Pendiente,Facturado,FACTURADO,PENDIENTE_DE_PAGO,SIN_CUBRIR,,Reporte 22-30 septiembre 2025,IMPORTABLE,
2330,2025-09-25,23594,MONROE,EXACT,,REBABA,REBABA,AUTO_INFERRED_PRICE,AUTO_INFERRED_PRICE,6160.000,4720.000,1440.000,0.000,0.000,0.000,0.000,1440.000,1440.000,2.040,2.270,DIFFERS,0.000,2937.600,2937.600,Pendiente,Facturado,FACTURADO,PENDIENTE_DE_PAGO,SIN_CUBRIR,,Reporte 22-30 septiembre 2025,REVIEW,
2331,2025-09-25,23593,MONROE,EXACT,,REBABA,REBABA,AUTO_INFERRED_PRICE,AUTO_INFERRED_PRICE,5870.000,5080.000,790.000,0.000,0.000,0.000,0.000,790.000,790.000,2.040,2.270,DIFFERS,0.000,1611.600,1611.600,Pendiente,Facturado,FACTURADO,PENDIENTE_DE_PAGO,SIN_CUBRIR,,Reporte 22-30 septiembre 2025,REVIEW,
2332,2025-09-25,10116,MONROE,EXACT,,LENA,LENA,AUTO_INFERRED_PRICE,AUTO_INFERRED_PRICE,6360.000,4890.000,1470.000,0.000,0.000,0.000,0.000,1470.000,1470.000,0.350,0.350,MATCH,0.000,514.500,514.500,Pendiente,Facturado,FACTURADO,PENDIENTE_DE_PAGO,SIN_CUBRIR,,Reporte 22-30 septiembre 2025,IMPORTABLE,
2333,2025-09-25,10115,MONROE,EXACT,,LENA,LENA,AUTO_INFERRED_PRICE,AUTO_INFERRED_PRICE,6420.000,4890.000,1530.000,0.000,0.000,0.000,0.000,1530.000,1530.000,0.350,0.350,MATCH,0.000,535.500,535.500,Pendiente,Facturado,FACTURADO,PENDIENTE_DE_PAGO,SIN_CUBRIR,,Reporte 22-30 septiembre 2025,IMPORTABLE,
2334,2025-09-25,23595,MONROE,EXACT,,BASURA,BASURA,AUTO_INFERRED_PRICE,AUTO_INFERRED_PRICE,5220.000,4720.000,500.000,0.000,0.000,0.000,0.000,500.000,500.000,0.000,0.000,MATCH,0.000,0.000,0.000,Pendiente,Facturado,FACTURADO,PENDIENTE_DE_PAGO,SIN_CUBRIR,,Reporte 22-30 septiembre 2025,IMPORTABLE,
2335,2025-09-23,10000,MONROE,EXACT,,CARTON,CARTON,AUTO_INFERRED_PRICE,AUTO_INFERRED_PRICE,14650.000,12530.000,2120.000,0.000,0.000,0.000,0.000,2120.000,2120.000,1.400,1.400,MATCH,0.000,2968.000,2968.000,Pendiente,Facturado,FACTURADO,PENDIENTE_DE_PAGO,SIN_CUBRIR,,Reporte 22-30 septiembre 2025,IMPORTABLE,
2336,2025-09-23,10001,MONROE,EXACT,,LENA,LENA,AUTO_INFERRED_PRICE,AUTO_INFERRED_PRICE,6820.000,5180.000,1640.000,0.000,0.000,0.000,0.000,1640.000,1640.000,0.350,0.350,MATCH,0.000,574.000,574.000,Pendiente,Facturado,FACTURADO,PENDIENTE_DE_PAGO,SIN_CUBRIR,,Reporte 22-30 septiembre 2025,IMPORTABLE,
2337,2025-09-23,10002,MONROE,EXACT,,LENA,LENA,AUTO_INFERRED_PRICE,AUTO_INFERRED_PRICE,6140.000,5170.000,970.000,0.000,0.000,0.000,0.000,970.000,970.000,0.350,0.350,MATCH,0.000,339.500,339.500,Pendiente,Facturado,FACTURADO,PENDIENTE_DE_PAGO,SIN_CUBRIR,,Reporte 22-30 septiembre 2025,IMPORTABLE,
2338,2025-09-23,79107,MONROE,EXACT,,BASURA,BASURA,AUTO_INFERRED_PRICE,AUTO_INFERRED_PRICE,14585.000,12305.000,2280.000,0.000,0.000,0.000,0.000,2280.000,2280.000,0.000,0.000,MATCH,0.000,0.000,0.000,Pendiente,Facturado,FACTURADO,PENDIENTE_DE_PAGO,SIN_CUBRIR,,Reporte 22-30 septiembre 2025,IMPORTABLE,
2339,2025-09-22,9856,MONROE,EXACT,,CARTON,CARTON,AUTO_INFERRED_PRICE,AUTO_INFERRED_PRICE,14940.000,13080.000,1860.000,0.000,0.000,0.000,0.000,1860.000,1860.000,1.400,1.400,MATCH,0.000,2604.000,2604.000,Pendiente,Facturado,FACTURADO,PENDIENTE_DE_PAGO,SIN_CUBRIR,,Reporte 22-30 septiembre 2025,IMPORTABLE,
2340,2025-09-22,9855,MONROE,EXACT,,CARTON,CARTON,AUTO_INFERRED_PRICE,AUTO_INFERRED_PRICE,14980.000,13090.000,1890.000,0.000,0.000,0.000,0.000,1890.000,1890.000,1.400,1.400,MATCH,0.000,2646.000,2646.000,Pendiente,Facturado,FACTURADO,PENDIENTE_DE_PAGO,SIN_CUBRIR,,Reporte 22-30 septiembre 2025,IMPORTABLE,
2341,2025-09-22,23585,MONROE,EXACT,,REBABA,REBABA,AUTO_INFERRED_PRICE,AUTO_INFERRED_PRICE,6360.000,4700.000,1660.000,0.000,0.000,0.000,0.000,1660.000,1660.000,2.040,2.270,DIFFERS,0.000,3386.400,3386.400,Pendiente,Facturado,FACTURADO,PENDIENTE_DE_PAGO,SIN_CUBRIR,,Reporte 22-30 septiembre 2025,REVIEW,
2342,2025-09-22,23584,MONROE,EXACT,,REBABA,REBABA,AUTO_INFERRED_PRICE,AUTO_INFERRED_PRICE,6050.000,4900.000,1150.000,0.000,0.000,0.000,0.000,1150.000,1150.000,2.040,2.270,DIFFERS,0.000,2346.000,2346.000,Pendiente,Facturado,FACTURADO,PENDIENTE_DE_PAGO,SIN_CUBRIR,,Reporte 22-30 septiembre 2025,REVIEW,
2343,2025-09-22,9944,MONROE,EXACT,,LENA,LENA,AUTO_INFERRED_PRICE,AUTO_INFERRED_PRICE,6340.000,4700.000,1640.000,0.000,0.000,0.000,0.000,1640.000,1640.000,0.350,0.350,MATCH,0.000,574.000,574.000,Pendiente,Facturado,FACTURADO,PENDIENTE_DE_PAGO,SIN_CUBRIR,,Reporte 22-30 septiembre 2025,IMPORTABLE,
2344,2025-09-22,9943,MONROE,EXACT,,LENA,LENA,AUTO_INFERRED_PRICE,AUTO_INFERRED_PRICE,7340.000,4700.000,2640.000,0.000,0.000,0.000,0.000,2640.000,2640.000,0.350,0.350,MATCH,0.000,924.000,924.000,Pendiente,Facturado,FACTURADO,PENDIENTE_DE_PAGO,SIN_CUBRIR,,Reporte 22-30 septiembre 2025,IMPORTABLE,
2345,2025-09-22,9942,MONROE,EXACT,,LENA,LENA,AUTO_INFERRED_PRICE,AUTO_INFERRED_PRICE,6300.000,4700.000,1600.000,0.000,0.000,0.000,0.000,1600.000,1600.000,0.350,0.350,MATCH,0.000,560.000,560.000,Pendiente,Facturado,FACTURADO,PENDIENTE_DE_PAGO,SIN_CUBRIR,,Reporte 22-30 septiembre 2025,IMPORTABLE,
2346,2025-09-19,5156,MONROE,EXACT,,TARIMAS,TARIMAS,AUTO_INFERRED_PRICE,AUTO_INFERRED_PRICE,177.000,0.000,177.000,0.000,0.000,0.000,0.000,177.000,177.000,13.000,13.000,MATCH,0.000,2301.000,2301.000,Pendiente,Facturado,FACTURADO,PENDIENTE_DE_PAGO,SIN_CUBRIR,,Reporte 15-19 septiembre 2025,IMPORTABLE,
2347,2025-09-19,9845,MONROE,EXACT,,LENA,LENA,AUTO_INFERRED_PRICE,AUTO_INFERRED_PRICE,6990.000,5060.000,1930.000,0.000,0.000,0.000,0.000,1930.000,1930.000,0.350,0.350,MATCH,0.000,675.500,675.500,Pendiente,Facturado,FACTURADO,PENDIENTE_DE_PAGO,SIN_CUBRIR,,Reporte 15-19 septiembre 2025,IMPORTABLE,
2348,2025-09-18,23572,MONROE,EXACT,,REBABA,REBABA,AUTO_INFERRED_PRICE,AUTO_INFERRED_PRICE,5660.000,4690.000,970.000,0.000,0.000,0.000,0.000,970.000,970.000,2.040,2.270,DIFFERS,0.000,1978.800,1978.800,Pendiente,Facturado,FACTURADO,PENDIENTE_DE_PAGO,SIN_CUBRIR,,Reporte 15-19 septiembre 2025,REVIEW,
2349,2025-09-18,9784,MONROE,EXACT,,LENA,LENA,AUTO_INFERRED_PRICE,AUTO_INFERRED_PRICE,6430.000,4910.000,1520.000,0.000,0.000,0.000,0.000,1520.000,1520.000,0.350,0.350,MATCH,0.000,532.000,532.000,Pendiente,Facturado,FACTURADO,PENDIENTE_DE_PAGO,SIN_CUBRIR,,Reporte 15-19 septiembre 2025,IMPORTABLE,
2350,2025-09-18,9785,MONROE,EXACT,,LENA,LENA,AUTO_INFERRED_PRICE,AUTO_INFERRED_PRICE,6330.000,4910.000,1420.000,0.000,0.000,0.000,0.000,1420.000,1420.000,0.350,0.350,MATCH,0.000,497.000,497.000,Pendiente,Facturado,FACTURADO,PENDIENTE_DE_PAGO,SIN_CUBRIR,,Reporte 15-19 septiembre 2025,IMPORTABLE,
2351,2025-09-17,9739,MONROE,EXACT,,LENA,LENA,AUTO_INFERRED_PRICE,AUTO_INFERRED_PRICE,6880.000,5250.000,1630.000,0.000,0.000,0.000,0.000,1630.000,1630.000,0.350,0.350,MATCH,0.000,570.500,570.500,Pendiente,Facturado,FACTURADO,PENDIENTE_DE_PAGO,SIN_CUBRIR,,Reporte 15-19 septiembre 2025,IMPORTABLE,
2352,2025-09-17,9765,MONROE,EXACT,,LENA,LENA,AUTO_INFERRED_PRICE,AUTO_INFERRED_PRICE,6160.000,5020.000,1140.000,0.000,0.000,0.000,0.000,1140.000,1140.000,0.350,0.350,MATCH,0.000,399.000,399.000,Pendiente,Facturado,FACTURADO,PENDIENTE_DE_PAGO,SIN_CUBRIR,,Reporte 15-19 septiembre 2025,IMPORTABLE,
2353,2025-09-17,9740,MONROE,EXACT,,LENA,LENA,AUTO_INFERRED_PRICE,AUTO_INFERRED_PRICE,6500.000,5250.000,1250.000,0.000,0.000,0.000,0.000,1250.000,1250.000,0.350,0.350,MATCH,0.000,437.500,437.500,Pendiente,Facturado,FACTURADO,PENDIENTE_DE_PAGO,SIN_CUBRIR,,Reporte 15-19 septiembre 2025,IMPORTABLE,
2354,2025-09-17,9717,MONROE,EXACT,,CARTON,CARTON,AUTO_INFERRED_PRICE,AUTO_INFERRED_PRICE,13890.000,12470.000,1420.000,0.000,0.000,0.000,0.000,1420.000,1420.000,1.400,1.400,MATCH,0.000,1988.000,1988.000,Pendiente,Facturado,FACTURADO,PENDIENTE_DE_PAGO,SIN_CUBRIR,,Reporte 15-19 septiembre 2025,IMPORTABLE,
2355,2025-09-17,79088,MONROE,EXACT,,BASURA,BASURA,AUTO_INFERRED_PRICE,AUTO_INFERRED_PRICE,15300.000,12255.000,3045.000,0.000,0.000,0.000,0.000,3045.000,3045.000,0.000,0.000,MATCH,0.000,0.000,0.000,Pendiente,Facturado,FACTURADO,PENDIENTE_DE_PAGO,SIN_CUBRIR,,Reporte 15-19 septiembre 2025,IMPORTABLE,
2356,2025-09-15,23565,MONROE,EXACT,,REBABA,REBABA,AUTO_INFERRED_PRICE,AUTO_INFERRED_PRICE,5580.000,4860.000,720.000,0.000,0.000,0.000,0.000,720.000,720.000,2.040,2.270,DIFFERS,0.000,1468.800,1468.800,Pendiente,Facturado,FACTURADO,PENDIENTE_DE_PAGO,SIN_CUBRIR,,Reporte 15-19 septiembre 2025,REVIEW,
2357,2025-09-15,23563,MONROE,EXACT,,REBABA,REBABA,AUTO_INFERRED_PRICE,AUTO_INFERRED_PRICE,5960.000,4690.000,1270.000,0.000,0.000,0.000,0.000,1270.000,1270.000,2.040,2.270,DIFFERS,0.000,2590.800,2590.800,Pendiente,Facturado,FACTURADO,PENDIENTE_DE_PAGO,SIN_CUBRIR,,Reporte 15-19 septiembre 2025,REVIEW,
2358,2025-09-15,9702,MONROE,EXACT,,LENA,LENA,AUTO_INFERRED_PRICE,AUTO_INFERRED_PRICE,6980.000,4750.000,2230.000,0.000,0.000,0.000,0.000,2230.000,2230.000,0.350,0.350,MATCH,0.000,780.500,780.500,Pendiente,Facturado,FACTURADO,PENDIENTE_DE_PAGO,SIN_CUBRIR,,Reporte 15-19 septiembre 2025,IMPORTABLE,
2359,2025-09-15,9655,MONROE,EXACT,,CARTON,CARTON,AUTO_INFERRED_PRICE,AUTO_INFERRED_PRICE,14180.000,13120.000,1060.000,0.000,0.000,0.000,0.000,1060.000,1060.000,1.400,1.400,MATCH,0.000,1484.000,1484.000,Pendiente,Facturado,FACTURADO,PENDIENTE_DE_PAGO,SIN_CUBRIR,,Reporte 15-19 septiembre 2025,IMPORTABLE,
2360,2025-09-12,9617,MONROE,EXACT,,TARIMAS,TARIMAS,AUTO_INFERRED_PRICE,AUTO_INFERRED_PRICE,200.000,0.000,200.000,0.000,0.000,0.000,0.000,200.000,200.000,13.000,13.000,MATCH,0.000,2600.000,2600.000,Pendiente,Facturado,FACTURADO,PENDIENTE_DE_PAGO,SIN_CUBRIR,,Reporte 08-12 septiembre 2025,IMPORTABLE,
2361,2025-09-12,9614,MONROE,EXACT,,LENA,LENA,AUTO_INFERRED_PRICE,AUTO_INFERRED_PRICE,6740.000,5120.000,1620.000,0.000,0.000,0.000,0.000,1620.000,1620.000,0.350,0.350,MATCH,0.000,567.000,567.000,Pendiente,Facturado,FACTURADO,PENDIENTE_DE_PAGO,SIN_CUBRIR,,Reporte 08-12 septiembre 2025,IMPORTABLE,
2362,2025-09-12,9615,MONROE,EXACT,,LENA,LENA,AUTO_INFERRED_PRICE,AUTO_INFERRED_PRICE,6600.000,5120.000,1480.000,0.000,0.000,0.000,0.000,1480.000,1480.000,0.350,0.350,MATCH,0.000,518.000,518.000,Pendiente,Facturado,FACTURADO,PENDIENTE_DE_PAGO,SIN_CUBRIR,,Reporte 08-12 septiembre 2025,IMPORTABLE,
2363,2025-09-12,79082,MONROE,EXACT,,BASURA,BASURA,AUTO_INFERRED_PRICE,AUTO_INFERRED_PRICE,14825.000,12340.000,2485.000,0.000,0.000,0.000,0.000,2485.000,2485.000,0.000,0.000,MATCH,0.000,0.000,0.000,Pendiente,Facturado,FACTURADO,PENDIENTE_DE_PAGO,SIN_CUBRIR,,Reporte 08-12 septiembre 2025,IMPORTABLE,
2364,2025-09-11,9517,MONROE,EXACT,,CARTON,CARTON,AUTO_INFERRED_PRICE,AUTO_INFERRED_PRICE,14300.000,12510.000,1790.000,0.000,0.000,0.000,0.000,1790.000,1790.000,1.400,1.400,MATCH,0.000,2506.000,2506.000,Pendiente,Facturado,FACTURADO,PENDIENTE_DE_PAGO,SIN_CUBRIR,,Reporte 08-12 septiembre 2025,IMPORTABLE,
2365,2025-09-11,23553,MONROE,EXACT,,REBABA,REBABA,AUTO_INFERRED_PRICE,AUTO_INFERRED_PRICE,6260.000,4720.000,1540.000,0.000,0.000,0.000,0.000,1540.000,1540.000,2.040,2.270,DIFFERS,0.000,3141.600,3141.600,Pendiente,Facturado,FACTURADO,PENDIENTE_DE_PAGO,SIN_CUBRIR,,Reporte 08-12 septiembre 2025,REVIEW,
2366,2025-09-11,23552,MONROE,EXACT,,REBABA,REBABA,AUTO_INFERRED_PRICE,AUTO_INFERRED_PRICE,5860.000,5080.000,780.000,0.000,0.000,0.000,0.000,780.000,780.000,2.040,2.270,DIFFERS,0.000,1591.200,1591.200,Pendiente,Facturado,FACTURADO,PENDIENTE_DE_PAGO,SIN_CUBRIR,,Reporte 08-12 septiembre 2025,REVIEW,
2367,2025-09-11,9561,MONROE,EXACT,,LENA,LENA,AUTO_INFERRED_PRICE,AUTO_INFERRED_PRICE,6580.000,4850.000,1730.000,0.000,0.000,0.000,0.000,1730.000,1730.000,0.350,0.350,MATCH,0.000,605.500,605.500,Pendiente,Facturado,FACTURADO,PENDIENTE_DE_PAGO,SIN_CUBRIR,,Reporte 08-12 septiembre 2025,IMPORTABLE,
2368,2025-09-11,9562,MONROE,EXACT,,LENA,LENA,AUTO_INFERRED_PRICE,AUTO_INFERRED_PRICE,6820.000,4840.000,1980.000,0.000,0.000,0.000,0.000,1980.000,1980.000,0.350,0.350,MATCH,0.000,693.000,693.000,Pendiente,Facturado,FACTURADO,PENDIENTE_DE_PAGO,SIN_CUBRIR,,Reporte 08-12 septiembre 2025,IMPORTABLE,
2369,2025-09-11,23555,MONROE,EXACT,,BASURA,BASURA,AUTO_INFERRED_PRICE,AUTO_INFERRED_PRICE,5200.000,4700.000,500.000,0.000,0.000,0.000,0.000,500.000,500.000,0.000,0.000,MATCH,0.000,0.000,0.000,Pendiente,Facturado,FACTURADO,PENDIENTE_DE_PAGO,SIN_CUBRIR,,Reporte 08-12 septiembre 2025,IMPORTABLE,
2370,2025-09-10,9509,MONROE,EXACT,,LENA,LENA,AUTO_INFERRED_PRICE,AUTO_INFERRED_PRICE,5890.000,4890.000,1000.000,0.000,0.000,0.000,0.000,1000.000,1000.000,0.350,0.350,MATCH,0.000,350.000,350.000,Pendiente,Facturado,FACTURADO,PENDIENTE_DE_PAGO,SIN_CUBRIR,,Reporte 08-12 septiembre 2025,IMPORTABLE,
2371,2025-09-10,9508,MONROE,EXACT,,LENA,LENA,AUTO_INFERRED_PRICE,AUTO_INFERRED_PRICE,6800.000,4890.000,1910.000,0.000,0.000,0.000,0.000,1910.000,1910.000,0.350,0.350,MATCH,0.000,668.500,668.500,Pendiente,Facturado,FACTURADO,PENDIENTE_DE_PAGO,SIN_CUBRIR,,Reporte 08-12 septiembre 2025,IMPORTABLE,
2372,2025-09-10,9481,MONROE,EXACT,,CARTON,CARTON,AUTO_INFERRED_PRICE,AUTO_INFERRED_PRICE,13980.000,12520.000,1460.000,0.000,0.000,0.000,0.000,1460.000,1460.000,1.400,1.400,MATCH,0.000,2044.000,2044.000,Pendiente,Facturado,FACTURADO,PENDIENTE_DE_PAGO,SIN_CUBRIR,,Reporte 08-12 septiembre 2025,IMPORTABLE,
2373,2025-09-09,9465,MONROE,EXACT,,LENA,LENA,AUTO_INFERRED_PRICE,AUTO_INFERRED_PRICE,6340.000,5240.000,1100.000,0.000,0.000,0.000,0.000,1100.000,1100.000,0.350,0.350,MATCH,0.000,385.000,385.000,Pendiente,Facturado,FACTURADO,PENDIENTE_DE_PAGO,SIN_CUBRIR,,Reporte 08-12 septiembre 2025,IMPORTABLE,
2374,2025-09-09,9492,MONROE,EXACT,,LENA,LENA,AUTO_INFERRED_PRICE,AUTO_INFERRED_PRICE,5970.000,4640.000,1330.000,0.000,0.000,0.000,0.000,1330.000,1330.000,0.350,0.350,MATCH,0.000,465.500,465.500,Pendiente,Facturado,FACTURADO,PENDIENTE_DE_PAGO,SIN_CUBRIR,,Reporte 08-12 septiembre 2025,IMPORTABLE,
2375,2025-09-09,9464,MONROE,EXACT,,BASURA,BASURA,AUTO_INFERRED_PRICE,AUTO_INFERRED_PRICE,6180.000,5240.000,940.000,0.000,0.000,0.000,0.000,940.000,940.000,0.000,0.000,MATCH,0.000,0.000,0.000,Pendiente,Facturado,FACTURADO,PENDIENTE_DE_PAGO,SIN_CUBRIR,,Reporte 08-12 septiembre 2025,IMPORTABLE,
2376,2025-09-08,23546,MONROE,EXACT,,REBABA,REBABA,AUTO_INFERRED_PRICE,AUTO_INFERRED_PRICE,6280.000,4680.000,1600.000,0.000,0.000,0.000,0.000,1600.000,1600.000,2.040,2.270,DIFFERS,0.000,3264.000,3264.000,Pendiente,Facturado,FACTURADO,PENDIENTE_DE_PAGO,SIN_CUBRIR,,Reporte 08-12 septiembre 2025,REVIEW,
2377,2025-09-08,9410,MONROE,EXACT,,LENA,LENA,AUTO_INFERRED_PRICE,AUTO_INFERRED_PRICE,6440.000,4750.000,1690.000,0.000,0.000,0.000,0.000,1690.000,1690.000,0.350,0.350,MATCH,0.000,591.500,591.500,Pendiente,Facturado,FACTURADO,PENDIENTE_DE_PAGO,SIN_CUBRIR,,Reporte 08-12 septiembre 2025,IMPORTABLE,
2378,2025-09-08,9409,MONROE,EXACT,,LENA,LENA,AUTO_INFERRED_PRICE,AUTO_INFERRED_PRICE,6790.000,4750.000,2040.000,0.000,0.000,0.000,0.000,2040.000,2040.000,0.350,0.350,MATCH,0.000,714.000,714.000,Pendiente,Facturado,FACTURADO,PENDIENTE_DE_PAGO,SIN_CUBRIR,,Reporte 08-12 septiembre 2025,IMPORTABLE,
2379,2025-09-08,23547,MONROE,EXACT,,BASURA,BASURA,AUTO_INFERRED_PRICE,AUTO_INFERRED_PRICE,5240.000,4680.000,560.000,0.000,0.000,0.000,0.000,560.000,560.000,0.000,0.000,MATCH,0.000,0.000,0.000,Pendiente,Facturado,FACTURADO,PENDIENTE_DE_PAGO,SIN_CUBRIR,,Reporte 08-12 septiembre 2025,IMPORTABLE,