cash_cut_id,created_at,id,is_verified,reason,source_folio,source_id,source_type,updated_at,verified_at
933047d4-ff65-45b1-8f8c-1303123c878a,2026-04-29T00:04:15.412997+00:00,e30b6459-b8cf-4aa4-aa3c-6e2815a6c293,True,COMPROBAR,18514,fbcf08b9-b2cd-4186-8d3b-c06df29a73ca,expense_voucher,2026-05-04T15:34:55.514781+00:00,2026-05-04T09:34:55.353325+00:00
337891d8-b406-4502-810f-6b10dd993a77,2026-04-27T17:35:58.691484+00:00,77bac589-7fff-4802-a581-5bc4bc04331e,True,,18467,f1255033-c6d7-49c9-835c-9f3a9e9b3eb9,expense_voucher,2026-04-27T17:35:58.691484+00:00,2026-04-27T11:35:58.641139+00:00
337891d8-b406-4502-810f-6b10dd993a77,2026-04-27T17:35:58.691484+00:00,1fde43fd-06d0-4c4f-a508-faaab8e3ca19,True,,18468,dafd6a3f-a56d-4cbb-8c23-01c7b60d2aa5,expense_voucher,2026-04-27T17:35:58.691484+00:00,2026-04-27T11:35:58.641139+00:00
337891d8-b406-4502-810f-6b10dd993a77,2026-04-27T17:35:58.691484+00:00,3ce1377d-ba5b-401c-8a49-d189850a7c98,True,,18469,ed136104-2e35-42ce-a67e-d34b39f60094,expense_voucher,2026-04-27T17:35:58.691484+00:00,2026-04-27T11:35:58.642137+00:00
820b8711-60ec-4757-ac6c-e2452b45b158,2026-05-01T00:41:41.773858+00:00,c97ce49a-20aa-40c3-bae3-17cff2011c20,True,COMPROBAR,18558,c3c79e6b-36d1-40fd-b829-6ae699cc7e8e,expense_voucher,2026-05-06T14:13:33.035027+00:00,2026-05-06T08:13:33.355844+00:00
337891d8-b406-4502-810f-6b10dd993a77,2026-04-27T17:35:58.691484+00:00,27a9aa92-ae7a-49d5-875d-c1496e7c49bd,True,,18472,1164e9c1-aabf-48a4-9e82-d238091f7bf0,expense_voucher,2026-04-27T17:35:58.691484+00:00,2026-04-27T11:35:58.642137+00:00
337891d8-b406-4502-810f-6b10dd993a77,2026-04-27T17:35:58.691484+00:00,6c511f10-a33a-4921-abab-912125067edb,True,,18473,10e05945-551a-42c4-bf66-9cd947afd3ea,expense_voucher,2026-04-27T17:35:58.691484+00:00,2026-04-27T11:35:58.642137+00:00
337891d8-b406-4502-810f-6b10dd993a77,2026-04-27T17:35:58.691484+00:00,bf538e4e-4f4f-4d82-aa38-67257e75344c,True,,18473,f28968cc-0002-4133-b2d6-ef380a1c28cf,expense_voucher,2026-04-27T17:35:58.691484+00:00,2026-04-27T11:35:58.642137+00:00
337891d8-b406-4502-810f-6b10dd993a77,2026-04-27T17:35:58.691484+00:00,023800ae-4d7f-4a02-9196-f007c0b7adf5,True,,18474,dd726274-b968-4f8d-bc41-de7b7defc214,expense_voucher,2026-04-27T17:35:58.691484+00:00,2026-04-27T11:35:58.642137+00:00
337891d8-b406-4502-810f-6b10dd993a77,2026-04-27T17:35:58.691484+00:00,9adc0481-5d38-4006-b5c3-1c6085249bbc,True,,18475,38569429-3a23-4ffa-9a70-f9809e7a99f6,expense_voucher,2026-04-27T17:35:58.691484+00:00,2026-04-27T11:35:58.642137+00:00
337891d8-b406-4502-810f-6b10dd993a77,2026-04-27T17:35:58.691484+00:00,4b3afc0c-52e0-4891-8b1d-0425e2b8c79f,True,,18476,5bd15945-d0a5-40a5-a9c6-b1daeb1e24dc,expense_voucher,2026-04-27T17:35:58.691484+00:00,2026-04-27T11:35:58.642137+00:00
337891d8-b406-4502-810f-6b10dd993a77,2026-04-27T17:35:58.691484+00:00,b9d9c9ea-6736-4327-a2dd-b4143db0fc37,True,,18477,3d8b66c5-7c4a-4d74-8e4d-94dc1fc9c2a7,expense_voucher,2026-04-27T17:35:58.691484+00:00,2026-04-27T11:35:58.642137+00:00
337891d8-b406-4502-810f-6b10dd993a77,2026-04-27T17:35:58.691484+00:00,e547098a-ee79-4305-9551-3c51366b45d7,True,,18478,dedbdd10-21cf-404c-a6f6-e4d5d84d849a,expense_voucher,2026-04-27T17:35:58.691484+00:00,2026-04-27T11:35:58.642137+00:00
337891d8-b406-4502-810f-6b10dd993a77,2026-04-27T17:35:58.691484+00:00,bfc60e6a-4aa2-49ba-99a3-e8c5c0421d7e,True,,18479,2c283aa4-5e90-46f9-b48a-fe34615d33ac,expense_voucher,2026-04-27T17:35:58.691484+00:00,2026-04-27T11:35:58.642137+00:00
337891d8-b406-4502-810f-6b10dd993a77,2026-04-27T17:35:58.691484+00:00,da9f5818-27b8-471f-b00c-144a814625a4,True,,18480,d252466e-7b16-4e6f-9451-560437ab2fd1,expense_voucher,2026-04-27T17:35:58.691484+00:00,2026-04-27T11:35:58.642137+00:00
eff1f086-730a-4a62-a72b-f027fa00341c,2026-05-07T00:14:53.624719+00:00,b159af24-6fb2-4217-ab3f-250ac5b7413b,True,,18588,0644c474-b4e7-4c60-9857-82e264645d91,expense_voucher,2026-05-07T00:14:53.624719+00:00,2026-05-06T18:14:54.560589+00:00
eff1f086-730a-4a62-a72b-f027fa00341c,2026-05-07T00:14:53.624719+00:00,9815fc73-a9e3-4ab6-a45a-febb18afe71e,True,,18482,47523fac-4567-4ae4-986a-d5851b6b3556,expense_voucher,2026-05-07T00:14:53.624719+00:00,2026-05-06T18:14:54.560589+00:00
337891d8-b406-4502-810f-6b10dd993a77,2026-04-27T17:35:58.691484+00:00,fef9c04f-1af5-4ea6-bec9-dd2cc5664b78,True,,18484,e5690488-1506-4966-961a-85859908776e,expense_voucher,2026-04-27T17:35:58.691484+00:00,2026-04-27T11:35:58.642137+00:00
337891d8-b406-4502-810f-6b10dd993a77,2026-04-27T17:35:58.691484+00:00,55495874-3687-43ec-b064-968f6de259c7,True,,18485,38508955-bf9d-41f2-bc14-a01040591c83,expense_voucher,2026-04-27T17:35:58.691484+00:00,2026-04-27T11:35:58.642137+00:00
337891d8-b406-4502-810f-6b10dd993a77,2026-04-27T17:35:58.691484+00:00,940224c7-f7b5-4f81-b543-2d5e32260def,True,,18486,eeaeaa39-1580-4567-84f3-63611c872ed6,expense_voucher,2026-04-27T17:35:58.691484+00:00,2026-04-27T11:35:58.642137+00:00
eff1f086-730a-4a62-a72b-f027fa00341c,2026-05-07T00:14:53.624719+00:00,b0de0867-a819-4a03-9942-d3890bb8e3b7,True,,18584,188aa5b9-6ee0-45e3-a7a7-076becd28bc3,expense_voucher,2026-05-07T00:14:53.624719+00:00,2026-05-06T18:14:54.560589+00:00
337891d8-b406-4502-810f-6b10dd993a77,2026-04-27T17:35:58.691484+00:00,d5807162-3880-48d1-944d-b6bb5494e863,True,,18488,f2a79617-4ec1-403f-b44c-9530bae387a1,expense_voucher,2026-04-27T17:35:58.691484+00:00,2026-04-27T11:35:58.642137+00:00
337891d8-b406-4502-810f-6b10dd993a77,2026-04-27T17:35:58.691484+00:00,318e29ce-fc39-443e-a702-43eeeb4e663a,True,,18489,6968c2b5-1645-4d4c-9449-518eb4b80885,expense_voucher,2026-04-27T17:35:58.691484+00:00,2026-04-27T11:35:58.642137+00:00
337891d8-b406-4502-810f-6b10dd993a77,2026-04-27T17:35:58.691484+00:00,c5691194-0359-46ab-aea8-6416c50781ec,True,,18490,6df7eb00-f215-40b6-a839-c848b031a0cc,expense_voucher,2026-04-27T17:35:58.691484+00:00,2026-04-27T11:35:58.642137+00:00
337891d8-b406-4502-810f-6b10dd993a77,2026-04-27T17:35:58.691484+00:00,6f385a01-c553-4f0d-b94c-ebb17e8461e5,True,,18491,c0c3945e-eb0e-4255-838f-cb26f090bd53,expense_voucher,2026-04-27T17:35:58.691484+00:00,2026-04-27T11:35:58.642137+00:00
337891d8-b406-4502-810f-6b10dd993a77,2026-04-27T17:35:58.691484+00:00,74e0ac06-c3d8-4e80-beca-32ec2e245f3d,True,,18492,9a17314e-3f7b-416a-9a8d-86f8505d7a3b,expense_voucher,2026-04-27T17:35:58.691484+00:00,2026-04-27T11:35:58.642137+00:00
eff1f086-730a-4a62-a72b-f027fa00341c,2026-05-07T00:14:53.624719+00:00,44854252-8bff-488f-b64d-03c1c2c302f9,True,,18586,2661cecf-0c3c-4e83-b9ec-c3eb2f484d1d,expense_voucher,2026-05-07T00:14:53.624719+00:00,2026-05-06T18:14:54.560589+00:00
337891d8-b406-4502-810f-6b10dd993a77,2026-04-27T17:35:58.691484+00:00,98449ee2-d0a7-4974-856b-83ea1d7bd7a8,True,,18495,4a78267b-4d51-4c69-a1cc-548cf13d357c,expense_voucher,2026-04-27T17:35:58.691484+00:00,2026-04-27T11:35:58.642137+00:00
337891d8-b406-4502-810f-6b10dd993a77,2026-04-27T17:35:58.691484+00:00,a4e7598e-9b02-4e0c-9a28-213f7f3a0a92,True,,18496,611ca1a7-cfdc-4c55-8458-73050cde5980,expense_voucher,2026-04-27T17:35:58.691484+00:00,2026-04-27T11:35:58.642137+00:00
337891d8-b406-4502-810f-6b10dd993a77,2026-04-27T17:35:58.691484+00:00,30d2b5d3-2c2e-4130-908c-e4b1c3d1d391,True,,18497,87102af8-d76f-48ca-875a-cd6561d57942,expense_voucher,2026-04-27T17:35:58.691484+00:00,2026-04-27T11:35:58.642137+00:00
337891d8-b406-4502-810f-6b10dd993a77,2026-04-27T17:35:58.691484+00:00,80bd62a6-5765-4918-9c69-b5eeeb311fc5,True,,01,e75d46ec-66a0-414a-aa1e-e4cff8128d71,deposit_voucher,2026-04-27T17:35:58.691484+00:00,2026-04-27T11:35:58.642137+00:00
337891d8-b406-4502-810f-6b10dd993a77,2026-04-27T17:35:58.691484+00:00,2eee2a55-874b-46fe-81a2-da16282f7d71,True,,176,072c2fde-03cc-46a8-88d8-273c3147cbdd,deposit_voucher,2026-04-27T17:35:58.691484+00:00,2026-04-27T11:35:58.642137+00:00
337891d8-b406-4502-810f-6b10dd993a77,2026-04-27T17:35:58.691484+00:00,9b1b6b7a-29cd-4ea2-b0b9-f0b7dbecf7e9,True,,177,b796b94f-906e-4776-97c5-02d3a433a01c,deposit_voucher,2026-04-27T17:35:58.691484+00:00,2026-04-27T11:35:58.642137+00:00
337891d8-b406-4502-810f-6b10dd993a77,2026-04-27T17:35:58.691484+00:00,f6cb78dd-16a8-4d25-b457-00862acd108b,True,,178,f3af13f0-6ee4-40a3-a812-190167f58e86,deposit_voucher,2026-04-27T17:35:58.691484+00:00,2026-04-27T11:35:58.642137+00:00
337891d8-b406-4502-810f-6b10dd993a77,2026-04-27T17:35:58.691484+00:00,a24e1aed-cef6-4c32-aaae-6f06eba36bdd,True,,179,b562e18b-1852-48f1-a04f-1d8f4b5b254b,deposit_voucher,2026-04-27T17:35:58.691484+00:00,2026-04-27T11:35:58.642137+00:00
337891d8-b406-4502-810f-6b10dd993a77,2026-04-27T17:35:58.691484+00:00,6865700f-a27a-426f-ba80-deb8b68d0fae,True,,180,6bec57e7-f560-41da-b44a-e4ef549bc706,deposit_voucher,2026-04-27T17:35:58.691484+00:00,2026-04-27T11:35:58.642137+00:00
337891d8-b406-4502-810f-6b10dd993a77,2026-04-27T17:35:58.691484+00:00,67a491f7-4b1b-4a63-9dae-17bc29e91b83,True,,18493,72fb168b-4441-421b-92e4-5d575713f2f0,deposit_voucher,2026-04-27T17:35:58.691484+00:00,2026-04-27T11:35:58.642137+00:00
337891d8-b406-4502-810f-6b10dd993a77,2026-04-27T17:35:58.691484+00:00,c3408636-4e65-44d6-a516-dfa353a8b1e4,True,,130,704735ef-2044-44d0-bc4d-1d8adcb348e1,sale_ticket,2026-04-27T17:35:58.691484+00:00,2026-04-27T11:35:58.642137+00:00
337891d8-b406-4502-810f-6b10dd993a77,2026-04-27T17:35:58.691484+00:00,8f08d94c-16a2-44ae-890e-f2b8f1e3f7ec,True,,132,e50d83f6-3385-4bfe-8f06-af847b15b8a0,sale_ticket,2026-04-27T17:35:58.691484+00:00,2026-04-27T11:35:58.642137+00:00
337891d8-b406-4502-810f-6b10dd993a77,2026-04-27T17:35:58.691484+00:00,8c3600c5-e227-4452-87d7-2cda990317f3,True,,56354,80314ee8-1b53-4d10-8663-fb7ddc3b8d2b,purchase_ticket,2026-04-27T17:35:58.691484+00:00,2026-04-27T11:35:58.642137+00:00
337891d8-b406-4502-810f-6b10dd993a77,2026-04-27T17:35:58.691484+00:00,96f37288-fc88-41b6-967f-ab4ef68cac61,True,,56388,8644a8d2-d09f-4640-98f6-7baa7286032b,purchase_ticket,2026-04-27T17:35:58.691484+00:00,2026-04-27T11:35:58.642137+00:00
337891d8-b406-4502-810f-6b10dd993a77,2026-04-27T17:35:58.691484+00:00,5d8b4cbb-da5a-4f6e-93bc-96af4eab8c5d,True,,56389,4f7951cb-fff8-4e6c-bdc0-d709a47972c3,purchase_ticket,2026-04-27T17:35:58.691484+00:00,2026-04-27T11:35:58.642137+00:00
337891d8-b406-4502-810f-6b10dd993a77,2026-04-27T17:35:58.691484+00:00,81b880f4-52be-42ed-b838-bafe2a2df176,True,,56391,ed85d077-c289-404b-856e-5cdf3ed44d68,purchase_ticket,2026-04-27T17:35:58.691484+00:00,2026-04-27T11:35:58.642137+00:00
337891d8-b406-4502-810f-6b10dd993a77,2026-04-27T17:35:58.691484+00:00,772e4007-771a-4778-a36d-4d107373f044,True,,56392,07c18279-a896-432a-afe1-f1f48dd4f444,purchase_ticket,2026-04-27T17:35:58.691484+00:00,2026-04-27T11:35:58.642137+00:00
337891d8-b406-4502-810f-6b10dd993a77,2026-04-27T17:35:58.691484+00:00,da43351d-468b-43fd-97de-5d80ab721569,True,,56393,6290840f-f001-427a-b889-84f80e4742ff,purchase_ticket,2026-04-27T17:35:58.691484+00:00,2026-04-27T11:35:58.642137+00:00
337891d8-b406-4502-810f-6b10dd993a77,2026-04-27T17:35:58.691484+00:00,5215f311-8049-419b-ba97-b7e41fc2df40,True,,56394,0f0054a5-5b95-4416-85ad-e45bc842d6c8,purchase_ticket,2026-04-27T17:35:58.691484+00:00,2026-04-27T11:35:58.642137+00:00
337891d8-b406-4502-810f-6b10dd993a77,2026-04-27T17:35:58.691484+00:00,d3edd8ca-344c-4438-ac8e-0df25e3605eb,True,,56395,35823498-405c-48ae-a0b3-878efea38b09,purchase_ticket,2026-04-27T17:35:58.691484+00:00,2026-04-27T11:35:58.643133+00:00
337891d8-b406-4502-810f-6b10dd993a77,2026-04-27T17:35:58.691484+00:00,0039582e-ddd0-4813-b446-54fda8a22615,True,,56396,2286980f-f021-4228-a4dc-f012af1ba517,purchase_ticket,2026-04-27T17:35:58.691484+00:00,2026-04-27T11:35:58.643133+00:00
337891d8-b406-4502-810f-6b10dd993a77,2026-04-27T17:35:58.691484+00:00,62e83c26-1215-481d-9b04-157825bc8501,True,,56398,9e069875-4fb6-4e1f-872b-580a44207369,purchase_ticket,2026-04-27T17:35:58.691484+00:00,2026-04-27T11:35:58.643133+00:00
337891d8-b406-4502-810f-6b10dd993a77,2026-04-27T17:35:58.691484+00:00,157f55f1-10ec-4574-b8be-0fff83571b8f,True,,56399,2ff13647-e359-48a9-b450-41eb5bdd9c8e,purchase_ticket,2026-04-27T17:35:58.691484+00:00,2026-04-27T11:35:58.643133+00:00
337891d8-b406-4502-810f-6b10dd993a77,2026-04-27T17:35:58.691484+00:00,f910ac6b-7961-4fd9-8457-bf883704ee27,True,,56400,fa808b5c-d728-4c3e-b199-1d1deefb0bbc,purchase_ticket,2026-04-27T17:35:58.691484+00:00,2026-04-27T11:35:58.643133+00:00
337891d8-b406-4502-810f-6b10dd993a77,2026-04-27T17:35:58.691484+00:00,dd53afe7-82f3-4c0e-8d3c-ead5fc72ce66,True,,56401,02b1fb5c-f08e-4924-a0dc-506c77ba1162,purchase_ticket,2026-04-27T17:35:58.691484+00:00,2026-04-27T11:35:58.643133+00:00
337891d8-b406-4502-810f-6b10dd993a77,2026-04-27T17:35:58.691484+00:00,877c7ff4-4a95-46ea-a5ca-d5d4b2070982,True,CHECAR SI LO ENTREGO LA SRA MARY,18470,a611ce99-c7dd-4b36-9229-60e66d81c89a,expense_voucher,2026-04-29T20:34:20.198901+00:00,2026-04-29T14:34:20.120783+00:00
337891d8-b406-4502-810f-6b10dd993a77,2026-04-27T17:35:58.691484+00:00,aa3e88ae-d11e-4d40-a4b9-04ab57359e6d,True,FALTA FORMATO,181,cf623c33-8a8f-4fac-95ec-2f7a88778a76,deposit_voucher,2026-04-30T14:02:19.372509+00:00,2026-04-30T08:02:19.760224+00:00
337891d8-b406-4502-810f-6b10dd993a77,2026-04-27T17:35:58.691484+00:00,ed84c55c-361f-43d4-8b92-5adcf6934639,True,,56402,efe5a32d-deef-487c-8559-3c21fdbc1aa6,purchase_ticket,2026-04-27T17:35:58.691484+00:00,2026-04-27T11:35:58.643133+00:00
337891d8-b406-4502-810f-6b10dd993a77,2026-04-27T17:35:58.691484+00:00,5c6a7016-f29c-42b6-a86a-897d87e4d861,True,,56403,5f1638f3-153a-4f1c-8ec2-9eee579583f0,purchase_ticket,2026-04-27T17:35:58.691484+00:00,2026-04-27T11:35:58.643133+00:00
337891d8-b406-4502-810f-6b10dd993a77,2026-04-27T17:35:58.691484+00:00,6837dbb9-c03b-4b86-bc3a-393c2bd4e589,True,,56404,12392498-e15e-41cb-a03b-5c47335070b6,purchase_ticket,2026-04-27T17:35:58.691484+00:00,2026-04-27T11:35:58.643133+00:00
337891d8-b406-4502-810f-6b10dd993a77,2026-04-27T17:35:58.691484+00:00,93019cec-5125-4e51-8305-014b12807099,True,,56405,3dded6c6-406d-4172-bf57-67a9ebfde15a,purchase_ticket,2026-04-27T17:35:58.691484+00:00,2026-04-27T11:35:58.643133+00:00
337891d8-b406-4502-810f-6b10dd993a77,2026-04-27T17:35:58.691484+00:00,a62669ae-0355-4ff5-a6c7-e4e2bcf43ebe,True,,56406,44eb35e0-c693-41fe-b227-fd37cf8562f1,purchase_ticket,2026-04-27T17:35:58.691484+00:00,2026-04-27T11:35:58.643133+00:00
337891d8-b406-4502-810f-6b10dd993a77,2026-04-27T17:35:58.691484+00:00,91d1d75d-75cb-40ee-a69d-a01780089168,True,,56407,a056d44a-9de9-4344-8539-0a3345fecf28,purchase_ticket,2026-04-27T17:35:58.691484+00:00,2026-04-27T11:35:58.643133+00:00
337891d8-b406-4502-810f-6b10dd993a77,2026-04-27T17:35:58.691484+00:00,50b12dc3-db18-4573-aa12-6945c80c97d5,True,,56408,4842996c-bd1e-4332-8345-dcbef316e455,purchase_ticket,2026-04-27T17:35:58.691484+00:00,2026-04-27T11:35:58.643133+00:00
337891d8-b406-4502-810f-6b10dd993a77,2026-04-27T17:35:58.691484+00:00,d422d640-4f3e-4b77-8dd0-91a40601f080,True,,56409,f32ccc0e-9caa-4e8c-a53f-8c1d72f72c30,purchase_ticket,2026-04-27T17:35:58.691484+00:00,2026-04-27T11:35:58.643133+00:00
337891d8-b406-4502-810f-6b10dd993a77,2026-04-27T17:35:58.691484+00:00,f9fba4de-b406-4ca5-b172-144a2011a75a,True,,56410,a230ac9b-6121-4c15-8c74-8693684edf76,purchase_ticket,2026-04-27T17:35:58.691484+00:00,2026-04-27T11:35:58.643133+00:00
337891d8-b406-4502-810f-6b10dd993a77,2026-04-27T17:35:58.691484+00:00,16f068ae-c791-4287-ac02-1cbf612d565f,True,,56411,ea24a591-2ab9-4d72-a0b3-5322bd9e95a4,purchase_ticket,2026-04-27T17:35:58.691484+00:00,2026-04-27T11:35:58.643133+00:00
337891d8-b406-4502-810f-6b10dd993a77,2026-04-27T17:35:58.691484+00:00,0ebe864b-b6fc-4b30-8c96-ba9b02ad7d1a,True,,56412,b36e5cad-fe7e-411b-8fb2-9b604cc6ae0d,purchase_ticket,2026-04-27T17:35:58.691484+00:00,2026-04-27T11:35:58.643133+00:00
337891d8-b406-4502-810f-6b10dd993a77,2026-04-27T17:35:58.691484+00:00,3877b2a9-c44c-48b5-80cc-ecf2dff0332b,True,,56413,3a43c703-6a5a-43e7-ba63-ac2d51d16847,purchase_ticket,2026-04-27T17:35:58.691484+00:00,2026-04-27T11:35:58.643133+00:00
337891d8-b406-4502-810f-6b10dd993a77,2026-04-27T17:35:58.691484+00:00,331fda8e-e5b9-4ca6-b95f-780c834b1fa6,True,,56414,4bdca6c8-14dd-44de-a341-59b08a5f4e29,purchase_ticket,2026-04-27T17:35:58.691484+00:00,2026-04-27T11:35:58.643133+00:00
337891d8-b406-4502-810f-6b10dd993a77,2026-04-27T17:35:58.691484+00:00,7a88eeaa-db42-4c4c-b48f-95a4a798f310,True,,56416,0f6ccba4-46b9-4607-8e82-d4dc333f2baa,purchase_ticket,2026-04-27T17:35:58.691484+00:00,2026-04-27T11:35:58.643133+00:00
337891d8-b406-4502-810f-6b10dd993a77,2026-04-27T17:35:58.691484+00:00,e2d6dc47-dd0e-4636-9e0c-6766202947bc,True,,56417,792968f1-ae69-4f95-b532-d018b46e556f,purchase_ticket,2026-04-27T17:35:58.691484+00:00,2026-04-27T11:35:58.643133+00:00
337891d8-b406-4502-810f-6b10dd993a77,2026-04-27T17:35:58.691484+00:00,c120cce3-9639-48ed-ad59-6c2eb8856579,True,,56418,6f3b9b06-5afd-414b-9ca3-e9f562f7abc6,purchase_ticket,2026-04-27T17:35:58.691484+00:00,2026-04-27T11:35:58.643133+00:00
337891d8-b406-4502-810f-6b10dd993a77,2026-04-27T17:35:58.691484+00:00,33cec696-57f7-436a-b67c-21deda4b6241,True,,56419,abbe0b66-667c-4884-b45a-b0dc6fa43fbc,purchase_ticket,2026-04-27T17:35:58.691484+00:00,2026-04-27T11:35:58.643133+00:00
337891d8-b406-4502-810f-6b10dd993a77,2026-04-27T17:35:58.691484+00:00,3408ef32-90f2-434e-b91f-e0d8831a9a23,True,,56420,3899c63e-e4c4-4048-b6d2-99e32468ddf6,purchase_ticket,2026-04-27T17:35:58.691484+00:00,2026-04-27T11:35:58.643133+00:00
337891d8-b406-4502-810f-6b10dd993a77,2026-04-27T17:35:58.691484+00:00,2c199370-4dfc-459b-9442-adfb26c1ee82,True,,56421,f7cf878a-d08c-49a1-8570-031add13e4ba,purchase_ticket,2026-04-27T17:35:58.691484+00:00,2026-04-27T11:35:58.643133+00:00
337891d8-b406-4502-810f-6b10dd993a77,2026-04-27T17:35:58.691484+00:00,db5dbccd-f1ac-4918-b8cf-179192b21028,True,,56422,09b85042-53c2-4f2a-a9e8-afbada263275,purchase_ticket,2026-04-27T17:35:58.691484+00:00,2026-04-27T11:35:58.643133+00:00
337891d8-b406-4502-810f-6b10dd993a77,2026-04-27T17:35:58.691484+00:00,4b961ada-3c6a-40b3-8e57-7d02f3d58647,True,,56423,d84b169b-fbaa-4f44-9f81-ce5309296d51,purchase_ticket,2026-04-27T17:35:58.691484+00:00,2026-04-27T11:35:58.643133+00:00
337891d8-b406-4502-810f-6b10dd993a77,2026-04-27T17:35:58.691484+00:00,e9203dc9-d3d8-4adf-89cf-7df13eeabeec,True,,56424,c9f366ca-7c31-4235-9108-25ccde92bff4,purchase_ticket,2026-04-27T17:35:58.691484+00:00,2026-04-27T11:35:58.643133+00:00
337891d8-b406-4502-810f-6b10dd993a77,2026-04-27T17:35:58.691484+00:00,764e7a16-583f-46a2-b88c-f48db41df18e,True,,56425,0ce1b2cd-d0e6-4c6b-9750-5cde422f7a87,purchase_ticket,2026-04-27T17:35:58.691484+00:00,2026-04-27T11:35:58.643133+00:00
337891d8-b406-4502-810f-6b10dd993a77,2026-04-27T17:35:58.691484+00:00,aabf6921-aa9c-4645-bc2e-78d71356479c,True,,56426,17be590d-0070-485b-9207-e533f5b7796e,purchase_ticket,2026-04-27T17:35:58.691484+00:00,2026-04-27T11:35:58.643133+00:00
337891d8-b406-4502-810f-6b10dd993a77,2026-04-27T17:35:58.691484+00:00,c18d78da-0f4d-46d6-9875-41c548513b36,True,,56427,c84c2c0d-a629-4689-8d2c-af3033d625c6,purchase_ticket,2026-04-27T17:35:58.691484+00:00,2026-04-27T11:35:58.643133+00:00
337891d8-b406-4502-810f-6b10dd993a77,2026-04-27T17:35:58.691484+00:00,45da645c-b114-4d20-b43f-459338d49347,True,,56428,cfc33c27-d98e-4c46-901d-e10d8660cffe,purchase_ticket,2026-04-27T17:35:58.691484+00:00,2026-04-27T11:35:58.643133+00:00
337891d8-b406-4502-810f-6b10dd993a77,2026-04-27T17:35:58.691484+00:00,5dfafb79-c10a-4710-9cdf-c007a69c1e16,True,,56429,a0952c85-3e5a-49ac-8906-e90441fd59c1,purchase_ticket,2026-04-27T17:35:58.691484+00:00,2026-04-27T11:35:58.643133+00:00
337891d8-b406-4502-810f-6b10dd993a77,2026-04-27T17:35:58.691484+00:00,5893bab3-658f-42c6-86dd-3d93faa167d2,True,,56430,9d89aaf0-d41f-4298-8f11-9e2ca5fbbea6,purchase_ticket,2026-04-27T17:35:58.691484+00:00,2026-04-27T11:35:58.643133+00:00
337891d8-b406-4502-810f-6b10dd993a77,2026-04-27T17:35:58.691484+00:00,b23f7668-e75d-4f3f-95e6-febc2f0f4cc4,True,,56431,cf876fbf-4940-41db-bc0c-0783becf78bf,purchase_ticket,2026-04-27T17:35:58.691484+00:00,2026-04-27T11:35:58.643133+00:00
337891d8-b406-4502-810f-6b10dd993a77,2026-04-27T17:35:58.691484+00:00,3f5978f3-ffc0-49ca-b4f1-6a941008fba2,True,,56432,28f8def2-3764-4a7d-a93d-e5641d28578b,purchase_ticket,2026-04-27T17:35:58.691484+00:00,2026-04-27T11:35:58.643133+00:00
337891d8-b406-4502-810f-6b10dd993a77,2026-04-27T17:35:58.691484+00:00,54b8969c-1145-4b42-9912-d21d5dcefd33,True,,56433,76abbacc-4070-431d-a53f-6a82d7f0351e,purchase_ticket,2026-04-27T17:35:58.691484+00:00,2026-04-27T11:35:58.643133+00:00
337891d8-b406-4502-810f-6b10dd993a77,2026-04-27T17:35:58.691484+00:00,54032dc8-559d-4880-aa71-83088f643e86,True,,56434,26587e8e-5fcf-489b-b96d-456e41ea8197,purchase_ticket,2026-04-27T17:35:58.691484+00:00,2026-04-27T11:35:58.643133+00:00
337891d8-b406-4502-810f-6b10dd993a77,2026-04-27T17:35:58.691484+00:00,d6a18f12-8eef-4c41-8020-727afd5ed01c,True,,56435,0294df04-18ad-45ad-8b9f-14f145769ff9,purchase_ticket,2026-04-27T17:35:58.691484+00:00,2026-04-27T11:35:58.643133+00:00
337891d8-b406-4502-810f-6b10dd993a77,2026-04-27T17:35:58.691484+00:00,e837aafd-cc78-4c88-b757-4e02ee795d43,True,,56439,b8fc544a-f17f-4e94-81a8-282f170476a0,purchase_ticket,2026-04-27T17:35:58.691484+00:00,2026-04-27T11:35:58.64413+00:00
337891d8-b406-4502-810f-6b10dd993a77,2026-04-27T17:35:58.691484+00:00,8966d071-ba4b-4802-b298-9e580b9d3367,True,,56440,11e31c68-e228-4da9-9b2c-620f24e39717,purchase_ticket,2026-04-27T17:35:58.691484+00:00,2026-04-27T11:35:58.64413+00:00
337891d8-b406-4502-810f-6b10dd993a77,2026-04-27T17:35:58.691484+00:00,64165d1c-eee4-496d-b09f-7e61b17a656c,True,,80448,865ef25b-3fed-4601-8618-04615014d99a,purchase_ticket,2026-04-27T17:35:58.691484+00:00,2026-04-27T11:35:58.64413+00:00
337891d8-b406-4502-810f-6b10dd993a77,2026-04-27T17:35:58.691484+00:00,3d481c27-c4bc-4acb-a7bf-9d073a22e4f9,True,,80539,6d49f528-65c7-4fa0-8836-c9caf78c4d48,purchase_ticket,2026-04-27T17:35:58.691484+00:00,2026-04-27T11:35:58.64413+00:00
337891d8-b406-4502-810f-6b10dd993a77,2026-04-27T17:35:58.691484+00:00,396cb104-adcc-497b-9b63-5007e33c90bf,True,,80660,4e4e5839-fcaa-45c7-b1a2-6a06516769d9,purchase_ticket,2026-04-27T17:35:58.691484+00:00,2026-04-27T11:35:58.64413+00:00
337891d8-b406-4502-810f-6b10dd993a77,2026-04-27T17:35:58.691484+00:00,c333b3b3-49d6-4a94-901d-a12610230508,True,,80751,18237d49-9159-4b60-b8dd-6e10572947d7,purchase_ticket,2026-04-27T17:35:58.691484+00:00,2026-04-27T11:35:58.64413+00:00
337891d8-b406-4502-810f-6b10dd993a77,2026-04-27T17:35:58.691484+00:00,c04704f1-1c2e-472e-8952-eaa24d58c020,True,,80756,739446f2-6784-4399-a4a7-15b188b8e6fb,purchase_ticket,2026-04-27T17:35:58.691484+00:00,2026-04-27T11:35:58.64413+00:00
337891d8-b406-4502-810f-6b10dd993a77,2026-04-27T17:35:58.691484+00:00,b7516ac6-aebd-4f02-8c6f-536966f31f90,True,,80790,663c7619-271f-42bf-bd04-afbd5048a44e,purchase_ticket,2026-04-27T17:35:58.691484+00:00,2026-04-27T11:35:58.64413+00:00
337891d8-b406-4502-810f-6b10dd993a77,2026-04-27T17:35:58.691484+00:00,58a033fe-659d-4f06-ad27-34b52b737e43,True,,80848,1ae002ca-aca8-4089-8de2-686bff129eb5,purchase_ticket,2026-04-27T17:35:58.691484+00:00,2026-04-27T11:35:58.64413+00:00
337891d8-b406-4502-810f-6b10dd993a77,2026-04-27T17:35:58.691484+00:00,fbf7147c-aaa6-495c-a67a-c49390afa271,True,,80852,a3dba9fb-50e2-489e-8992-0dbaa87ead18,purchase_ticket,2026-04-27T17:35:58.691484+00:00,2026-04-27T11:35:58.64413+00:00
337891d8-b406-4502-810f-6b10dd993a77,2026-04-27T17:35:58.691484+00:00,d5508840-bdc0-4a2b-a258-31fc98f9d91d,True,,80856,b0cd5b21-a7d8-457c-87f0-05b9c403a683,purchase_ticket,2026-04-27T17:35:58.691484+00:00,2026-04-27T11:35:58.64413+00:00
337891d8-b406-4502-810f-6b10dd993a77,2026-04-27T17:35:58.691484+00:00,a915500a-fb3d-49e7-8831-2187bc88c2d9,True,,80859,ffca19b8-d355-41ca-b4e8-5aacac915c49,purchase_ticket,2026-04-27T17:35:58.691484+00:00,2026-04-27T11:35:58.64413+00:00
337891d8-b406-4502-810f-6b10dd993a77,2026-04-27T17:35:58.691484+00:00,68df0a80-38d6-47af-a169-3481ae97c9c3,True,,80860,15089fca-106c-43ac-beb2-40d0821f5f3f,purchase_ticket,2026-04-27T17:35:58.691484+00:00,2026-04-27T11:35:58.64413+00:00
337891d8-b406-4502-810f-6b10dd993a77,2026-04-27T17:35:58.691484+00:00,a6f68c64-a123-43e9-85f5-f77217af9fec,True,,80861,204b31b3-87e5-40a3-b1f4-5e5bca9562d6,purchase_ticket,2026-04-27T17:35:58.691484+00:00,2026-04-27T11:35:58.64413+00:00
337891d8-b406-4502-810f-6b10dd993a77,2026-04-27T17:35:58.691484+00:00,e63c79f5-24a9-45d1-b687-300ac30e90d9,True,,80864,f2f88b34-8002-41ab-acc3-cd66528d7334,purchase_ticket,2026-04-27T17:35:58.691484+00:00,2026-04-27T11:35:58.64413+00:00
337891d8-b406-4502-810f-6b10dd993a77,2026-04-27T17:35:58.691484+00:00,24fe9eab-cb1b-4b47-b470-176651217baf,True,,80865,49cd0b46-27f1-4a0a-aaf5-2a34f27b3752,purchase_ticket,2026-04-27T17:35:58.691484+00:00,2026-04-27T11:35:58.64413+00:00
337891d8-b406-4502-810f-6b10dd993a77,2026-04-27T17:35:58.691484+00:00,bdb10789-c312-45e1-a7f4-d8cc906dc2c7,True,,80866,abbbb992-2e56-4b1b-b286-230fb45ebb4a,purchase_ticket,2026-04-27T17:35:58.691484+00:00,2026-04-27T11:35:58.64413+00:00
337891d8-b406-4502-810f-6b10dd993a77,2026-04-27T17:35:58.691484+00:00,2dd4eefe-a183-42d8-83b1-241fff69e581,True,,80869,c998300d-ed28-4a11-bdad-bfffe55d2293,purchase_ticket,2026-04-27T17:35:58.691484+00:00,2026-04-27T11:35:58.64413+00:00
337891d8-b406-4502-810f-6b10dd993a77,2026-04-27T17:35:58.691484+00:00,a7889029-9518-49cf-9b52-3bf50b30492f,True,,80871,663fbfac-58f0-483d-92c8-3eb609a96d71,purchase_ticket,2026-04-27T17:35:58.691484+00:00,2026-04-27T11:35:58.64413+00:00
337891d8-b406-4502-810f-6b10dd993a77,2026-04-27T17:35:58.691484+00:00,d21af3b4-9bee-457e-be00-f9e3e329f744,True,,80876,d9208933-a48d-4e4b-981a-5bb2044cb28a,purchase_ticket,2026-04-27T17:35:58.691484+00:00,2026-04-27T11:35:58.64413+00:00
c296017e-0b91-46d0-8b76-8b20274dc83a,2026-05-05T00:16:21.601811+00:00,15915f81-2bfd-44f1-89af-a5134b58125d,True,,18482,47523fac-4567-4ae4-986a-d5851b6b3556,expense_voucher,2026-05-05T00:16:21.601811+00:00,2026-05-04T18:16:22.48419+00:00
337891d8-b406-4502-810f-6b10dd993a77,2026-04-27T17:35:58.691484+00:00,032405c6-25a6-428c-a95e-8278eab14c34,True,,80877-A,8b8201f7-23aa-4329-8c6e-39ad60447b3a,purchase_ticket,2026-04-27T17:35:58.691484+00:00,2026-04-27T11:35:58.64413+00:00
337891d8-b406-4502-810f-6b10dd993a77,2026-04-27T17:35:58.691484+00:00,89a643da-a67f-4db4-92d1-5a075edb29d9,True,,80877-B,0bcaa5c4-3a2d-4169-aabd-07950f3f00f8,purchase_ticket,2026-04-27T17:35:58.691484+00:00,2026-04-27T11:35:58.64413+00:00
337891d8-b406-4502-810f-6b10dd993a77,2026-04-27T17:35:58.691484+00:00,e73f7613-fc21-453d-b3b4-90efa72dc460,True,,80885,cb161720-4a53-44b5-966d-6c4efd5cd98a,purchase_ticket,2026-04-27T17:35:58.691484+00:00,2026-04-27T11:35:58.64413+00:00
337891d8-b406-4502-810f-6b10dd993a77,2026-04-27T17:35:58.691484+00:00,db9b569e-fb52-4630-99e6-1a3224025285,True,,80886,f58e74b5-11fc-4356-9830-f817e7322a8b,purchase_ticket,2026-04-27T17:35:58.691484+00:00,2026-04-27T11:35:58.64413+00:00
c296017e-0b91-46d0-8b76-8b20274dc83a,2026-05-05T00:16:21.601811+00:00,711c5cde-2539-43ad-8ba6-5329deac4701,True,,18494,c8d82094-f383-49f4-b39b-3c4fb169ad69,expense_voucher,2026-05-05T00:16:21.601811+00:00,2026-05-04T18:16:22.48419+00:00
c296017e-0b91-46d0-8b76-8b20274dc83a,2026-05-05T00:16:21.601811+00:00,b7b46922-4893-431b-89b3-a0f04ede9248,True,,18540,0e5960bb-ab55-41c4-85da-8f6d630c4162,expense_voucher,2026-05-05T00:16:21.601811+00:00,2026-05-04T18:16:22.48419+00:00
5aa19ebf-573e-40f4-9db1-c7ac9ffba0cf,2026-05-21T00:03:28.359363+00:00,b9b5d568-db39-4c18-9f43-fc6b94245ac4,True,COMPROBAR,18764,ab2d198b-8c73-41ec-a2a7-1d2957137de3,expense_voucher,2026-05-21T23:44:46.895708+00:00,2026-05-21T17:44:46.960453+00:00
c296017e-0b91-46d0-8b76-8b20274dc83a,2026-05-05T00:16:21.601811+00:00,cd0abdb1-a278-4037-bde5-5f9a7560d6db,True,,18569,23cde4df-ae7e-4371-9639-fede78a6c697,expense_voucher,2026-05-05T00:16:21.601811+00:00,2026-05-04T18:16:22.48419+00:00
c296017e-0b91-46d0-8b76-8b20274dc83a,2026-05-05T00:16:21.601811+00:00,4b1f10db-bd04-4fc2-8b10-d4a566c4b897,True,,18570,efcc02a5-b42d-4749-81d8-3f317bac62e7,expense_voucher,2026-05-05T00:16:21.601811+00:00,2026-05-04T18:16:22.48419+00:00
5aa19ebf-573e-40f4-9db1-c7ac9ffba0cf,2026-05-21T00:03:28.359363+00:00,4c828014-eda6-4753-b05d-6e18e3516dd0,True,COMPROBAR,18736,dce8c4aa-3cca-4c1d-993b-d177ec3fe6b9,deposit_voucher,2026-05-21T23:44:46.895708+00:00,2026-05-21T17:44:46.960453+00:00
5aa19ebf-573e-40f4-9db1-c7ac9ffba0cf,2026-05-21T00:03:28.359363+00:00,9c9c6ca9-c999-4dbd-ab7f-fa6a04cc6585,True,COMPROBAR,18784,5643e3ca-062c-4740-8c7c-59692f25ee20,expense_voucher,2026-05-21T23:44:46.895708+00:00,2026-05-21T17:44:46.960453+00:00
c296017e-0b91-46d0-8b76-8b20274dc83a,2026-05-05T00:16:21.601811+00:00,df33dd8f-c16c-4535-9b84-402ca7e087d0,True,,18573,ab2e9d44-bd5e-4ee7-9630-9926ac825e9d,expense_voucher,2026-05-05T00:16:21.601811+00:00,2026-05-04T18:16:22.48419+00:00
c296017e-0b91-46d0-8b76-8b20274dc83a,2026-05-05T00:16:21.601811+00:00,9edc92c0-9fd8-41ff-9acd-078096b0e513,True,,18574,3bbc0f0a-c768-4940-96d1-d5b415995362,expense_voucher,2026-05-05T00:16:21.601811+00:00,2026-05-04T18:16:22.48419+00:00
c296017e-0b91-46d0-8b76-8b20274dc83a,2026-05-05T00:16:21.601811+00:00,42ad3123-ade0-4122-8bc5-a32208ed7da3,True,,18575,27a36114-b237-4155-9336-fe31f47a2a4f,expense_voucher,2026-05-05T00:16:21.601811+00:00,2026-05-04T18:16:22.48419+00:00
c296017e-0b91-46d0-8b76-8b20274dc83a,2026-05-05T00:16:21.601811+00:00,c1804fac-c307-405a-ba9a-6ab3293416e0,True,,18576,8835ea74-47bc-4535-bf90-d972a77e60e4,expense_voucher,2026-05-05T00:16:21.601811+00:00,2026-05-04T18:16:22.48419+00:00
c296017e-0b91-46d0-8b76-8b20274dc83a,2026-05-05T00:16:21.601811+00:00,cc7ad0ee-35cb-446f-b747-8160241cf02c,True,,18577,40990c9d-efe9-4373-8f75-cde74710926a,expense_voucher,2026-05-05T00:16:21.601811+00:00,2026-05-04T18:16:22.48419+00:00
c296017e-0b91-46d0-8b76-8b20274dc83a,2026-05-05T00:16:21.601811+00:00,9e033477-9cb3-4b88-9ecf-527b5ab5ec78,True,,18578,ae0663c9-14c7-47cf-83f8-3ed41e9cf599,expense_voucher,2026-05-05T00:16:21.601811+00:00,2026-05-04T18:16:22.48419+00:00
c296017e-0b91-46d0-8b76-8b20274dc83a,2026-05-05T00:16:21.601811+00:00,820c588c-0847-4ab0-96dc-cc74854b3adc,True,,18579,7529f1be-b2cb-4823-863b-141c30b02a98,expense_voucher,2026-05-05T00:16:21.601811+00:00,2026-05-04T18:16:22.48419+00:00
c296017e-0b91-46d0-8b76-8b20274dc83a,2026-05-05T00:16:21.601811+00:00,2391ae5f-c484-4266-9a89-16a8fb778066,True,,18580,64c35a78-f2de-44a9-8fa8-30dd8197d8fe,expense_voucher,2026-05-05T00:16:21.601811+00:00,2026-05-04T18:16:22.48419+00:00
c296017e-0b91-46d0-8b76-8b20274dc83a,2026-05-05T00:16:21.601811+00:00,7935c0e8-f78c-4c14-bda3-01d3196ea200,True,,18581,38c4032c-426e-45fe-be16-03d595f72edd,expense_voucher,2026-05-05T00:16:21.601811+00:00,2026-05-04T18:16:22.48419+00:00
c296017e-0b91-46d0-8b76-8b20274dc83a,2026-05-05T00:16:21.601811+00:00,8e0828c4-9c09-4470-8ce7-429a6b750ca5,True,,18582,d1b39913-1ec9-4c16-9bef-053fe23142b5,expense_voucher,2026-05-05T00:16:21.601811+00:00,2026-05-04T18:16:22.48419+00:00
29838b1d-f7b1-4289-b217-96528d959592,2026-05-27T14:09:55.869242+00:00,42b95006-666d-4feb-a3a2-93d297eaf9f6,True,,18831,c600f1f7-a528-4c96-b380-b440c7d1f007,expense_voucher,2026-05-27T14:09:55.869242+00:00,2026-05-27T08:09:56.033994+00:00
c296017e-0b91-46d0-8b76-8b20274dc83a,2026-05-05T00:16:21.601811+00:00,5bea4edf-8c59-4a5d-8abd-52d025b3a4c9,True,,203,c4ac285b-c234-4a82-adc9-e6f875c6264f,deposit_voucher,2026-05-05T00:16:21.601811+00:00,2026-05-04T18:16:22.48419+00:00
c296017e-0b91-46d0-8b76-8b20274dc83a,2026-05-05T00:16:21.601811+00:00,17c94073-4d6f-4b6a-9f5b-ac7542183dac,True,,204,2aa74d25-1dad-45e5-a461-36191eb38b15,deposit_voucher,2026-05-05T00:16:21.601811+00:00,2026-05-04T18:16:22.48419+00:00
c296017e-0b91-46d0-8b76-8b20274dc83a,2026-05-05T00:16:21.601811+00:00,8c66f9dc-e368-4fba-892a-b878fc41dbe6,True,,205,e64ea628-3fb0-4f6a-aa80-22c75bdf7f16,deposit_voucher,2026-05-05T00:16:21.601811+00:00,2026-05-04T18:16:22.48419+00:00
c296017e-0b91-46d0-8b76-8b20274dc83a,2026-05-05T00:16:21.601811+00:00,2381a77d-d7ec-4fa0-9df7-2517df014cb6,True,,206,b6ab19c9-e49e-4c96-8656-1a5a42188c64,deposit_voucher,2026-05-05T00:16:21.601811+00:00,2026-05-04T18:16:22.48419+00:00
29838b1d-f7b1-4289-b217-96528d959592,2026-05-27T14:09:55.869242+00:00,26b66431-73f8-4a7f-8233-ffe11e7ec4d0,True,,18841,7b8d89f6-c65e-4412-881c-59cdea728755,expense_voucher,2026-05-27T14:09:55.869242+00:00,2026-05-27T08:09:56.033994+00:00
c296017e-0b91-46d0-8b76-8b20274dc83a,2026-05-05T00:16:21.601811+00:00,be1e2d42-a4b3-4ca5-9d32-a0e508f03fd0,True,,78751,268bab85-a366-4c3e-b781-aba6cb666606,sale_ticket,2026-05-05T00:16:21.601811+00:00,2026-05-04T18:16:22.485188+00:00
c296017e-0b91-46d0-8b76-8b20274dc83a,2026-05-05T00:16:21.601811+00:00,8fc542a7-b067-4fcb-92d9-6fdfa3fe7140,True,,78753,8ca52053-dd2c-4b4d-a104-eed03b54323e,sale_ticket,2026-05-05T00:16:21.601811+00:00,2026-05-04T18:16:22.485188+00:00
c296017e-0b91-46d0-8b76-8b20274dc83a,2026-05-05T00:16:21.601811+00:00,a16a966f-adfc-481a-98d1-004a9803bad2,True,,78759,f2b3889d-d34d-45b5-96c5-321d7744080b,sale_ticket,2026-05-05T00:16:21.601811+00:00,2026-05-04T18:16:22.485188+00:00
c296017e-0b91-46d0-8b76-8b20274dc83a,2026-05-05T00:16:21.601811+00:00,fcb48068-0129-405d-ab78-101cf7c5541b,True,,55543,207df6f5-f13b-4107-b348-32da91abcb2a,purchase_ticket,2026-05-05T00:16:21.601811+00:00,2026-05-04T18:16:22.485188+00:00
c296017e-0b91-46d0-8b76-8b20274dc83a,2026-05-05T00:16:21.601811+00:00,3f65d590-01a5-46f4-9358-16dd3ef61889,True,,55544,bcc493d8-b2c7-4b3c-9ed0-98b2e7243afb,purchase_ticket,2026-05-05T00:16:21.601811+00:00,2026-05-04T18:16:22.485188+00:00
c296017e-0b91-46d0-8b76-8b20274dc83a,2026-05-05T00:16:21.601811+00:00,3e647df7-dbd2-45df-954b-9c88e0e8a9ff,True,,55545,dd7caea0-5c4f-4455-98cf-886aae257a15,purchase_ticket,2026-05-05T00:16:21.601811+00:00,2026-05-04T18:16:22.485188+00:00
c296017e-0b91-46d0-8b76-8b20274dc83a,2026-05-05T00:16:21.601811+00:00,7a1fb147-003e-4e75-970e-0bb7b7826b00,True,,55546,8bde4848-1e75-4e18-8eb4-b5ad5bba794c,purchase_ticket,2026-05-05T00:16:21.601811+00:00,2026-05-04T18:16:22.485188+00:00
c296017e-0b91-46d0-8b76-8b20274dc83a,2026-05-05T00:16:21.601811+00:00,df1e4b35-75cf-46a9-b62d-d9bf3e499a18,True,,55547,e3e8cf2a-a44c-4933-82bd-35f41af71fba,purchase_ticket,2026-05-05T00:16:21.601811+00:00,2026-05-04T18:16:22.485188+00:00
c296017e-0b91-46d0-8b76-8b20274dc83a,2026-05-05T00:16:21.601811+00:00,8e5877a4-c5dc-448a-a147-5d4b0e53b220,True,,55548,048808e4-7f9b-4b10-a2e2-2377f7efe02a,purchase_ticket,2026-05-05T00:16:21.601811+00:00,2026-05-04T18:16:22.485188+00:00
c296017e-0b91-46d0-8b76-8b20274dc83a,2026-05-05T00:16:21.601811+00:00,788e3b83-c434-4984-b22f-80e2b3d540d2,True,,55549,d28bd479-6cc2-4309-8ecc-a569ec8c4315,purchase_ticket,2026-05-05T00:16:21.601811+00:00,2026-05-04T18:16:22.485188+00:00
c296017e-0b91-46d0-8b76-8b20274dc83a,2026-05-05T00:16:21.601811+00:00,7661c4c2-56b2-4d06-bf9d-26a9667c91ab,True,,55550,522040ad-afce-441b-b3be-f26a9fbeece2,purchase_ticket,2026-05-05T00:16:21.601811+00:00,2026-05-04T18:16:22.485188+00:00
c296017e-0b91-46d0-8b76-8b20274dc83a,2026-05-05T00:16:21.601811+00:00,89ee98c6-51ac-431b-96d4-8c0a325db31b,True,,55551,3893c12d-ca56-4711-ae87-6b8a22e3b15a,purchase_ticket,2026-05-05T00:16:21.601811+00:00,2026-05-04T18:16:22.485188+00:00
c296017e-0b91-46d0-8b76-8b20274dc83a,2026-05-05T00:16:21.601811+00:00,33aedb54-43f4-460f-a1df-0c04020f429f,True,,55552,581e8b95-6c14-4de5-932e-ee89711a6be4,purchase_ticket,2026-05-05T00:16:21.601811+00:00,2026-05-04T18:16:22.485188+00:00
c296017e-0b91-46d0-8b76-8b20274dc83a,2026-05-05T00:16:21.601811+00:00,3134f3b7-fda7-4220-91ef-fa1a86a891f0,True,,55553,2ba7e122-8edc-4a5d-b0c6-eb8ae7314aeb,purchase_ticket,2026-05-05T00:16:21.601811+00:00,2026-05-04T18:16:22.485188+00:00
c296017e-0b91-46d0-8b76-8b20274dc83a,2026-05-05T00:16:21.601811+00:00,c5e6a4a6-3d8f-4cf8-a619-bdc68fe871ca,True,,55554,e6cb9326-7d26-483b-bdc5-e8af34057c3a,purchase_ticket,2026-05-05T00:16:21.601811+00:00,2026-05-04T18:16:22.485188+00:00
c296017e-0b91-46d0-8b76-8b20274dc83a,2026-05-05T00:16:21.601811+00:00,d5697537-cd1e-4199-9308-dbfd0185e44a,True,,55555,8f03f65d-7cf5-4f35-9d0a-dde7dd27bf65,purchase_ticket,2026-05-05T00:16:21.601811+00:00,2026-05-04T18:16:22.485188+00:00
c296017e-0b91-46d0-8b76-8b20274dc83a,2026-05-05T00:16:21.601811+00:00,2d8e532c-a192-41d5-9443-8b3941671258,True,,55556,97983e08-44d8-4c63-b1f9-808a75405d43,purchase_ticket,2026-05-05T00:16:21.601811+00:00,2026-05-04T18:16:22.485188+00:00
c296017e-0b91-46d0-8b76-8b20274dc83a,2026-05-05T00:16:21.601811+00:00,0ffcccec-9fd2-4fdc-a9ff-8efe5ff902a3,True,,55558,d9f9e252-8725-49fd-8d11-483468049148,purchase_ticket,2026-05-05T00:16:21.601811+00:00,2026-05-04T18:16:22.485188+00:00
c296017e-0b91-46d0-8b76-8b20274dc83a,2026-05-05T00:16:21.601811+00:00,f24017c8-f24a-47a5-9611-b2227b72c150,True,,55559,844cf3f5-bc86-4da0-8d87-9182c46f15b1,purchase_ticket,2026-05-05T00:16:21.601811+00:00,2026-05-04T18:16:22.485188+00:00
c296017e-0b91-46d0-8b76-8b20274dc83a,2026-05-05T00:16:21.601811+00:00,7d1104b5-35c0-4599-ab89-92ebf9c97d3d,True,,55560,8a46aac6-f355-4745-adb8-35fbefb22eea,purchase_ticket,2026-05-05T00:16:21.601811+00:00,2026-05-04T18:16:22.485188+00:00
c296017e-0b91-46d0-8b76-8b20274dc83a,2026-05-05T00:16:21.601811+00:00,e3717710-af68-4b01-aba9-389b64b5935d,True,,55561,d1768644-e804-44ec-b272-d590b98dae57,purchase_ticket,2026-05-05T00:16:21.601811+00:00,2026-05-04T18:16:22.485188+00:00
c296017e-0b91-46d0-8b76-8b20274dc83a,2026-05-05T00:16:21.601811+00:00,6b09967e-d8af-4d41-8652-2e17ced898ae,True,,55562,9409ff06-7554-4503-8458-1070dd388e81,purchase_ticket,2026-05-05T00:16:21.601811+00:00,2026-05-04T18:16:22.485188+00:00
c296017e-0b91-46d0-8b76-8b20274dc83a,2026-05-05T00:16:21.601811+00:00,db1d4315-9593-4469-8c5f-e24ac009a6bb,True,,55563,64782aa0-d8db-47c8-89cf-11cbcf47cc59,purchase_ticket,2026-05-05T00:16:21.601811+00:00,2026-05-04T18:16:22.485188+00:00
c296017e-0b91-46d0-8b76-8b20274dc83a,2026-05-05T00:16:21.601811+00:00,85d9ff80-dbc3-416a-ab10-83ac9442f41c,True,,55564,c6142581-56cc-4925-b05d-b520dfc3d8eb,purchase_ticket,2026-05-05T00:16:21.601811+00:00,2026-05-04T18:16:22.485188+00:00
c296017e-0b91-46d0-8b76-8b20274dc83a,2026-05-05T00:16:21.601811+00:00,6c92f8de-bef0-4fa5-af32-0137b7a66f10,True,,55565,da4e6a11-f33b-4519-abba-4743e4200b57,purchase_ticket,2026-05-05T00:16:21.601811+00:00,2026-05-04T18:16:22.485188+00:00
c296017e-0b91-46d0-8b76-8b20274dc83a,2026-05-05T00:16:21.601811+00:00,682e8961-1402-492f-b3a7-5d4a85445de1,True,,55566,1d20b9d0-6afc-47c2-b924-937f53d38a3f,purchase_ticket,2026-05-05T00:16:21.601811+00:00,2026-05-04T18:16:22.485188+00:00
c296017e-0b91-46d0-8b76-8b20274dc83a,2026-05-05T00:16:21.601811+00:00,b95229af-1707-4348-8ddb-e8aab3c8f17d,True,,55567,3b46ef94-fdb1-4bdb-ad48-0ee89cbfd4b0,purchase_ticket,2026-05-05T00:16:21.601811+00:00,2026-05-04T18:16:22.485188+00:00
c296017e-0b91-46d0-8b76-8b20274dc83a,2026-05-05T00:16:21.601811+00:00,43a03ec5-1ab0-49bf-9be7-16eca500fe5d,True,,55568,5b3d0e7b-f0c3-4c13-bc0d-c5d6f6857477,purchase_ticket,2026-05-05T00:16:21.601811+00:00,2026-05-04T18:16:22.485188+00:00
c296017e-0b91-46d0-8b76-8b20274dc83a,2026-05-05T00:16:21.601811+00:00,c4bdd630-21ce-4d43-8cd1-daa7704b13e5,True,,55569,e86539dc-e47a-4d5f-ad7c-dbfc8f8a1b40,purchase_ticket,2026-05-05T00:16:21.601811+00:00,2026-05-04T18:16:22.485188+00:00
c296017e-0b91-46d0-8b76-8b20274dc83a,2026-05-05T00:16:21.601811+00:00,1806e2db-9967-419d-9d95-e9f7eb205cd6,True,,55570,18eeeef8-8ab3-4b04-b35b-96c5f119db32,purchase_ticket,2026-05-05T00:16:21.601811+00:00,2026-05-04T18:16:22.485188+00:00
c296017e-0b91-46d0-8b76-8b20274dc83a,2026-05-05T00:16:21.601811+00:00,7d213f4f-ffe5-4032-afa2-664d562218c4,True,,55571,0add4822-79d8-4c5a-8768-c9fa3d228448,purchase_ticket,2026-05-05T00:16:21.601811+00:00,2026-05-04T18:16:22.485188+00:00
c296017e-0b91-46d0-8b76-8b20274dc83a,2026-05-05T00:16:21.601811+00:00,5fd9a648-256c-4536-9147-2fe678b48488,True,,55572,036e8d6e-cfe1-4af9-85f8-f1f4fad74314,purchase_ticket,2026-05-05T00:16:21.601811+00:00,2026-05-04T18:16:22.485188+00:00
c296017e-0b91-46d0-8b76-8b20274dc83a,2026-05-05T00:16:21.601811+00:00,ad24233d-02e0-417c-9950-7ffe15b44bf8,True,,55573,9a94fdab-3460-407b-8d47-0b24b21dc884,purchase_ticket,2026-05-05T00:16:21.601811+00:00,2026-05-04T18:16:22.485188+00:00
c296017e-0b91-46d0-8b76-8b20274dc83a,2026-05-05T00:16:21.601811+00:00,8525cbf3-0ca6-479e-8b4e-51ed4009581d,True,,55574,b70311e9-b274-45c3-94be-de94c0912309,purchase_ticket,2026-05-05T00:16:21.601811+00:00,2026-05-04T18:16:22.485188+00:00
c296017e-0b91-46d0-8b76-8b20274dc83a,2026-05-05T00:16:21.601811+00:00,540cf1a9-73ab-4d20-9461-b8cb4b2e9963,True,,55575,aed123cb-c37b-48e0-afe8-e43c59a8b149,purchase_ticket,2026-05-05T00:16:21.601811+00:00,2026-05-04T18:16:22.485188+00:00
c296017e-0b91-46d0-8b76-8b20274dc83a,2026-05-05T00:16:21.601811+00:00,cd9f088b-b797-4c97-ac12-bf15af0e8494,True,,55576,2d87ae50-8a77-4745-ba3f-14604a50e2a8,purchase_ticket,2026-05-05T00:16:21.601811+00:00,2026-05-04T18:16:22.485188+00:00
c296017e-0b91-46d0-8b76-8b20274dc83a,2026-05-05T00:16:21.601811+00:00,6110276c-09cf-4e93-84e6-9239e6978c09,True,,56333,22e3494c-6c91-4cb7-83ac-46bf9d330592,purchase_ticket,2026-05-05T00:16:21.601811+00:00,2026-05-04T18:16:22.486185+00:00
c296017e-0b91-46d0-8b76-8b20274dc83a,2026-05-05T00:16:21.601811+00:00,afaa4390-5c8a-42ad-af2d-a6306f5a2f4e,True,,80849,12fbc132-4379-4f70-8715-0295e162ceb0,purchase_ticket,2026-05-05T00:16:21.601811+00:00,2026-05-04T18:16:22.486185+00:00
c296017e-0b91-46d0-8b76-8b20274dc83a,2026-05-05T00:16:21.601811+00:00,2432a9c3-4e5d-45cf-8fff-ed592b1141a2,True,,80913,0f137a1b-1ca3-4a87-a37d-9ea231fdef8d,purchase_ticket,2026-05-05T00:16:21.601811+00:00,2026-05-04T18:16:22.486185+00:00
c296017e-0b91-46d0-8b76-8b20274dc83a,2026-05-05T00:16:21.601811+00:00,10fce935-6e3e-4e7c-8c87-eca8df29a685,True,,81048,8f1c5d72-39ba-40ef-9ac9-26f211b0fb62,purchase_ticket,2026-05-05T00:16:21.601811+00:00,2026-05-04T18:16:22.486185+00:00
c296017e-0b91-46d0-8b76-8b20274dc83a,2026-05-05T00:16:21.601811+00:00,a1c8e4ea-ff7d-4974-9d09-b39e928b11af,True,,81050,8adc9af2-5f2c-43fe-8f0d-eb49fc4f2e83,purchase_ticket,2026-05-05T00:16:21.601811+00:00,2026-05-04T18:16:22.486185+00:00
c296017e-0b91-46d0-8b76-8b20274dc83a,2026-05-05T00:16:21.601811+00:00,19af8edd-3c41-4868-b4d4-1a15fe2df7d1,True,,81054,f6005256-4e75-4219-aa62-17380e6a7129,purchase_ticket,2026-05-05T00:16:21.601811+00:00,2026-05-04T18:16:22.486185+00:00
c296017e-0b91-46d0-8b76-8b20274dc83a,2026-05-05T00:16:21.601811+00:00,2a06483c-b0a5-4535-a80b-b9fd34d7cc00,True,,81061,6630b16c-93f0-4118-96a5-1b8237fe2f60,purchase_ticket,2026-05-05T00:16:21.601811+00:00,2026-05-04T18:16:22.486185+00:00
13927fae-4138-440a-affe-61da96e75922,2026-04-28T00:21:28.044096+00:00,8c72d524-3cd3-4d2d-a0a7-d5d652f8d4d4,True,,18494,c8d82094-f383-49f4-b39b-3c4fb169ad69,expense_voucher,2026-04-28T00:21:28.044096+00:00,2026-04-27T18:21:27.895072+00:00
13927fae-4138-440a-affe-61da96e75922,2026-04-28T00:21:28.044096+00:00,0fbb956d-0c13-411d-920a-0b87eb856344,True,,181,cf623c33-8a8f-4fac-95ec-2f7a88778a76,deposit_voucher,2026-04-28T00:21:28.044096+00:00,2026-04-27T18:21:27.895072+00:00
13927fae-4138-440a-affe-61da96e75922,2026-04-28T00:21:28.044096+00:00,a4b062ab-9973-4bbf-8e9f-7048b99c352e,True,,18500,a425aa67-62be-4aac-a7f6-996b9fb251af,expense_voucher,2026-04-28T00:21:28.044096+00:00,2026-04-27T18:21:27.895072+00:00
13927fae-4138-440a-affe-61da96e75922,2026-04-28T00:21:28.044096+00:00,7a235c4e-1aea-409a-8868-e1fe0e4daf7c,True,,18501,56a0e5c7-6690-451f-83a8-3a0af0014f16,expense_voucher,2026-04-28T00:21:28.044096+00:00,2026-04-27T18:21:27.895072+00:00
13927fae-4138-440a-affe-61da96e75922,2026-04-28T00:21:28.044096+00:00,c30442cd-5d57-4201-aca9-745b2e73c5c7,True,,18502,30fccaca-b246-4bf4-b463-a8e9bfe14479,expense_voucher,2026-04-28T00:21:28.044096+00:00,2026-04-27T18:21:27.895072+00:00
13927fae-4138-440a-affe-61da96e75922,2026-04-28T00:21:28.044096+00:00,8baef130-c06b-4053-a8e6-321a19c428c2,True,,18503,71fb21ab-bf88-40f7-ac1f-7fdc9832ce7d,expense_voucher,2026-04-28T00:21:28.044096+00:00,2026-04-27T18:21:27.895072+00:00
13927fae-4138-440a-affe-61da96e75922,2026-04-28T00:21:28.044096+00:00,fe716410-540e-4d15-ba8b-7e852e8bc3d6,True,,18504,9615f7ef-1e82-4c1d-8e0d-a0d65444fe3b,expense_voucher,2026-04-28T00:21:28.044096+00:00,2026-04-27T18:21:27.895072+00:00
13927fae-4138-440a-affe-61da96e75922,2026-04-28T00:21:28.044096+00:00,b1776fc3-5886-40ae-95b4-56323bd23b3b,True,,18505,18e0a7b7-8416-44df-8a14-57350b41d1b8,expense_voucher,2026-04-28T00:21:28.044096+00:00,2026-04-27T18:21:27.895072+00:00
13927fae-4138-440a-affe-61da96e75922,2026-04-28T00:21:28.044096+00:00,bf8f2c17-b415-4d14-af08-1b4bf31df27e,True,,18506,d117cbdc-cfa7-404e-992b-6ca4c2e0cd24,expense_voucher,2026-04-28T00:21:28.044096+00:00,2026-04-27T18:21:27.895072+00:00
13927fae-4138-440a-affe-61da96e75922,2026-04-28T00:21:28.044096+00:00,88fc5a4c-8007-45b1-a50f-fd88cd7e8149,True,,18507,c36f6969-c515-460c-ad8f-fe15df537b97,expense_voucher,2026-04-28T00:21:28.044096+00:00,2026-04-27T18:21:27.895072+00:00
13927fae-4138-440a-affe-61da96e75922,2026-04-28T00:21:28.044096+00:00,1d14e32f-0248-4b76-bdb8-ff38eb3cfd1b,True,,18508,22641392-ba53-412c-850c-27c732582cdf,expense_voucher,2026-04-28T00:21:28.044096+00:00,2026-04-27T18:21:27.895072+00:00
13927fae-4138-440a-affe-61da96e75922,2026-04-28T00:21:28.044096+00:00,427998db-fb0b-4bd1-aa3d-1220cd4f6a15,True,,18510,07831ce4-4e59-4412-8ed1-e6b832f70b32,expense_voucher,2026-04-28T00:21:28.044096+00:00,2026-04-27T18:21:27.895072+00:00
13927fae-4138-440a-affe-61da96e75922,2026-04-28T00:21:28.044096+00:00,f171a0b5-8b0f-4bde-8521-055744e0bfdc,True,,182,5812f89d-9fa0-4d8b-b664-f87b7cd80b92,deposit_voucher,2026-04-28T00:21:28.044096+00:00,2026-04-27T18:21:27.895072+00:00
13927fae-4138-440a-affe-61da96e75922,2026-04-28T00:21:28.044096+00:00,5019feb4-a0f6-4f5b-a7a6-91f26dbc5a61,True,,183,fbc46789-c199-4498-b552-56ca087141b5,deposit_voucher,2026-04-28T00:21:28.044096+00:00,2026-04-27T18:21:27.895072+00:00
13927fae-4138-440a-affe-61da96e75922,2026-04-28T00:21:28.044096+00:00,8c38417a-7930-4063-9ada-02275c0db902,True,,12223,91384f9d-3acc-4c66-8ec1-f83d9d09a721,sale_ticket,2026-04-28T00:21:28.044096+00:00,2026-04-27T18:21:27.895072+00:00
13927fae-4138-440a-affe-61da96e75922,2026-04-28T00:21:28.044096+00:00,8e78508d-9798-4fd0-a66d-6ef3838d4f2e,True,,136,e586c9c5-0823-4b31-84eb-1852ec00a8d9,sale_ticket,2026-04-28T00:21:28.044096+00:00,2026-04-27T18:21:27.895072+00:00
13927fae-4138-440a-affe-61da96e75922,2026-04-28T00:21:28.044096+00:00,763c06da-9134-41a5-9958-6987de72d366,True,,138,c9a0bcf2-4b07-4969-b5f5-3cf618c8c870,sale_ticket,2026-04-28T00:21:28.044096+00:00,2026-04-27T18:21:27.895072+00:00
13927fae-4138-440a-affe-61da96e75922,2026-04-28T00:21:28.044096+00:00,2c5ffb15-86ee-4f52-8d8d-a52885e6a46d,True,,56431,625d0cf1-4d75-4148-b3a9-08e269e7ac6d,purchase_ticket,2026-04-28T00:21:28.044096+00:00,2026-04-27T18:21:27.895072+00:00
13927fae-4138-440a-affe-61da96e75922,2026-04-28T00:21:28.044096+00:00,000c8a1c-0215-459c-8ca6-cdd3eb9cdb12,True,,56438,2ee111ee-3f09-4771-9e69-626ff0df6ca6,purchase_ticket,2026-04-28T00:21:28.044096+00:00,2026-04-27T18:21:27.895072+00:00
13927fae-4138-440a-affe-61da96e75922,2026-04-28T00:21:28.044096+00:00,a79a8153-c315-4663-a807-68dad98a4c14,True,,56441,012fd18d-6d0a-4636-b39a-77096117290a,purchase_ticket,2026-04-28T00:21:28.044096+00:00,2026-04-27T18:21:27.895072+00:00
13927fae-4138-440a-affe-61da96e75922,2026-04-28T00:21:28.044096+00:00,67fe785b-e65a-45da-84ac-f524963951a9,True,,56443,aaa17de2-71fe-44df-829b-a1ce4a59c3e1,purchase_ticket,2026-04-28T00:21:28.044096+00:00,2026-04-27T18:21:27.895072+00:00
13927fae-4138-440a-affe-61da96e75922,2026-04-28T00:21:28.044096+00:00,f6a2350a-1119-46dd-aa6e-0e4dcbe85265,True,,56444,97dda04d-3f48-46c9-b9e0-891a61bcac9c,purchase_ticket,2026-04-28T00:21:28.044096+00:00,2026-04-27T18:21:27.895072+00:00
13927fae-4138-440a-affe-61da96e75922,2026-04-28T00:21:28.044096+00:00,ffc14865-c79c-49a3-97b9-31cbff4ba04b,True,,56445,e6cdfeb9-b32a-4aad-86ea-bbfbf774272f,purchase_ticket,2026-04-28T00:21:28.044096+00:00,2026-04-27T18:21:27.895072+00:00
13927fae-4138-440a-affe-61da96e75922,2026-04-28T00:21:28.044096+00:00,d86b4bc2-2873-4c94-87ef-583d5785d44c,True,,56446,5567b0ea-874b-47a3-92cc-63c7c83509c1,purchase_ticket,2026-04-28T00:21:28.044096+00:00,2026-04-27T18:21:27.895072+00:00
13927fae-4138-440a-affe-61da96e75922,2026-04-28T00:21:28.044096+00:00,7af60444-9459-453e-9303-13c8fb202df6,True,,56447,6acd6d69-240b-40e6-a3ff-b1d733b1585e,purchase_ticket,2026-04-28T00:21:28.044096+00:00,2026-04-27T18:21:27.895072+00:00
13927fae-4138-440a-affe-61da96e75922,2026-04-28T00:21:28.044096+00:00,26140a47-b739-482a-abf3-9cff9acc491e,True,,56448,19c48ce6-5eae-443c-980e-641cbdea9eb4,purchase_ticket,2026-04-28T00:21:28.044096+00:00,2026-04-27T18:21:27.895072+00:00
13927fae-4138-440a-affe-61da96e75922,2026-04-28T00:21:28.044096+00:00,bc5f739b-1c8b-43c9-b8a8-4648ddaf1744,True,,56449,5bd81f9a-f92a-4fe5-9b5b-61657e4d0e6d,purchase_ticket,2026-04-28T00:21:28.044096+00:00,2026-04-27T18:21:27.895072+00:00
13927fae-4138-440a-affe-61da96e75922,2026-04-28T00:21:28.044096+00:00,72055345-e041-485c-be4a-f9181fd43e1c,True,,56450,d7505b13-b248-46cc-b30a-c09ff31c6b57,purchase_ticket,2026-04-28T00:21:28.044096+00:00,2026-04-27T18:21:27.895072+00:00
13927fae-4138-440a-affe-61da96e75922,2026-04-28T00:21:28.044096+00:00,f33307ee-40c1-4c75-ab59-75bca7089cc0,True,,56451,b858cd68-d969-4dc1-bc6e-d41a78a98e7b,purchase_ticket,2026-04-28T00:21:28.044096+00:00,2026-04-27T18:21:27.895072+00:00
13927fae-4138-440a-affe-61da96e75922,2026-04-28T00:21:28.044096+00:00,263d7aee-ab7d-431a-a114-5fd350a2bcc5,True,,56452,448e1c3c-d015-4661-b29f-7c7ed99d3fde,purchase_ticket,2026-04-28T00:21:28.044096+00:00,2026-04-27T18:21:27.895072+00:00
13927fae-4138-440a-affe-61da96e75922,2026-04-28T00:21:28.044096+00:00,9635232d-0919-4fb7-b386-1a3766f594cc,True,,56453,c687404c-c659-47ce-a93d-365494b7859f,purchase_ticket,2026-04-28T00:21:28.044096+00:00,2026-04-27T18:21:27.895072+00:00
13927fae-4138-440a-affe-61da96e75922,2026-04-28T00:21:28.044096+00:00,5f4ce11f-2694-4a64-8f81-cb51c9f2fc84,True,,56454,412c71a8-4c11-4399-abaf-8d3461738b55,purchase_ticket,2026-04-28T00:21:28.044096+00:00,2026-04-27T18:21:27.896072+00:00
13927fae-4138-440a-affe-61da96e75922,2026-04-28T00:21:28.044096+00:00,908fa7b2-65de-4333-a229-2971bb3207a6,True,,56455,278bf64b-d50c-4b04-9974-3fc4819a2f87,purchase_ticket,2026-04-28T00:21:28.044096+00:00,2026-04-27T18:21:27.896072+00:00
13927fae-4138-440a-affe-61da96e75922,2026-04-28T00:21:28.044096+00:00,e68e16c2-b112-4bce-a82e-16c06f3775a9,True,,56456,1f208a1e-c6d2-4cfa-a48f-81ad5950a13c,purchase_ticket,2026-04-28T00:21:28.044096+00:00,2026-04-27T18:21:27.896072+00:00
13927fae-4138-440a-affe-61da96e75922,2026-04-28T00:21:28.044096+00:00,4711586f-44ad-4bd9-a9ff-8500b8045d8b,True,,56457,92257ef2-9481-4b8f-8a23-4d19b1041422,purchase_ticket,2026-04-28T00:21:28.044096+00:00,2026-04-27T18:21:27.896072+00:00
13927fae-4138-440a-affe-61da96e75922,2026-04-28T00:21:28.044096+00:00,60b769f0-d79c-49a3-a69f-fa68c6eb3e1a,True,,80836,e5146706-b6c2-4c25-8327-68cd9450dff8,purchase_ticket,2026-04-28T00:21:28.044096+00:00,2026-04-27T18:21:27.896072+00:00
13927fae-4138-440a-affe-61da96e75922,2026-04-28T00:21:28.044096+00:00,26bcf12a-aac4-46c3-b1f9-d79469626652,True,,80878,76aa3684-0780-4d28-b34a-d7c1420ea548,purchase_ticket,2026-04-28T00:21:28.044096+00:00,2026-04-27T18:21:27.896072+00:00
13927fae-4138-440a-affe-61da96e75922,2026-04-28T00:21:28.044096+00:00,f491873e-eeb8-42e2-b327-2fa95c3f750f,True,COMPROBAR,18470,a611ce99-c7dd-4b36-9229-60e66d81c89a,expense_voucher,2026-04-30T14:45:19.853964+00:00,2026-04-30T08:45:20.120572+00:00
13927fae-4138-440a-affe-61da96e75922,2026-04-28T00:21:28.044096+00:00,42ffff67-7d6a-4d93-9d08-dd2579bf1780,True,COMPROBAR,18481,c52c4a6e-22e0-4f91-a721-92795cf3499c,expense_voucher,2026-04-30T14:49:22.649116+00:00,2026-04-30T08:49:23.065409+00:00
13927fae-4138-440a-affe-61da96e75922,2026-04-28T00:21:28.044096+00:00,f6e03c46-3ac5-4551-9e94-3b7b53372f25,True,COMPROBAR,18482,47523fac-4567-4ae4-986a-d5851b6b3556,expense_voucher,2026-04-30T14:49:22.649116+00:00,2026-04-30T08:49:23.065409+00:00
13927fae-4138-440a-affe-61da96e75922,2026-04-28T00:21:28.044096+00:00,34defc62-8a4f-4959-9920-693b6f4b8fd6,True,,80890,6710e76e-02ef-4d17-b1b0-bb81bc6451d7,purchase_ticket,2026-04-28T00:21:28.044096+00:00,2026-04-27T18:21:27.896072+00:00
13927fae-4138-440a-affe-61da96e75922,2026-04-28T00:21:28.044096+00:00,58133e50-1e9d-4717-a92d-a48e3c28074f,True,,80891,94fb5c16-8aa0-47c5-9734-5989c87c4f8c,purchase_ticket,2026-04-28T00:21:28.044096+00:00,2026-04-27T18:21:27.896072+00:00
13927fae-4138-440a-affe-61da96e75922,2026-04-28T00:21:28.044096+00:00,355409c2-9351-46ff-b959-1c3d6a7a8f64,True,,80897,714d9308-af7c-4d2f-bd33-00b25ba70fcb,purchase_ticket,2026-04-28T00:21:28.044096+00:00,2026-04-27T18:21:27.896072+00:00
13927fae-4138-440a-affe-61da96e75922,2026-04-28T00:21:28.044096+00:00,f46d069c-4a68-4453-a569-8e6c3df9bdfa,True,,80902,0119c6b1-9849-439f-b8e1-bc8fbf7d4bd1,purchase_ticket,2026-04-28T00:21:28.044096+00:00,2026-04-27T18:21:27.896072+00:00
13927fae-4138-440a-affe-61da96e75922,2026-04-28T00:21:28.044096+00:00,c39b1953-1b26-4d15-a964-f88061d8f512,True,,80908,52c702ca-d7de-4253-aa42-ee4171212e35,purchase_ticket,2026-04-28T00:21:28.044096+00:00,2026-04-27T18:21:27.896072+00:00
13927fae-4138-440a-affe-61da96e75922,2026-04-28T00:21:28.044096+00:00,8988e6d9-8705-4b86-951d-05b5a1225264,True,,80909,35fa1bf9-1799-4a05-bfbb-f8533b346b7b,purchase_ticket,2026-04-28T00:21:28.044096+00:00,2026-04-27T18:21:27.896072+00:00
13927fae-4138-440a-affe-61da96e75922,2026-04-28T00:21:28.044096+00:00,08f2928b-46b7-471f-951c-91ecc3bdb4f3,True,,80911,c743ac0b-8adb-4e39-8753-0a12a69413f1,purchase_ticket,2026-04-28T00:21:28.044096+00:00,2026-04-27T18:21:27.896072+00:00
13927fae-4138-440a-affe-61da96e75922,2026-04-28T00:21:28.044096+00:00,25d94d32-7b58-4bcf-a443-a628dff34230,True,,80915,c148e624-f3b5-467b-9427-f6502ec19764,purchase_ticket,2026-04-28T00:21:28.044096+00:00,2026-04-27T18:21:27.896072+00:00
13927fae-4138-440a-affe-61da96e75922,2026-04-28T00:21:28.044096+00:00,1363e016-1113-49a0-92ba-ac024700e81e,True,,80920,23918cbf-71a0-4c1f-aa55-7ddd3a461332,purchase_ticket,2026-04-28T00:21:28.044096+00:00,2026-04-27T18:21:27.896072+00:00
933047d4-ff65-45b1-8f8c-1303123c878a,2026-04-29T00:04:15.412997+00:00,65a6c692-516e-47d7-ad8f-3e2d2f659572,True,,18470,a611ce99-c7dd-4b36-9229-60e66d81c89a,expense_voucher,2026-04-29T00:04:15.412997+00:00,2026-04-28T18:04:15.78388+00:00
933047d4-ff65-45b1-8f8c-1303123c878a,2026-04-29T00:04:15.412997+00:00,07ab02e6-9419-442a-b960-1bfc6c4b858d,True,COMPROBAR,18481,c52c4a6e-22e0-4f91-a721-92795cf3499c,expense_voucher,2026-05-04T15:34:55.514781+00:00,2026-05-04T09:34:55.353325+00:00
933047d4-ff65-45b1-8f8c-1303123c878a,2026-04-29T00:04:15.412997+00:00,62294da5-a2a9-42ec-b972-373622e9bdc6,True,,181,cf623c33-8a8f-4fac-95ec-2f7a88778a76,deposit_voucher,2026-04-29T00:04:15.412997+00:00,2026-04-28T18:04:15.78388+00:00
933047d4-ff65-45b1-8f8c-1303123c878a,2026-04-29T00:04:15.412997+00:00,bf7dab85-e755-471c-86ac-22322e7b88de,True,COMPROBAR,18494,c8d82094-f383-49f4-b39b-3c4fb169ad69,expense_voucher,2026-05-04T15:34:55.514781+00:00,2026-05-04T09:34:55.353325+00:00
933047d4-ff65-45b1-8f8c-1303123c878a,2026-04-29T00:04:15.412997+00:00,ecba7f4c-0302-4904-aae7-60c1a24904b5,True,,18511,2dfef2e3-9915-4b41-9e2a-a9b79b26600d,expense_voucher,2026-04-29T00:04:15.412997+00:00,2026-04-28T18:04:15.78388+00:00
933047d4-ff65-45b1-8f8c-1303123c878a,2026-04-29T00:04:15.412997+00:00,8913facc-af95-44cc-963e-590c50315aa4,True,,18513,d2ce20b1-761e-4483-8d6d-9398e4322546,expense_voucher,2026-04-29T00:04:15.412997+00:00,2026-04-28T18:04:15.78388+00:00
933047d4-ff65-45b1-8f8c-1303123c878a,2026-04-29T00:04:15.412997+00:00,d520206e-4139-4594-8512-ab03c41212a3,True,,18515,007c26ff-c502-4b56-b989-37a72dab112a,expense_voucher,2026-04-29T00:04:15.412997+00:00,2026-04-28T18:04:15.78388+00:00
933047d4-ff65-45b1-8f8c-1303123c878a,2026-04-29T00:04:15.412997+00:00,5c6b821b-0f9b-4447-9984-84d170e04858,True,,18516,9357488c-6402-4bc6-b2da-1bd9d3284c3c,expense_voucher,2026-04-29T00:04:15.412997+00:00,2026-04-28T18:04:15.78388+00:00
933047d4-ff65-45b1-8f8c-1303123c878a,2026-04-29T00:04:15.412997+00:00,bcdd25b0-e38d-4055-bc18-ab4b4fe8afca,True,,18517,a22b2b43-0612-48a0-838a-9a189b41f9a8,expense_voucher,2026-04-29T00:04:15.412997+00:00,2026-04-28T18:04:15.78388+00:00
933047d4-ff65-45b1-8f8c-1303123c878a,2026-04-29T00:04:15.412997+00:00,e2a51325-6358-4127-9b71-681616ac6c69,True,,18518,90d7d365-7871-418d-869f-afede1406076,expense_voucher,2026-04-29T00:04:15.412997+00:00,2026-04-28T18:04:15.78388+00:00
933047d4-ff65-45b1-8f8c-1303123c878a,2026-04-29T00:04:15.412997+00:00,49b57883-14c2-486e-849b-c8cc6fa2c5bd,True,,18519,6ccd8705-7e19-4f75-8d59-b8875e381c92,expense_voucher,2026-04-29T00:04:15.412997+00:00,2026-04-28T18:04:15.78388+00:00
933047d4-ff65-45b1-8f8c-1303123c878a,2026-04-29T00:04:15.412997+00:00,103fa023-c929-4176-b499-18bd64ea0504,True,,18520,d66dbe95-0606-4043-bbcb-d3cf40f7e7ce,expense_voucher,2026-04-29T00:04:15.412997+00:00,2026-04-28T18:04:15.78388+00:00
933047d4-ff65-45b1-8f8c-1303123c878a,2026-04-29T00:04:15.412997+00:00,16be4aec-88a9-4285-8c63-1e18b884dd9b,True,,18521,2aa563fd-cb27-4d77-bd29-e51052fecddd,expense_voucher,2026-04-29T00:04:15.412997+00:00,2026-04-28T18:04:15.78388+00:00
933047d4-ff65-45b1-8f8c-1303123c878a,2026-04-29T00:04:15.412997+00:00,a0c7d4d8-f27d-4012-a3b7-3197fb9d9dd3,True,,18522,5356dc6d-768a-4846-80fc-7eac6ec93dd7,expense_voucher,2026-04-29T00:04:15.412997+00:00,2026-04-28T18:04:15.78388+00:00
933047d4-ff65-45b1-8f8c-1303123c878a,2026-04-29T00:04:15.412997+00:00,8ab9f156-6a89-4615-a561-f36423d68793,True,,18523,8c3a5989-7dcf-4ca2-92d9-c210b8946da4,expense_voucher,2026-04-29T00:04:15.412997+00:00,2026-04-28T18:04:15.78388+00:00
933047d4-ff65-45b1-8f8c-1303123c878a,2026-04-29T00:04:15.412997+00:00,a1aabab9-be2c-46bd-a5a2-fb4ead3de2da,True,,188,97d7d080-ec5b-418d-a0c1-5a03b281eb85,deposit_voucher,2026-04-29T00:04:15.412997+00:00,2026-04-28T18:04:15.78388+00:00
933047d4-ff65-45b1-8f8c-1303123c878a,2026-04-29T00:04:15.412997+00:00,8990f675-dbc9-4610-bb5a-134b1d6d9846,True,,189,ed4cbaf6-89ca-451b-ae69-936722365e6e,deposit_voucher,2026-04-29T00:04:15.412997+00:00,2026-04-28T18:04:15.78388+00:00
933047d4-ff65-45b1-8f8c-1303123c878a,2026-04-29T00:04:15.412997+00:00,a74f7d7e-ac63-4498-9d14-34e64b57d147,True,,190,a2d829a5-ee43-418c-90e4-c4d03d3820c7,deposit_voucher,2026-04-29T00:04:15.412997+00:00,2026-04-28T18:04:15.78388+00:00
933047d4-ff65-45b1-8f8c-1303123c878a,2026-04-29T00:04:15.412997+00:00,afe4066d-7034-433c-b6d9-fb0be27897ce,True,,191,9acdac80-e796-4ab4-a360-a7da99802277,deposit_voucher,2026-04-29T00:04:15.412997+00:00,2026-04-28T18:04:15.78388+00:00
933047d4-ff65-45b1-8f8c-1303123c878a,2026-04-29T00:04:15.412997+00:00,2ffeab8c-ced1-4798-ab8a-86d543d116e8,True,,192,2d1038ce-b6ec-492d-8573-1efec471da5d,deposit_voucher,2026-04-29T00:04:15.412997+00:00,2026-04-28T18:04:15.78388+00:00
933047d4-ff65-45b1-8f8c-1303123c878a,2026-04-29T00:04:15.412997+00:00,3ad9f356-2119-4733-b0b1-445d6e0bf6ec,True,,193,aed0a292-552d-48f1-b442-58148f650a02,deposit_voucher,2026-04-29T00:04:15.412997+00:00,2026-04-28T18:04:15.78388+00:00
933047d4-ff65-45b1-8f8c-1303123c878a,2026-04-29T00:04:15.412997+00:00,83c63fce-ff81-4366-ade7-502eea65eac3,True,,194,dd183329-f0ec-4c5f-a701-cbf15de2fefd,deposit_voucher,2026-04-29T00:04:15.412997+00:00,2026-04-28T18:04:15.78388+00:00
c296017e-0b91-46d0-8b76-8b20274dc83a,2026-05-05T00:16:21.601811+00:00,daad91c0-9ce6-422a-8b56-6d2ceeb21b7d,True,,81062-A,e4608e9a-e833-42d0-bc63-a62f0f4bd0a8,purchase_ticket,2026-05-05T00:16:21.601811+00:00,2026-05-04T18:16:22.486185+00:00
c296017e-0b91-46d0-8b76-8b20274dc83a,2026-05-05T00:16:21.601811+00:00,00d64906-af30-42aa-a9eb-44a6b545ea20,True,,81062-B,db81b6b9-0acb-43bd-bd5b-a1ef02b30721,purchase_ticket,2026-05-05T00:16:21.601811+00:00,2026-05-04T18:16:22.486185+00:00
933047d4-ff65-45b1-8f8c-1303123c878a,2026-04-29T00:04:15.412997+00:00,0dc81dae-9069-4442-bb2e-e435b8ebedcf,True,,78732,38175619-37cd-4dc7-ab51-aca2e6eb6e14,sale_ticket,2026-04-29T00:04:15.412997+00:00,2026-04-28T18:04:15.78388+00:00
933047d4-ff65-45b1-8f8c-1303123c878a,2026-04-29T00:04:15.412997+00:00,6ee70f46-eba8-4e4c-b438-78ed8417d105,True,,78735,a5a2e921-5283-463c-b659-e37a0662036e,sale_ticket,2026-04-29T00:04:15.412997+00:00,2026-04-28T18:04:15.78388+00:00
933047d4-ff65-45b1-8f8c-1303123c878a,2026-04-29T00:04:15.412997+00:00,279c3a97-2019-4c23-81f1-98423be6e109,True,,56458,fafdfb4c-c4a6-456e-916b-dde41d58f34e,purchase_ticket,2026-04-29T00:04:15.412997+00:00,2026-04-28T18:04:15.78388+00:00
933047d4-ff65-45b1-8f8c-1303123c878a,2026-04-29T00:04:15.412997+00:00,c3b5efd7-0c25-4ca9-ab5a-c2d169c8f853,True,,56460,6666caa6-342d-4a69-bde3-8d4ec77cd0e8,purchase_ticket,2026-04-29T00:04:15.412997+00:00,2026-04-28T18:04:15.78388+00:00
933047d4-ff65-45b1-8f8c-1303123c878a,2026-04-29T00:04:15.412997+00:00,54292fac-750f-434f-926c-6dbaaf3f12cf,True,,56461,ba10cc0b-96e7-445a-8885-6e6b8143c8a4,purchase_ticket,2026-04-29T00:04:15.412997+00:00,2026-04-28T18:04:15.78388+00:00
933047d4-ff65-45b1-8f8c-1303123c878a,2026-04-29T00:04:15.412997+00:00,7767b019-8db8-4a06-bec0-854c37645b59,True,,56462,9acefea8-69bd-4c84-87d8-97dae0bd51c8,purchase_ticket,2026-04-29T00:04:15.412997+00:00,2026-04-28T18:04:15.78388+00:00
933047d4-ff65-45b1-8f8c-1303123c878a,2026-04-29T00:04:15.412997+00:00,8ec127f0-3c84-4f35-9519-8129132e5ba0,True,,56463,9ed6d8cc-c684-4281-abf7-6c86eb5ae8f7,purchase_ticket,2026-04-29T00:04:15.412997+00:00,2026-04-28T18:04:15.78388+00:00
933047d4-ff65-45b1-8f8c-1303123c878a,2026-04-29T00:04:15.412997+00:00,2aa72437-0795-415d-bcec-42d61da38f7e,True,,56464,ed4e89f7-1e67-447e-9f4f-f6ba91a4985b,purchase_ticket,2026-04-29T00:04:15.412997+00:00,2026-04-28T18:04:15.78388+00:00
933047d4-ff65-45b1-8f8c-1303123c878a,2026-04-29T00:04:15.412997+00:00,34cdb973-7210-4c8e-b295-4aeb8f32180f,True,,56465,466cc8d4-e9c2-418c-9272-2f4cd54d622f,purchase_ticket,2026-04-29T00:04:15.412997+00:00,2026-04-28T18:04:15.78388+00:00
933047d4-ff65-45b1-8f8c-1303123c878a,2026-04-29T00:04:15.412997+00:00,482afc4c-5aab-4729-893b-5eecf6b9724d,True,,56466,285ffa93-c6f0-4a90-afce-8b55bb03cfd7,purchase_ticket,2026-04-29T00:04:15.412997+00:00,2026-04-28T18:04:15.78388+00:00
933047d4-ff65-45b1-8f8c-1303123c878a,2026-04-29T00:04:15.412997+00:00,cc62ef87-198a-41d1-af2f-2c20ea64710d,True,,56468,35b6c980-3a8e-4aaa-b614-3678526d34d5,purchase_ticket,2026-04-29T00:04:15.412997+00:00,2026-04-28T18:04:15.78388+00:00
933047d4-ff65-45b1-8f8c-1303123c878a,2026-04-29T00:04:15.412997+00:00,f4e3a400-2133-4bea-921e-e1c0ee820839,True,,56469,522b0caa-d24d-4506-8821-594decadbbc4,purchase_ticket,2026-04-29T00:04:15.412997+00:00,2026-04-28T18:04:15.78388+00:00
933047d4-ff65-45b1-8f8c-1303123c878a,2026-04-29T00:04:15.412997+00:00,12267662-6f1d-4d25-a062-4ce9fafa83e1,True,,56470,71791e2d-8594-4549-bbf5-36ff6203e30c,purchase_ticket,2026-04-29T00:04:15.412997+00:00,2026-04-28T18:04:15.78388+00:00
933047d4-ff65-45b1-8f8c-1303123c878a,2026-04-29T00:04:15.412997+00:00,9f4772da-3dba-44b6-9844-42f920f7d0f4,True,,56471,db4b82b4-c82f-48e5-8768-52f69ecf8390,purchase_ticket,2026-04-29T00:04:15.412997+00:00,2026-04-28T18:04:15.78388+00:00
933047d4-ff65-45b1-8f8c-1303123c878a,2026-04-29T00:04:15.412997+00:00,3b6307b2-8c8f-4d17-b7ab-0c4020e73516,True,,56472,7173d0f2-aee0-418b-aa5b-9376f2cc4ab3,purchase_ticket,2026-04-29T00:04:15.412997+00:00,2026-04-28T18:04:15.78388+00:00
933047d4-ff65-45b1-8f8c-1303123c878a,2026-04-29T00:04:15.412997+00:00,4a3e4ac5-e2ca-4144-8344-7c2297d02dcc,True,,56473,bd7cdd06-b087-4756-84bd-10966ce484bb,purchase_ticket,2026-04-29T00:04:15.412997+00:00,2026-04-28T18:04:15.78388+00:00
933047d4-ff65-45b1-8f8c-1303123c878a,2026-04-29T00:04:15.412997+00:00,08fc3a76-fdae-4a12-acf2-d4607725f027,True,,56474,a1c83b3e-6e5a-4c3d-8102-b29759786ee7,purchase_ticket,2026-04-29T00:04:15.412997+00:00,2026-04-28T18:04:15.78388+00:00
933047d4-ff65-45b1-8f8c-1303123c878a,2026-04-29T00:04:15.412997+00:00,4bb2ab9e-dfe7-4755-9e7c-cafa05a47931,True,,56475,37127855-912b-459b-835d-c3ed4eda831f,purchase_ticket,2026-04-29T00:04:15.412997+00:00,2026-04-28T18:04:15.78388+00:00
933047d4-ff65-45b1-8f8c-1303123c878a,2026-04-29T00:04:15.412997+00:00,f587b0a9-a5e5-4d39-bd70-4c10ca7ca3b4,True,COMPROBAR,18482,47523fac-4567-4ae4-986a-d5851b6b3556,expense_voucher,2026-04-30T14:49:42.105129+00:00,2026-04-30T08:49:42.552037+00:00
933047d4-ff65-45b1-8f8c-1303123c878a,2026-04-29T00:04:15.412997+00:00,ca5b8077-0969-4d77-a568-05d203192bcb,True,COMPROBAR,18510,fa630e8b-f6cf-4bf0-a089-9b50e36de1d8,expense_voucher,2026-04-30T14:51:15.825611+00:00,2026-04-30T08:51:16.238331+00:00
c296017e-0b91-46d0-8b76-8b20274dc83a,2026-05-05T00:16:21.601811+00:00,4f488c80-b869-4aa2-9e7c-8a091a19de94,True,,81064,920880e2-bb35-4a68-a920-ca9758c7ec58,purchase_ticket,2026-05-05T00:16:21.601811+00:00,2026-05-04T18:16:22.486185+00:00
933047d4-ff65-45b1-8f8c-1303123c878a,2026-04-29T00:04:15.412997+00:00,7198ea06-495a-4b08-b7ca-ca580102bf4f,True,,56476,11f4ade9-0285-4a1e-a3a0-16b3e0dc8299,purchase_ticket,2026-04-29T00:04:15.412997+00:00,2026-04-28T18:04:15.78388+00:00
933047d4-ff65-45b1-8f8c-1303123c878a,2026-04-29T00:04:15.412997+00:00,66abe7a7-e78d-401c-bebd-6d3b96ad5a83,True,,56477,83054ab7-e640-418a-8780-869b3e4ea371,purchase_ticket,2026-04-29T00:04:15.412997+00:00,2026-04-28T18:04:15.78388+00:00
933047d4-ff65-45b1-8f8c-1303123c878a,2026-04-29T00:04:15.412997+00:00,0eb8c00b-6962-45aa-b02a-63ef48b796b6,True,,56478,5f41ec09-8d80-42c8-a7ab-a88ca03db929,purchase_ticket,2026-04-29T00:04:15.412997+00:00,2026-04-28T18:04:15.78388+00:00
933047d4-ff65-45b1-8f8c-1303123c878a,2026-04-29T00:04:15.412997+00:00,592dc89b-af5b-423c-a0a5-3f8ec044667f,True,,56479,a9a9149f-f867-47ce-aba7-2bd9dc65d054,purchase_ticket,2026-04-29T00:04:15.412997+00:00,2026-04-28T18:04:15.78388+00:00
933047d4-ff65-45b1-8f8c-1303123c878a,2026-04-29T00:04:15.412997+00:00,fe093808-aae8-4213-93af-4a115ff47138,True,,56480,c2ae86ee-01bb-421d-85a7-97ccbda32ab3,purchase_ticket,2026-04-29T00:04:15.412997+00:00,2026-04-28T18:04:15.78388+00:00
933047d4-ff65-45b1-8f8c-1303123c878a,2026-04-29T00:04:15.412997+00:00,9697d76b-8848-4618-90f1-bd19498c799c,True,,56481,a9a1c421-9e06-4241-9ab7-334f03351170,purchase_ticket,2026-04-29T00:04:15.412997+00:00,2026-04-28T18:04:15.78388+00:00
933047d4-ff65-45b1-8f8c-1303123c878a,2026-04-29T00:04:15.412997+00:00,a76680ee-cc8e-4e1b-9b72-511a0f0930aa,True,,56482,ac01e48d-1e79-4a10-aa08-28b0d8c86095,purchase_ticket,2026-04-29T00:04:15.412997+00:00,2026-04-28T18:04:15.78388+00:00
933047d4-ff65-45b1-8f8c-1303123c878a,2026-04-29T00:04:15.412997+00:00,4f29fcc3-c55b-4157-b1f9-bfdc6bdb33ea,True,,56483,207a0c16-743c-4529-ad59-b63126ac2963,purchase_ticket,2026-04-29T00:04:15.412997+00:00,2026-04-28T18:04:15.78388+00:00
933047d4-ff65-45b1-8f8c-1303123c878a,2026-04-29T00:04:15.412997+00:00,3ab52ca0-345d-40c6-92fa-1fa7364a1005,True,,56484,8d1de664-8669-4ffb-a970-8f483f130473,purchase_ticket,2026-04-29T00:04:15.412997+00:00,2026-04-28T18:04:15.78388+00:00
933047d4-ff65-45b1-8f8c-1303123c878a,2026-04-29T00:04:15.412997+00:00,c029cd96-f265-40a8-9bb9-359ff579a004,True,,56485,2063ab93-faa0-4577-a1cf-144f4d746574,purchase_ticket,2026-04-29T00:04:15.412997+00:00,2026-04-28T18:04:15.78388+00:00
933047d4-ff65-45b1-8f8c-1303123c878a,2026-04-29T00:04:15.412997+00:00,0036b804-f3e8-45fb-83d3-b5e15ee0e2b5,True,,56486,2da3dfec-cad8-44fe-b46c-c9a78c36ee68,purchase_ticket,2026-04-29T00:04:15.412997+00:00,2026-04-28T18:04:15.78388+00:00
933047d4-ff65-45b1-8f8c-1303123c878a,2026-04-29T00:04:15.412997+00:00,83a110cf-582a-41b3-aad4-3707098ce454,True,,56487,7434d181-499b-48ce-8410-b6fc0f005e64,purchase_ticket,2026-04-29T00:04:15.412997+00:00,2026-04-28T18:04:15.784876+00:00
933047d4-ff65-45b1-8f8c-1303123c878a,2026-04-29T00:04:15.412997+00:00,2422f48e-d2fe-475a-9136-b65183c7d99b,True,,56488,a0e786ad-67b5-44b5-b0a2-e11176461501,purchase_ticket,2026-04-29T00:04:15.412997+00:00,2026-04-28T18:04:15.784876+00:00
933047d4-ff65-45b1-8f8c-1303123c878a,2026-04-29T00:04:15.412997+00:00,3dc9610e-0d7e-42cb-a7a1-63b8ef1d1f18,True,,56489,e8f213be-f116-42c9-9e9c-8b187ae610db,purchase_ticket,2026-04-29T00:04:15.412997+00:00,2026-04-28T18:04:15.784876+00:00
933047d4-ff65-45b1-8f8c-1303123c878a,2026-04-29T00:04:15.412997+00:00,f62933ea-7dc7-4fed-9431-f7b725268485,True,,56490,4d14c30e-1a0b-4281-963b-56acc3b9cc14,purchase_ticket,2026-04-29T00:04:15.412997+00:00,2026-04-28T18:04:15.784876+00:00
933047d4-ff65-45b1-8f8c-1303123c878a,2026-04-29T00:04:15.412997+00:00,f8234b1b-1f52-486d-bfa3-f78b26d4bc68,True,,56491,d05a5597-1b08-4ab5-8944-94de2a034b75,purchase_ticket,2026-04-29T00:04:15.412997+00:00,2026-04-28T18:04:15.784876+00:00
933047d4-ff65-45b1-8f8c-1303123c878a,2026-04-29T00:04:15.412997+00:00,4b2fbb3a-25cf-4b0a-89ce-38120a61f90f,True,,56492,6b3d4fcd-56d0-40cc-9078-b9dd213f62f8,purchase_ticket,2026-04-29T00:04:15.412997+00:00,2026-04-28T18:04:15.784876+00:00
933047d4-ff65-45b1-8f8c-1303123c878a,2026-04-29T00:04:15.412997+00:00,d10f22a5-f782-4fb5-a1d2-c8ae0051f14b,True,,56493,14b71776-498f-494f-9167-13210c25068f,purchase_ticket,2026-04-29T00:04:15.412997+00:00,2026-04-28T18:04:15.784876+00:00
933047d4-ff65-45b1-8f8c-1303123c878a,2026-04-29T00:04:15.412997+00:00,842b18a2-95bd-4a4c-bdef-387774c418f4,True,,56494,819a92e8-29eb-4ad9-a233-7e2bd366966f,purchase_ticket,2026-04-29T00:04:15.412997+00:00,2026-04-28T18:04:15.784876+00:00
933047d4-ff65-45b1-8f8c-1303123c878a,2026-04-29T00:04:15.412997+00:00,5ab18e99-a4b5-43a5-b825-bec8b1315f63,True,,80857,ca04a6de-5dd8-48f4-9a04-2a0ff6d4cc12,purchase_ticket,2026-04-29T00:04:15.412997+00:00,2026-04-28T18:04:15.784876+00:00
933047d4-ff65-45b1-8f8c-1303123c878a,2026-04-29T00:04:15.412997+00:00,e5718c1e-dd14-4d6d-8931-a08e7cae0373,True,,80918,de2bc0df-b91d-4560-b996-f119960b7e97,purchase_ticket,2026-04-29T00:04:15.412997+00:00,2026-04-28T18:04:15.784876+00:00
933047d4-ff65-45b1-8f8c-1303123c878a,2026-04-29T00:04:15.412997+00:00,62b9d92a-136a-4133-a954-c93431fc5a2d,True,,80924,01c19c2b-d293-4467-bc05-7d3a9166f1df,purchase_ticket,2026-04-29T00:04:15.412997+00:00,2026-04-28T18:04:15.784876+00:00
933047d4-ff65-45b1-8f8c-1303123c878a,2026-04-29T00:04:15.412997+00:00,2cbe96fc-2054-4944-9647-6e9792bf4c18,True,,80925,8bcbe94e-f6bd-476e-b851-3cf724296288,purchase_ticket,2026-04-29T00:04:15.412997+00:00,2026-04-28T18:04:15.784876+00:00
933047d4-ff65-45b1-8f8c-1303123c878a,2026-04-29T00:04:15.412997+00:00,2cae58d7-3dce-45a5-af11-481112594aa7,True,,80926,a74f0048-c50a-4428-9b64-a9f6e5583c0d,purchase_ticket,2026-04-29T00:04:15.412997+00:00,2026-04-28T18:04:15.784876+00:00
933047d4-ff65-45b1-8f8c-1303123c878a,2026-04-29T00:04:15.412997+00:00,ccc40e61-5fd8-4979-be40-cbd1a1dc4ed8,True,,80932,ffb8b7b7-01cb-4ef3-af8f-f7b9f068d242,purchase_ticket,2026-04-29T00:04:15.412997+00:00,2026-04-28T18:04:15.784876+00:00
933047d4-ff65-45b1-8f8c-1303123c878a,2026-04-29T00:04:15.412997+00:00,8f17b8e0-2608-4dbc-9be4-a542aa0bc592,True,,80933,03c01b6e-3ca7-445c-93d9-01c5b647fc5e,purchase_ticket,2026-04-29T00:04:15.412997+00:00,2026-04-28T18:04:15.784876+00:00
933047d4-ff65-45b1-8f8c-1303123c878a,2026-04-29T00:04:15.412997+00:00,9e205e36-6a62-465e-8ee0-94241f7d2be0,True,,80934,fc67a1f3-e2ba-4061-8450-95739aa79b90,purchase_ticket,2026-04-29T00:04:15.412997+00:00,2026-04-28T18:04:15.784876+00:00
933047d4-ff65-45b1-8f8c-1303123c878a,2026-04-29T00:04:15.412997+00:00,a9a9d07d-d9ae-4c6d-9462-dc055d269eb9,True,,80939,24d74bca-e257-4ba8-be67-482dee0f7095,purchase_ticket,2026-04-29T00:04:15.412997+00:00,2026-04-28T18:04:15.784876+00:00
933047d4-ff65-45b1-8f8c-1303123c878a,2026-04-29T00:04:15.412997+00:00,75a42e5d-9074-4cfa-99a7-27e6d392e0e1,True,,80945,53c46966-3ffd-4e13-a5ef-6ff6d2abb94e,purchase_ticket,2026-04-29T00:04:15.412997+00:00,2026-04-28T18:04:15.784876+00:00
933047d4-ff65-45b1-8f8c-1303123c878a,2026-04-29T00:04:15.412997+00:00,40e98b67-0e22-4cb8-8f61-7adc10810f00,True,,80947,60ce713a-1e1f-44e7-9bd4-436500af0c55,purchase_ticket,2026-04-29T00:04:15.412997+00:00,2026-04-28T18:04:15.784876+00:00
933047d4-ff65-45b1-8f8c-1303123c878a,2026-04-29T00:04:15.412997+00:00,cdb8adbb-bc75-41b7-9c29-004e952f0bce,True,,80948,847d9072-4f31-49d3-8dd3-1cbbf647b0de,purchase_ticket,2026-04-29T00:04:15.412997+00:00,2026-04-28T18:04:15.784876+00:00
933047d4-ff65-45b1-8f8c-1303123c878a,2026-04-29T00:04:15.412997+00:00,de0ba3d5-e774-43f5-87fd-752967199e4e,True,,80950,f69f3677-0784-480d-914e-89b83417e885,purchase_ticket,2026-04-29T00:04:15.412997+00:00,2026-04-28T18:04:15.784876+00:00
933047d4-ff65-45b1-8f8c-1303123c878a,2026-04-29T00:04:15.412997+00:00,09e7165e-a96b-4c3b-b199-0bdbf65802e1,True,,80951,b72b7cc1-6dbe-40d1-8150-9d553e2fda76,purchase_ticket,2026-04-29T00:04:15.412997+00:00,2026-04-28T18:04:15.784876+00:00
933047d4-ff65-45b1-8f8c-1303123c878a,2026-04-29T00:04:15.412997+00:00,1c79b5b4-13cb-426c-a9c3-353965df746c,True,,80952,c8030dc9-54f1-4588-865c-5fc8eec29d83,purchase_ticket,2026-04-29T00:04:15.412997+00:00,2026-04-28T18:04:15.784876+00:00
933047d4-ff65-45b1-8f8c-1303123c878a,2026-04-29T00:04:15.412997+00:00,b1db48ed-83af-44d8-868a-79b0b5317560,True,,80954,c0e86a61-9900-4181-9314-66fc6d862617,purchase_ticket,2026-04-29T00:04:15.412997+00:00,2026-04-28T18:04:15.784876+00:00
337891d8-b406-4502-810f-6b10dd993a77,2026-04-27T17:35:58.691484+00:00,27551454-91f7-4ee2-b65e-41328aace1b1,True,SON 350,18481,c52c4a6e-22e0-4f91-a721-92795cf3499c,expense_voucher,2026-04-29T20:34:20.198901+00:00,2026-04-29T14:34:20.120783+00:00
337891d8-b406-4502-810f-6b10dd993a77,2026-04-27T17:35:58.691484+00:00,df8a38b6-ab05-49bf-9b65-61c3d5042c24,True,COMPROBAR,18482,47523fac-4567-4ae4-986a-d5851b6b3556,expense_voucher,2026-04-29T20:34:20.198901+00:00,2026-04-29T14:34:20.120783+00:00
337891d8-b406-4502-810f-6b10dd993a77,2026-04-27T17:35:58.691484+00:00,ab6c2de1-7b11-4ccd-998c-bac61956147a,True,DUPLICADO,18487,14e9c3f0-3506-4800-a139-3a46b06a3f84,expense_voucher,2026-04-29T20:34:20.198901+00:00,2026-04-29T14:34:20.120783+00:00
337891d8-b406-4502-810f-6b10dd993a77,2026-04-27T17:35:58.691484+00:00,e9e8ed9e-ca9f-42d7-abeb-7bf8fe3c36a8,True,COMPROBAR,18494,c8d82094-f383-49f4-b39b-3c4fb169ad69,expense_voucher,2026-04-29T20:34:20.198901+00:00,2026-04-29T14:34:20.120783+00:00
337891d8-b406-4502-810f-6b10dd993a77,2026-04-27T17:35:58.691484+00:00,45c70c73-9575-4697-be47-a7f5f9743528,True,BORRAR,180,1682e625-9313-4204-97e8-1f2efb8529df,deposit_voucher,2026-04-29T20:34:20.198901+00:00,2026-04-29T14:34:20.120783+00:00
337891d8-b406-4502-810f-6b10dd993a77,2026-04-27T17:35:58.691484+00:00,67edc953-b6d0-44f4-8219-308d6978ab62,True,NO CUADRA,80877,7490f48e-67ed-4d12-ba6d-667cdcf6021b,purchase_ticket,2026-04-29T20:34:20.198901+00:00,2026-04-29T14:34:20.120783+00:00
387649b6-e91d-4dda-a9b6-7720c5ef1f80,2026-04-30T00:08:39.751315+00:00,ca8f54be-5b33-4ecb-a904-23c07fa35c05,True,COMPROBAR,18482,47523fac-4567-4ae4-986a-d5851b6b3556,expense_voucher,2026-05-04T15:34:55.514781+00:00,2026-05-04T09:34:55.353325+00:00
387649b6-e91d-4dda-a9b6-7720c5ef1f80,2026-04-30T00:08:39.751315+00:00,e5ddc934-d1be-4f8d-ad2f-99f33987d935,True,,18494,c8d82094-f383-49f4-b39b-3c4fb169ad69,expense_voucher,2026-04-30T00:08:39.751315+00:00,2026-04-29T18:08:40.014314+00:00
387649b6-e91d-4dda-a9b6-7720c5ef1f80,2026-04-30T00:08:39.751315+00:00,fb67370a-9d7d-4b7b-a3c2-af82d8fdd521,True,,18481,c52c4a6e-22e0-4f91-a721-92795cf3499c,expense_voucher,2026-04-30T00:08:39.751315+00:00,2026-04-29T18:08:40.014314+00:00
387649b6-e91d-4dda-a9b6-7720c5ef1f80,2026-04-30T00:08:39.751315+00:00,1e807072-6eea-48f9-b19f-ae8ed12004a1,True,,18470,a611ce99-c7dd-4b36-9229-60e66d81c89a,expense_voucher,2026-04-30T00:08:39.751315+00:00,2026-04-29T18:08:40.014314+00:00
387649b6-e91d-4dda-a9b6-7720c5ef1f80,2026-04-30T00:08:39.751315+00:00,169adf43-339a-4b3a-af2f-4723fc7f420c,True,,181,cf623c33-8a8f-4fac-95ec-2f7a88778a76,deposit_voucher,2026-04-30T00:08:39.751315+00:00,2026-04-29T18:08:40.014314+00:00
387649b6-e91d-4dda-a9b6-7720c5ef1f80,2026-04-30T00:08:39.751315+00:00,05c587b1-b939-4658-a58d-d177cb23e320,True,,144,11b14943-df23-45d5-acb0-821d67617fad,sale_ticket,2026-04-30T00:08:39.751315+00:00,2026-04-29T18:08:40.014314+00:00
387649b6-e91d-4dda-a9b6-7720c5ef1f80,2026-04-30T00:08:39.751315+00:00,ac02eb32-b85d-4036-8af3-66639cc9f1c0,True,COMPROBAR,18510,fa630e8b-f6cf-4bf0-a089-9b50e36de1d8,expense_voucher,2026-05-04T15:35:12.796167+00:00,2026-05-04T09:35:12.642444+00:00
387649b6-e91d-4dda-a9b6-7720c5ef1f80,2026-04-30T00:08:39.751315+00:00,50f1ec7c-5475-4e79-879a-98becc059a98,True,,18524,278900fd-508d-4e23-bced-22aae741f0de,expense_voucher,2026-04-30T00:08:39.751315+00:00,2026-04-29T18:08:40.014314+00:00
387649b6-e91d-4dda-a9b6-7720c5ef1f80,2026-04-30T00:08:39.751315+00:00,a27aaaa4-6194-4c24-9445-2f1260e2b606,True,,18525,ada39739-b836-46a3-97a7-711e20404c35,expense_voucher,2026-04-30T00:08:39.751315+00:00,2026-04-29T18:08:40.014314+00:00
387649b6-e91d-4dda-a9b6-7720c5ef1f80,2026-04-30T00:08:39.751315+00:00,558b425e-dc37-4123-89ee-6bf97a6ed313,True,,18526,93cc2f06-eb25-40d0-838c-9d73b2461a4a,expense_voucher,2026-04-30T00:08:39.751315+00:00,2026-04-29T18:08:40.014314+00:00
387649b6-e91d-4dda-a9b6-7720c5ef1f80,2026-04-30T00:08:39.751315+00:00,596a7a0e-fa90-409e-8df1-1f435fc5538f,True,COMPROBAR,140,41558ecc-0a99-49e1-8135-631eeb0c9be6,sale_ticket,2026-04-30T14:44:59.544947+00:00,2026-04-30T08:44:59.865387+00:00
387649b6-e91d-4dda-a9b6-7720c5ef1f80,2026-04-30T00:08:39.751315+00:00,298165da-3bc2-4c3e-b516-443b5e2c650e,True,COMPROBAR,18514,fbcf08b9-b2cd-4186-8d3b-c06df29a73ca,expense_voucher,2026-05-04T21:30:21.384057+00:00,2026-05-04T15:30:22.173988+00:00
c296017e-0b91-46d0-8b76-8b20274dc83a,2026-05-05T00:16:21.601811+00:00,97bc30fc-6d48-405a-89ae-8fd949c893df,True,,81067,505d7dd3-a0b9-4453-b1bc-9da019932bd0,purchase_ticket,2026-05-05T00:16:21.601811+00:00,2026-05-04T18:16:22.486185+00:00
387649b6-e91d-4dda-a9b6-7720c5ef1f80,2026-04-30T00:08:39.751315+00:00,cbeac97c-339d-44c1-b848-436e7c48b930,True,,18527,c5aa7139-9580-4ad1-b12d-8397a8dcdc08,expense_voucher,2026-04-30T00:08:39.751315+00:00,2026-04-29T18:08:40.014314+00:00
387649b6-e91d-4dda-a9b6-7720c5ef1f80,2026-04-30T00:08:39.751315+00:00,1266ee28-c447-407d-badf-19f8052217ad,True,,18528,fac89516-0e3d-44a6-9683-67b852602825,expense_voucher,2026-04-30T00:08:39.751315+00:00,2026-04-29T18:08:40.014314+00:00
387649b6-e91d-4dda-a9b6-7720c5ef1f80,2026-04-30T00:08:39.751315+00:00,ea326dc1-6215-40ed-a572-9a549095127c,True,,18529,a9f48c29-981a-407a-a939-9afb807859af,expense_voucher,2026-04-30T00:08:39.751315+00:00,2026-04-29T18:08:40.014314+00:00
387649b6-e91d-4dda-a9b6-7720c5ef1f80,2026-04-30T00:08:39.751315+00:00,478bd3c9-f860-4901-bf67-14db09e190bc,True,,18531,22bca228-d438-4cb1-8a9a-e92caf4773f5,expense_voucher,2026-04-30T00:08:39.751315+00:00,2026-04-29T18:08:40.015315+00:00
387649b6-e91d-4dda-a9b6-7720c5ef1f80,2026-04-30T00:08:39.751315+00:00,4712154d-7a42-4a4c-9d9b-83cb6470660d,True,,18532,ac3a53df-018a-432c-817e-357724473c9f,expense_voucher,2026-04-30T00:08:39.751315+00:00,2026-04-29T18:08:40.015315+00:00
387649b6-e91d-4dda-a9b6-7720c5ef1f80,2026-04-30T00:08:39.751315+00:00,252677e1-cbcb-4243-8f69-7fcc4775fa33,True,,18533,a4eae78d-dcf9-44f1-a7b0-0441b6d673e0,expense_voucher,2026-04-30T00:08:39.751315+00:00,2026-04-29T18:08:40.015315+00:00
387649b6-e91d-4dda-a9b6-7720c5ef1f80,2026-04-30T00:08:39.751315+00:00,db99addc-af40-4015-9cca-ead23b84f899,True,,18534,a32f8a3c-cb6e-41cd-a90e-94b0a24a7a4b,expense_voucher,2026-04-30T00:08:39.751315+00:00,2026-04-29T18:08:40.015315+00:00
387649b6-e91d-4dda-a9b6-7720c5ef1f80,2026-04-30T00:08:39.751315+00:00,194949dd-c676-4f84-92af-28109ab35cf5,True,,18535,12eab20e-2665-44aa-807f-288a6e8e9286,expense_voucher,2026-04-30T00:08:39.751315+00:00,2026-04-29T18:08:40.015315+00:00
387649b6-e91d-4dda-a9b6-7720c5ef1f80,2026-04-30T00:08:39.751315+00:00,f357d675-e837-47e9-bc37-cc25a7e5b310,True,,18538,10639ecf-7df5-4ed7-9881-12ace69730c2,expense_voucher,2026-04-30T00:08:39.751315+00:00,2026-04-29T18:08:40.015315+00:00
387649b6-e91d-4dda-a9b6-7720c5ef1f80,2026-04-30T00:08:39.751315+00:00,bf81d681-510a-46f4-b7f5-ad46df3af7ad,True,,18539,94cd9cde-d7ad-4948-9f11-d5634efcc75a,expense_voucher,2026-04-30T00:08:39.751315+00:00,2026-04-29T18:08:40.015315+00:00
387649b6-e91d-4dda-a9b6-7720c5ef1f80,2026-04-30T00:08:39.751315+00:00,789b839b-097c-4527-a843-047fdc8022bf,True,,195,518b577a-51e8-4258-bc13-d8def5fc20e5,deposit_voucher,2026-04-30T00:08:39.751315+00:00,2026-04-29T18:08:40.015315+00:00
387649b6-e91d-4dda-a9b6-7720c5ef1f80,2026-04-30T00:08:39.751315+00:00,189612e5-bc04-4a77-bf3b-94c20fbac751,True,,196,e71c639d-5745-45d1-b401-3144cb7fc5e1,deposit_voucher,2026-04-30T00:08:39.751315+00:00,2026-04-29T18:08:40.015315+00:00
387649b6-e91d-4dda-a9b6-7720c5ef1f80,2026-04-30T00:08:39.751315+00:00,574bf96f-1a20-48f4-8cf1-f13118142697,True,,197,ba881eae-d54b-45dd-9952-85b48643c40f,deposit_voucher,2026-04-30T00:08:39.751315+00:00,2026-04-29T18:08:40.015315+00:00
387649b6-e91d-4dda-a9b6-7720c5ef1f80,2026-04-30T00:08:39.751315+00:00,8c777603-5024-471c-811c-70a8da52aa71,True,,1098,95c65416-26b3-4ab4-85d6-f71f06f98612,sale_ticket,2026-04-30T00:08:39.751315+00:00,2026-04-29T18:08:40.015315+00:00
387649b6-e91d-4dda-a9b6-7720c5ef1f80,2026-04-30T00:08:39.751315+00:00,2e2a0c44-acb0-4dd3-b411-42819accd734,True,,1194,ccf64270-3aab-42db-ab7b-a508392d841b,sale_ticket,2026-04-30T00:08:39.751315+00:00,2026-04-29T18:08:40.015315+00:00
387649b6-e91d-4dda-a9b6-7720c5ef1f80,2026-04-30T00:08:39.751315+00:00,19d03f41-63d0-4aa9-adf0-119b36d205f6,True,,12233,39001e25-080d-4de6-9310-95f384bd0c51,sale_ticket,2026-04-30T00:08:39.751315+00:00,2026-04-29T18:08:40.015315+00:00
c296017e-0b91-46d0-8b76-8b20274dc83a,2026-05-05T00:16:21.601811+00:00,8bcb1f9e-4c0a-41ef-af1b-5398892ed4df,True,,81072,f3234145-d3da-4cec-9da0-2cbd4b42001a,purchase_ticket,2026-05-05T00:16:21.601811+00:00,2026-05-04T18:16:22.486185+00:00
387649b6-e91d-4dda-a9b6-7720c5ef1f80,2026-04-30T00:08:39.751315+00:00,f3f1c54e-d125-4ccf-a8bd-d5f03da6ec38,True,,286,8d73fc96-0c8a-49ab-882f-b2d37712236f,sale_ticket,2026-04-30T00:08:39.751315+00:00,2026-04-29T18:08:40.015315+00:00
387649b6-e91d-4dda-a9b6-7720c5ef1f80,2026-04-30T00:08:39.751315+00:00,56d59b63-23c3-4649-9adb-02d99a37fd7b,True,,107,5de5a89d-6a13-42ef-b4c5-eaeebff930c5,purchase_ticket,2026-04-30T00:08:39.751315+00:00,2026-04-29T18:08:40.015315+00:00
387649b6-e91d-4dda-a9b6-7720c5ef1f80,2026-04-30T00:08:39.751315+00:00,f7acb567-4306-4dd3-9aa5-d1807eac3049,True,,55501,23cf6f97-8603-4f91-9322-121706b66382,purchase_ticket,2026-04-30T00:08:39.751315+00:00,2026-04-29T18:08:40.015315+00:00
387649b6-e91d-4dda-a9b6-7720c5ef1f80,2026-04-30T00:08:39.751315+00:00,ed7a34e0-b248-4867-8cd4-5a07fb682b13,True,,55502,7b17016b-8364-4d0d-9f33-154bd35d77fd,purchase_ticket,2026-04-30T00:08:39.751315+00:00,2026-04-29T18:08:40.015315+00:00
387649b6-e91d-4dda-a9b6-7720c5ef1f80,2026-04-30T00:08:39.751315+00:00,a0acff11-fdd7-4c13-a188-6b0006fc0dc4,True,,55503,ccdb48ff-0d98-4578-afc9-e97a8fb99c43,purchase_ticket,2026-04-30T00:08:39.751315+00:00,2026-04-29T18:08:40.015315+00:00
387649b6-e91d-4dda-a9b6-7720c5ef1f80,2026-04-30T00:08:39.751315+00:00,ae00dc5e-4864-42b2-957b-696f9adecf6c,True,,55504,8c2192c4-4ce8-4bb2-b1a1-cd9debb1ca6e,purchase_ticket,2026-04-30T00:08:39.751315+00:00,2026-04-29T18:08:40.015315+00:00
387649b6-e91d-4dda-a9b6-7720c5ef1f80,2026-04-30T00:08:39.751315+00:00,eb8e6e27-6c49-40d0-9a50-f95423b57cca,True,,55505,7e851703-8e53-4c60-bc93-11f0b4650ef1,purchase_ticket,2026-04-30T00:08:39.751315+00:00,2026-04-29T18:08:40.015315+00:00
387649b6-e91d-4dda-a9b6-7720c5ef1f80,2026-04-30T00:08:39.751315+00:00,5e30ce79-70eb-440c-9313-355a6e6d33db,True,,55506,a3c6dd95-787f-4cae-9c23-e1de2b50627c,purchase_ticket,2026-04-30T00:08:39.751315+00:00,2026-04-29T18:08:40.015315+00:00
387649b6-e91d-4dda-a9b6-7720c5ef1f80,2026-04-30T00:08:39.751315+00:00,17cb9e3b-81f9-4eea-9f14-5ad70c153335,True,,55507,63f0bab3-3a4b-479f-858b-8e54042edde7,purchase_ticket,2026-04-30T00:08:39.751315+00:00,2026-04-29T18:08:40.015315+00:00
387649b6-e91d-4dda-a9b6-7720c5ef1f80,2026-04-30T00:08:39.751315+00:00,868704b9-1990-4cf5-8c4d-d9d657a9874d,True,,55508,d729295f-9660-4ce2-9b21-65f8340fe6c6,purchase_ticket,2026-04-30T00:08:39.751315+00:00,2026-04-29T18:08:40.015315+00:00
387649b6-e91d-4dda-a9b6-7720c5ef1f80,2026-04-30T00:08:39.751315+00:00,ea15ecdc-37d3-461d-b4e8-8ce304ece60f,True,,55509,abf8cea1-0a68-4696-8426-737308ca9c49,purchase_ticket,2026-04-30T00:08:39.751315+00:00,2026-04-29T18:08:40.015315+00:00
387649b6-e91d-4dda-a9b6-7720c5ef1f80,2026-04-30T00:08:39.751315+00:00,64ea2310-134f-4fd1-9039-8e4e300131bd,True,,55510,9c865d59-383e-4c1d-994f-cf437fa03574,purchase_ticket,2026-04-30T00:08:39.751315+00:00,2026-04-29T18:08:40.015315+00:00
387649b6-e91d-4dda-a9b6-7720c5ef1f80,2026-04-30T00:08:39.751315+00:00,b7d5de50-d63c-41de-b1df-0692d6aef2ba,True,,55511,4e2097b5-eadb-4269-a6a0-acdd5f242065,purchase_ticket,2026-04-30T00:08:39.751315+00:00,2026-04-29T18:08:40.015315+00:00
387649b6-e91d-4dda-a9b6-7720c5ef1f80,2026-04-30T00:08:39.751315+00:00,8eb04d4c-6eea-4f56-824d-d84b020debdd,True,,55514,b020f339-80da-4e2c-be65-29205781f1e0,purchase_ticket,2026-04-30T00:08:39.751315+00:00,2026-04-29T18:08:40.015315+00:00
387649b6-e91d-4dda-a9b6-7720c5ef1f80,2026-04-30T00:08:39.751315+00:00,bca8c65f-081b-4805-96ab-6f436748c4aa,True,,55515,7ed57152-3e87-4134-901c-8a26ce1c02da,purchase_ticket,2026-04-30T00:08:39.751315+00:00,2026-04-29T18:08:40.015315+00:00
387649b6-e91d-4dda-a9b6-7720c5ef1f80,2026-04-30T00:08:39.751315+00:00,d7898991-99aa-46f5-b9ac-9d023b5bd2bf,True,,56495,e12f1706-50b5-470c-9b97-f3a308f6463b,purchase_ticket,2026-04-30T00:08:39.751315+00:00,2026-04-29T18:08:40.015315+00:00
387649b6-e91d-4dda-a9b6-7720c5ef1f80,2026-04-30T00:08:39.751315+00:00,342e260b-79c1-4686-be7d-b65263bc0057,True,,56496,3e171a68-d1e5-43e9-ba33-1ed52dd5eb93,purchase_ticket,2026-04-30T00:08:39.751315+00:00,2026-04-29T18:08:40.015315+00:00
387649b6-e91d-4dda-a9b6-7720c5ef1f80,2026-04-30T00:08:39.751315+00:00,e2b465a7-fb6c-4d3c-ae76-62651391fa06,True,,56498,2fc47bef-8c4e-4ff8-b2c4-d67a74782c7f,purchase_ticket,2026-04-30T00:08:39.751315+00:00,2026-04-29T18:08:40.015315+00:00
387649b6-e91d-4dda-a9b6-7720c5ef1f80,2026-04-30T00:08:39.751315+00:00,4d02bd24-42e6-4403-af15-13b4f4dfc244,True,,56499,424e9310-9944-4a1b-a1e6-c6242506109f,purchase_ticket,2026-04-30T00:08:39.751315+00:00,2026-04-29T18:08:40.015315+00:00
387649b6-e91d-4dda-a9b6-7720c5ef1f80,2026-04-30T00:08:39.751315+00:00,57c2a989-d583-4218-994f-9285d9a1ae96,True,,56500,49544e99-0f24-4727-9a42-cafcc38ecf2e,purchase_ticket,2026-04-30T00:08:39.751315+00:00,2026-04-29T18:08:40.015315+00:00
387649b6-e91d-4dda-a9b6-7720c5ef1f80,2026-04-30T00:08:39.751315+00:00,eb39bea5-9921-4430-9fde-08fe651adb9f,True,,80330,307ee200-821c-4b4a-9bdf-db95797b685a,purchase_ticket,2026-04-30T00:08:39.751315+00:00,2026-04-29T18:08:40.015315+00:00
387649b6-e91d-4dda-a9b6-7720c5ef1f80,2026-04-30T00:08:39.751315+00:00,660e3f68-e6df-4094-8a53-95bd61339837,True,,80956-A,7e40f9c4-3d9e-4f69-a0f6-64fa7e32bac0,purchase_ticket,2026-04-30T00:08:39.751315+00:00,2026-04-29T18:08:40.015315+00:00
387649b6-e91d-4dda-a9b6-7720c5ef1f80,2026-04-30T00:08:39.751315+00:00,c2914ddf-749a-4e56-9ef5-b889a8a757a5,True,,80956-B,86fa7581-f341-4479-8b93-1bd5f1ee8334,purchase_ticket,2026-04-30T00:08:39.751315+00:00,2026-04-29T18:08:40.015315+00:00
387649b6-e91d-4dda-a9b6-7720c5ef1f80,2026-04-30T00:08:39.751315+00:00,fa2f71f4-e3d1-4ec9-9b96-5adcdfd62145,True,,80959,fed9624b-c44e-4a40-9582-c3da6a392b55,purchase_ticket,2026-04-30T00:08:39.751315+00:00,2026-04-29T18:08:40.015315+00:00
387649b6-e91d-4dda-a9b6-7720c5ef1f80,2026-04-30T00:08:39.751315+00:00,5ce30efd-2cbe-473b-ac1a-1b0b18dc32a7,True,,80961,8b0131c6-d22c-4903-88d0-8b4c2d17d249,purchase_ticket,2026-04-30T00:08:39.751315+00:00,2026-04-29T18:08:40.015315+00:00
387649b6-e91d-4dda-a9b6-7720c5ef1f80,2026-04-30T00:08:39.751315+00:00,45bb41e8-cf5b-4d22-bfe9-b4bd5b991d0e,True,,80967,fee0ccd8-f7c2-4fba-b152-e6ecf6ad66ca,purchase_ticket,2026-04-30T00:08:39.751315+00:00,2026-04-29T18:08:40.015315+00:00
387649b6-e91d-4dda-a9b6-7720c5ef1f80,2026-04-30T00:08:39.751315+00:00,52c374d2-c10a-4fb1-98cd-f7b306d84b62,True,,80974,657000ce-a072-4644-92cf-38aea7848592,purchase_ticket,2026-04-30T00:08:39.751315+00:00,2026-04-29T18:08:40.015315+00:00
387649b6-e91d-4dda-a9b6-7720c5ef1f80,2026-04-30T00:08:39.751315+00:00,72d060db-2df3-44d6-94fc-a4a97034c2e0,True,,80976,aec008a7-6ea1-4e78-ac6b-fb310e19ecaf,purchase_ticket,2026-04-30T00:08:39.751315+00:00,2026-04-29T18:08:40.015315+00:00
387649b6-e91d-4dda-a9b6-7720c5ef1f80,2026-04-30T00:08:39.751315+00:00,433c1d08-0c04-413a-95c5-7b65ecfb17f7,True,,80977,3789cf76-8acb-48ac-b6d1-b37e09b1c49e,purchase_ticket,2026-04-30T00:08:39.751315+00:00,2026-04-29T18:08:40.015315+00:00
387649b6-e91d-4dda-a9b6-7720c5ef1f80,2026-04-30T00:08:39.751315+00:00,49b97824-fc6c-483e-99a9-deaeb72bf2e4,True,,80979,98d4c2e0-a4e4-4e1f-92e7-6b079a551990,purchase_ticket,2026-04-30T00:08:39.751315+00:00,2026-04-29T18:08:40.015315+00:00
387649b6-e91d-4dda-a9b6-7720c5ef1f80,2026-04-30T00:08:39.751315+00:00,23d1a7f4-8916-47dc-87b6-b39d5d8e0a40,True,,80980,9dd3a8d0-763d-410d-bed7-6ae8e1d735c4,purchase_ticket,2026-04-30T00:08:39.751315+00:00,2026-04-29T18:08:40.015315+00:00
387649b6-e91d-4dda-a9b6-7720c5ef1f80,2026-04-30T00:08:39.751315+00:00,dc40bf27-e0be-4ac4-bd32-a2ee5254b815,True,,80981,cd69e8a1-baa7-451f-9d73-e5906f26abd9,purchase_ticket,2026-04-30T00:08:39.751315+00:00,2026-04-29T18:08:40.015315+00:00
387649b6-e91d-4dda-a9b6-7720c5ef1f80,2026-04-30T00:08:39.751315+00:00,cdb83000-3fdc-4843-a86e-a1a82f4125c5,True,,80984,cdd90298-f6bd-499e-970d-3147ba2e93a1,purchase_ticket,2026-04-30T00:08:39.751315+00:00,2026-04-29T18:08:40.015315+00:00
387649b6-e91d-4dda-a9b6-7720c5ef1f80,2026-04-30T00:08:39.751315+00:00,69bf1e8d-0df2-437b-91bf-00cea493a03a,True,,80988,87d52b0a-efd1-4660-8f67-ec684e0eb78f,purchase_ticket,2026-04-30T00:08:39.751315+00:00,2026-04-29T18:08:40.015315+00:00
387649b6-e91d-4dda-a9b6-7720c5ef1f80,2026-04-30T00:08:39.751315+00:00,fe1c123e-7fe7-4c42-8c71-a4ac5e6282f6,True,,80990,9ea4340d-18b1-4f8e-a57c-f4119ffd596e,purchase_ticket,2026-04-30T00:08:39.751315+00:00,2026-04-29T18:08:40.015315+00:00
933047d4-ff65-45b1-8f8c-1303123c878a,2026-04-29T00:04:15.412997+00:00,d4145878-0aef-4e93-bccb-dcf4bb9f1034,True,COMPROBAR,140,41558ecc-0a99-49e1-8135-631eeb0c9be6,sale_ticket,2026-04-30T14:44:59.544947+00:00,2026-04-30T08:44:59.865387+00:00
933047d4-ff65-45b1-8f8c-1303123c878a,2026-04-29T00:04:15.412997+00:00,3f5f1ab4-6665-4a1d-b2fc-34394de11d11,True,COMPROBAR,144,11b14943-df23-45d5-acb0-821d67617fad,sale_ticket,2026-04-30T14:44:59.544947+00:00,2026-04-30T08:44:59.865387+00:00
387649b6-e91d-4dda-a9b6-7720c5ef1f80,2026-04-30T00:08:39.751315+00:00,0dcafd4f-f356-4d0d-9be6-2d6688136ef5,True,COMPROBAR,150,e8fd79d2-7c32-47df-8c56-d932ce1622e7,sale_ticket,2026-04-30T14:44:59.544947+00:00,2026-04-30T08:44:59.865387+00:00
c296017e-0b91-46d0-8b76-8b20274dc83a,2026-05-05T00:16:21.601811+00:00,c6bf7f6d-eb88-4359-abf8-d0ef78b96f74,True,,81073,8a6c3f01-e21c-45c3-bd0b-11b448dff026,purchase_ticket,2026-05-05T00:16:21.601811+00:00,2026-05-04T18:16:22.486185+00:00
c296017e-0b91-46d0-8b76-8b20274dc83a,2026-05-05T00:16:21.601811+00:00,efc07965-b667-4633-8b76-94aa46f580f3,True,,81074,ad11f436-0857-4d18-b84c-492abeb3dc52,purchase_ticket,2026-05-05T00:16:21.601811+00:00,2026-05-04T18:16:22.486185+00:00
c296017e-0b91-46d0-8b76-8b20274dc83a,2026-05-05T00:16:21.601811+00:00,b55b5127-f8ef-4a6f-aff3-b2e8529995a1,True,,81077,4af07048-9073-4b56-8b6b-0cfe171d9472,purchase_ticket,2026-05-05T00:16:21.601811+00:00,2026-05-04T18:16:22.486185+00:00
c296017e-0b91-46d0-8b76-8b20274dc83a,2026-05-05T00:16:21.601811+00:00,a95b84a0-bcaf-4bae-afe5-86014507e454,True,,81078-A,0d687355-1cdb-41f6-89db-399a72bc84e1,purchase_ticket,2026-05-05T00:16:21.601811+00:00,2026-05-04T18:16:22.486185+00:00
c296017e-0b91-46d0-8b76-8b20274dc83a,2026-05-05T00:16:21.601811+00:00,63da1638-55dc-4931-a99d-72f69e1359fa,True,,81078-B,b7ce17ea-05d5-4218-9f46-d05f9b217518,purchase_ticket,2026-05-05T00:16:21.601811+00:00,2026-05-04T18:16:22.486185+00:00
c296017e-0b91-46d0-8b76-8b20274dc83a,2026-05-05T00:16:21.601811+00:00,efeef013-f874-4d20-9b97-78d5f2172205,True,,81080,bf2e117f-d137-4c7f-b43c-199ce05cdb24,purchase_ticket,2026-05-05T00:16:21.601811+00:00,2026-05-04T18:16:22.486185+00:00
c296017e-0b91-46d0-8b76-8b20274dc83a,2026-05-05T00:16:21.601811+00:00,835e368e-99da-4db9-b7bd-0e8e432108c1,True,,81081,7376234b-1223-4cf5-8c78-a49834a8a1d0,purchase_ticket,2026-05-05T00:16:21.601811+00:00,2026-05-04T18:16:22.486185+00:00
c296017e-0b91-46d0-8b76-8b20274dc83a,2026-05-05T00:16:21.601811+00:00,74069067-e868-48a2-8b9e-4429fbfcd8ef,True,,81082,04086d85-5275-40cd-9105-d36381bd52b9,purchase_ticket,2026-05-05T00:16:21.601811+00:00,2026-05-04T18:16:22.486185+00:00
c296017e-0b91-46d0-8b76-8b20274dc83a,2026-05-05T00:16:21.601811+00:00,760b8b84-aeb3-420e-801e-67b9481991c1,True,,81084-A,e8eb9768-2642-40bb-a97b-cf603df07d59,purchase_ticket,2026-05-05T00:16:21.601811+00:00,2026-05-04T18:16:22.486185+00:00
c296017e-0b91-46d0-8b76-8b20274dc83a,2026-05-05T00:16:21.601811+00:00,81417f34-af14-42e3-a1a2-4b8bb02b0b5f,True,,81084-B,d60cc8fa-47da-49d6-b25c-ea4aac43e39c,purchase_ticket,2026-05-05T00:16:21.601811+00:00,2026-05-04T18:16:22.486185+00:00
c296017e-0b91-46d0-8b76-8b20274dc83a,2026-05-05T00:16:21.601811+00:00,87acb72a-1778-4789-b030-537c2ef3d488,True,COMPROBAR,18558,c3c79e6b-36d1-40fd-b829-6ae699cc7e8e,expense_voucher,2026-05-06T14:35:38.37813+00:00,2026-05-06T08:35:38.706478+00:00
c296017e-0b91-46d0-8b76-8b20274dc83a,2026-05-05T00:16:21.601811+00:00,27ca618c-dea6-4892-975a-31a3805ec25b,True,COMPROBAR,18571,4451da3f-a411-4b66-993c-05912ddd938c,expense_voucher,2026-05-06T14:35:38.37813+00:00,2026-05-06T08:35:38.706478+00:00
c296017e-0b91-46d0-8b76-8b20274dc83a,2026-05-05T00:16:21.601811+00:00,0ea50795-acfa-4815-9262-642930c88cd7,True,COMPROBAR,18572,d379b0ef-4a7f-496e-94ba-38949c2d0a32,expense_voucher,2026-05-06T14:35:38.37813+00:00,2026-05-06T08:35:38.706478+00:00
c296017e-0b91-46d0-8b76-8b20274dc83a,2026-05-05T00:16:21.601811+00:00,580b597b-60ef-42e7-8bac-f09b41177e39,True,COMPROBAR,18583,d9c45893-7566-43af-a5b0-4195dbefbce7,expense_voucher,2026-05-06T14:35:38.37813+00:00,2026-05-06T08:35:38.706478+00:00
820b8711-60ec-4757-ac6c-e2452b45b158,2026-05-01T00:41:41.773858+00:00,81e323e9-f894-4245-8b71-47871d2c176f,True,,18567,637b2daa-a15a-4482-9940-3981b1c1118e,expense_voucher,2026-05-01T00:41:41.773858+00:00,2026-04-30T18:41:42.105618+00:00
820b8711-60ec-4757-ac6c-e2452b45b158,2026-05-01T00:41:41.773858+00:00,2d9a5f3e-ecb1-4867-b4cc-224a324e1b59,True,,18568,4779b589-1085-40a3-929e-5a50d94cd2d9,expense_voucher,2026-05-01T00:41:41.773858+00:00,2026-04-30T18:41:42.105618+00:00
820b8711-60ec-4757-ac6c-e2452b45b158,2026-05-01T00:41:41.773858+00:00,3b6ce149-d1ca-4ab9-aae0-60c94d673624,True,,55512,c18ffab0-4da6-49fc-a9a6-96163a53ade6,purchase_ticket,2026-05-01T00:41:41.773858+00:00,2026-04-30T18:41:42.106615+00:00
820b8711-60ec-4757-ac6c-e2452b45b158,2026-05-01T00:41:41.773858+00:00,91d6c655-601f-4806-890d-cd3ad368a9ad,True,,55513,aa0495f9-eb6e-4a98-af00-80083b175e7a,purchase_ticket,2026-05-01T00:41:41.773858+00:00,2026-04-30T18:41:42.106615+00:00
820b8711-60ec-4757-ac6c-e2452b45b158,2026-05-01T00:41:41.773858+00:00,54b6eee1-e706-4e7a-9fee-1d1cfb5c5ae0,True,,55517,35af3c52-7b2b-4670-bbce-4f8f2031ddb8,purchase_ticket,2026-05-01T00:41:41.773858+00:00,2026-04-30T18:41:42.106615+00:00
820b8711-60ec-4757-ac6c-e2452b45b158,2026-05-01T00:41:41.773858+00:00,88738a85-46e9-4743-b00e-bcf67938ce17,True,,55518,bdb599da-5462-4f8c-8ea8-3a11fcec178f,purchase_ticket,2026-05-01T00:41:41.773858+00:00,2026-04-30T18:41:42.106615+00:00
820b8711-60ec-4757-ac6c-e2452b45b158,2026-05-01T00:41:41.773858+00:00,c185b35b-cbfd-48be-9044-ec919894c398,True,,55519,b8c52564-0807-434c-beaf-fe479265a73b,purchase_ticket,2026-05-01T00:41:41.773858+00:00,2026-04-30T18:41:42.106615+00:00
820b8711-60ec-4757-ac6c-e2452b45b158,2026-05-01T00:41:41.773858+00:00,7809ebe0-12f0-4564-b8b7-0aeb6d5368cb,True,,55521,c39b3527-f2da-44f8-812a-cf5e1e3c2a77,purchase_ticket,2026-05-01T00:41:41.773858+00:00,2026-04-30T18:41:42.106615+00:00
820b8711-60ec-4757-ac6c-e2452b45b158,2026-05-01T00:41:41.773858+00:00,eb4a1d54-b707-4c9f-b997-8cd538783035,True,,55522,94268132-b2e1-4191-9faf-7b7eecfc8b56,purchase_ticket,2026-05-01T00:41:41.773858+00:00,2026-04-30T18:41:42.106615+00:00
820b8711-60ec-4757-ac6c-e2452b45b158,2026-05-01T00:41:41.773858+00:00,100d928d-8ae2-4260-acff-f2f102b7955f,True,,55523,0766d7d4-1ca0-4123-9da7-f456234d4bae,purchase_ticket,2026-05-01T00:41:41.773858+00:00,2026-04-30T18:41:42.106615+00:00
820b8711-60ec-4757-ac6c-e2452b45b158,2026-05-01T00:41:41.773858+00:00,6034df42-de3b-4f44-bcf2-bd7530747471,True,,55524,a98cdd7c-0a0d-469e-9621-0b3ef0689786,purchase_ticket,2026-05-01T00:41:41.773858+00:00,2026-04-30T18:41:42.106615+00:00
820b8711-60ec-4757-ac6c-e2452b45b158,2026-05-01T00:41:41.773858+00:00,6bd8b55a-faf3-422b-a6d6-c4579f626708,True,,55525,d3e1ba34-63ae-43e9-94e0-7b7e9e5ee576,purchase_ticket,2026-05-01T00:41:41.773858+00:00,2026-04-30T18:41:42.106615+00:00
820b8711-60ec-4757-ac6c-e2452b45b158,2026-05-01T00:41:41.773858+00:00,70432a34-918b-467c-b8f7-92682b99b7ed,True,,55526,1906b26a-109a-45fb-9dab-6d2d7db7bed5,purchase_ticket,2026-05-01T00:41:41.773858+00:00,2026-04-30T18:41:42.106615+00:00
820b8711-60ec-4757-ac6c-e2452b45b158,2026-05-01T00:41:41.773858+00:00,feb2caff-6769-49a7-b664-5a119141867a,True,,55527,f4f3a522-086a-4e1e-978e-c47d07645303,purchase_ticket,2026-05-01T00:41:41.773858+00:00,2026-04-30T18:41:42.106615+00:00
820b8711-60ec-4757-ac6c-e2452b45b158,2026-05-01T00:41:41.773858+00:00,e648a8c1-4366-4399-a94b-67c34d27444e,True,,55528,ccae41dc-9dd4-4bb8-836b-f18f1b8513b4,purchase_ticket,2026-05-01T00:41:41.773858+00:00,2026-04-30T18:41:42.106615+00:00
820b8711-60ec-4757-ac6c-e2452b45b158,2026-05-01T00:41:41.773858+00:00,d8c93a7a-10fb-4476-96d8-cba5c1a53427,True,,55529,1cae9efc-de13-418e-9e30-a9e7e6ca97fb,purchase_ticket,2026-05-01T00:41:41.773858+00:00,2026-04-30T18:41:42.106615+00:00
820b8711-60ec-4757-ac6c-e2452b45b158,2026-05-01T00:41:41.773858+00:00,12ca61b3-afa2-4b3b-87fb-dc5d6c8c5cb3,True,,55530,6f1f6260-18d8-42bb-bedd-0a618da907cd,purchase_ticket,2026-05-01T00:41:41.773858+00:00,2026-04-30T18:41:42.106615+00:00
820b8711-60ec-4757-ac6c-e2452b45b158,2026-05-01T00:41:41.773858+00:00,46783644-8e10-4b29-b847-60c3201bb7ce,True,,55531,d56382e9-5392-4799-9020-dea1f2abd2c0,purchase_ticket,2026-05-01T00:41:41.773858+00:00,2026-04-30T18:41:42.106615+00:00
820b8711-60ec-4757-ac6c-e2452b45b158,2026-05-01T00:41:41.773858+00:00,32eb5019-3717-4b59-bbe1-ab232e51c477,True,,55532,816c7570-278c-475e-b5c4-b5991fe8aa26,purchase_ticket,2026-05-01T00:41:41.773858+00:00,2026-04-30T18:41:42.106615+00:00
820b8711-60ec-4757-ac6c-e2452b45b158,2026-05-01T00:41:41.773858+00:00,53d6bd8d-85c4-4ef3-be94-7735d8c368f9,True,,55533,eedc4989-70a0-4d2c-9b51-752a30139d65,purchase_ticket,2026-05-01T00:41:41.773858+00:00,2026-04-30T18:41:42.106615+00:00
820b8711-60ec-4757-ac6c-e2452b45b158,2026-05-01T00:41:41.773858+00:00,41ae4fbd-382e-41b0-a59d-d734dab0cb4b,True,,55535,27891f86-e0bc-4411-8c74-ea4536c36996,purchase_ticket,2026-05-01T00:41:41.773858+00:00,2026-04-30T18:41:42.106615+00:00
820b8711-60ec-4757-ac6c-e2452b45b158,2026-05-01T00:41:41.773858+00:00,e2db9b1d-e407-41af-96df-97d10f9ce9b2,True,,55536,2a91cffc-75d6-4f2a-8861-95e33053c638,purchase_ticket,2026-05-01T00:41:41.773858+00:00,2026-04-30T18:41:42.106615+00:00
820b8711-60ec-4757-ac6c-e2452b45b158,2026-05-01T00:41:41.773858+00:00,d657a12b-072b-4f64-bb18-04359b1efcbd,True,,55537,2b5b9bc6-9437-4ff8-9995-cd90f5e49ad0,purchase_ticket,2026-05-01T00:41:41.773858+00:00,2026-04-30T18:41:42.106615+00:00
820b8711-60ec-4757-ac6c-e2452b45b158,2026-05-01T00:41:41.773858+00:00,84a737ae-8108-44a6-888a-f7c17f189d27,True,,55538,12a87b25-619e-4529-a032-69b2c39c33b3,purchase_ticket,2026-05-01T00:41:41.773858+00:00,2026-04-30T18:41:42.106615+00:00
820b8711-60ec-4757-ac6c-e2452b45b158,2026-05-01T00:41:41.773858+00:00,b76bbb6f-6471-4fb9-a3fe-9468ce8d28eb,True,,55539,4fe99752-d473-413e-9352-87d13434663c,purchase_ticket,2026-05-01T00:41:41.773858+00:00,2026-04-30T18:41:42.106615+00:00
820b8711-60ec-4757-ac6c-e2452b45b158,2026-05-01T00:41:41.773858+00:00,451ee53b-a6fd-40ae-b9a3-2d0b8f4359d5,True,,55540,819e733c-7977-41b7-8fb8-24ec834e1c3c,purchase_ticket,2026-05-01T00:41:41.773858+00:00,2026-04-30T18:41:42.106615+00:00
820b8711-60ec-4757-ac6c-e2452b45b158,2026-05-01T00:41:41.773858+00:00,de1e29f3-8797-4b74-867d-98c66cce46fa,True,,55541,66ea830b-ec9a-4607-b3d2-f8841d981bde,purchase_ticket,2026-05-01T00:41:41.773858+00:00,2026-04-30T18:41:42.106615+00:00
820b8711-60ec-4757-ac6c-e2452b45b158,2026-05-01T00:41:41.773858+00:00,981994ec-a329-4d08-8e05-b421a5fbe09c,True,,55542,97246c86-c9c0-4c12-b539-de62b0e5d861,purchase_ticket,2026-05-01T00:41:41.773858+00:00,2026-04-30T18:41:42.106615+00:00
820b8711-60ec-4757-ac6c-e2452b45b158,2026-05-01T00:41:41.773858+00:00,ce920a8e-4e1c-4e69-b120-2446f97259de,True,,56459,0c3c4ce6-7e5f-4bd6-8cca-bbdc960c91a2,purchase_ticket,2026-05-01T00:41:41.773858+00:00,2026-04-30T18:41:42.106615+00:00
820b8711-60ec-4757-ac6c-e2452b45b158,2026-05-01T00:41:41.773858+00:00,0b2ecd47-d65d-4211-9203-107434842c04,True,,80957,1b739e5a-8011-460d-83e7-0bd9f46238b2,purchase_ticket,2026-05-01T00:41:41.773858+00:00,2026-04-30T18:41:42.106615+00:00
820b8711-60ec-4757-ac6c-e2452b45b158,2026-05-01T00:41:41.773858+00:00,7fa0c594-f6d1-4f9b-800c-a97311a5cda9,True,,80958,4e5f3bdb-3cc2-496e-8577-647569fb7d3d,purchase_ticket,2026-05-01T00:41:41.773858+00:00,2026-04-30T18:41:42.106615+00:00
820b8711-60ec-4757-ac6c-e2452b45b158,2026-05-01T00:41:41.773858+00:00,2dccf189-359f-404c-99bb-b2dd28390a5d,True,,80998,209871fc-4e46-4fd9-a57a-db51c98e6fc7,purchase_ticket,2026-05-01T00:41:41.773858+00:00,2026-04-30T18:41:42.106615+00:00
820b8711-60ec-4757-ac6c-e2452b45b158,2026-05-01T00:41:41.773858+00:00,56732301-bef2-49bf-927f-e107ae6f59b6,True,,80999,82d1e41e-d037-474d-9752-89ddca3b697e,purchase_ticket,2026-05-01T00:41:41.773858+00:00,2026-04-30T18:41:42.106615+00:00
820b8711-60ec-4757-ac6c-e2452b45b158,2026-05-01T00:41:41.773858+00:00,10546e87-351f-4961-b7b7-ddc21381b684,True,,81002,3f188949-f21a-4615-938e-d89e6a5321a7,purchase_ticket,2026-05-01T00:41:41.773858+00:00,2026-04-30T18:41:42.106615+00:00
820b8711-60ec-4757-ac6c-e2452b45b158,2026-05-01T00:41:41.773858+00:00,5ecf3f74-7c9e-4f05-941e-f7e066d00b6f,True,,81003,b82f0934-ed6e-432a-93ec-cf074dd2d32a,purchase_ticket,2026-05-01T00:41:41.773858+00:00,2026-04-30T18:41:42.106615+00:00
820b8711-60ec-4757-ac6c-e2452b45b158,2026-05-01T00:41:41.773858+00:00,939f9ef5-ae31-44e0-b455-8c0ec338d35b,True,,81008,c87df566-fb09-4d0f-861c-0c71e0eaa6a7,purchase_ticket,2026-05-01T00:41:41.773858+00:00,2026-04-30T18:41:42.107667+00:00
820b8711-60ec-4757-ac6c-e2452b45b158,2026-05-01T00:41:41.773858+00:00,2463e951-f7ab-4750-98da-1aaade3da249,True,,81011,b6850430-a53b-45bb-a86a-50bf7965cf16,purchase_ticket,2026-05-01T00:41:41.773858+00:00,2026-04-30T18:41:42.107667+00:00
820b8711-60ec-4757-ac6c-e2452b45b158,2026-05-01T00:41:41.773858+00:00,4b076ff6-81cb-4cd7-8e6e-bff8ea603840,True,,81015,7ac39afd-e4e1-4b8e-90d5-e650dd9b3568,purchase_ticket,2026-05-01T00:41:41.773858+00:00,2026-04-30T18:41:42.107667+00:00
820b8711-60ec-4757-ac6c-e2452b45b158,2026-05-01T00:41:41.773858+00:00,dd70837e-57c5-48e7-a358-0205ae5cfc82,True,,81017,19f7abf8-2002-420b-b206-4a0a38193bb7,purchase_ticket,2026-05-01T00:41:41.773858+00:00,2026-04-30T18:41:42.107667+00:00
820b8711-60ec-4757-ac6c-e2452b45b158,2026-05-01T00:41:41.773858+00:00,020e9fc2-b4e2-4b09-9064-d970faefb8bf,True,,81018,b18cd479-2f16-463e-b8b0-42d9c6a91413,purchase_ticket,2026-05-01T00:41:41.773858+00:00,2026-04-30T18:41:42.107667+00:00
cad1b027-747c-4dd8-8222-568addde7245,2026-06-22T23:53:39.464084+00:00,f06c71fc-029f-43a4-8391-9c2e84cd4f8b,True,,19093,a13c24b6-882c-4126-9a4d-601cebe8573b,expense_voucher,2026-06-22T23:53:39.464084+00:00,2026-06-22T17:53:40.609661+00:00
cad1b027-747c-4dd8-8222-568addde7245,2026-06-22T23:53:39.464084+00:00,1663adc2-1d33-41c3-8358-d30e00632f5e,True,,19122,839722f5-97f4-4c45-ac4a-fdcd388279a2,expense_voucher,2026-06-22T23:53:39.464084+00:00,2026-06-22T17:53:40.609661+00:00
cad1b027-747c-4dd8-8222-568addde7245,2026-06-22T23:53:39.464084+00:00,296fd3a2-8e55-419f-9ae6-69e90c73deca,True,,19124,7c2aba42-0d95-48db-bb95-712327f5df94,expense_voucher,2026-06-22T23:53:39.464084+00:00,2026-06-22T17:53:40.609661+00:00
cad1b027-747c-4dd8-8222-568addde7245,2026-06-22T23:53:39.464084+00:00,69a0c501-f8a3-4959-af6d-6a764c909674,True,,19158,5ec88054-f777-47d0-b6c4-5c29e7290e25,expense_voucher,2026-06-22T23:53:39.464084+00:00,2026-06-22T17:53:40.609661+00:00
c0793bde-05d5-4f15-b270-7ccaa5678823,2026-05-22T23:37:34.037328+00:00,90f76e18-dce6-4875-adb4-695e26345927,True,,18803,dbe187da-53db-427a-a42f-e64df1cfcc7e,expense_voucher,2026-05-22T23:37:34.037328+00:00,2026-05-22T17:37:34.141179+00:00
c0793bde-05d5-4f15-b270-7ccaa5678823,2026-05-22T23:37:34.037328+00:00,7d2563e5-a1c9-4010-b0ac-20792bb280c5,True,,18804,a9c23155-688b-4527-84cc-b9f4ad727110,expense_voucher,2026-05-22T23:37:34.037328+00:00,2026-05-22T17:37:34.141179+00:00
820b8711-60ec-4757-ac6c-e2452b45b158,2026-05-01T00:41:41.773858+00:00,db1c08d6-c80e-4f58-be91-d2aa1488b56e,True,,02,1b17402a-76ca-4f3e-87e3-b26bae1928ae,deposit_voucher,2026-05-01T00:41:41.773858+00:00,2026-04-30T18:41:42.105618+00:00
820b8711-60ec-4757-ac6c-e2452b45b158,2026-05-01T00:41:41.773858+00:00,27093040-8b55-4b13-8dd5-e2ef53acbb42,True,,198,c8a67163-76fd-4dfb-9bc0-9cae0c94a54a,deposit_voucher,2026-05-01T00:41:41.773858+00:00,2026-04-30T18:41:42.105618+00:00
820b8711-60ec-4757-ac6c-e2452b45b158,2026-05-01T00:41:41.773858+00:00,459eae30-7b7d-48ce-ae66-d603dc828112,True,,199,c9a35058-b975-492b-9268-a53ccdec9ac6,deposit_voucher,2026-05-01T00:41:41.773858+00:00,2026-04-30T18:41:42.105618+00:00
820b8711-60ec-4757-ac6c-e2452b45b158,2026-05-01T00:41:41.773858+00:00,79171c8c-5e59-40ba-bd82-3edb5120fe06,True,,200,4cd5778b-639a-4374-a121-dd278040675e,deposit_voucher,2026-05-01T00:41:41.773858+00:00,2026-04-30T18:41:42.105618+00:00
820b8711-60ec-4757-ac6c-e2452b45b158,2026-05-01T00:41:41.773858+00:00,4654bd91-d9b2-4bfb-aa6f-2c996fb67200,True,,201,9640548c-4dcf-4cc7-8ab9-629fee926dfb,deposit_voucher,2026-05-01T00:41:41.773858+00:00,2026-04-30T18:41:42.105618+00:00
820b8711-60ec-4757-ac6c-e2452b45b158,2026-05-01T00:41:41.773858+00:00,bef2a8bc-f124-401b-949a-67fe935c759b,True,,202,1ca42e53-a6ad-4440-b661-edf013d48be0,deposit_voucher,2026-05-01T00:41:41.773858+00:00,2026-04-30T18:41:42.105618+00:00
820b8711-60ec-4757-ac6c-e2452b45b158,2026-05-01T00:41:41.773858+00:00,19314b94-d792-467b-9b2b-af0aa53e9442,True,,18514,fbcf08b9-b2cd-4186-8d3b-c06df29a73ca,expense_voucher,2026-05-01T00:41:41.773858+00:00,2026-04-30T18:41:42.105618+00:00
820b8711-60ec-4757-ac6c-e2452b45b158,2026-05-01T00:41:41.773858+00:00,8da2648f-13f2-4818-8b09-0e1fc09d6805,True,,18481,c52c4a6e-22e0-4f91-a721-92795cf3499c,expense_voucher,2026-05-01T00:41:41.773858+00:00,2026-04-30T18:41:42.105618+00:00
820b8711-60ec-4757-ac6c-e2452b45b158,2026-05-01T00:41:41.773858+00:00,91df8af5-d19f-4c83-a09d-7be05a3d0e11,True,,18541,cd255a75-0920-485b-87f7-b6a12075a463,expense_voucher,2026-05-01T00:41:41.773858+00:00,2026-04-30T18:41:42.105618+00:00
820b8711-60ec-4757-ac6c-e2452b45b158,2026-05-01T00:41:41.773858+00:00,549cbf25-8d37-4a6f-902a-5d927ef63cb3,True,FALTA ORDEN DE SALIDA,163,d0a87afd-baab-4108-baec-1b016392967b,sale_ticket,2026-05-04T21:30:32.646331+00:00,2026-05-04T15:30:33.445118+00:00
820b8711-60ec-4757-ac6c-e2452b45b158,2026-05-01T00:41:41.773858+00:00,9b30e4fb-96d6-491d-9739-e57f1ec8f8cc,True,COMPROBAR,18510,fa630e8b-f6cf-4bf0-a089-9b50e36de1d8,expense_voucher,2026-05-04T21:30:51.988921+00:00,2026-05-04T15:30:52.635257+00:00
c0793bde-05d5-4f15-b270-7ccaa5678823,2026-05-22T23:37:34.037328+00:00,035f6dbb-fb0c-422d-8931-ddecdf1da394,True,,18805,1c8ccebc-34d6-49bb-a881-4110f5b83fb6,expense_voucher,2026-05-22T23:37:34.037328+00:00,2026-05-22T17:37:34.141179+00:00
c0793bde-05d5-4f15-b270-7ccaa5678823,2026-05-22T23:37:34.037328+00:00,23b1abd4-431f-402b-8a81-1d8bef042780,True,,18806,a81c96aa-35fb-4a24-83b2-b24e7ebe03b5,expense_voucher,2026-05-22T23:37:34.037328+00:00,2026-05-22T17:37:34.141179+00:00
c0793bde-05d5-4f15-b270-7ccaa5678823,2026-05-22T23:37:34.037328+00:00,2085d023-1118-4d6e-9767-4175a6fba924,True,,18807,7938e575-ae8a-484e-81ee-9b61603c326b,expense_voucher,2026-05-22T23:37:34.037328+00:00,2026-05-22T17:37:34.141179+00:00
c0793bde-05d5-4f15-b270-7ccaa5678823,2026-05-22T23:37:34.037328+00:00,512ca1db-71a5-4194-b973-7360339b14e0,True,,18808,30532ea3-ec1e-4b50-aea0-97494ed2b125,expense_voucher,2026-05-22T23:37:34.037328+00:00,2026-05-22T17:37:34.141179+00:00
28a6bad3-7d59-4ba5-98e4-00f3af72fc4f,2026-05-05T21:13:12.997226+00:00,aafc462e-7d6d-4d19-8ab3-b7d683e1b681,True,,18585,5c5d1b95-4b39-4538-b0f9-6a618beddbac,expense_voucher,2026-05-05T21:13:12.997226+00:00,2026-05-05T15:13:13.141826+00:00
28a6bad3-7d59-4ba5-98e4-00f3af72fc4f,2026-05-05T21:13:12.997226+00:00,f331fae9-cbce-4a4d-8d15-fd8712ab3eb8,True,,18587,d16de10c-46cb-4744-8c72-86b9119d6154,expense_voucher,2026-05-05T21:13:12.997226+00:00,2026-05-05T15:13:13.141826+00:00
28a6bad3-7d59-4ba5-98e4-00f3af72fc4f,2026-05-05T21:13:12.997226+00:00,2a20170d-3d4b-4343-a18c-0a577fd9d45a,True,,18589,5564ac50-6313-451d-95e3-cab70af7c573,expense_voucher,2026-05-05T21:13:12.997226+00:00,2026-05-05T15:13:13.142824+00:00
28a6bad3-7d59-4ba5-98e4-00f3af72fc4f,2026-05-05T21:13:12.997226+00:00,5e0486db-ece3-49e3-998c-44dd74b2e6a1,True,,207,2db7fd39-a580-4733-8793-9eadbd02676b,deposit_voucher,2026-05-05T21:13:12.997226+00:00,2026-05-05T15:13:13.142824+00:00
28a6bad3-7d59-4ba5-98e4-00f3af72fc4f,2026-05-05T21:13:12.997226+00:00,18ff74fa-5ed1-4186-b231-8d62737cf744,True,,208,58d0b34a-9d73-46d9-a2b1-d25d5f655da9,deposit_voucher,2026-05-05T21:13:12.997226+00:00,2026-05-05T15:13:13.142824+00:00
28a6bad3-7d59-4ba5-98e4-00f3af72fc4f,2026-05-05T21:13:12.997226+00:00,8d6d552f-6cc9-4966-9c22-02dbb6b15ea7,True,,209,39f973df-eef2-42c1-9ce1-2943c27a6e13,deposit_voucher,2026-05-05T21:13:12.997226+00:00,2026-05-05T15:13:13.142824+00:00
28a6bad3-7d59-4ba5-98e4-00f3af72fc4f,2026-05-05T21:13:12.997226+00:00,19517773-3744-43d1-9559-8273170212d6,True,,55557,6db6fd78-a10a-4b73-b033-238774be48e9,purchase_ticket,2026-05-05T21:13:12.997226+00:00,2026-05-05T15:13:13.142824+00:00
28a6bad3-7d59-4ba5-98e4-00f3af72fc4f,2026-05-05T21:13:12.997226+00:00,b2a771f3-6485-465c-99ae-40ba52e7255f,True,,55577,b0c4d8eb-5581-416c-8b09-5ab2fa7f69bf,purchase_ticket,2026-05-05T21:13:12.997226+00:00,2026-05-05T15:13:13.142824+00:00
28a6bad3-7d59-4ba5-98e4-00f3af72fc4f,2026-05-05T21:13:12.997226+00:00,9bf95a35-459a-4a4d-9ff7-939ee11c22b2,True,,55578,3db87bbb-c8b2-4c78-92bd-e9f4505152f3,purchase_ticket,2026-05-05T21:13:12.997226+00:00,2026-05-05T15:13:13.142824+00:00
28a6bad3-7d59-4ba5-98e4-00f3af72fc4f,2026-05-05T21:13:12.997226+00:00,7276b7b0-6d02-4726-99e6-46a7eb3195f6,True,,55579,5dc06cb4-823e-4d6b-af57-ae7dcf9fb5dc,purchase_ticket,2026-05-05T21:13:12.997226+00:00,2026-05-05T15:13:13.142824+00:00
28a6bad3-7d59-4ba5-98e4-00f3af72fc4f,2026-05-05T21:13:12.997226+00:00,52ef4177-003f-4015-9ee6-f707c90f90ec,True,,55580,caab8099-cd36-4394-a7a9-c6b7a4be39af,purchase_ticket,2026-05-05T21:13:12.997226+00:00,2026-05-05T15:13:13.142824+00:00
28a6bad3-7d59-4ba5-98e4-00f3af72fc4f,2026-05-05T21:13:12.997226+00:00,062bde19-fb41-4d58-8d0d-e9c664b01e4c,True,,55581,4d54ccb6-b613-4e27-ba84-ab0a83f110dc,purchase_ticket,2026-05-05T21:13:12.997226+00:00,2026-05-05T15:13:13.142824+00:00
28a6bad3-7d59-4ba5-98e4-00f3af72fc4f,2026-05-05T21:13:12.997226+00:00,5cb407cb-7fd7-4e0e-8371-59af31423283,True,,55582,b13f2791-8807-4ac8-9737-f8a5748e27f6,purchase_ticket,2026-05-05T21:13:12.997226+00:00,2026-05-05T15:13:13.142824+00:00
28a6bad3-7d59-4ba5-98e4-00f3af72fc4f,2026-05-05T21:13:12.997226+00:00,fd36b0ed-5638-45e6-b698-a4a33269d26c,True,,55583,6462fe3e-0e4e-419f-8649-a3d5765bafdf,purchase_ticket,2026-05-05T21:13:12.997226+00:00,2026-05-05T15:13:13.142824+00:00
28a6bad3-7d59-4ba5-98e4-00f3af72fc4f,2026-05-05T21:13:12.997226+00:00,390e124a-5b2d-426e-85b1-9ee502d2462a,True,,55584,c83d356d-5d4d-40d7-932e-4af83e532ebb,purchase_ticket,2026-05-05T21:13:12.997226+00:00,2026-05-05T15:13:13.142824+00:00
28a6bad3-7d59-4ba5-98e4-00f3af72fc4f,2026-05-05T21:13:12.997226+00:00,fdd3470a-297f-43be-b6e9-ccf4fc2d604c,True,,55585,79ff08ce-aef7-411a-b5af-f934f53aaeb4,purchase_ticket,2026-05-05T21:13:12.997226+00:00,2026-05-05T15:13:13.142824+00:00
28a6bad3-7d59-4ba5-98e4-00f3af72fc4f,2026-05-05T21:13:12.997226+00:00,ffe6e84d-abfe-4ea5-b8f2-6612402426e5,True,,55586,ecef6efa-2777-4ec1-957c-773ac2d9d971,purchase_ticket,2026-05-05T21:13:12.997226+00:00,2026-05-05T15:13:13.142824+00:00
28a6bad3-7d59-4ba5-98e4-00f3af72fc4f,2026-05-05T21:13:12.997226+00:00,66443a92-f410-4d5a-a3bd-6198c80b1354,True,,55587,f4bf3804-1112-4888-abad-b82cbad46cd1,purchase_ticket,2026-05-05T21:13:12.997226+00:00,2026-05-05T15:13:13.142824+00:00
28a6bad3-7d59-4ba5-98e4-00f3af72fc4f,2026-05-05T21:13:12.997226+00:00,9e67343d-a521-48d7-ac6d-5b119ca15688,True,,55588,6dd66f76-468b-4298-b04e-a58d0eba6b04,purchase_ticket,2026-05-05T21:13:12.997226+00:00,2026-05-05T15:13:13.142824+00:00
28a6bad3-7d59-4ba5-98e4-00f3af72fc4f,2026-05-05T21:13:12.997226+00:00,9ebc29cc-f3e6-48e9-8bf9-945921d8bb90,True,,55589,68f4ecac-efd1-4172-92e9-077bdfe7cc9a,purchase_ticket,2026-05-05T21:13:12.997226+00:00,2026-05-05T15:13:13.142824+00:00
28a6bad3-7d59-4ba5-98e4-00f3af72fc4f,2026-05-05T21:13:12.997226+00:00,6b7aef0b-8f4b-403f-92f5-4e0057655524,True,,55591,632ca050-d545-4063-b61e-67de12de21fd,purchase_ticket,2026-05-05T21:13:12.997226+00:00,2026-05-05T15:13:13.142824+00:00
28a6bad3-7d59-4ba5-98e4-00f3af72fc4f,2026-05-05T21:13:12.997226+00:00,0ef71b33-9bb8-4b42-aa5e-3e2f0386e0ef,True,,55592,be9a4af9-126b-4001-93d2-194b1a9ce62d,purchase_ticket,2026-05-05T21:13:12.997226+00:00,2026-05-05T15:13:13.142824+00:00
28a6bad3-7d59-4ba5-98e4-00f3af72fc4f,2026-05-05T21:13:12.997226+00:00,d91a4c7c-0eb6-4839-9c92-cc293cb6ecc9,True,,55593,d280f45b-379d-4b70-bf06-996e1049026a,purchase_ticket,2026-05-05T21:13:12.997226+00:00,2026-05-05T15:13:13.142824+00:00
28a6bad3-7d59-4ba5-98e4-00f3af72fc4f,2026-05-05T21:13:12.997226+00:00,02524683-06fd-46b2-b70e-39ecd391d7ea,True,,55594,1b0cfa91-a177-4f25-8a04-6f5c22a3e4ec,purchase_ticket,2026-05-05T21:13:12.997226+00:00,2026-05-05T15:13:13.142824+00:00
28a6bad3-7d59-4ba5-98e4-00f3af72fc4f,2026-05-05T21:13:12.997226+00:00,1263d6a3-3f86-457d-b5f4-d1113ff7a493,True,,55596,53cd7b88-a8a4-4a33-b520-18c96742d054,purchase_ticket,2026-05-05T21:13:12.997226+00:00,2026-05-05T15:13:13.142824+00:00
820b8711-60ec-4757-ac6c-e2452b45b158,2026-05-01T00:41:41.773858+00:00,54467a8e-030c-4520-be45-0d15137d54dc,True,COMPROBAR,18482,47523fac-4567-4ae4-986a-d5851b6b3556,expense_voucher,2026-05-06T14:12:59.513929+00:00,2026-05-06T08:12:59.801713+00:00
820b8711-60ec-4757-ac6c-e2452b45b158,2026-05-01T00:41:41.773858+00:00,cc15fe56-8ff4-4a91-89df-582957224d0b,True,COMPROBAR,18494,c8d82094-f383-49f4-b39b-3c4fb169ad69,expense_voucher,2026-05-06T14:13:33.035027+00:00,2026-05-06T08:13:33.355844+00:00
820b8711-60ec-4757-ac6c-e2452b45b158,2026-05-01T00:41:41.773858+00:00,87f4470c-4e8f-4548-bacc-5b8752a95b73,True,COMPROBAR,18540,0e5960bb-ab55-41c4-85da-8f6d630c4162,expense_voucher,2026-05-06T14:13:33.035027+00:00,2026-05-06T08:13:33.355844+00:00
28a6bad3-7d59-4ba5-98e4-00f3af72fc4f,2026-05-05T21:13:12.997226+00:00,39fef9d2-d2d7-428e-b01b-23a43d7d8dda,True,COMPROBAR,18571,4451da3f-a411-4b66-993c-05912ddd938c,expense_voucher,2026-05-06T14:36:52.037264+00:00,2026-05-06T08:36:52.371608+00:00
28a6bad3-7d59-4ba5-98e4-00f3af72fc4f,2026-05-05T21:13:12.997226+00:00,b0be933b-477a-41ff-bccd-b59651238876,True,COMPROBAR,18572,d379b0ef-4a7f-496e-94ba-38949c2d0a32,expense_voucher,2026-05-06T14:36:52.037264+00:00,2026-05-06T08:36:52.371608+00:00
28a6bad3-7d59-4ba5-98e4-00f3af72fc4f,2026-05-05T21:13:12.997226+00:00,adc4b832-2300-4973-aaaf-47aa05c6997c,True,COMPROBAR,18558,c3c79e6b-36d1-40fd-b829-6ae699cc7e8e,expense_voucher,2026-05-07T14:52:39.140161+00:00,2026-05-07T08:52:39.879654+00:00
28a6bad3-7d59-4ba5-98e4-00f3af72fc4f,2026-05-05T21:13:12.997226+00:00,cca716fa-6aaf-4d67-9e83-b2016cd41983,True,COMPROBAR,167,6f13dc6d-e570-4108-9fa0-66311382317e,sale_ticket,2026-05-07T14:52:39.140161+00:00,2026-05-07T08:52:39.879654+00:00
28a6bad3-7d59-4ba5-98e4-00f3af72fc4f,2026-05-05T21:13:12.997226+00:00,1fe9858b-3dad-4424-aa1b-c20b947c11d5,True,PENDIENTE,55590,65aa8eff-6f35-4167-a77b-91750b4183b0,purchase_ticket,2026-05-07T14:52:39.140161+00:00,2026-05-07T08:52:39.879654+00:00
28a6bad3-7d59-4ba5-98e4-00f3af72fc4f,2026-05-05T21:13:12.997226+00:00,e7df565c-f2ca-4377-9434-68275a45975e,True,,81086,6dde2b9a-08f1-4c63-b727-c0c9264ae081,purchase_ticket,2026-05-05T21:13:12.997226+00:00,2026-05-05T15:13:13.142824+00:00
28a6bad3-7d59-4ba5-98e4-00f3af72fc4f,2026-05-05T21:13:12.997226+00:00,200303bb-a223-450e-a8dc-35f797dace6e,True,,81091,993182ef-0d62-4ade-8084-868761ea7b59,purchase_ticket,2026-05-05T21:13:12.997226+00:00,2026-05-05T15:13:13.142824+00:00
28a6bad3-7d59-4ba5-98e4-00f3af72fc4f,2026-05-05T21:13:12.997226+00:00,eae98935-7561-4e60-bec8-1dc3e11cf03e,True,,81093,ed5ea942-a673-431a-981c-c3bd778b76b7,purchase_ticket,2026-05-05T21:13:12.997226+00:00,2026-05-05T15:13:13.142824+00:00
28a6bad3-7d59-4ba5-98e4-00f3af72fc4f,2026-05-05T21:13:12.997226+00:00,b6c879ac-f58c-4f89-b859-79df11bbfc06,True,,81095,04240a39-ae35-45c6-9412-86081d2dfbb4,purchase_ticket,2026-05-05T21:13:12.997226+00:00,2026-05-05T15:13:13.142824+00:00
28a6bad3-7d59-4ba5-98e4-00f3af72fc4f,2026-05-05T21:13:12.997226+00:00,3df72007-3853-48fa-99f6-cda49db7c59e,True,,81098,4741b1d1-7960-4a38-846e-4a2783f9a05d,purchase_ticket,2026-05-05T21:13:12.997226+00:00,2026-05-05T15:13:13.142824+00:00
28a6bad3-7d59-4ba5-98e4-00f3af72fc4f,2026-05-05T21:13:12.997226+00:00,0c51a1fd-d20d-4938-ae0a-ead4dc28d3b4,True,,81100,5c33f0df-1e19-4c08-8fcf-126cf492503b,purchase_ticket,2026-05-05T21:13:12.997226+00:00,2026-05-05T15:13:13.142824+00:00
28a6bad3-7d59-4ba5-98e4-00f3af72fc4f,2026-05-05T21:13:12.997226+00:00,07a8d87d-6344-4d26-bfd8-6947de317349,True,,81103,7c34b3d5-9ea7-45ab-b68d-f3300f10703b,purchase_ticket,2026-05-05T21:13:12.997226+00:00,2026-05-05T15:13:13.142824+00:00
28a6bad3-7d59-4ba5-98e4-00f3af72fc4f,2026-05-05T21:13:12.997226+00:00,bae0bb6c-ed08-4d3d-a5a5-097661016380,True,,81104,855c447f-817b-4994-ba71-9b5ac967b71b,purchase_ticket,2026-05-05T21:13:12.997226+00:00,2026-05-05T15:13:13.142824+00:00
28a6bad3-7d59-4ba5-98e4-00f3af72fc4f,2026-05-05T21:13:12.997226+00:00,457a17ad-f4b8-44bf-8b5b-5e1c812aa765,True,,81106-A,0f0e01cb-5d86-4de8-8a4e-1dbf1903ad61,purchase_ticket,2026-05-05T21:13:12.997226+00:00,2026-05-05T15:13:13.142824+00:00
28a6bad3-7d59-4ba5-98e4-00f3af72fc4f,2026-05-05T21:13:12.997226+00:00,f9cb9902-c2bf-4202-8ce7-5c5df7c6c60d,True,,81106-B,2c930877-8c1c-4eb0-93f4-066c9847b1ba,purchase_ticket,2026-05-05T21:13:12.997226+00:00,2026-05-05T15:13:13.142824+00:00
28a6bad3-7d59-4ba5-98e4-00f3af72fc4f,2026-05-05T21:13:12.997226+00:00,2c1b1951-6bb8-48a2-b83f-594727067eec,True,,81108,97eb6c8e-2aa0-4199-b294-7cdffee4a4b5,purchase_ticket,2026-05-05T21:13:12.997226+00:00,2026-05-05T15:13:13.142824+00:00
c296017e-0b91-46d0-8b76-8b20274dc83a,2026-05-05T00:16:21.601811+00:00,6159c383-2119-49d4-aa38-10a324d3b60e,True,AGREGAR ORDEN DE SALIDA,167,6f13dc6d-e570-4108-9fa0-66311382317e,sale_ticket,2026-05-06T14:35:38.37813+00:00,2026-05-06T08:35:38.706478+00:00
c0793bde-05d5-4f15-b270-7ccaa5678823,2026-05-22T23:37:34.037328+00:00,6debf4cb-f0f9-410d-9336-c50b473d64a0,True,,18809,2aa45d83-d641-44bf-9fe5-c77fda61f82b,expense_voucher,2026-05-22T23:37:34.037328+00:00,2026-05-22T17:37:34.141179+00:00
c0793bde-05d5-4f15-b270-7ccaa5678823,2026-05-22T23:37:34.037328+00:00,4acb0174-7587-44a1-909f-bada39ad0956,True,,18810,018670c6-a128-4c9a-8445-7b5c693616e3,expense_voucher,2026-05-22T23:37:34.037328+00:00,2026-05-22T17:37:34.141179+00:00
c0793bde-05d5-4f15-b270-7ccaa5678823,2026-05-22T23:37:34.037328+00:00,c2f459bc-5d7b-421c-bec1-1b43d38f5651,True,,18811,ab03927e-c8b5-428c-99a5-182770a55d23,expense_voucher,2026-05-22T23:37:34.037328+00:00,2026-05-22T17:37:34.141179+00:00
eff1f086-730a-4a62-a72b-f027fa00341c,2026-05-07T00:14:53.624719+00:00,37ba6b6b-e3f7-4b0b-809c-74d212c5bd95,True,,18583,d9c45893-7566-43af-a5b0-4195dbefbce7,expense_voucher,2026-05-07T00:14:53.624719+00:00,2026-05-06T18:14:54.560589+00:00
eff1f086-730a-4a62-a72b-f027fa00341c,2026-05-07T00:14:53.624719+00:00,635957ac-d7d1-48ac-a938-d724c9e349fb,True,,18494,c8d82094-f383-49f4-b39b-3c4fb169ad69,expense_voucher,2026-05-07T00:14:53.624719+00:00,2026-05-06T18:14:54.560589+00:00
eff1f086-730a-4a62-a72b-f027fa00341c,2026-05-07T00:14:53.624719+00:00,b8baa6f3-fddf-4c8a-9c45-4754822f896c,True,,18540,0e5960bb-ab55-41c4-85da-8f6d630c4162,expense_voucher,2026-05-07T00:14:53.624719+00:00,2026-05-06T18:14:54.560589+00:00
eff1f086-730a-4a62-a72b-f027fa00341c,2026-05-07T00:14:53.624719+00:00,ba94ec34-3d16-423f-9809-71149ded002d,True,,18597,d475f0a9-f7ef-4ef3-910a-5edebc0c4d40,expense_voucher,2026-05-07T00:14:53.624719+00:00,2026-05-06T18:14:54.560589+00:00
eff1f086-730a-4a62-a72b-f027fa00341c,2026-05-07T00:14:53.624719+00:00,1c4cbf9e-5b78-431e-bc5a-7c8bb5de1d0c,True,,18598,0bae5d6b-413d-4d66-b9ca-c257dacd703e,expense_voucher,2026-05-07T00:14:53.624719+00:00,2026-05-06T18:14:54.560589+00:00
eff1f086-730a-4a62-a72b-f027fa00341c,2026-05-07T00:14:53.624719+00:00,306da252-37d3-4aa4-989c-1026c4b2d4f0,True,,18599,9127e359-50b8-4f4c-8a50-c5e423c7b196,expense_voucher,2026-05-07T00:14:53.624719+00:00,2026-05-06T18:14:54.560589+00:00
eff1f086-730a-4a62-a72b-f027fa00341c,2026-05-07T00:14:53.624719+00:00,e8751573-f6d2-4318-bfbb-2d439fb280ea,True,,18600,667c4b33-fa86-4991-96fc-5c7c6a8992c6,expense_voucher,2026-05-07T00:14:53.624719+00:00,2026-05-06T18:14:54.560589+00:00
eff1f086-730a-4a62-a72b-f027fa00341c,2026-05-07T00:14:53.624719+00:00,9cb9a304-497b-495b-be59-9fbd3633a639,True,,18601,af635c9e-7a6e-48b1-9c06-b8df47ba109a,expense_voucher,2026-05-07T00:14:53.624719+00:00,2026-05-06T18:14:54.560589+00:00
eff1f086-730a-4a62-a72b-f027fa00341c,2026-05-07T00:14:53.624719+00:00,63c9c607-3d43-4fa4-a203-0c420b3399f8,True,,18602,a7f8bbf3-e009-4384-a2b1-7b0761132b92,expense_voucher,2026-05-07T00:14:53.624719+00:00,2026-05-06T18:14:54.560589+00:00
eff1f086-730a-4a62-a72b-f027fa00341c,2026-05-07T00:14:53.624719+00:00,df7e1f6e-14a0-4295-9eee-5f7196c6dec0,True,,18603,ca4e830b-cda6-49bc-abff-6093e307ad05,expense_voucher,2026-05-07T00:14:53.624719+00:00,2026-05-06T18:14:54.560589+00:00
eff1f086-730a-4a62-a72b-f027fa00341c,2026-05-07T00:14:53.624719+00:00,fed16cf8-a3cb-496f-9b6f-f23ec489903f,True,,18604,5bf5a06e-76d7-4387-996b-9d2d944f8e73,expense_voucher,2026-05-07T00:14:53.624719+00:00,2026-05-06T18:14:54.560589+00:00
eff1f086-730a-4a62-a72b-f027fa00341c,2026-05-07T00:14:53.624719+00:00,032595dd-82a1-4b5e-a570-91188b62208f,True,,18605,1f11cfc5-3259-4bf3-a96a-a099589582c6,expense_voucher,2026-05-07T00:14:53.624719+00:00,2026-05-06T18:14:54.560589+00:00
eff1f086-730a-4a62-a72b-f027fa00341c,2026-05-07T00:14:53.624719+00:00,1d2446c9-5c5e-4d5f-a41e-c789c9acdc9a,True,,18606,e8fce1f8-774d-46ff-bfb7-93ba1b2df232,expense_voucher,2026-05-07T00:14:53.624719+00:00,2026-05-06T18:14:54.560589+00:00
eff1f086-730a-4a62-a72b-f027fa00341c,2026-05-07T00:14:53.624719+00:00,602188e6-f913-469c-8a2b-51a3bc1e0039,True,COMPROBAR,18558,c3c79e6b-36d1-40fd-b829-6ae699cc7e8e,expense_voucher,2026-05-08T14:04:36.409019+00:00,2026-05-08T08:04:38.043942+00:00
820b8711-60ec-4757-ac6c-e2452b45b158,2026-05-01T00:41:41.773858+00:00,7890dbeb-71c5-438e-bf62-a30dcb5bbde6,True,,18542,2c7b027a-8ce7-4631-a72f-3db76387bb0a,expense_voucher,2026-05-01T00:41:41.773858+00:00,2026-04-30T18:41:42.105618+00:00
820b8711-60ec-4757-ac6c-e2452b45b158,2026-05-01T00:41:41.773858+00:00,c73390e9-dd78-4bc9-a57f-9f293644da31,True,,18543,f3c47a54-3672-4127-9aff-c514a352f8e9,expense_voucher,2026-05-01T00:41:41.773858+00:00,2026-04-30T18:41:42.105618+00:00
820b8711-60ec-4757-ac6c-e2452b45b158,2026-05-01T00:41:41.773858+00:00,ce7c775c-f64d-40f8-93b0-6588ccbe91a5,True,,18544,34f18aa0-44e0-4b28-8448-cd535f8cc676,expense_voucher,2026-05-01T00:41:41.773858+00:00,2026-04-30T18:41:42.105618+00:00
820b8711-60ec-4757-ac6c-e2452b45b158,2026-05-01T00:41:41.773858+00:00,3f0a4bbc-0fd1-41b9-9591-5805e16b930d,True,,18545,a9c8a290-a605-43c8-98c4-5633aca1dbb8,expense_voucher,2026-05-01T00:41:41.773858+00:00,2026-04-30T18:41:42.105618+00:00
820b8711-60ec-4757-ac6c-e2452b45b158,2026-05-01T00:41:41.773858+00:00,c2913843-08ef-4178-8382-fb22a1f88a29,True,,18546,992b039f-50d0-4287-9146-21fea55316ac,expense_voucher,2026-05-01T00:41:41.773858+00:00,2026-04-30T18:41:42.105618+00:00
820b8711-60ec-4757-ac6c-e2452b45b158,2026-05-01T00:41:41.773858+00:00,02c2edfb-eda8-4a35-9898-cd338511e83c,True,,18547,331b4cbd-e55d-4f31-a6b0-3e59909bbd50,expense_voucher,2026-05-01T00:41:41.773858+00:00,2026-04-30T18:41:42.105618+00:00
820b8711-60ec-4757-ac6c-e2452b45b158,2026-05-01T00:41:41.773858+00:00,d8a6467b-8e90-4a22-a515-4fe685258a84,True,,18548,872c825f-b1bd-4f25-a6ad-5c31c56124f6,expense_voucher,2026-05-01T00:41:41.773858+00:00,2026-04-30T18:41:42.105618+00:00
820b8711-60ec-4757-ac6c-e2452b45b158,2026-05-01T00:41:41.773858+00:00,a6a3533e-806c-4066-a7ff-bc90b7a0f1bd,True,,18549,d43e040d-8716-4ae8-97a8-ac38b90b9a7f,expense_voucher,2026-05-01T00:41:41.773858+00:00,2026-04-30T18:41:42.105618+00:00
820b8711-60ec-4757-ac6c-e2452b45b158,2026-05-01T00:41:41.773858+00:00,a55f57f5-b8e7-479f-bc26-ae90ffffffbe,True,,18550,fbfde4e5-3d0c-4790-9f06-d26bec9f40e7,expense_voucher,2026-05-01T00:41:41.773858+00:00,2026-04-30T18:41:42.105618+00:00
820b8711-60ec-4757-ac6c-e2452b45b158,2026-05-01T00:41:41.773858+00:00,ebea3376-601c-40de-91b3-cc709e12ff0c,True,,18551,e8ac1094-89a2-48ea-b38e-d86654d2d05c,expense_voucher,2026-05-01T00:41:41.773858+00:00,2026-04-30T18:41:42.105618+00:00
820b8711-60ec-4757-ac6c-e2452b45b158,2026-05-01T00:41:41.773858+00:00,3b035a63-1545-430c-819b-5868207dfc0a,True,,18552,ce106940-8a94-4593-8d3a-081c7484a9cb,expense_voucher,2026-05-01T00:41:41.773858+00:00,2026-04-30T18:41:42.105618+00:00
820b8711-60ec-4757-ac6c-e2452b45b158,2026-05-01T00:41:41.773858+00:00,838ffe91-7db9-4c7e-b82d-eee884366520,True,,18553,e603d737-0103-455f-9d5f-b4f8f2e2088b,expense_voucher,2026-05-01T00:41:41.773858+00:00,2026-04-30T18:41:42.105618+00:00
820b8711-60ec-4757-ac6c-e2452b45b158,2026-05-01T00:41:41.773858+00:00,715f89bd-9e85-4c1a-aee0-1de25a358bd7,True,,18555,55a386fb-f7dc-471e-8f16-7a568c72be55,expense_voucher,2026-05-01T00:41:41.773858+00:00,2026-04-30T18:41:42.105618+00:00
820b8711-60ec-4757-ac6c-e2452b45b158,2026-05-01T00:41:41.773858+00:00,a2ce5b61-ddc6-4b6d-b48e-802fe3badcbc,True,,18556,1a12cf3b-1ded-42f4-9112-b59291f160c2,expense_voucher,2026-05-01T00:41:41.773858+00:00,2026-04-30T18:41:42.105618+00:00
820b8711-60ec-4757-ac6c-e2452b45b158,2026-05-01T00:41:41.773858+00:00,fba4151c-d6a1-49fa-870e-093c9aebafc2,True,,18557,270955a8-6b22-4a57-96ee-7de0b928c90f,expense_voucher,2026-05-01T00:41:41.773858+00:00,2026-04-30T18:41:42.105618+00:00
820b8711-60ec-4757-ac6c-e2452b45b158,2026-05-01T00:41:41.773858+00:00,5c1d87da-24a7-4b1e-a285-fc569adec3ee,True,,18559,c6677082-307f-46af-8e71-0af78cdb0c8a,expense_voucher,2026-05-01T00:41:41.773858+00:00,2026-04-30T18:41:42.105618+00:00
820b8711-60ec-4757-ac6c-e2452b45b158,2026-05-01T00:41:41.773858+00:00,2c9f2417-4e58-4146-969b-1487f44ba7b7,True,,18560,612a9ad4-6ba1-4ffe-8b87-37bcde960e9f,expense_voucher,2026-05-01T00:41:41.773858+00:00,2026-04-30T18:41:42.105618+00:00
820b8711-60ec-4757-ac6c-e2452b45b158,2026-05-01T00:41:41.773858+00:00,03e14de9-d120-4abc-a6f7-1cbc09a4ce41,True,,18561,b1765be4-6ec5-42bb-bf4a-bf36cb01dc2c,expense_voucher,2026-05-01T00:41:41.773858+00:00,2026-04-30T18:41:42.105618+00:00
820b8711-60ec-4757-ac6c-e2452b45b158,2026-05-01T00:41:41.773858+00:00,3d20d92e-3b9f-48d4-9054-fc441c48398d,True,,18562,2ba3cec3-8602-49e8-b4e8-13a0b2a98ee0,expense_voucher,2026-05-01T00:41:41.773858+00:00,2026-04-30T18:41:42.105618+00:00
820b8711-60ec-4757-ac6c-e2452b45b158,2026-05-01T00:41:41.773858+00:00,ed38938b-935f-4923-bd1d-2f2475082618,True,,18563,1a02821e-7e9b-47b9-a4bf-1e0786f6d382,expense_voucher,2026-05-01T00:41:41.773858+00:00,2026-04-30T18:41:42.105618+00:00
820b8711-60ec-4757-ac6c-e2452b45b158,2026-05-01T00:41:41.773858+00:00,65e5b2e9-e50c-410c-8b1b-98ad48865d31,True,,18564,7ff97927-4aca-4ad3-9312-a49c08a14e0b,expense_voucher,2026-05-01T00:41:41.773858+00:00,2026-04-30T18:41:42.105618+00:00
820b8711-60ec-4757-ac6c-e2452b45b158,2026-05-01T00:41:41.773858+00:00,c5213c26-ae94-46cd-892f-70b94619e71c,True,,18565,763342e9-5cf6-4385-bce1-dbe4a175f1c7,expense_voucher,2026-05-01T00:41:41.773858+00:00,2026-04-30T18:41:42.105618+00:00
820b8711-60ec-4757-ac6c-e2452b45b158,2026-05-01T00:41:41.773858+00:00,bbda5f83-bd12-41ae-afb0-17c4f830a167,True,,18566,60bf9913-3068-49cb-a392-dc00f7ec44d0,expense_voucher,2026-05-01T00:41:41.773858+00:00,2026-04-30T18:41:42.105618+00:00
eff1f086-730a-4a62-a72b-f027fa00341c,2026-05-07T00:14:53.624719+00:00,ba336a6e-3e76-4d0e-acfb-b0364ab1ed23,True,COMPROBAR,18571,4451da3f-a411-4b66-993c-05912ddd938c,expense_voucher,2026-05-08T14:04:36.409019+00:00,2026-05-08T08:04:38.043942+00:00
eff1f086-730a-4a62-a72b-f027fa00341c,2026-05-07T00:14:53.624719+00:00,b6939559-a350-4d66-b605-be118a843f69,True,COMPROBAR,18572,d379b0ef-4a7f-496e-94ba-38949c2d0a32,expense_voucher,2026-05-08T14:04:36.409019+00:00,2026-05-08T08:04:38.043942+00:00
820b8711-60ec-4757-ac6c-e2452b45b158,2026-05-01T00:41:41.773858+00:00,4d21931b-8cf3-4ace-bd7e-48291853a886,True,,81020,0aaf5db2-d51c-4d1a-8fb4-e81640cd3b25,purchase_ticket,2026-05-01T00:41:41.773858+00:00,2026-04-30T18:41:42.107667+00:00
820b8711-60ec-4757-ac6c-e2452b45b158,2026-05-01T00:41:41.773858+00:00,357b499f-c994-4f6a-aa18-8b5f390c5417,True,,81024,a7c8518d-f4dd-4145-83de-e7c3a70d4301,purchase_ticket,2026-05-01T00:41:41.773858+00:00,2026-04-30T18:41:42.107667+00:00
820b8711-60ec-4757-ac6c-e2452b45b158,2026-05-01T00:41:41.773858+00:00,2db80335-f979-4cdc-8f70-9d8437470ef5,True,,81025,18783bd3-8bc0-4b64-96c4-5d39ab404efc,purchase_ticket,2026-05-01T00:41:41.773858+00:00,2026-04-30T18:41:42.107667+00:00
820b8711-60ec-4757-ac6c-e2452b45b158,2026-05-01T00:41:41.773858+00:00,8f359002-2709-42c7-b9c5-b79c49c68291,True,,81027,42c8eb1a-368d-4586-9f4e-95b3f3698020,purchase_ticket,2026-05-01T00:41:41.773858+00:00,2026-04-30T18:41:42.107667+00:00
820b8711-60ec-4757-ac6c-e2452b45b158,2026-05-01T00:41:41.773858+00:00,c9ff0911-8c08-4695-8fc7-7274a4817f6e,True,,81028-A,655855ab-4711-4f10-9fd7-daadc0376b88,purchase_ticket,2026-05-01T00:41:41.773858+00:00,2026-04-30T18:41:42.107667+00:00
820b8711-60ec-4757-ac6c-e2452b45b158,2026-05-01T00:41:41.773858+00:00,19be3e1f-c9bb-4295-8280-8b93161c5602,True,,81028-B,8ed890a4-bbb8-4c8a-a3d1-d282c83097f9,purchase_ticket,2026-05-01T00:41:41.773858+00:00,2026-04-30T18:41:42.107667+00:00
820b8711-60ec-4757-ac6c-e2452b45b158,2026-05-01T00:41:41.773858+00:00,c5931b77-dab1-42b2-9469-562ca8ab7e97,True,,81030-A,ac050953-b54d-4b07-9b7f-016b5ce469bc,purchase_ticket,2026-05-01T00:41:41.773858+00:00,2026-04-30T18:41:42.107667+00:00
820b8711-60ec-4757-ac6c-e2452b45b158,2026-05-01T00:41:41.773858+00:00,f5fbf4d2-d084-4a53-b2c3-346dfe246b98,True,,81030-B,005070a3-94de-419d-8224-276ed6513811,purchase_ticket,2026-05-01T00:41:41.773858+00:00,2026-04-30T18:41:42.107667+00:00
820b8711-60ec-4757-ac6c-e2452b45b158,2026-05-01T00:41:41.773858+00:00,f5352066-bfa5-4ab6-a857-f57f9d062b50,True,,81031,4253d38a-6fde-47d0-8b46-2d1761317262,purchase_ticket,2026-05-01T00:41:41.773858+00:00,2026-04-30T18:41:42.107667+00:00
820b8711-60ec-4757-ac6c-e2452b45b158,2026-05-01T00:41:41.773858+00:00,161925e8-8adc-4e35-b940-0432fee80a19,True,,81032-A,6ab795b9-5766-4ea8-adbb-3ba9cc2e3c04,purchase_ticket,2026-05-01T00:41:41.773858+00:00,2026-04-30T18:41:42.108626+00:00
820b8711-60ec-4757-ac6c-e2452b45b158,2026-05-01T00:41:41.773858+00:00,ba1b71e6-2694-4f80-b13c-aa9487180316,True,,81032-B,06684bad-ab15-4de9-b1cb-2486790e615b,purchase_ticket,2026-05-01T00:41:41.773858+00:00,2026-04-30T18:41:42.108626+00:00
820b8711-60ec-4757-ac6c-e2452b45b158,2026-05-01T00:41:41.773858+00:00,ccee9599-2946-4a5b-b74d-3a52e0fb01d8,True,,81033,ef040544-539a-4a37-abc6-bdf3f0164a4f,purchase_ticket,2026-05-01T00:41:41.773858+00:00,2026-04-30T18:41:42.108626+00:00
820b8711-60ec-4757-ac6c-e2452b45b158,2026-05-01T00:41:41.773858+00:00,6a9eddec-eda9-43b9-a33f-eeedc3cee8f3,True,,81034,c0985f09-a73b-4d29-9e56-e86ad3653e4f,purchase_ticket,2026-05-01T00:41:41.773858+00:00,2026-04-30T18:41:42.108626+00:00
820b8711-60ec-4757-ac6c-e2452b45b158,2026-05-01T00:41:41.773858+00:00,21da5c66-1836-4a86-aad2-a2f461018427,True,,81036,1aabe734-6262-4dba-9615-dfcd64f9f1b2,purchase_ticket,2026-05-01T00:41:41.773858+00:00,2026-04-30T18:41:42.108626+00:00
820b8711-60ec-4757-ac6c-e2452b45b158,2026-05-01T00:41:41.773858+00:00,198a116a-aa19-4b2a-ac3c-8d529fe876b0,True,,81037,6259fb26-b6fd-4945-8f20-bebe3375ba1e,purchase_ticket,2026-05-01T00:41:41.773858+00:00,2026-04-30T18:41:42.108626+00:00
c0793bde-05d5-4f15-b270-7ccaa5678823,2026-05-22T23:37:34.037328+00:00,8cfc20d6-6725-4934-965a-8d29424993e6,True,,18812,748f704e-6084-4801-9607-d72411adbffc,expense_voucher,2026-05-22T23:37:34.037328+00:00,2026-05-22T17:37:34.141179+00:00
c0793bde-05d5-4f15-b270-7ccaa5678823,2026-05-22T23:37:34.037328+00:00,369638d4-3285-4aa0-ac7e-9cfd5fae86b1,True,,18813,ee3e1acc-8456-4123-9f51-baeaf626936e,expense_voucher,2026-05-22T23:37:34.037328+00:00,2026-05-22T17:37:34.141179+00:00
c0793bde-05d5-4f15-b270-7ccaa5678823,2026-05-22T23:37:34.037328+00:00,4c3ae558-5066-4633-aeb7-730874c6b4b1,True,,18814,c3effbe9-ca6d-473d-816f-d73ea85546bb,expense_voucher,2026-05-22T23:37:34.037328+00:00,2026-05-22T17:37:34.141179+00:00
c0793bde-05d5-4f15-b270-7ccaa5678823,2026-05-22T23:37:34.037328+00:00,2159c708-dea0-4ebc-b3df-89d3b0c170f3,True,,18815,46222214-fc4e-48a4-ba08-8f4dc91ab8b8,expense_voucher,2026-05-22T23:37:34.037328+00:00,2026-05-22T17:37:34.141179+00:00
c0793bde-05d5-4f15-b270-7ccaa5678823,2026-05-22T23:37:34.037328+00:00,b02f4805-f87d-42a6-8582-5b4ce1b3b7e2,True,,18816,a59be1ad-0aab-4123-99cb-35b61d8cbac4,expense_voucher,2026-05-22T23:37:34.037328+00:00,2026-05-22T17:37:34.141179+00:00
c0793bde-05d5-4f15-b270-7ccaa5678823,2026-05-22T23:37:34.037328+00:00,5a1f18f8-2bfb-4591-8aae-84ff17a3d808,True,,18817,74f16bd5-da6e-4d73-9561-3b15fd1c2ccc,expense_voucher,2026-05-22T23:37:34.037328+00:00,2026-05-22T17:37:34.141179+00:00
c0793bde-05d5-4f15-b270-7ccaa5678823,2026-05-22T23:37:34.037328+00:00,756880f3-5386-4b5f-9999-d10d291b6495,True,,18818,157093e0-908e-4adf-b6b4-64e3d739753b,expense_voucher,2026-05-22T23:37:34.037328+00:00,2026-05-22T17:37:34.141179+00:00
c0793bde-05d5-4f15-b270-7ccaa5678823,2026-05-22T23:37:34.037328+00:00,b5dc506e-96ef-4fd6-bf03-59ef19111492,True,,18819,c90c1250-b28a-49b8-bbfa-a1feb5d213c3,expense_voucher,2026-05-22T23:37:34.037328+00:00,2026-05-22T17:37:34.141179+00:00
c0793bde-05d5-4f15-b270-7ccaa5678823,2026-05-22T23:37:34.037328+00:00,ba11430e-9fdc-490c-b764-73263e03e59a,True,,18820,b1226387-85e1-4f21-8324-e4f24961bd0e,expense_voucher,2026-05-22T23:37:34.037328+00:00,2026-05-22T17:37:34.141179+00:00
c0793bde-05d5-4f15-b270-7ccaa5678823,2026-05-22T23:37:34.037328+00:00,764d9fdc-de60-4057-b21d-1a04d85b985c,True,,18821,db42ef19-873d-464b-816e-b21e94f2dd29,expense_voucher,2026-05-22T23:37:34.037328+00:00,2026-05-22T17:37:34.141179+00:00
28a6bad3-7d59-4ba5-98e4-00f3af72fc4f,2026-05-05T21:13:12.997226+00:00,bf50e343-d371-476b-8ede-0f50f32c86dc,True,COMPROBAR,18583,d9c45893-7566-43af-a5b0-4195dbefbce7,expense_voucher,2026-05-06T14:36:52.037264+00:00,2026-05-06T08:36:52.371608+00:00
28a6bad3-7d59-4ba5-98e4-00f3af72fc4f,2026-05-05T21:13:12.997226+00:00,8689f057-1baa-4d42-9451-62877edad892,True,COMPROBAR,18494,c8d82094-f383-49f4-b39b-3c4fb169ad69,expense_voucher,2026-05-06T14:36:52.037264+00:00,2026-05-06T08:36:52.371608+00:00
28a6bad3-7d59-4ba5-98e4-00f3af72fc4f,2026-05-05T21:13:12.997226+00:00,64799fe3-e437-42f4-bf46-9b28c25f8fa9,True,COMPROBAR,18540,0e5960bb-ab55-41c4-85da-8f6d630c4162,expense_voucher,2026-05-06T14:36:52.037264+00:00,2026-05-06T08:36:52.371608+00:00
28a6bad3-7d59-4ba5-98e4-00f3af72fc4f,2026-05-05T21:13:12.997226+00:00,94e13cbc-ebbf-4416-8e02-bc86328ab9c3,True,COMPROBAR,18482,47523fac-4567-4ae4-986a-d5851b6b3556,expense_voucher,2026-05-06T14:36:52.037264+00:00,2026-05-06T08:36:52.371608+00:00
28a6bad3-7d59-4ba5-98e4-00f3af72fc4f,2026-05-05T21:13:12.997226+00:00,ee38426e-8d12-42cf-8cd3-6a17dc221cd5,True,COMPROBAR,18584,188aa5b9-6ee0-45e3-a7a7-076becd28bc3,expense_voucher,2026-05-06T14:36:52.037264+00:00,2026-05-06T08:36:52.371608+00:00
28a6bad3-7d59-4ba5-98e4-00f3af72fc4f,2026-05-05T21:13:12.997226+00:00,bd50b138-1642-4e49-aecc-918e71e444dd,True,COMPROBAR,18586,2661cecf-0c3c-4e83-b9ec-c3eb2f484d1d,expense_voucher,2026-05-06T14:36:52.037264+00:00,2026-05-06T08:36:52.371608+00:00
28a6bad3-7d59-4ba5-98e4-00f3af72fc4f,2026-05-05T21:13:12.997226+00:00,92430382-d64c-4c0f-8dcc-1b685483a9c7,True,COMPROBAR,18588,0644c474-b4e7-4c60-9857-82e264645d91,expense_voucher,2026-05-06T14:36:52.037264+00:00,2026-05-06T08:36:52.371608+00:00
eff1f086-730a-4a62-a72b-f027fa00341c,2026-05-07T00:14:53.624719+00:00,455d5ba7-73e6-43a8-9d19-f74436c83686,True,,18607,71fbb3e6-43e5-4aac-9625-1bd55b477cab,expense_voucher,2026-05-07T00:14:53.624719+00:00,2026-05-06T18:14:54.560589+00:00
eff1f086-730a-4a62-a72b-f027fa00341c,2026-05-07T00:14:53.624719+00:00,48acb2aa-5085-47a6-ae59-855b0d1e0df6,True,,18608,f2080917-2c55-4fd9-8f18-1b5416dbfb6a,expense_voucher,2026-05-07T00:14:53.624719+00:00,2026-05-06T18:14:54.560589+00:00
eff1f086-730a-4a62-a72b-f027fa00341c,2026-05-07T00:14:53.624719+00:00,4ff97b57-6c36-4cda-876e-65f94b1079fd,True,,18610,91eb6761-003d-4b08-9b34-86a727c168c8,expense_voucher,2026-05-07T00:14:53.624719+00:00,2026-05-06T18:14:54.561586+00:00
eff1f086-730a-4a62-a72b-f027fa00341c,2026-05-07T00:14:53.624719+00:00,b1ba41ff-9031-4224-8ab7-38bfadc3d659,True,,210,fa909052-61b6-48f2-8a7a-10e891d650ca,deposit_voucher,2026-05-07T00:14:53.624719+00:00,2026-05-06T18:14:54.561586+00:00
eff1f086-730a-4a62-a72b-f027fa00341c,2026-05-07T00:14:53.624719+00:00,d7d125f6-157b-4b95-832f-6f70f7068ccb,True,,211,94866932-6977-4427-a009-42e818512f0a,deposit_voucher,2026-05-07T00:14:53.624719+00:00,2026-05-06T18:14:54.561586+00:00
eff1f086-730a-4a62-a72b-f027fa00341c,2026-05-07T00:14:53.624719+00:00,cb14784b-690c-45a0-bbf1-7331e57a6c9f,True,,212,d3de1f9a-d834-4580-9791-379bd4151b94,deposit_voucher,2026-05-07T00:14:53.624719+00:00,2026-05-06T18:14:54.561586+00:00
eff1f086-730a-4a62-a72b-f027fa00341c,2026-05-07T00:14:53.624719+00:00,c6cebbac-e886-41b7-95d5-878fc397efe4,True,,213,cfc85132-321b-4bb9-8a67-c010f5b2145d,deposit_voucher,2026-05-07T00:14:53.624719+00:00,2026-05-06T18:14:54.561586+00:00
eff1f086-730a-4a62-a72b-f027fa00341c,2026-05-07T00:14:53.624719+00:00,6e8a5626-a37c-47ba-9b84-7d031d389006,True,,214,0f32c24a-2bb2-43d8-8125-13a967e5bdad,deposit_voucher,2026-05-07T00:14:53.624719+00:00,2026-05-06T18:14:54.561586+00:00
eff1f086-730a-4a62-a72b-f027fa00341c,2026-05-07T00:14:53.624719+00:00,a423afe4-a408-4d6d-9434-b485552ef698,True,,78775,b02bda76-38d6-4aa0-a099-47600e9bcd2b,sale_ticket,2026-05-07T00:14:53.624719+00:00,2026-05-06T18:14:54.561586+00:00
eff1f086-730a-4a62-a72b-f027fa00341c,2026-05-07T00:14:53.624719+00:00,ae4056c1-5a1f-47d8-91dc-3bc555db1215,True,,78776,38996bcc-d8c5-4e69-a2d5-11154a292ab2,sale_ticket,2026-05-07T00:14:53.624719+00:00,2026-05-06T18:14:54.561586+00:00
eff1f086-730a-4a62-a72b-f027fa00341c,2026-05-07T00:14:53.624719+00:00,f89e6c65-435a-4c0e-a7d1-3ee6c1c41cbd,True,,55590,a24da9fd-4878-4d9f-9955-b0efc402d55d,purchase_ticket,2026-05-07T00:14:53.624719+00:00,2026-05-06T18:14:54.561586+00:00
eff1f086-730a-4a62-a72b-f027fa00341c,2026-05-07T00:14:53.624719+00:00,576a0fd8-550e-48f7-a020-4436e649ccd5,True,,55595,7075a7d3-351b-408e-9e19-96ae1352d773,purchase_ticket,2026-05-07T00:14:53.624719+00:00,2026-05-06T18:14:54.561586+00:00
eff1f086-730a-4a62-a72b-f027fa00341c,2026-05-07T00:14:53.624719+00:00,c41eadf1-d787-4a24-9a9b-9156031f5899,True,,55597,3aaf4b6b-0448-4d2d-816a-8c7bc110831e,purchase_ticket,2026-05-07T00:14:53.624719+00:00,2026-05-06T18:14:54.561586+00:00
eff1f086-730a-4a62-a72b-f027fa00341c,2026-05-07T00:14:53.624719+00:00,cbdc9f59-5c77-482b-b272-b5edde5a9716,True,,55606,7c8c1d2e-f764-42a2-970a-5ca763652fc6,purchase_ticket,2026-05-07T00:14:53.624719+00:00,2026-05-06T18:14:54.561586+00:00
eff1f086-730a-4a62-a72b-f027fa00341c,2026-05-07T00:14:53.624719+00:00,6dc2513d-51b9-4468-9ae2-f4dfba97100d,True,,55607,fba0c556-6fdb-4bc0-a08b-7db7ba5db310,purchase_ticket,2026-05-07T00:14:53.624719+00:00,2026-05-06T18:14:54.561586+00:00
eff1f086-730a-4a62-a72b-f027fa00341c,2026-05-07T00:14:53.624719+00:00,414c7cc6-7c8d-4f85-b9fe-fa096d8da6b3,True,,55608,0cd06ffb-aebc-46c9-92af-50d8a4554e7c,purchase_ticket,2026-05-07T00:14:53.624719+00:00,2026-05-06T18:14:54.561586+00:00
eff1f086-730a-4a62-a72b-f027fa00341c,2026-05-07T00:14:53.624719+00:00,9a120ccd-71b9-44bc-8173-a37ed537374f,True,,55609,44e980bb-7bb4-49d1-8d02-b2d51ed822ec,purchase_ticket,2026-05-07T00:14:53.624719+00:00,2026-05-06T18:14:54.561586+00:00
eff1f086-730a-4a62-a72b-f027fa00341c,2026-05-07T00:14:53.624719+00:00,a93f5fc7-d95e-453e-90b7-b1f03235c2df,True,,55610,c03e9256-7ca4-41b7-beb4-166582a3b960,purchase_ticket,2026-05-07T00:14:53.624719+00:00,2026-05-06T18:14:54.561586+00:00
eff1f086-730a-4a62-a72b-f027fa00341c,2026-05-07T00:14:53.624719+00:00,51ff7bba-5134-465c-8a6c-3f8c29f8504e,True,,55611,80037f8f-b046-40f6-b27f-a738c5dbff28,purchase_ticket,2026-05-07T00:14:53.624719+00:00,2026-05-06T18:14:54.561586+00:00
eff1f086-730a-4a62-a72b-f027fa00341c,2026-05-07T00:14:53.624719+00:00,603b57ba-310e-4868-bd6a-76021a99e0fa,True,COMPROBAR,18609,86e3373c-232e-46a5-b2ea-0943ac0746a7,expense_voucher,2026-05-08T14:04:36.409019+00:00,2026-05-08T08:04:38.043942+00:00
eff1f086-730a-4a62-a72b-f027fa00341c,2026-05-07T00:14:53.624719+00:00,74cef93f-3d48-4425-9227-57c40b2e3a8e,True,COMPROBAR,176,153ba3dc-7d08-481d-9690-e9759a80986b,sale_ticket,2026-05-08T14:04:36.409019+00:00,2026-05-08T08:04:38.043942+00:00
eff1f086-730a-4a62-a72b-f027fa00341c,2026-05-07T00:14:53.624719+00:00,3f69cfc4-d20c-42ab-afce-af2f38ca2d74,True,COMPROBAR,178,7b5278ee-79d1-4727-903f-11e577eb4305,sale_ticket,2026-05-08T14:04:36.409019+00:00,2026-05-08T08:04:38.043942+00:00
eff1f086-730a-4a62-a72b-f027fa00341c,2026-05-07T00:14:53.624719+00:00,e6451f38-dfe1-4fb4-8805-e5a99ab1e53a,True,,55612,777cc469-568c-4fd4-aed3-38dff64beb9b,purchase_ticket,2026-05-07T00:14:53.624719+00:00,2026-05-06T18:14:54.561586+00:00
eff1f086-730a-4a62-a72b-f027fa00341c,2026-05-07T00:14:53.624719+00:00,722c7b94-b16c-4560-9605-23c237d79eaa,True,,55613,3abe7ad1-b291-49b1-be15-c2ae0771682e,purchase_ticket,2026-05-07T00:14:53.624719+00:00,2026-05-06T18:14:54.561586+00:00
eff1f086-730a-4a62-a72b-f027fa00341c,2026-05-07T00:14:53.624719+00:00,ecbe5581-d75d-4d57-9108-f65b4022bbcf,True,,55614,6df21116-1db2-49fb-a6c1-8335293a7677,purchase_ticket,2026-05-07T00:14:53.624719+00:00,2026-05-06T18:14:54.561586+00:00
eff1f086-730a-4a62-a72b-f027fa00341c,2026-05-07T00:14:53.624719+00:00,5fcf989a-94a5-4779-a1ed-59cd9630f281,True,,55615,dc3d833a-2806-439d-9b9d-b6534b1703d1,purchase_ticket,2026-05-07T00:14:53.624719+00:00,2026-05-06T18:14:54.561586+00:00
eff1f086-730a-4a62-a72b-f027fa00341c,2026-05-07T00:14:53.624719+00:00,83a417aa-8f10-45e1-aa24-101cb63d633e,True,,55616,d58425db-fccf-442c-89de-78d9d84269a8,purchase_ticket,2026-05-07T00:14:53.624719+00:00,2026-05-06T18:14:54.561586+00:00
eff1f086-730a-4a62-a72b-f027fa00341c,2026-05-07T00:14:53.624719+00:00,27701d32-1d1a-4cac-ad1a-061b27a7e62f,True,,55617,8d9b0c7d-e840-4772-ab04-e62b65081a7f,purchase_ticket,2026-05-07T00:14:53.624719+00:00,2026-05-06T18:14:54.561586+00:00
eff1f086-730a-4a62-a72b-f027fa00341c,2026-05-07T00:14:53.624719+00:00,9193c098-4909-4a52-92f2-0abcd6afdd5c,True,,55618,21f3d8e2-39ce-4a8d-a570-17542814cc5e,purchase_ticket,2026-05-07T00:14:53.624719+00:00,2026-05-06T18:14:54.561586+00:00
eff1f086-730a-4a62-a72b-f027fa00341c,2026-05-07T00:14:53.624719+00:00,4a93b1a9-12a3-424a-a532-2dc78b9c8f20,True,,55619,8dc241e0-9e4a-42b4-9492-e2a071828514,purchase_ticket,2026-05-07T00:14:53.624719+00:00,2026-05-06T18:14:54.561586+00:00
eff1f086-730a-4a62-a72b-f027fa00341c,2026-05-07T00:14:53.624719+00:00,06b5d434-3e58-4f11-ac71-7b48af7911e1,True,,55620,cb409628-e40c-4087-b8d2-e8651fe34b0a,purchase_ticket,2026-05-07T00:14:53.624719+00:00,2026-05-06T18:14:54.561586+00:00
eff1f086-730a-4a62-a72b-f027fa00341c,2026-05-07T00:14:53.624719+00:00,22a33185-1361-4f2e-b7c7-2ec466f3aac5,True,,55621,d430a100-46e0-40cd-bc58-9dd8723ef1c1,purchase_ticket,2026-05-07T00:14:53.624719+00:00,2026-05-06T18:14:54.561586+00:00
eff1f086-730a-4a62-a72b-f027fa00341c,2026-05-07T00:14:53.624719+00:00,7dd094e1-8e67-4e5a-a046-1b936c9b27ef,True,,55622,105aeb2c-8596-445a-83b9-c3395757bfa0,purchase_ticket,2026-05-07T00:14:53.624719+00:00,2026-05-06T18:14:54.561586+00:00
eff1f086-730a-4a62-a72b-f027fa00341c,2026-05-07T00:14:53.624719+00:00,e7e8bffc-91dc-4437-9b52-5e849441c6a2,True,,55623,04a2e861-cb08-41a5-8824-fd6507b5ea35,purchase_ticket,2026-05-07T00:14:53.624719+00:00,2026-05-06T18:14:54.561586+00:00
eff1f086-730a-4a62-a72b-f027fa00341c,2026-05-07T00:14:53.624719+00:00,876575f3-e4fe-4017-8c61-1266cac749a4,True,,55624,9b2690c8-296a-44f2-9d62-d4ede84e4883,purchase_ticket,2026-05-07T00:14:53.624719+00:00,2026-05-06T18:14:54.561586+00:00
eff1f086-730a-4a62-a72b-f027fa00341c,2026-05-07T00:14:53.624719+00:00,b303865f-c4f1-4c34-b3ab-a4df517e38e6,True,,55625,ff251e40-6d1f-4901-8a5b-44103e6e98eb,purchase_ticket,2026-05-07T00:14:53.624719+00:00,2026-05-06T18:14:54.561586+00:00
eff1f086-730a-4a62-a72b-f027fa00341c,2026-05-07T00:14:53.624719+00:00,f86d91a2-6bb1-47db-9f6f-f702419422d8,True,,55626,ad96b5d9-1e3b-4248-865e-2a7af0cba38b,purchase_ticket,2026-05-07T00:14:53.624719+00:00,2026-05-06T18:14:54.561586+00:00
eff1f086-730a-4a62-a72b-f027fa00341c,2026-05-07T00:14:53.624719+00:00,b0de7ec7-a1a9-434a-b554-781aa77bde90,True,,55628,ac6681d3-f9ae-43b8-a51c-798629be56a4,purchase_ticket,2026-05-07T00:14:53.624719+00:00,2026-05-06T18:14:54.561586+00:00
eff1f086-730a-4a62-a72b-f027fa00341c,2026-05-07T00:14:53.624719+00:00,c0099dd4-8108-4669-ba8b-02cad55ad0ae,True,,55629,db05acbe-d3e0-4f2a-acb0-a5d0326201d7,purchase_ticket,2026-05-07T00:14:53.624719+00:00,2026-05-06T18:14:54.561586+00:00
eff1f086-730a-4a62-a72b-f027fa00341c,2026-05-07T00:14:53.624719+00:00,43c987d2-05b9-4e12-91bc-900402ba94c9,True,,55630,619adb7b-816c-4a39-990f-541b16e5e95f,purchase_ticket,2026-05-07T00:14:53.624719+00:00,2026-05-06T18:14:54.561586+00:00
eff1f086-730a-4a62-a72b-f027fa00341c,2026-05-07T00:14:53.624719+00:00,17edf7a0-37f6-46c7-961f-f12ec8ae7eea,True,,55631,54528fca-2e60-4909-b216-fe7a4c7f2ca6,purchase_ticket,2026-05-07T00:14:53.624719+00:00,2026-05-06T18:14:54.561586+00:00
eff1f086-730a-4a62-a72b-f027fa00341c,2026-05-07T00:14:53.624719+00:00,bf61fb43-6675-4184-a68a-3d7fd78b6f6a,True,,55632,8ee83c81-ea36-4018-9e56-3aca092603b4,purchase_ticket,2026-05-07T00:14:53.624719+00:00,2026-05-06T18:14:54.561586+00:00
eff1f086-730a-4a62-a72b-f027fa00341c,2026-05-07T00:14:53.624719+00:00,c49baf2c-a5ec-4339-93d5-735a1a6ee2d9,True,,55633,e3f84d52-0b5f-4aa7-a5f9-f0e06b188a89,purchase_ticket,2026-05-07T00:14:53.624719+00:00,2026-05-06T18:14:54.561586+00:00
eff1f086-730a-4a62-a72b-f027fa00341c,2026-05-07T00:14:53.624719+00:00,0d8adcf0-72fa-4ee9-89bc-113000a4a977,True,,55635,90de5c99-da19-468d-b102-4554581c62a6,purchase_ticket,2026-05-07T00:14:53.624719+00:00,2026-05-06T18:14:54.562583+00:00
eff1f086-730a-4a62-a72b-f027fa00341c,2026-05-07T00:14:53.624719+00:00,7f65a981-6103-44ab-9922-c5510d4c5431,True,,55636,d7250d89-8c3a-4fe8-a9d5-7a23dd3f468c,purchase_ticket,2026-05-07T00:14:53.624719+00:00,2026-05-06T18:14:54.562583+00:00
eff1f086-730a-4a62-a72b-f027fa00341c,2026-05-07T00:14:53.624719+00:00,370dc17a-991c-4fd4-8147-aa4003e43445,True,,55637,4a75afbd-63b7-4e80-8193-b6323e6aee52,purchase_ticket,2026-05-07T00:14:53.624719+00:00,2026-05-06T18:14:54.562583+00:00
eff1f086-730a-4a62-a72b-f027fa00341c,2026-05-07T00:14:53.624719+00:00,f6d18a31-3c7c-4a58-8870-9408fe421c94,True,,55638,6b8f8cd4-b3be-4764-8183-094d23517e3c,purchase_ticket,2026-05-07T00:14:53.624719+00:00,2026-05-06T18:14:54.562583+00:00
eff1f086-730a-4a62-a72b-f027fa00341c,2026-05-07T00:14:53.624719+00:00,aaf0b349-b8f1-4b3e-80e7-184e91006254,True,,55639,fdc1a60f-dbcb-4626-9c4d-8ffba2e23eb9,purchase_ticket,2026-05-07T00:14:53.624719+00:00,2026-05-06T18:14:54.562583+00:00
eff1f086-730a-4a62-a72b-f027fa00341c,2026-05-07T00:14:53.624719+00:00,795bb133-ff35-4048-9f1d-0bc79683a8a8,True,,55640,f460f15f-3226-4f33-b8d9-3d573dc642c9,purchase_ticket,2026-05-07T00:14:53.624719+00:00,2026-05-06T18:14:54.562583+00:00
eff1f086-730a-4a62-a72b-f027fa00341c,2026-05-07T00:14:53.624719+00:00,7160d404-8dfd-4b96-9ba8-8452fa6b8a58,True,,55641,4c3ef17b-ca1a-4459-90b4-321862511d00,purchase_ticket,2026-05-07T00:14:53.624719+00:00,2026-05-06T18:14:54.562583+00:00
eff1f086-730a-4a62-a72b-f027fa00341c,2026-05-07T00:14:53.624719+00:00,52447baf-a08a-4646-982d-f18f01b1410e,True,,55642,e388546a-d6d3-43a8-9363-08a34db4f610,purchase_ticket,2026-05-07T00:14:53.624719+00:00,2026-05-06T18:14:54.562583+00:00
eff1f086-730a-4a62-a72b-f027fa00341c,2026-05-07T00:14:53.624719+00:00,0e18e295-df21-4aea-8d23-09f59994766e,True,,55643,d1ef88ba-7524-46ba-a39e-eda021466915,purchase_ticket,2026-05-07T00:14:53.624719+00:00,2026-05-06T18:14:54.562583+00:00
eff1f086-730a-4a62-a72b-f027fa00341c,2026-05-07T00:14:53.624719+00:00,9ce3f46d-9c74-45c0-80e8-2a2e01b54dc1,True,,55644,450b5fb8-a8c1-411c-9dcd-c58f4b5497dc,purchase_ticket,2026-05-07T00:14:53.624719+00:00,2026-05-06T18:14:54.562583+00:00
eff1f086-730a-4a62-a72b-f027fa00341c,2026-05-07T00:14:53.624719+00:00,8ad7d999-5225-468f-8081-a5ed55d779e3,True,,55645,03e16f8c-eba1-4e5e-8ed3-f2af1f40b404,purchase_ticket,2026-05-07T00:14:53.624719+00:00,2026-05-06T18:14:54.562583+00:00
eff1f086-730a-4a62-a72b-f027fa00341c,2026-05-07T00:14:53.624719+00:00,7b6e0272-c15c-4d0c-b653-b1f46a3a3876,True,,55647,6517cb91-694a-4ab1-b546-145cc1531fa8,purchase_ticket,2026-05-07T00:14:53.624719+00:00,2026-05-06T18:14:54.562583+00:00
eff1f086-730a-4a62-a72b-f027fa00341c,2026-05-07T00:14:53.624719+00:00,280db5f7-1509-4b73-a718-c102f6e7d1d7,True,,81051-A,b2a552ee-61d8-4fae-954f-efe1bcf677f4,purchase_ticket,2026-05-07T00:14:53.624719+00:00,2026-05-06T18:14:54.562583+00:00
eff1f086-730a-4a62-a72b-f027fa00341c,2026-05-07T00:14:53.624719+00:00,2bf6b486-3ddd-4bff-97f5-821ae0c2d549,True,,81051-B,26ba36a1-3823-4359-a42c-beda914a3257,purchase_ticket,2026-05-07T00:14:53.624719+00:00,2026-05-06T18:14:54.562583+00:00
eff1f086-730a-4a62-a72b-f027fa00341c,2026-05-07T00:14:53.624719+00:00,ac835d45-6f1e-492f-94af-fcd9488807e5,True,,81066,34abb306-d4a6-48b0-8710-1f4039365d44,purchase_ticket,2026-05-07T00:14:53.624719+00:00,2026-05-06T18:14:54.562583+00:00
eff1f086-730a-4a62-a72b-f027fa00341c,2026-05-07T00:14:53.624719+00:00,ada153fb-1b1e-4c32-a7bb-9c044a7c832a,True,,81121,037f2572-da0e-4586-8574-d6a990d3bacd,purchase_ticket,2026-05-07T00:14:53.624719+00:00,2026-05-06T18:14:54.562583+00:00
eff1f086-730a-4a62-a72b-f027fa00341c,2026-05-07T00:14:53.624719+00:00,1d69f92e-8244-4cd3-b354-a7e225a5d4e0,True,,81129,b8f5b5c9-4b19-45b1-b0fa-42d63b66bcba,purchase_ticket,2026-05-07T00:14:53.624719+00:00,2026-05-06T18:14:54.562583+00:00
eff1f086-730a-4a62-a72b-f027fa00341c,2026-05-07T00:14:53.624719+00:00,ee57dc8b-dc64-40b7-b3fe-555cf7dca2b3,True,,81130,65129ecb-43ce-470c-a0cb-aacd74818bc4,purchase_ticket,2026-05-07T00:14:53.624719+00:00,2026-05-06T18:14:54.562583+00:00
eff1f086-730a-4a62-a72b-f027fa00341c,2026-05-07T00:14:53.624719+00:00,dc9827b5-80a1-4199-a3f0-b75470497580,True,,81135,014573c1-c451-428a-9d5d-a6da7e1370c6,purchase_ticket,2026-05-07T00:14:53.624719+00:00,2026-05-06T18:14:54.562583+00:00
eff1f086-730a-4a62-a72b-f027fa00341c,2026-05-07T00:14:53.624719+00:00,2bfdcdec-442a-4bfb-98f1-8b82b94d4b8d,True,,81136,d6eb02e6-e37f-43eb-911a-cfaa03faf52c,purchase_ticket,2026-05-07T00:14:53.624719+00:00,2026-05-06T18:14:54.562583+00:00
eff1f086-730a-4a62-a72b-f027fa00341c,2026-05-07T00:14:53.624719+00:00,30269cc1-b48d-4915-9029-55cfa1915c93,True,,81141,3284e9d3-6490-44ca-8fac-6a7353f2deab,purchase_ticket,2026-05-07T00:14:53.624719+00:00,2026-05-06T18:14:54.562583+00:00
eff1f086-730a-4a62-a72b-f027fa00341c,2026-05-07T00:14:53.624719+00:00,6ea7a17d-617c-4bca-8f54-9580c388689c,True,,81144,afe001eb-0ec8-49fb-925c-b4ca4df0315f,purchase_ticket,2026-05-07T00:14:53.624719+00:00,2026-05-06T18:14:54.562583+00:00
eff1f086-730a-4a62-a72b-f027fa00341c,2026-05-07T00:14:53.624719+00:00,a42fb4dc-f34f-4bae-9fde-fd9736fe90a8,True,,81145,53370ca7-72a3-4657-8912-a5d535535226,purchase_ticket,2026-05-07T00:14:53.624719+00:00,2026-05-06T18:14:54.562583+00:00
eff1f086-730a-4a62-a72b-f027fa00341c,2026-05-07T00:14:53.624719+00:00,5fc26169-559c-48d4-a739-6661755322ee,True,,81152,1edbe6be-3c4b-4732-919f-904fe1d00cc0,purchase_ticket,2026-05-07T00:14:53.624719+00:00,2026-05-06T18:14:54.562583+00:00
eff1f086-730a-4a62-a72b-f027fa00341c,2026-05-07T00:14:53.624719+00:00,f966859c-7d76-439d-b0a7-baab03dd3114,True,,81153,ed414b42-f74d-4bd9-bd65-f4a0c731ffd6,purchase_ticket,2026-05-07T00:14:53.624719+00:00,2026-05-06T18:14:54.562583+00:00
eff1f086-730a-4a62-a72b-f027fa00341c,2026-05-07T00:14:53.624719+00:00,2746653e-5f8d-4ce7-8a26-ddf3b6db7153,True,,81154,a1a03a0f-a64b-4616-b80f-deae21a0a4cf,purchase_ticket,2026-05-07T00:14:53.624719+00:00,2026-05-06T18:14:54.562583+00:00
eff1f086-730a-4a62-a72b-f027fa00341c,2026-05-07T00:14:53.624719+00:00,9c5c7c9a-fd0c-4247-ada6-7165fd270f66,True,,81155,31c35c5b-6eae-4f99-9361-fd8498d8882c,purchase_ticket,2026-05-07T00:14:53.624719+00:00,2026-05-06T18:14:54.562583+00:00
6383c04e-5f3f-4727-8114-fbb177cb267b,2026-05-06T00:03:02.475278+00:00,bdc96e18-2926-45b6-937b-90f1d365af19,True,COMPROBAR,18558,c3c79e6b-36d1-40fd-b829-6ae699cc7e8e,expense_voucher,2026-05-07T14:52:39.140161+00:00,2026-05-07T08:52:39.879654+00:00
6383c04e-5f3f-4727-8114-fbb177cb267b,2026-05-06T00:03:02.475278+00:00,1eb59158-e4aa-4973-926c-ea32d0f70a16,True,COMPROBAR,18571,4451da3f-a411-4b66-993c-05912ddd938c,expense_voucher,2026-05-07T14:52:39.140161+00:00,2026-05-07T08:52:39.879654+00:00
6383c04e-5f3f-4727-8114-fbb177cb267b,2026-05-06T00:03:02.475278+00:00,5a123ab1-304a-4dab-b812-58588cd571ec,True,COMPROBAR,18572,d379b0ef-4a7f-496e-94ba-38949c2d0a32,expense_voucher,2026-05-07T14:52:39.140161+00:00,2026-05-07T08:52:39.879654+00:00
6383c04e-5f3f-4727-8114-fbb177cb267b,2026-05-06T00:03:02.475278+00:00,c5c19028-3944-4347-889d-f820ebdefde5,True,COMPROBAR,18583,d9c45893-7566-43af-a5b0-4195dbefbce7,expense_voucher,2026-05-07T14:52:39.140161+00:00,2026-05-07T08:52:39.879654+00:00
6383c04e-5f3f-4727-8114-fbb177cb267b,2026-05-06T00:03:02.475278+00:00,ba852723-8eaa-4e7d-b3da-7a3e595a5024,True,COMPROBAR,18494,c8d82094-f383-49f4-b39b-3c4fb169ad69,expense_voucher,2026-05-07T14:52:39.140161+00:00,2026-05-07T08:52:39.879654+00:00
6383c04e-5f3f-4727-8114-fbb177cb267b,2026-05-06T00:03:02.475278+00:00,62f22ddf-b760-420f-a50e-064bf5c3cc27,True,COMPROBAR,18540,0e5960bb-ab55-41c4-85da-8f6d630c4162,expense_voucher,2026-05-07T14:52:39.140161+00:00,2026-05-07T08:52:39.879654+00:00
6383c04e-5f3f-4727-8114-fbb177cb267b,2026-05-06T00:03:02.475278+00:00,116dc393-ea16-4766-9daf-cff69b859c8c,True,COMPROBAR,18482,47523fac-4567-4ae4-986a-d5851b6b3556,expense_voucher,2026-05-07T14:52:39.140161+00:00,2026-05-07T08:52:39.879654+00:00
6383c04e-5f3f-4727-8114-fbb177cb267b,2026-05-06T00:03:02.475278+00:00,2426a1c0-7d8f-4859-a9ed-61d4fe13873c,True,COMPROBAR,18584,188aa5b9-6ee0-45e3-a7a7-076becd28bc3,expense_voucher,2026-05-07T14:52:39.140161+00:00,2026-05-07T08:52:39.879654+00:00
6383c04e-5f3f-4727-8114-fbb177cb267b,2026-05-06T00:03:02.475278+00:00,a9a0b552-4a65-4391-b9ef-489a363e6591,True,COMPROBAR,18586,2661cecf-0c3c-4e83-b9ec-c3eb2f484d1d,expense_voucher,2026-05-07T14:52:39.140161+00:00,2026-05-07T08:52:39.879654+00:00
6383c04e-5f3f-4727-8114-fbb177cb267b,2026-05-06T00:03:02.475278+00:00,5d9e8656-2014-4ed9-931a-5d8df9cd2d47,True,COMPROBAR,18588,0644c474-b4e7-4c60-9857-82e264645d91,expense_voucher,2026-05-07T14:52:39.140161+00:00,2026-05-07T08:52:39.879654+00:00
c0793bde-05d5-4f15-b270-7ccaa5678823,2026-05-22T23:37:34.037328+00:00,611eb5f5-f25f-4ef8-acde-1fd3ecc845f4,True,,18822,369c08f2-648e-4a53-9034-44187427a46d,expense_voucher,2026-05-22T23:37:34.037328+00:00,2026-05-22T17:37:34.141179+00:00
c0793bde-05d5-4f15-b270-7ccaa5678823,2026-05-22T23:37:34.037328+00:00,b4704e09-ac79-43d9-927b-01a65f9d4af4,True,,18823,32795738-caf6-4ef7-9dfd-4a91ae0670ca,expense_voucher,2026-05-22T23:37:34.037328+00:00,2026-05-22T17:37:34.141179+00:00
9576820b-bec7-485f-b4d4-171e474562dc,2026-05-08T00:00:09.129586+00:00,18a94b38-3ffc-4036-848a-e611b6134314,True,,18572,d379b0ef-4a7f-496e-94ba-38949c2d0a32,expense_voucher,2026-05-08T00:00:09.129586+00:00,2026-05-07T18:00:10.846567+00:00
c0793bde-05d5-4f15-b270-7ccaa5678823,2026-05-22T23:37:34.037328+00:00,b2361a45-aad6-4488-ab35-2423e50d8f05,True,,18824,311a0782-a770-40f0-87a7-23f1b60191d5,expense_voucher,2026-05-22T23:37:34.037328+00:00,2026-05-22T17:37:34.141179+00:00
c0793bde-05d5-4f15-b270-7ccaa5678823,2026-05-22T23:37:34.037328+00:00,5dc588e3-7132-4285-856a-d1e5ac3ec39f,True,,18825,07ec449b-87a5-4d3e-b4d1-77b32fe41342,expense_voucher,2026-05-22T23:37:34.037328+00:00,2026-05-22T17:37:34.141179+00:00
c0793bde-05d5-4f15-b270-7ccaa5678823,2026-05-22T23:37:34.037328+00:00,8810da25-01c0-4d19-bc4f-4369312ed038,True,,18826,c8126380-fffd-451f-acba-237b65dfba46,expense_voucher,2026-05-22T23:37:34.037328+00:00,2026-05-22T17:37:34.141179+00:00
9576820b-bec7-485f-b4d4-171e474562dc,2026-05-08T00:00:09.129586+00:00,f5e4b602-22db-458e-8277-79d35ed655fe,True,,167,6f13dc6d-e570-4108-9fa0-66311382317e,sale_ticket,2026-05-08T00:00:09.129586+00:00,2026-05-07T18:00:10.846567+00:00
9576820b-bec7-485f-b4d4-171e474562dc,2026-05-08T00:00:09.129586+00:00,41e5cb4b-c1df-4862-9f3e-c6b41c485cc3,True,,176,153ba3dc-7d08-481d-9690-e9759a80986b,sale_ticket,2026-05-08T00:00:09.129586+00:00,2026-05-07T18:00:10.846567+00:00
9576820b-bec7-485f-b4d4-171e474562dc,2026-05-08T00:00:09.129586+00:00,6332c341-e551-4350-a706-f568d9948490,True,,178,7b5278ee-79d1-4727-903f-11e577eb4305,sale_ticket,2026-05-08T00:00:09.129586+00:00,2026-05-07T18:00:10.846567+00:00
9576820b-bec7-485f-b4d4-171e474562dc,2026-05-08T00:00:09.129586+00:00,bfb04816-845e-49dd-a8f5-07d70fd5a7d0,True,,18611,fd95f2d9-51c7-4253-b1ac-24c7131f6c43,expense_voucher,2026-05-08T00:00:09.129586+00:00,2026-05-07T18:00:10.846567+00:00
c0793bde-05d5-4f15-b270-7ccaa5678823,2026-05-22T23:37:34.037328+00:00,b2f43a4e-ca30-4504-bab5-9dd434ebab75,True,,18827,972c57ea-47ce-4445-82b4-5cbe7cdf3b0f,expense_voucher,2026-05-22T23:37:34.037328+00:00,2026-05-22T17:37:34.141179+00:00
9576820b-bec7-485f-b4d4-171e474562dc,2026-05-08T00:00:09.129586+00:00,7cf2f41a-4b7d-4987-ae56-b2c53ff2d745,True,,18613,d65fabbd-5a54-49ee-8579-206804c5bfb6,expense_voucher,2026-05-08T00:00:09.129586+00:00,2026-05-07T18:00:10.846567+00:00
9576820b-bec7-485f-b4d4-171e474562dc,2026-05-08T00:00:09.129586+00:00,7e878a36-279c-4a99-b027-16e48097bc08,True,,18614,dec8f68f-a7cd-4777-a447-ef2626c88b3b,expense_voucher,2026-05-08T00:00:09.129586+00:00,2026-05-07T18:00:10.846567+00:00
9576820b-bec7-485f-b4d4-171e474562dc,2026-05-08T00:00:09.129586+00:00,a42dc9f5-6500-4a16-a6cd-7eb8465d9081,True,,18615,456b5996-6769-47c4-a60e-aa6d10579cbc,expense_voucher,2026-05-08T00:00:09.129586+00:00,2026-05-07T18:00:10.846567+00:00
9576820b-bec7-485f-b4d4-171e474562dc,2026-05-08T00:00:09.129586+00:00,d15d3f1b-7079-4e4f-82e8-51048b29763c,True,,18616,a3b0ea0c-95b6-401d-8ab4-fee33c668a93,expense_voucher,2026-05-08T00:00:09.129586+00:00,2026-05-07T18:00:10.846567+00:00
9576820b-bec7-485f-b4d4-171e474562dc,2026-05-08T00:00:09.129586+00:00,a257f67d-1dbf-4aaf-be2e-86be77b9b457,True,,18617,8cb63cef-0663-4be7-906f-d97bc3ce0644,expense_voucher,2026-05-08T00:00:09.129586+00:00,2026-05-07T18:00:10.846567+00:00
9576820b-bec7-485f-b4d4-171e474562dc,2026-05-08T00:00:09.129586+00:00,f35c794e-dc66-4efb-9975-3e00eb0284bd,True,,18618,7dbdf891-fc4d-49a1-9f91-c0ae0dbd1c15,expense_voucher,2026-05-08T00:00:09.129586+00:00,2026-05-07T18:00:10.846567+00:00
9576820b-bec7-485f-b4d4-171e474562dc,2026-05-08T00:00:09.129586+00:00,abd502cf-fcdd-42ae-92e0-e0f5cf9b7a42,True,,18620,3c6edc70-6aa8-4df2-9067-231911563b18,expense_voucher,2026-05-08T00:00:09.129586+00:00,2026-05-07T18:00:10.846567+00:00
9576820b-bec7-485f-b4d4-171e474562dc,2026-05-08T00:00:09.129586+00:00,2ad2dea3-827d-4626-b4be-7243707e3ee9,True,,18621,33099caf-2291-4e0d-a321-86a1c0a3ce84,expense_voucher,2026-05-08T00:00:09.129586+00:00,2026-05-07T18:00:10.846567+00:00
9576820b-bec7-485f-b4d4-171e474562dc,2026-05-08T00:00:09.129586+00:00,8b9caa40-5e36-406e-ad6a-1d838f59674c,True,,18622,90f3b95b-2485-46c8-a1ac-c01506a717f7,expense_voucher,2026-05-08T00:00:09.129586+00:00,2026-05-07T18:00:10.846567+00:00
9576820b-bec7-485f-b4d4-171e474562dc,2026-05-08T00:00:09.129586+00:00,bc606300-a760-4dd1-95e7-174520633522,True,,18623,795cf493-82cd-40c4-80ea-ca1e5810c885,expense_voucher,2026-05-08T00:00:09.129586+00:00,2026-05-07T18:00:10.846567+00:00
9576820b-bec7-485f-b4d4-171e474562dc,2026-05-08T00:00:09.129586+00:00,6950bdd7-3c76-427e-8bdd-74461d9d6401,True,,18624,9d29bf68-7859-40d7-83ec-2343ee51724e,expense_voucher,2026-05-08T00:00:09.129586+00:00,2026-05-07T18:00:10.846567+00:00
9576820b-bec7-485f-b4d4-171e474562dc,2026-05-08T00:00:09.129586+00:00,d258994e-138e-4b8e-87bc-92ed4e328963,True,,18625,f1f4e7a7-27fa-4d09-beb8-d9cffbc3efee,expense_voucher,2026-05-08T00:00:09.129586+00:00,2026-05-07T18:00:10.846567+00:00
9576820b-bec7-485f-b4d4-171e474562dc,2026-05-08T00:00:09.129586+00:00,cf6c9684-c42e-419a-ab83-d721dfbc2d2b,True,,18626,60b5710b-cb74-4b78-8308-379a14705068,expense_voucher,2026-05-08T00:00:09.129586+00:00,2026-05-07T18:00:10.846567+00:00
9576820b-bec7-485f-b4d4-171e474562dc,2026-05-08T00:00:09.129586+00:00,5c6f3d9d-5138-46da-ba95-4ea9787d321b,True,,18627,80537809-2fd2-4dea-8087-5dd12b1f5a9c,expense_voucher,2026-05-08T00:00:09.129586+00:00,2026-05-07T18:00:10.846567+00:00
9576820b-bec7-485f-b4d4-171e474562dc,2026-05-08T00:00:09.129586+00:00,6410ad51-94cf-4e7c-b122-77469b331053,True,,18628,01a565dc-cb5f-4728-8d78-13cbabe86311,expense_voucher,2026-05-08T00:00:09.129586+00:00,2026-05-07T18:00:10.846567+00:00
9576820b-bec7-485f-b4d4-171e474562dc,2026-05-08T00:00:09.129586+00:00,680c502a-d769-4182-a6ea-0692d84c864c,True,,18629,af801dff-8ba4-4a5e-aa32-177d57cd1daf,expense_voucher,2026-05-08T00:00:09.129586+00:00,2026-05-07T18:00:10.846567+00:00
9576820b-bec7-485f-b4d4-171e474562dc,2026-05-08T00:00:09.129586+00:00,9294a584-7931-4e9f-8124-7a3f3c1e0361,True,,18630,758d7da9-5556-4978-a1f8-e3e5c764c817,expense_voucher,2026-05-08T00:00:09.129586+00:00,2026-05-07T18:00:10.847564+00:00
9576820b-bec7-485f-b4d4-171e474562dc,2026-05-08T00:00:09.129586+00:00,3111a0a9-25d1-41e4-bd61-c64ff73f1ae4,True,,18631,fd6e6316-b0db-4922-8e06-7160afd18f2e,expense_voucher,2026-05-08T00:00:09.129586+00:00,2026-05-07T18:00:10.847564+00:00
9576820b-bec7-485f-b4d4-171e474562dc,2026-05-08T00:00:09.129586+00:00,49e4109a-1e40-41bd-8cab-ac9d8caa7e87,True,,215,09f209a6-1081-4499-b1fd-cdf9c180e26e,deposit_voucher,2026-05-08T00:00:09.129586+00:00,2026-05-07T18:00:10.847564+00:00
9576820b-bec7-485f-b4d4-171e474562dc,2026-05-08T00:00:09.129586+00:00,c8ba3fe7-a42e-4edc-ae66-2693c0fbf4d3,True,,216,ce4692de-db12-47d6-a841-097a992a661a,deposit_voucher,2026-05-08T00:00:09.129586+00:00,2026-05-07T18:00:10.847564+00:00
9576820b-bec7-485f-b4d4-171e474562dc,2026-05-08T00:00:09.129586+00:00,abeb955f-589f-4e5e-8b4e-e894055d426e,True,,0,dc5cd013-7af8-4a7f-aac0-1464502a6c97,sale_ticket,2026-05-08T00:00:09.129586+00:00,2026-05-07T18:00:10.847564+00:00
9576820b-bec7-485f-b4d4-171e474562dc,2026-05-08T00:00:09.129586+00:00,cb2b8733-49f9-4579-b50e-09ab6edb1958,True,,00,b7f54154-84fb-445d-96cc-f2fd3566f958,sale_ticket,2026-05-08T00:00:09.129586+00:00,2026-05-07T18:00:10.847564+00:00
9576820b-bec7-485f-b4d4-171e474562dc,2026-05-08T00:00:09.129586+00:00,989bdad1-efbc-4530-a40e-9a426bf4acd6,True,,000,9f4cf432-5586-4f13-8338-261c190075f3,sale_ticket,2026-05-08T00:00:09.129586+00:00,2026-05-07T18:00:10.847564+00:00
9576820b-bec7-485f-b4d4-171e474562dc,2026-05-08T00:00:09.129586+00:00,e9d25dfc-3c70-4f12-af8a-45e9cee48965,True,,12271,b4b71169-dd40-4e83-8315-b5533b4c5a23,sale_ticket,2026-05-08T00:00:09.129586+00:00,2026-05-07T18:00:10.847564+00:00
9576820b-bec7-485f-b4d4-171e474562dc,2026-05-08T00:00:09.129586+00:00,7b7e81e6-c348-4b09-9946-538b70d78fac,True,,180,07e2aae1-b216-4ba5-9511-dbcd0d0fb1bd,sale_ticket,2026-05-08T00:00:09.129586+00:00,2026-05-07T18:00:10.847564+00:00
9576820b-bec7-485f-b4d4-171e474562dc,2026-05-08T00:00:09.129586+00:00,29f4685d-d388-4c15-91a9-6cc4fa3fca45,True,,181,2ee527a9-1594-4c63-bcfd-a06c4b917794,sale_ticket,2026-05-08T00:00:09.129586+00:00,2026-05-07T18:00:10.847564+00:00
9576820b-bec7-485f-b4d4-171e474562dc,2026-05-08T00:00:09.129586+00:00,9eae8eab-dff9-4d67-ac01-6a0f4701a8c8,True,,183,b92b0c1d-3cc9-4880-a049-2d5d5fa8defe,sale_ticket,2026-05-08T00:00:09.129586+00:00,2026-05-07T18:00:10.847564+00:00
9576820b-bec7-485f-b4d4-171e474562dc,2026-05-08T00:00:09.129586+00:00,ad9cd2be-f42e-4b0f-ba95-57e18debafb4,True,,78783,ba4a85b8-7a37-440e-8a56-7483ac97c1ed,sale_ticket,2026-05-08T00:00:09.129586+00:00,2026-05-07T18:00:10.847564+00:00
9576820b-bec7-485f-b4d4-171e474562dc,2026-05-08T00:00:09.129586+00:00,32c69410-8299-4155-9d93-2177504b37d0,True,,78785,cf2e18b8-9daf-47cc-9284-148358f35467,sale_ticket,2026-05-08T00:00:09.129586+00:00,2026-05-07T18:00:10.847564+00:00
9576820b-bec7-485f-b4d4-171e474562dc,2026-05-08T00:00:09.129586+00:00,76a5b400-8156-4130-af0e-ba03d8c6127c,True,,55627,08872d86-bbdf-40b6-99b6-221850ac5d64,purchase_ticket,2026-05-08T00:00:09.129586+00:00,2026-05-07T18:00:10.847564+00:00
9576820b-bec7-485f-b4d4-171e474562dc,2026-05-08T00:00:09.129586+00:00,2a6ce761-1a59-47fb-bd9f-f81f909913ed,True,,55646,5cf597de-6396-4d56-a9b4-c2b56d7711da,purchase_ticket,2026-05-08T00:00:09.129586+00:00,2026-05-07T18:00:10.847564+00:00
9576820b-bec7-485f-b4d4-171e474562dc,2026-05-08T00:00:09.129586+00:00,a8da4701-8149-41ee-a617-ff8d7fe3781c,True,,55648,396c5789-0c38-498e-92a7-b559900fc100,purchase_ticket,2026-05-08T00:00:09.129586+00:00,2026-05-07T18:00:10.847564+00:00
9576820b-bec7-485f-b4d4-171e474562dc,2026-05-08T00:00:09.129586+00:00,fad1beb0-8a65-4a80-b5b3-5a421d2cdb14,True,,55649,cddcc7da-c7e1-42f5-8151-5f9b61e92b41,purchase_ticket,2026-05-08T00:00:09.129586+00:00,2026-05-07T18:00:10.847564+00:00
9576820b-bec7-485f-b4d4-171e474562dc,2026-05-08T00:00:09.129586+00:00,9f4c01bc-8fde-49e8-9fbf-9a12d1c1cc94,True,,55650,ab332758-1144-4c94-af4a-8082e570968c,purchase_ticket,2026-05-08T00:00:09.129586+00:00,2026-05-07T18:00:10.847564+00:00
9576820b-bec7-485f-b4d4-171e474562dc,2026-05-08T00:00:09.129586+00:00,e9604d7b-3df9-47d3-ac17-15e2719a7328,True,,55651,77ad4a71-4abc-42d6-abbc-e292a0926d70,purchase_ticket,2026-05-08T00:00:09.129586+00:00,2026-05-07T18:00:10.847564+00:00
9576820b-bec7-485f-b4d4-171e474562dc,2026-05-08T00:00:09.129586+00:00,b3a4647b-4d33-4bb4-93f6-6f862767a44a,True,,55652,025702a3-16f4-46cf-9865-584b87c96b53,purchase_ticket,2026-05-08T00:00:09.129586+00:00,2026-05-07T18:00:10.847564+00:00
9576820b-bec7-485f-b4d4-171e474562dc,2026-05-08T00:00:09.129586+00:00,d34218dd-8ebc-44c5-aac2-ebe138867158,True,,55653,2d922863-d3aa-493b-b52c-3284bf9bbbe8,purchase_ticket,2026-05-08T00:00:09.129586+00:00,2026-05-07T18:00:10.847564+00:00
9576820b-bec7-485f-b4d4-171e474562dc,2026-05-08T00:00:09.129586+00:00,0c2f8bd8-da86-4047-9b6e-3b3a13c630be,True,,55654,a466a123-c584-43e0-8de4-8c42066978de,purchase_ticket,2026-05-08T00:00:09.129586+00:00,2026-05-07T18:00:10.847564+00:00
9576820b-bec7-485f-b4d4-171e474562dc,2026-05-08T00:00:09.129586+00:00,e42a46c2-dbd3-4aca-87e9-7b7bc2989ca8,True,,55655,acf46cdc-b97f-4baf-89df-15e64279f8b5,purchase_ticket,2026-05-08T00:00:09.129586+00:00,2026-05-07T18:00:10.847564+00:00
9576820b-bec7-485f-b4d4-171e474562dc,2026-05-08T00:00:09.129586+00:00,5f45483e-54f9-4c09-be8f-f361cdadd71a,True,,55656,7d95203b-a133-420a-93a2-76a486d38e9e,purchase_ticket,2026-05-08T00:00:09.129586+00:00,2026-05-07T18:00:10.847564+00:00
9576820b-bec7-485f-b4d4-171e474562dc,2026-05-08T00:00:09.129586+00:00,f1339664-e0bc-482a-98f4-39fc149dab6c,True,,55657,da152543-cd69-4cce-9c60-7040dd075cec,purchase_ticket,2026-05-08T00:00:09.129586+00:00,2026-05-07T18:00:10.847564+00:00
9576820b-bec7-485f-b4d4-171e474562dc,2026-05-08T00:00:09.129586+00:00,5f0709b2-25f3-4677-a11a-959c2a8734c5,True,,55658,1ec9ea88-6d34-45f7-af8e-b1e4e6828198,purchase_ticket,2026-05-08T00:00:09.129586+00:00,2026-05-07T18:00:10.847564+00:00
9576820b-bec7-485f-b4d4-171e474562dc,2026-05-08T00:00:09.129586+00:00,4c42620f-201a-441d-ad09-fa7db6b5bfb0,True,,55659,0a36ebd0-f30b-40ca-beb9-aedb78179839,purchase_ticket,2026-05-08T00:00:09.129586+00:00,2026-05-07T18:00:10.847564+00:00
9576820b-bec7-485f-b4d4-171e474562dc,2026-05-08T00:00:09.129586+00:00,cef220b4-61bb-4bf9-a823-47c4eeb40ca8,True,,55660,a432d271-2bdf-44bb-8383-c89ea917f3d5,purchase_ticket,2026-05-08T00:00:09.129586+00:00,2026-05-07T18:00:10.847564+00:00
9576820b-bec7-485f-b4d4-171e474562dc,2026-05-08T00:00:09.129586+00:00,fcb43be7-4af6-44e5-91e4-2520286fb398,True,,55661,e1d57e1f-3980-4c46-8f19-69da2316c100,purchase_ticket,2026-05-08T00:00:09.129586+00:00,2026-05-07T18:00:10.847564+00:00
9576820b-bec7-485f-b4d4-171e474562dc,2026-05-08T00:00:09.129586+00:00,c01f9bcc-55a8-45d9-b4a8-cd30e78b64a6,True,,55662,90d08aed-02db-4e95-be12-43ec8c3d6504,purchase_ticket,2026-05-08T00:00:09.129586+00:00,2026-05-07T18:00:10.847564+00:00
9576820b-bec7-485f-b4d4-171e474562dc,2026-05-08T00:00:09.129586+00:00,2f59eff4-9e5a-4441-990e-a3cc8975d7f3,True,,55663,8b24acfd-497a-43b4-8776-e6c682abb21c,purchase_ticket,2026-05-08T00:00:09.129586+00:00,2026-05-07T18:00:10.847564+00:00
9576820b-bec7-485f-b4d4-171e474562dc,2026-05-08T00:00:09.129586+00:00,7df8c89e-cd88-478f-8af2-a736320bfde9,True,,55664,f43d4530-7832-4ad1-a8a6-5ec52d9d3649,purchase_ticket,2026-05-08T00:00:09.129586+00:00,2026-05-07T18:00:10.847564+00:00
9576820b-bec7-485f-b4d4-171e474562dc,2026-05-08T00:00:09.129586+00:00,174a8277-8cbe-4cb6-a383-943f26bde0fa,True,,55665,9b394cf4-78b3-4afa-b627-9103544ca598,purchase_ticket,2026-05-08T00:00:09.129586+00:00,2026-05-07T18:00:10.847564+00:00
9576820b-bec7-485f-b4d4-171e474562dc,2026-05-08T00:00:09.129586+00:00,c0419c12-a6ae-421c-bbb5-ba52da32ca31,True,,55666,b4c79a4b-62fe-4553-aff6-6fc3daad65f1,purchase_ticket,2026-05-08T00:00:09.129586+00:00,2026-05-07T18:00:10.847564+00:00
9576820b-bec7-485f-b4d4-171e474562dc,2026-05-08T00:00:09.129586+00:00,0d895a89-689c-4200-aab1-c3094338f8fc,True,,55667,c35a243c-cb70-4e2b-a5ca-3c609e7da78d,purchase_ticket,2026-05-08T00:00:09.129586+00:00,2026-05-07T18:00:10.847564+00:00
9576820b-bec7-485f-b4d4-171e474562dc,2026-05-08T00:00:09.129586+00:00,4342ada8-18c6-409d-97a2-6e2832d9154f,True,,55668,b521818f-c871-4987-9d93-2131f0ab9f90,purchase_ticket,2026-05-08T00:00:09.129586+00:00,2026-05-07T18:00:10.847564+00:00
9576820b-bec7-485f-b4d4-171e474562dc,2026-05-08T00:00:09.129586+00:00,857ad279-3f1c-4420-9652-0138f7575d54,True,,55669,6255d459-aa8a-4ce8-83bd-1eadb2e394a7,purchase_ticket,2026-05-08T00:00:09.129586+00:00,2026-05-07T18:00:10.847564+00:00
9576820b-bec7-485f-b4d4-171e474562dc,2026-05-08T00:00:09.129586+00:00,e1be57fc-1dfa-469e-9b23-c5d2e927f51e,True,,55670,859e2504-d8e1-43a2-9ace-3e315d1ba6ca,purchase_ticket,2026-05-08T00:00:09.129586+00:00,2026-05-07T18:00:10.847564+00:00
9576820b-bec7-485f-b4d4-171e474562dc,2026-05-08T00:00:09.129586+00:00,8227deda-c860-4bd2-92cf-d1f06e95d71f,True,,55671,68e60e0b-c2a9-4b03-92bd-2cd56b8c7396,purchase_ticket,2026-05-08T00:00:09.129586+00:00,2026-05-07T18:00:10.84856+00:00
9576820b-bec7-485f-b4d4-171e474562dc,2026-05-08T00:00:09.129586+00:00,01b7cc23-62e3-45e8-a848-4a37a8d86c50,True,,55672,40573d84-a3b4-4ac2-9ef9-dec11e6a1862,purchase_ticket,2026-05-08T00:00:09.129586+00:00,2026-05-07T18:00:10.84856+00:00
9576820b-bec7-485f-b4d4-171e474562dc,2026-05-08T00:00:09.129586+00:00,c2d0122a-9a49-4257-8e70-c39484a1afa6,True,,55673,23cc1788-d7f9-4872-81ab-521ca6e5d528,purchase_ticket,2026-05-08T00:00:09.129586+00:00,2026-05-07T18:00:10.84856+00:00
9576820b-bec7-485f-b4d4-171e474562dc,2026-05-08T00:00:09.129586+00:00,87163af1-cfd1-4f7a-bb96-580f5602e626,True,,55674,c70d6e8f-1ead-4ba5-a1d2-8503205248cf,purchase_ticket,2026-05-08T00:00:09.129586+00:00,2026-05-07T18:00:10.84856+00:00
9576820b-bec7-485f-b4d4-171e474562dc,2026-05-08T00:00:09.129586+00:00,62823800-afe5-43dd-b67e-6020646c4025,True,,80971,abf4fdde-60e9-4fea-801e-dc5bdabb5d82,purchase_ticket,2026-05-08T00:00:09.129586+00:00,2026-05-07T18:00:10.84856+00:00
9576820b-bec7-485f-b4d4-171e474562dc,2026-05-08T00:00:09.129586+00:00,c704b0aa-25ae-4c9f-adce-e405af8937d0,True,,81060,df3579a9-9201-4b7f-a8c5-2b899d009696,purchase_ticket,2026-05-08T00:00:09.129586+00:00,2026-05-07T18:00:10.84856+00:00
9576820b-bec7-485f-b4d4-171e474562dc,2026-05-08T00:00:09.129586+00:00,dbfc7d22-e24f-4ec1-991c-f5837a88f06b,True,,81068,a139a186-dc5e-479a-84f8-c12df4f27ab3,purchase_ticket,2026-05-08T00:00:09.129586+00:00,2026-05-07T18:00:10.84856+00:00
9576820b-bec7-485f-b4d4-171e474562dc,2026-05-08T00:00:09.129586+00:00,0de8854f-165f-4bb1-9c5e-656c750feadc,True,,81164,8eb935c7-949e-4042-8494-639b217f5542,purchase_ticket,2026-05-08T00:00:09.129586+00:00,2026-05-07T18:00:10.84856+00:00
9576820b-bec7-485f-b4d4-171e474562dc,2026-05-08T00:00:09.129586+00:00,860d545d-6e5c-4f78-a117-6a3a5e5d070c,True,,81165,93b05563-8976-4594-946d-f0584a5ad87a,purchase_ticket,2026-05-08T00:00:09.129586+00:00,2026-05-07T18:00:10.84856+00:00
9576820b-bec7-485f-b4d4-171e474562dc,2026-05-08T00:00:09.129586+00:00,ec1d9f2f-ab1d-49b2-8c78-b8dee2fb0da8,True,,81167,ae122130-05c8-4dbc-aaaf-36174829969f,purchase_ticket,2026-05-08T00:00:09.129586+00:00,2026-05-07T18:00:10.84856+00:00
9576820b-bec7-485f-b4d4-171e474562dc,2026-05-08T00:00:09.129586+00:00,4e4c3a95-e7fe-4a0e-9feb-6a717840bff4,True,,81174,08f20b2b-eb4b-43b5-b922-9dee6738a875,purchase_ticket,2026-05-08T00:00:09.129586+00:00,2026-05-07T18:00:10.84856+00:00
9576820b-bec7-485f-b4d4-171e474562dc,2026-05-08T00:00:09.129586+00:00,f48c09dd-c22d-4701-afa5-b451552452cb,True,,81178,8729c387-1d99-466f-a8a4-a22949ac8782,purchase_ticket,2026-05-08T00:00:09.129586+00:00,2026-05-07T18:00:10.84856+00:00
9576820b-bec7-485f-b4d4-171e474562dc,2026-05-08T00:00:09.129586+00:00,5acb3535-586a-485b-89f0-490809799c0e,True,,81179,ac08f97d-811b-4803-a68d-806b75a81519,purchase_ticket,2026-05-08T00:00:09.129586+00:00,2026-05-07T18:00:10.84856+00:00
9576820b-bec7-485f-b4d4-171e474562dc,2026-05-08T00:00:09.129586+00:00,1196c1f4-9051-4fdd-8b10-efadd50f2456,True,,81180,2bf69868-6ad1-4a3f-a528-e77d67de2414,purchase_ticket,2026-05-08T00:00:09.129586+00:00,2026-05-07T18:00:10.84856+00:00
9576820b-bec7-485f-b4d4-171e474562dc,2026-05-08T00:00:09.129586+00:00,4cbf9bb5-bd96-415c-a396-c5d57484ccdf,True,,81181,188b1fe2-7af9-4bce-943a-468785586d87,purchase_ticket,2026-05-08T00:00:09.129586+00:00,2026-05-07T18:00:10.84856+00:00
eff1f086-730a-4a62-a72b-f027fa00341c,2026-05-07T00:14:53.624719+00:00,cd6d1c44-f0b1-45f0-968d-6ef502fd734b,True,COMPROBAR,167,6f13dc6d-e570-4108-9fa0-66311382317e,sale_ticket,2026-05-08T14:04:10.092247+00:00,2026-05-08T08:04:11.681536+00:00
eff1f086-730a-4a62-a72b-f027fa00341c,2026-05-07T00:14:53.624719+00:00,34fdebef-1d03-4d6e-8733-cb86bf5baa6a,True,POR QUE A ANGEL LOPEZ?,18595,cb77d65a-6569-427f-8387-d00fa279ce6a,expense_voucher,2026-05-08T14:04:10.092247+00:00,2026-05-08T08:04:11.681536+00:00
eff1f086-730a-4a62-a72b-f027fa00341c,2026-05-07T00:14:53.624719+00:00,5faebfc1-930b-4241-8456-4767b68242d6,True,POR QUE A ANGEL LOPEZ?,18596,4c060b98-0120-4e9f-a5e3-15206faace40,expense_voucher,2026-05-08T14:04:10.092247+00:00,2026-05-08T08:04:11.681536+00:00
9576820b-bec7-485f-b4d4-171e474562dc,2026-05-08T00:00:09.129586+00:00,6fd5cf59-f80b-491b-b0e8-cba93d8c2817,True,COMPROBAR,18558,c3c79e6b-36d1-40fd-b829-6ae699cc7e8e,expense_voucher,2026-05-08T14:04:36.409019+00:00,2026-05-08T08:04:38.043942+00:00
9576820b-bec7-485f-b4d4-171e474562dc,2026-05-08T00:00:09.129586+00:00,eb9c7b5c-871a-49f7-83ae-0e9289d2630e,True,COMPROBAR,18571,4451da3f-a411-4b66-993c-05912ddd938c,expense_voucher,2026-05-08T14:04:36.409019+00:00,2026-05-08T08:04:38.043942+00:00
9576820b-bec7-485f-b4d4-171e474562dc,2026-05-08T00:00:09.129586+00:00,86bf4b1b-74fc-40bb-9de1-3528bd297c02,True,COMPROBAR,18595,cb77d65a-6569-427f-8387-d00fa279ce6a,expense_voucher,2026-05-08T14:04:36.409019+00:00,2026-05-08T08:04:38.043942+00:00
9576820b-bec7-485f-b4d4-171e474562dc,2026-05-08T00:00:09.129586+00:00,9c2fd6d2-1bb1-4218-b9e1-f0f4d4ae6f7f,True,COMPROBAR,18596,4c060b98-0120-4e9f-a5e3-15206faace40,expense_voucher,2026-05-08T14:04:36.409019+00:00,2026-05-08T08:04:38.043942+00:00
9576820b-bec7-485f-b4d4-171e474562dc,2026-05-08T00:00:09.129586+00:00,68697526-ba67-4066-ab8d-1015430e75fc,True,COMPROBAR,18609,86e3373c-232e-46a5-b2ea-0943ac0746a7,expense_voucher,2026-05-08T14:04:36.409019+00:00,2026-05-08T08:04:38.043942+00:00
9576820b-bec7-485f-b4d4-171e474562dc,2026-05-08T00:00:09.129586+00:00,0e21595a-5c3b-45c9-879d-52188b5ef87c,True,COMPROBAR,18612,c2f5bddf-baf3-4f14-8211-54c607eaec0f,expense_voucher,2026-05-08T14:04:36.409019+00:00,2026-05-08T08:04:38.043942+00:00
c0793bde-05d5-4f15-b270-7ccaa5678823,2026-05-22T23:37:34.037328+00:00,1b293651-60e3-4772-bd74-9b461e9441db,True,,18828,2562712d-d544-496a-890e-d1a17581a31a,expense_voucher,2026-05-22T23:37:34.037328+00:00,2026-05-22T17:37:34.141179+00:00
c0793bde-05d5-4f15-b270-7ccaa5678823,2026-05-22T23:37:34.037328+00:00,2d522b4f-c48e-40c6-961d-f660524aa991,True,,05,6ee376e5-716a-47ee-96a2-100d6652ce04,deposit_voucher,2026-05-22T23:37:34.037328+00:00,2026-05-22T17:37:34.141179+00:00
c0793bde-05d5-4f15-b270-7ccaa5678823,2026-05-22T23:37:34.037328+00:00,f2bc2726-0200-4ea5-af80-c34318dcc24e,True,,255,da054878-8922-48fb-a303-0432a14a9ee3,deposit_voucher,2026-05-22T23:37:34.037328+00:00,2026-05-22T17:37:34.141179+00:00
c0793bde-05d5-4f15-b270-7ccaa5678823,2026-05-22T23:37:34.037328+00:00,97563386-6359-434b-a100-9c7240812e34,True,,256,cf943fd8-bed7-40d5-bacd-8a68795898e6,deposit_voucher,2026-05-22T23:37:34.037328+00:00,2026-05-22T17:37:34.141179+00:00
c0793bde-05d5-4f15-b270-7ccaa5678823,2026-05-22T23:37:34.037328+00:00,5070174d-4d58-4439-9b5c-3b78b8c83a87,True,,257,481472db-21df-4c2a-bedf-1fc11ae6af00,deposit_voucher,2026-05-22T23:37:34.037328+00:00,2026-05-22T17:37:34.141179+00:00
c0793bde-05d5-4f15-b270-7ccaa5678823,2026-05-22T23:37:34.037328+00:00,1dc91c7b-4e6b-447a-a801-94e02dfba032,True,,258,34b9c9fa-500c-40e7-a9a0-29b9aa3f2000,deposit_voucher,2026-05-22T23:37:34.037328+00:00,2026-05-22T17:37:34.141179+00:00
c0793bde-05d5-4f15-b270-7ccaa5678823,2026-05-22T23:37:34.037328+00:00,90d4ffb1-d173-480f-b74b-818ae7f850f3,True,,259,bfed0a3e-5566-4fe1-ba65-a6c1efd6f3a6,deposit_voucher,2026-05-22T23:37:34.037328+00:00,2026-05-22T17:37:34.141179+00:00
c0793bde-05d5-4f15-b270-7ccaa5678823,2026-05-22T23:37:34.037328+00:00,19623d5b-6401-418a-b8db-a1e5716f6170,True,,237,f3561488-659d-4fcf-af3f-e3c788b21045,sale_ticket,2026-05-22T23:37:34.037328+00:00,2026-05-22T17:37:34.141179+00:00
c0793bde-05d5-4f15-b270-7ccaa5678823,2026-05-22T23:37:34.037328+00:00,284b763a-aa4e-4b7e-8a54-70fc94cb0d4e,True,,243,5cee1ee6-ddf3-452c-aca9-3ab4f3684b9f,sale_ticket,2026-05-22T23:37:34.037328+00:00,2026-05-22T17:37:34.141179+00:00
c0793bde-05d5-4f15-b270-7ccaa5678823,2026-05-22T23:37:34.037328+00:00,6b3f5dbe-0a77-43bc-aecb-d187f729a496,True,,46217,66729aec-ca3a-49a1-8cdc-c6f5ae5f2dc1,sale_ticket,2026-05-22T23:37:34.037328+00:00,2026-05-22T17:37:34.141179+00:00
c0793bde-05d5-4f15-b270-7ccaa5678823,2026-05-22T23:37:34.037328+00:00,6393430e-641c-4196-a20a-d2945963fe77,True,,5345,486926ad-280c-47e6-ab57-4f0e70335043,purchase_ticket,2026-05-22T23:37:34.037328+00:00,2026-05-22T17:37:34.141179+00:00
c0793bde-05d5-4f15-b270-7ccaa5678823,2026-05-22T23:37:34.037328+00:00,ca370bcf-adf1-40b9-9d97-4559bff6111a,True,,56505,88d924c4-dec8-4e0c-bbb5-8d0658c0982c,purchase_ticket,2026-05-22T23:37:34.037328+00:00,2026-05-22T17:37:34.141179+00:00
c0793bde-05d5-4f15-b270-7ccaa5678823,2026-05-22T23:37:34.037328+00:00,8bf7deee-30ba-4211-9954-20157e6f8c42,True,,56506,b9fb2bc5-fc19-40c3-92df-884270f6636e,purchase_ticket,2026-05-22T23:37:34.037328+00:00,2026-05-22T17:37:34.141179+00:00
c0793bde-05d5-4f15-b270-7ccaa5678823,2026-05-22T23:37:34.037328+00:00,812050e3-4ceb-4c6b-8a98-476b42747fb3,True,,56510,2990d170-ddd5-403f-b316-fba29e3cc97f,purchase_ticket,2026-05-22T23:37:34.037328+00:00,2026-05-22T17:37:34.141179+00:00
c0793bde-05d5-4f15-b270-7ccaa5678823,2026-05-22T23:37:34.037328+00:00,55480669-4bb9-4625-a206-954e33b50e05,True,,56511,ccdf0b32-fded-41da-abea-23bb0b624440,purchase_ticket,2026-05-22T23:37:34.037328+00:00,2026-05-22T17:37:34.141179+00:00
c0793bde-05d5-4f15-b270-7ccaa5678823,2026-05-22T23:37:34.037328+00:00,87d4c48c-a6a8-4e04-8a2f-98b946816d0b,True,,56512,7ed28542-b370-4d9a-aa93-204b3a44202f,purchase_ticket,2026-05-22T23:37:34.037328+00:00,2026-05-22T17:37:34.141179+00:00
c0793bde-05d5-4f15-b270-7ccaa5678823,2026-05-22T23:37:34.037328+00:00,642139d7-ebbb-4c7b-bce4-db36a446d011,True,,56513,29ca38a1-77e9-430b-b691-086230c93707,purchase_ticket,2026-05-22T23:37:34.037328+00:00,2026-05-22T17:37:34.141179+00:00
c0793bde-05d5-4f15-b270-7ccaa5678823,2026-05-22T23:37:34.037328+00:00,62ccc8cf-1116-48e8-acf9-3db81ab7da13,True,,56514,d4c82efe-a0fb-4f81-b493-cfba07d3005b,purchase_ticket,2026-05-22T23:37:34.037328+00:00,2026-05-22T17:37:34.141179+00:00
c0793bde-05d5-4f15-b270-7ccaa5678823,2026-05-22T23:37:34.037328+00:00,9765fcb9-62ef-4175-86c9-0d56c08777ce,True,,56515,64287d8c-2e9e-40ae-b7b2-a5ed6ea16d71,purchase_ticket,2026-05-22T23:37:34.037328+00:00,2026-05-22T17:37:34.141179+00:00
c0793bde-05d5-4f15-b270-7ccaa5678823,2026-05-22T23:37:34.037328+00:00,7e825e6f-85f6-4a2b-97a1-cdd5ffca944c,True,,56516,a6876ab8-9159-4345-8121-d8e8d7ce5d11,purchase_ticket,2026-05-22T23:37:34.037328+00:00,2026-05-22T17:37:34.141179+00:00
c0793bde-05d5-4f15-b270-7ccaa5678823,2026-05-22T23:37:34.037328+00:00,56ffd776-af53-40c2-bb0e-32410a99d258,True,,56517,33854680-f79a-47a2-ad4c-839a8269f5c0,purchase_ticket,2026-05-22T23:37:34.037328+00:00,2026-05-22T17:37:34.141179+00:00
c0793bde-05d5-4f15-b270-7ccaa5678823,2026-05-22T23:37:34.037328+00:00,7cc93943-b164-45b0-8345-084d8667b055,True,,56518,50c34dde-bf9d-4846-88cb-4180f354742e,purchase_ticket,2026-05-22T23:37:34.037328+00:00,2026-05-22T17:37:34.141179+00:00
c0793bde-05d5-4f15-b270-7ccaa5678823,2026-05-22T23:37:34.037328+00:00,fc336c09-f064-4b19-8bd2-7fb7e8ac4f56,True,,56519,27a98204-d67a-4940-a558-86cdefe97dc4,purchase_ticket,2026-05-22T23:37:34.037328+00:00,2026-05-22T17:37:34.141179+00:00
c0793bde-05d5-4f15-b270-7ccaa5678823,2026-05-22T23:37:34.037328+00:00,8033d97a-1f13-4d6b-a1a4-9ca850bd62e5,True,,56520,dc88ab45-d55f-4ef6-a01a-e15fe56585cc,purchase_ticket,2026-05-22T23:37:34.037328+00:00,2026-05-22T17:37:34.141179+00:00
c0793bde-05d5-4f15-b270-7ccaa5678823,2026-05-22T23:37:34.037328+00:00,de7fa20e-90dd-40fb-90c4-92d29e9226e6,True,,56521,0f5030fc-8c78-41c1-8752-675094811cdd,purchase_ticket,2026-05-22T23:37:34.037328+00:00,2026-05-22T17:37:34.141179+00:00
c0793bde-05d5-4f15-b270-7ccaa5678823,2026-05-22T23:37:34.037328+00:00,8aa19471-eb0e-43ec-99d0-e758fed44a65,True,,56522,5c5a7324-258c-42ee-9e69-26b55347fd20,purchase_ticket,2026-05-22T23:37:34.037328+00:00,2026-05-22T17:37:34.141179+00:00
c0793bde-05d5-4f15-b270-7ccaa5678823,2026-05-22T23:37:34.037328+00:00,6f6a8e81-6427-4b49-a04b-b0523cbfc89a,True,,56523,c98db004-a159-4078-b53b-b59d946321c7,purchase_ticket,2026-05-22T23:37:34.037328+00:00,2026-05-22T17:37:34.141179+00:00
c0793bde-05d5-4f15-b270-7ccaa5678823,2026-05-22T23:37:34.037328+00:00,da909d2f-1576-4a6f-9997-67e3581c4141,True,,56524,91645368-965f-4c65-881c-ee2c0bea7449,purchase_ticket,2026-05-22T23:37:34.037328+00:00,2026-05-22T17:37:34.141179+00:00
c0793bde-05d5-4f15-b270-7ccaa5678823,2026-05-22T23:37:34.037328+00:00,f93fe03f-d334-4b3f-9d21-598f454a4024,True,,56525,c3576851-48c0-430e-a914-8cf203bb72e2,purchase_ticket,2026-05-22T23:37:34.037328+00:00,2026-05-22T17:37:34.141179+00:00
c0793bde-05d5-4f15-b270-7ccaa5678823,2026-05-22T23:37:34.037328+00:00,9c51f1dc-1d2f-471c-ad8e-3934362d314f,True,,56526,f3c08e9c-9221-492d-8d67-8f26664977f6,purchase_ticket,2026-05-22T23:37:34.037328+00:00,2026-05-22T17:37:34.141179+00:00
c0793bde-05d5-4f15-b270-7ccaa5678823,2026-05-22T23:37:34.037328+00:00,b47d2cd9-b9ed-47d2-bc69-0cd370585e81,True,,56527,c6ddc904-86c8-41b6-b3e8-766ff003d738,purchase_ticket,2026-05-22T23:37:34.037328+00:00,2026-05-22T17:37:34.141179+00:00
c0793bde-05d5-4f15-b270-7ccaa5678823,2026-05-22T23:37:34.037328+00:00,9ff91c7b-ea6c-48a6-9f3d-2423c9db247b,True,,56528,2286c40a-e1a4-48da-a764-fef8ff786615,purchase_ticket,2026-05-22T23:37:34.037328+00:00,2026-05-22T17:37:34.141179+00:00
c0793bde-05d5-4f15-b270-7ccaa5678823,2026-05-22T23:37:34.037328+00:00,53b30bc4-9db9-4651-9983-03a59a05f5db,True,,56529,53789bf4-aa07-4051-abdc-14b2d42999c3,purchase_ticket,2026-05-22T23:37:34.037328+00:00,2026-05-22T17:37:34.141179+00:00
c0793bde-05d5-4f15-b270-7ccaa5678823,2026-05-22T23:37:34.037328+00:00,59848c85-fc6c-46e2-ade5-1fa4ab170c52,True,,56530,e337d02a-568c-4da0-8e48-04c480988ca7,purchase_ticket,2026-05-22T23:37:34.037328+00:00,2026-05-22T17:37:34.141179+00:00
c0793bde-05d5-4f15-b270-7ccaa5678823,2026-05-22T23:37:34.037328+00:00,b0ae487e-de73-4961-a6d4-cfc5e92db012,True,,56531,977dc3d8-00d6-48f8-a18a-f7b6583d2824,purchase_ticket,2026-05-22T23:37:34.037328+00:00,2026-05-22T17:37:34.141179+00:00
c0793bde-05d5-4f15-b270-7ccaa5678823,2026-05-22T23:37:34.037328+00:00,60320dca-d9ab-4753-a74a-f23404f4486e,True,,56532,a9d5f717-2733-40e9-bd6b-cfeb4183f505,purchase_ticket,2026-05-22T23:37:34.037328+00:00,2026-05-22T17:37:34.141179+00:00
c0793bde-05d5-4f15-b270-7ccaa5678823,2026-05-22T23:37:34.037328+00:00,df37c080-ba66-4ae6-a69f-e5d29b7a87de,True,,56533,eb4db845-abc3-4ea2-a831-ad28ccbe0a84,purchase_ticket,2026-05-22T23:37:34.037328+00:00,2026-05-22T17:37:34.141179+00:00
c0793bde-05d5-4f15-b270-7ccaa5678823,2026-05-22T23:37:34.037328+00:00,a9ca5860-da8b-44a1-a1f9-7c3d96045fc9,True,,81535,1ecc32a3-6b50-4651-ab9d-d91a5259412a,purchase_ticket,2026-05-22T23:37:34.037328+00:00,2026-05-22T17:37:34.141179+00:00
c0793bde-05d5-4f15-b270-7ccaa5678823,2026-05-22T23:37:34.037328+00:00,260b91c9-eea8-40b2-b2f1-8654abce0421,True,,81537-A,260bcebe-5dcb-47ed-88b3-78a6869beea4,purchase_ticket,2026-05-22T23:37:34.037328+00:00,2026-05-22T17:37:34.141179+00:00
c0793bde-05d5-4f15-b270-7ccaa5678823,2026-05-22T23:37:34.037328+00:00,ffda5628-f86d-4f55-89a0-30739a9407a1,True,,81537-B,a955fd4a-daab-49db-a1ad-9ffc859bb7ba,purchase_ticket,2026-05-22T23:37:34.037328+00:00,2026-05-22T17:37:34.141179+00:00
c0793bde-05d5-4f15-b270-7ccaa5678823,2026-05-22T23:37:34.037328+00:00,5b19ab16-49ba-4f0b-a994-53c7f14deb17,True,,81540,582a2f59-b653-4af3-a762-4b2816b91b9d,purchase_ticket,2026-05-22T23:37:34.037328+00:00,2026-05-22T17:37:34.141179+00:00
c0793bde-05d5-4f15-b270-7ccaa5678823,2026-05-22T23:37:34.037328+00:00,0c7a4394-b167-4dff-9831-20fe17696c84,True,,81541,62b3c166-66fb-4765-b0d2-e9b36ca5410b,purchase_ticket,2026-05-22T23:37:34.037328+00:00,2026-05-22T17:37:34.142175+00:00
c0793bde-05d5-4f15-b270-7ccaa5678823,2026-05-22T23:37:34.037328+00:00,0850e0bb-e771-436d-a9f2-0d886a257cbc,True,,81551,7e33fe0e-763b-4bed-b40c-f5a5361d7dcf,purchase_ticket,2026-05-22T23:37:34.037328+00:00,2026-05-22T17:37:34.142175+00:00
c0793bde-05d5-4f15-b270-7ccaa5678823,2026-05-22T23:37:34.037328+00:00,c7214e1c-35dd-459a-a3b3-18d55e99bdbb,True,,81553,71e15cd5-2395-4d48-94a7-8c69399e64c1,purchase_ticket,2026-05-22T23:37:34.037328+00:00,2026-05-22T17:37:34.142175+00:00
c0793bde-05d5-4f15-b270-7ccaa5678823,2026-05-22T23:37:34.037328+00:00,81e9491a-61a0-42b2-8eed-9adb2019324f,True,,81559,9c507fce-0160-4b33-a7b1-2d15c1cca79f,purchase_ticket,2026-05-22T23:37:34.037328+00:00,2026-05-22T17:37:34.142175+00:00
c0793bde-05d5-4f15-b270-7ccaa5678823,2026-05-22T23:37:34.037328+00:00,10aea27d-0f2c-472f-81b0-388d8da4e768,True,,81560,b6810196-2e0d-466d-8074-276750f2d1de,purchase_ticket,2026-05-22T23:37:34.037328+00:00,2026-05-22T17:37:34.142175+00:00
c0793bde-05d5-4f15-b270-7ccaa5678823,2026-05-22T23:37:34.037328+00:00,1880d379-6961-4869-909b-f8bf18f6d162,True,,81561,e6aa4e1a-4214-4df9-929a-442e30686db4,purchase_ticket,2026-05-22T23:37:34.037328+00:00,2026-05-22T17:37:34.142175+00:00
c0793bde-05d5-4f15-b270-7ccaa5678823,2026-05-22T23:37:34.037328+00:00,c75ac5b2-f6de-43c5-a7a2-8b7503ff210f,True,,81564,bbdc1564-2558-4e27-b02d-b77af97cc190,purchase_ticket,2026-05-22T23:37:34.037328+00:00,2026-05-22T17:37:34.142175+00:00
c0793bde-05d5-4f15-b270-7ccaa5678823,2026-05-22T23:37:34.037328+00:00,eb4df3c8-e07c-498b-bba2-0d1efd6a1df9,True,,81565,63f74769-f08d-4b38-9b15-e2a89406e57b,purchase_ticket,2026-05-22T23:37:34.037328+00:00,2026-05-22T17:37:34.142175+00:00
c0793bde-05d5-4f15-b270-7ccaa5678823,2026-05-22T23:37:34.037328+00:00,039b68d5-01a1-4091-b67b-28b76090fe50,True,,81566,747d7702-fe4d-4ab9-a0aa-7deab6ee64a2,purchase_ticket,2026-05-22T23:37:34.037328+00:00,2026-05-22T17:37:34.142175+00:00
c0793bde-05d5-4f15-b270-7ccaa5678823,2026-05-22T23:37:34.037328+00:00,9f8df6e0-29a5-40bb-ae59-17736f5cd00c,True,,81568,9054baae-4c9d-41f1-9667-cc756531d5ef,purchase_ticket,2026-05-22T23:37:34.037328+00:00,2026-05-22T17:37:34.142175+00:00
c0793bde-05d5-4f15-b270-7ccaa5678823,2026-05-22T23:37:34.037328+00:00,f9a0c942-6e7b-4e6c-a3fa-7688b61256cb,True,,81571,345a167d-db5a-4e4b-be3b-84dd7fb2f2c5,purchase_ticket,2026-05-22T23:37:34.037328+00:00,2026-05-22T17:37:34.142175+00:00
c0793bde-05d5-4f15-b270-7ccaa5678823,2026-05-22T23:37:34.037328+00:00,9460ad1c-1600-44e9-aa37-e84e448603bc,True,,81572,3c76696e-4fc6-482e-a993-ca9fbd0b0201,purchase_ticket,2026-05-22T23:37:34.037328+00:00,2026-05-22T17:37:34.142175+00:00
c0793bde-05d5-4f15-b270-7ccaa5678823,2026-05-22T23:37:34.037328+00:00,1afe006b-d827-4943-9e11-43c5f7f73cd8,True,,81573,ace9457c-35f7-4159-af1a-20d24e0510f7,purchase_ticket,2026-05-22T23:37:34.037328+00:00,2026-05-22T17:37:34.142175+00:00
c0793bde-05d5-4f15-b270-7ccaa5678823,2026-05-22T23:37:34.037328+00:00,4460690c-870a-4cd8-b186-0a5f7262a84f,True,,81575,d1fb0ec0-4669-4090-a71c-80e54b84169f,purchase_ticket,2026-05-22T23:37:34.037328+00:00,2026-05-22T17:37:34.142175+00:00
c0793bde-05d5-4f15-b270-7ccaa5678823,2026-05-22T23:37:34.037328+00:00,29095d36-f66a-4c01-9e76-c207e92c0908,True,,81576,362a8085-4c49-4b26-a5d5-c0fc631d306c,purchase_ticket,2026-05-22T23:37:34.037328+00:00,2026-05-22T17:37:34.142175+00:00
10de97f2-420b-4051-bf2b-1329104d9c95,2026-05-12T00:10:55.754959+00:00,fb7cbf01-d04d-413d-9173-04bf19a9fd84,True,,18630,0108b298-7192-47f7-a8f8-a13ddf5b8b68,expense_voucher,2026-05-12T00:10:55.754959+00:00,2026-05-11T18:10:56.700682+00:00
10de97f2-420b-4051-bf2b-1329104d9c95,2026-05-12T00:10:55.754959+00:00,ae6a4783-fbb7-41f2-9c07-52291149b09f,True,,18631,4ac42935-4979-4055-9949-1ba8c651799b,expense_voucher,2026-05-12T00:10:55.754959+00:00,2026-05-11T18:10:56.700682+00:00
10de97f2-420b-4051-bf2b-1329104d9c95,2026-05-12T00:10:55.754959+00:00,caa57529-bc70-4fad-9776-0c4d4b6bad99,True,,18632,92d0905b-4024-4d8b-a0fe-e34379633a81,expense_voucher,2026-05-12T00:10:55.754959+00:00,2026-05-11T18:10:56.700682+00:00
10de97f2-420b-4051-bf2b-1329104d9c95,2026-05-12T00:10:55.754959+00:00,e44ad6ee-ef00-4155-85a4-f8ebea149f0c,True,,18633,554261a0-2c11-4e67-a922-55f3424e6d0a,expense_voucher,2026-05-12T00:10:55.754959+00:00,2026-05-11T18:10:56.700682+00:00
10de97f2-420b-4051-bf2b-1329104d9c95,2026-05-12T00:10:55.754959+00:00,e2adbbb5-b0e8-4b85-bbc7-65071cf0f616,True,,18634,ac91a279-e9b5-4765-9637-58ced40968ea,expense_voucher,2026-05-12T00:10:55.754959+00:00,2026-05-11T18:10:56.700682+00:00
10de97f2-420b-4051-bf2b-1329104d9c95,2026-05-12T00:10:55.754959+00:00,dc8e36e2-1f3d-4263-a177-ff7e85b7bc76,True,,18635,ecaf4364-7556-4412-b77b-b0a59a4938e5,expense_voucher,2026-05-12T00:10:55.754959+00:00,2026-05-11T18:10:56.70168+00:00
10de97f2-420b-4051-bf2b-1329104d9c95,2026-05-12T00:10:55.754959+00:00,7819926e-149b-4694-b4eb-50f92aa50629,True,,18636,3aff098e-95de-47bf-91e8-206f434d0326,expense_voucher,2026-05-12T00:10:55.754959+00:00,2026-05-11T18:10:56.70168+00:00
10de97f2-420b-4051-bf2b-1329104d9c95,2026-05-12T00:10:55.754959+00:00,2aa8dc6c-d311-4834-8a8b-334529308423,True,,18637,fbf72c0d-f25c-4824-beb3-a21a0ed4fb63,expense_voucher,2026-05-12T00:10:55.754959+00:00,2026-05-11T18:10:56.70168+00:00
10de97f2-420b-4051-bf2b-1329104d9c95,2026-05-12T00:10:55.754959+00:00,a81bed51-44c3-4a8f-8fdb-f6d5be30739c,True,,18638,6afa2db4-f451-46aa-ace3-5fcc873b0b50,expense_voucher,2026-05-12T00:10:55.754959+00:00,2026-05-11T18:10:56.70168+00:00
10de97f2-420b-4051-bf2b-1329104d9c95,2026-05-12T00:10:55.754959+00:00,c150df9c-cb28-4fc8-9a19-fb80d292dd12,True,,18639,3d53b8f4-f49e-42dc-9c3a-486087da3dea,expense_voucher,2026-05-12T00:10:55.754959+00:00,2026-05-11T18:10:56.70168+00:00
10de97f2-420b-4051-bf2b-1329104d9c95,2026-05-12T00:10:55.754959+00:00,6c3ae940-8870-4f22-9b88-eb62ac4a46fe,True,,18640,cab4ea83-837b-4ef5-a542-a1d27e8283d6,expense_voucher,2026-05-12T00:10:55.754959+00:00,2026-05-11T18:10:56.70168+00:00
10de97f2-420b-4051-bf2b-1329104d9c95,2026-05-12T00:10:55.754959+00:00,62ea3145-cdcd-4c37-a6d8-25bc10a19bd6,True,,18641,d3be7dc4-8d43-46b8-8b55-6d358d93c13f,expense_voucher,2026-05-12T00:10:55.754959+00:00,2026-05-11T18:10:56.70168+00:00
10de97f2-420b-4051-bf2b-1329104d9c95,2026-05-12T00:10:55.754959+00:00,88d9689a-86d7-421c-8e66-9b5a0e6858b0,True,,18642,0377a364-59f8-4c0f-b7a9-b529a276b165,expense_voucher,2026-05-12T00:10:55.754959+00:00,2026-05-11T18:10:56.70168+00:00
10de97f2-420b-4051-bf2b-1329104d9c95,2026-05-12T00:10:55.754959+00:00,b8a75443-482f-49e4-b40d-7e7d28ca1a5b,True,comprobar,18629,610e3168-9cfe-406e-8cd0-e93c9ef0d306,expense_voucher,2026-05-15T14:52:19.426348+00:00,2026-05-15T08:52:19.357208+00:00
10de97f2-420b-4051-bf2b-1329104d9c95,2026-05-12T00:10:55.754959+00:00,6fd17328-c136-4bcc-9b9e-7f6ba35f8c51,True,,18643,f66efb10-d389-440f-94a3-70afc196769b,expense_voucher,2026-05-12T00:10:55.754959+00:00,2026-05-11T18:10:56.70168+00:00
10de97f2-420b-4051-bf2b-1329104d9c95,2026-05-12T00:10:55.754959+00:00,d7698102-4e44-4a99-9ff4-58e373dffaac,True,,18644,85fba77c-54a6-4462-b754-00902c83303f,expense_voucher,2026-05-12T00:10:55.754959+00:00,2026-05-11T18:10:56.70168+00:00
10de97f2-420b-4051-bf2b-1329104d9c95,2026-05-12T00:10:55.754959+00:00,1499ad72-41b9-4b7f-b4b8-e18a96005407,True,,18645,565f771c-5e66-43a9-bd3a-6bde59ce4f8b,expense_voucher,2026-05-12T00:10:55.754959+00:00,2026-05-11T18:10:56.70168+00:00
10de97f2-420b-4051-bf2b-1329104d9c95,2026-05-12T00:10:55.754959+00:00,0629d79c-be14-4a6b-94ee-ce6176b4d8aa,True,,18646,03490ec1-5550-4d0c-b8c9-f2b495b5324a,expense_voucher,2026-05-12T00:10:55.754959+00:00,2026-05-11T18:10:56.70168+00:00
10de97f2-420b-4051-bf2b-1329104d9c95,2026-05-12T00:10:55.754959+00:00,c726b783-c93c-4e02-88b1-a3f19df9733d,True,,18648,6fbf7eb2-e669-4f1c-bc25-f2f4e1908482,expense_voucher,2026-05-12T00:10:55.754959+00:00,2026-05-11T18:10:56.70168+00:00
10de97f2-420b-4051-bf2b-1329104d9c95,2026-05-12T00:10:55.754959+00:00,90651962-cacd-4ab4-94b2-04ecb427a964,True,,18649,70bd15c9-61d0-45e1-ac0e-315926781f13,expense_voucher,2026-05-12T00:10:55.754959+00:00,2026-05-11T18:10:56.70168+00:00
10de97f2-420b-4051-bf2b-1329104d9c95,2026-05-12T00:10:55.754959+00:00,323de06a-731d-4a3d-8285-b4f7de27ddce,True,,18650,59a13090-4782-46ed-9df1-da777d2374fe,expense_voucher,2026-05-12T00:10:55.754959+00:00,2026-05-11T18:10:56.70168+00:00
10de97f2-420b-4051-bf2b-1329104d9c95,2026-05-12T00:10:55.754959+00:00,1555daf7-b9c4-4269-b79d-f0c983b6a82d,True,,18651,46dd36f4-eed7-473e-8d48-6ae471e86938,expense_voucher,2026-05-12T00:10:55.754959+00:00,2026-05-11T18:10:56.70168+00:00
10de97f2-420b-4051-bf2b-1329104d9c95,2026-05-12T00:10:55.754959+00:00,6cb7203d-fa28-4674-8092-948f53bad595,True,,18652,c72c0153-8bcc-4256-bad6-ea9537fa74ed,expense_voucher,2026-05-12T00:10:55.754959+00:00,2026-05-11T18:10:56.70168+00:00
70adcde0-1440-4654-aafa-939fb0fbcd7e,2026-05-25T23:57:12.501938+00:00,0e63a592-959b-4766-b40a-ca3c28392945,True,,18764,ab2d198b-8c73-41ec-a2a7-1d2957137de3,expense_voucher,2026-05-25T23:57:12.501938+00:00,2026-05-25T17:57:12.569843+00:00
10de97f2-420b-4051-bf2b-1329104d9c95,2026-05-12T00:10:55.754959+00:00,fbba2efe-f781-440c-befe-d49f281e7bfa,True,,18654,0a791b58-0b5b-4a25-9798-6b0000fb755e,expense_voucher,2026-05-12T00:10:55.754959+00:00,2026-05-11T18:10:56.70168+00:00
10de97f2-420b-4051-bf2b-1329104d9c95,2026-05-12T00:10:55.754959+00:00,4492c019-45ae-4303-9616-f13e6ca1d1c9,True,,18655,d6aae289-a182-4bfd-98bc-cd5720cd6043,expense_voucher,2026-05-12T00:10:55.754959+00:00,2026-05-11T18:10:56.70168+00:00
10de97f2-420b-4051-bf2b-1329104d9c95,2026-05-12T00:10:55.754959+00:00,6cb2fd41-2d43-4262-aba4-31bccd603034,True,,18656,92e181db-e1cb-4dd2-a131-a79d9fd9e0c4,expense_voucher,2026-05-12T00:10:55.754959+00:00,2026-05-11T18:10:56.70168+00:00
10de97f2-420b-4051-bf2b-1329104d9c95,2026-05-12T00:10:55.754959+00:00,32bbf459-ea3e-4cd8-88b0-8bf1c2f3ceef,True,,18657,ea196211-45bb-4b6f-a53c-488d3d8092db,expense_voucher,2026-05-12T00:10:55.754959+00:00,2026-05-11T18:10:56.70168+00:00
10de97f2-420b-4051-bf2b-1329104d9c95,2026-05-12T00:10:55.754959+00:00,f8b43b4e-a93f-4d3e-9f5d-cb8f97f13a0c,True,,18658,34a906c8-7d1d-4f12-9153-c0a4d84d8e4e,expense_voucher,2026-05-12T00:10:55.754959+00:00,2026-05-11T18:10:56.70168+00:00
10de97f2-420b-4051-bf2b-1329104d9c95,2026-05-12T00:10:55.754959+00:00,5f169c31-f821-4650-9d10-4befd34d983e,True,,18659,658e077c-4040-4b61-b9b8-cb9450894f0d,expense_voucher,2026-05-12T00:10:55.754959+00:00,2026-05-11T18:10:56.70168+00:00
10de97f2-420b-4051-bf2b-1329104d9c95,2026-05-12T00:10:55.754959+00:00,cf45b5b2-63fe-4906-88eb-df175534d575,True,,18660,53228e22-a1d2-4e7e-9588-f8ff4c8aa15c,expense_voucher,2026-05-12T00:10:55.754959+00:00,2026-05-11T18:10:56.70168+00:00
10de97f2-420b-4051-bf2b-1329104d9c95,2026-05-12T00:10:55.754959+00:00,da1a0eec-424c-4990-b358-eebaf23fb337,True,,18661,f082360b-337f-46ba-98f7-8c830713531a,expense_voucher,2026-05-12T00:10:55.754959+00:00,2026-05-11T18:10:56.70168+00:00
10de97f2-420b-4051-bf2b-1329104d9c95,2026-05-12T00:10:55.754959+00:00,52d7703e-8b56-411a-b621-56d489e9ca10,True,,18662,d67b05b3-51f5-4f29-aec0-a4485ce890be,expense_voucher,2026-05-12T00:10:55.754959+00:00,2026-05-11T18:10:56.70168+00:00
70adcde0-1440-4654-aafa-939fb0fbcd7e,2026-05-25T23:57:12.501938+00:00,6e5f6c69-8c02-4e15-ab05-bd7925f83d33,True,,18784,5643e3ca-062c-4740-8c7c-59692f25ee20,expense_voucher,2026-05-25T23:57:12.501938+00:00,2026-05-25T17:57:12.569843+00:00
10de97f2-420b-4051-bf2b-1329104d9c95,2026-05-12T00:10:55.754959+00:00,f085ecff-2a00-4cae-944f-c8fee1a50073,True,,18664,a0871be8-959b-4c62-90a5-f540e84fb756,expense_voucher,2026-05-12T00:10:55.754959+00:00,2026-05-11T18:10:56.70168+00:00
10de97f2-420b-4051-bf2b-1329104d9c95,2026-05-12T00:10:55.754959+00:00,941ddf01-bcc3-4192-9453-012a63e1ad5b,True,,03,07a51978-9a6f-411e-a178-6e80579968c9,deposit_voucher,2026-05-12T00:10:55.754959+00:00,2026-05-11T18:10:56.70168+00:00
10de97f2-420b-4051-bf2b-1329104d9c95,2026-05-12T00:10:55.754959+00:00,c7584203-ee37-41eb-8b32-2fba894312ae,True,,217,d7e204ad-d5c0-4d72-a3b5-1e7597ecfa61,deposit_voucher,2026-05-12T00:10:55.754959+00:00,2026-05-11T18:10:56.70168+00:00
10de97f2-420b-4051-bf2b-1329104d9c95,2026-05-12T00:10:55.754959+00:00,ed5728dc-5a8e-424e-9f84-81a7b5559712,True,,218,f0491ec5-236d-4e70-ad40-7176fb27072f,deposit_voucher,2026-05-12T00:10:55.754959+00:00,2026-05-11T18:10:56.70168+00:00
70adcde0-1440-4654-aafa-939fb0fbcd7e,2026-05-25T23:57:12.501938+00:00,3aa9aa4f-d05c-4bce-b1ea-6df1db05f9db,True,,18801,1f5d010a-5ab2-4824-8e1d-0f50a8232389,expense_voucher,2026-05-25T23:57:12.501938+00:00,2026-05-25T17:57:12.569843+00:00
10de97f2-420b-4051-bf2b-1329104d9c95,2026-05-12T00:10:55.754959+00:00,57ee54e5-14e2-4c08-90de-8b5e846d2605,True,,220,afbf5ee2-1632-4a9e-9ad9-c9bded5bbfd1,deposit_voucher,2026-05-12T00:10:55.754959+00:00,2026-05-11T18:10:56.70168+00:00
10de97f2-420b-4051-bf2b-1329104d9c95,2026-05-12T00:10:55.754959+00:00,2512dc2b-9302-4ec7-8d4b-0688175dbc6a,True,,221,7c74ee5e-9b77-4aeb-9713-2f68d595abf6,deposit_voucher,2026-05-12T00:10:55.754959+00:00,2026-05-11T18:10:56.70168+00:00
10de97f2-420b-4051-bf2b-1329104d9c95,2026-05-12T00:10:55.754959+00:00,590c6142-828e-48dc-9619-498202c8a03f,True,,222,4f5129f7-1458-4990-921e-15b3d22fcba3,deposit_voucher,2026-05-12T00:10:55.754959+00:00,2026-05-11T18:10:56.70168+00:00
10de97f2-420b-4051-bf2b-1329104d9c95,2026-05-12T00:10:55.754959+00:00,99a8c70e-82b3-455d-92c1-407a64c88c10,True,,223,4251d21e-39e5-4578-9731-c921ddacf15c,deposit_voucher,2026-05-12T00:10:55.754959+00:00,2026-05-11T18:10:56.70168+00:00
10de97f2-420b-4051-bf2b-1329104d9c95,2026-05-12T00:10:55.754959+00:00,2948e23d-9917-4654-966d-c3c252290f76,True,,224,bff6d827-2f4b-47e3-b60e-d6edf149c4b5,deposit_voucher,2026-05-12T00:10:55.754959+00:00,2026-05-11T18:10:56.70168+00:00
10de97f2-420b-4051-bf2b-1329104d9c95,2026-05-12T00:10:55.754959+00:00,50f31649-491d-4777-9b4c-d427df4d224d,True,,18647,a3db637e-4d93-4af3-a882-7d5d7943d123,deposit_voucher,2026-05-12T00:10:55.754959+00:00,2026-05-11T18:10:56.70168+00:00
10de97f2-420b-4051-bf2b-1329104d9c95,2026-05-12T00:10:55.754959+00:00,8db76e12-481f-49e5-a1a7-e94b3abea9b0,True,,0187,845e3bfd-e197-4234-aa26-2efbc0503e1b,sale_ticket,2026-05-12T00:10:55.754959+00:00,2026-05-11T18:10:56.70168+00:00
10de97f2-420b-4051-bf2b-1329104d9c95,2026-05-12T00:10:55.754959+00:00,9714fd43-f8a1-4682-8530-e9e192579f48,True,,0191,f6467331-5c6c-4e5f-9ec4-3351c7fcd861,sale_ticket,2026-05-12T00:10:55.754959+00:00,2026-05-11T18:10:56.70168+00:00
10de97f2-420b-4051-bf2b-1329104d9c95,2026-05-12T00:10:55.754959+00:00,c0f172a0-7da1-4067-ac97-9734422c43e9,True,,0192,dddb98ba-2462-4daa-9091-d1e86eda9b48,sale_ticket,2026-05-12T00:10:55.754959+00:00,2026-05-11T18:10:56.702676+00:00
10de97f2-420b-4051-bf2b-1329104d9c95,2026-05-12T00:10:55.754959+00:00,76870f4d-95f7-4937-9ec5-90b0fa1e97ab,True,,78786,5c19a60d-896f-4328-8675-607f55126a43,sale_ticket,2026-05-12T00:10:55.754959+00:00,2026-05-11T18:10:56.702676+00:00
10de97f2-420b-4051-bf2b-1329104d9c95,2026-05-12T00:10:55.754959+00:00,e657460a-06d5-4a45-a7e5-1dca344f2b6e,True,,78788,1878b4d6-f046-4acc-84e3-347c8dd04db7,sale_ticket,2026-05-12T00:10:55.754959+00:00,2026-05-11T18:10:56.702676+00:00
10de97f2-420b-4051-bf2b-1329104d9c95,2026-05-12T00:10:55.754959+00:00,b8909337-32c3-4374-b4f9-6c8625cd21d1,True,,55634,0e3fb551-5925-4a6c-a804-c2139597fd1d,purchase_ticket,2026-05-12T00:10:55.754959+00:00,2026-05-11T18:10:56.702676+00:00
10de97f2-420b-4051-bf2b-1329104d9c95,2026-05-12T00:10:55.754959+00:00,39f1ad90-f731-44e5-8cf7-dd9985271f0b,True,,55675,02cda176-df4f-4a37-a689-faf4fe906fd5,purchase_ticket,2026-05-12T00:10:55.754959+00:00,2026-05-11T18:10:56.702676+00:00
10de97f2-420b-4051-bf2b-1329104d9c95,2026-05-12T00:10:55.754959+00:00,5b71263f-3b6d-4bc9-9b8d-0493f3a6238b,True,,55676,bf94e37b-aeb4-4378-97b5-b3c5f59876a1,purchase_ticket,2026-05-12T00:10:55.754959+00:00,2026-05-11T18:10:56.702676+00:00
10de97f2-420b-4051-bf2b-1329104d9c95,2026-05-12T00:10:55.754959+00:00,938b2de9-bac1-4ce2-bfb6-6296d7e4e606,True,,55677,5e5fc01f-0121-4ee2-a5bb-c188845457d4,purchase_ticket,2026-05-12T00:10:55.754959+00:00,2026-05-11T18:10:56.702676+00:00
10de97f2-420b-4051-bf2b-1329104d9c95,2026-05-12T00:10:55.754959+00:00,affc0684-b390-4059-a3f0-31c357788a86,True,,55678,200e503e-e76a-46b9-b6f0-48da2efbd8cf,purchase_ticket,2026-05-12T00:10:55.754959+00:00,2026-05-11T18:10:56.702676+00:00
10de97f2-420b-4051-bf2b-1329104d9c95,2026-05-12T00:10:55.754959+00:00,ce1636bf-b75d-4ee2-9848-28c69047bc65,True,,55679,3d3da272-bc8b-496a-aa06-c396eab1cf2d,purchase_ticket,2026-05-12T00:10:55.754959+00:00,2026-05-11T18:10:56.702676+00:00
10de97f2-420b-4051-bf2b-1329104d9c95,2026-05-12T00:10:55.754959+00:00,c4686097-b9cf-4d2a-8127-7a76b6c6b47a,True,,55680,5f85bf18-6eb1-4543-b26e-82639517b819,purchase_ticket,2026-05-12T00:10:55.754959+00:00,2026-05-11T18:10:56.702676+00:00
10de97f2-420b-4051-bf2b-1329104d9c95,2026-05-12T00:10:55.754959+00:00,aec30c0c-20a0-4258-b95a-a33000de7739,True,,55681,fc0fe4b1-24ab-492a-9261-789e28d84400,purchase_ticket,2026-05-12T00:10:55.754959+00:00,2026-05-11T18:10:56.702676+00:00
10de97f2-420b-4051-bf2b-1329104d9c95,2026-05-12T00:10:55.754959+00:00,8a334292-bc10-44e7-99fe-bc7c1dd53b29,True,,55682,4cefddb0-ba1a-48bc-bad8-b7c0cdb9c441,purchase_ticket,2026-05-12T00:10:55.754959+00:00,2026-05-11T18:10:56.702676+00:00
10de97f2-420b-4051-bf2b-1329104d9c95,2026-05-12T00:10:55.754959+00:00,ba0f7f9d-10cd-4f8e-8818-2c498654358e,True,,55683,40cc1891-9847-48ed-95ac-6222ba631c11,purchase_ticket,2026-05-12T00:10:55.754959+00:00,2026-05-11T18:10:56.702676+00:00
10de97f2-420b-4051-bf2b-1329104d9c95,2026-05-12T00:10:55.754959+00:00,eb587d37-98f9-4704-a319-f59a39db44ed,True,,55684,cbd67bcf-a0f4-42f3-9efd-c24171d54ff6,purchase_ticket,2026-05-12T00:10:55.754959+00:00,2026-05-11T18:10:56.702676+00:00
10de97f2-420b-4051-bf2b-1329104d9c95,2026-05-12T00:10:55.754959+00:00,595870e4-9959-4354-b093-9c7855033ba5,True,,55685,f38b84bd-26f0-4f63-849d-2a65e2ddde9b,purchase_ticket,2026-05-12T00:10:55.754959+00:00,2026-05-11T18:10:56.702676+00:00
10de97f2-420b-4051-bf2b-1329104d9c95,2026-05-12T00:10:55.754959+00:00,7c59e9bc-16aa-486b-999e-486141830d0e,True,,55686,3e11eaef-01dc-4da8-9a5a-d0e7a35027c1,purchase_ticket,2026-05-12T00:10:55.754959+00:00,2026-05-11T18:10:56.702676+00:00
10de97f2-420b-4051-bf2b-1329104d9c95,2026-05-12T00:10:55.754959+00:00,de223d02-abd9-494d-9f65-84da08d13fd8,True,,55687,8ec06b7f-3c7d-4e57-97eb-77b71dd58651,purchase_ticket,2026-05-12T00:10:55.754959+00:00,2026-05-11T18:10:56.702676+00:00
10de97f2-420b-4051-bf2b-1329104d9c95,2026-05-12T00:10:55.754959+00:00,79560c44-1de7-4315-be5d-d00b02df5408,True,,55688,45c3ead1-c2e7-4c42-a82c-3438d4a73fb6,purchase_ticket,2026-05-12T00:10:55.754959+00:00,2026-05-11T18:10:56.702676+00:00
10de97f2-420b-4051-bf2b-1329104d9c95,2026-05-12T00:10:55.754959+00:00,ceaec3a0-dbcf-41a0-b522-e239d210c4fa,True,,55689,aab67ac2-9c96-4a90-b75b-785b356da8b8,purchase_ticket,2026-05-12T00:10:55.754959+00:00,2026-05-11T18:10:56.702676+00:00
10de97f2-420b-4051-bf2b-1329104d9c95,2026-05-12T00:10:55.754959+00:00,c1c72fce-1a4c-4fb0-86d5-685cf77c9c31,True,,55690,81bdf65d-6491-4fee-8cf0-ba70e72dd0d3,purchase_ticket,2026-05-12T00:10:55.754959+00:00,2026-05-11T18:10:56.702676+00:00
10de97f2-420b-4051-bf2b-1329104d9c95,2026-05-12T00:10:55.754959+00:00,6ab277d0-20fe-4763-99c9-1ce1c55e27d5,True,,55691,adab4e0e-f5e0-42d4-9e80-bbd454ace9f4,purchase_ticket,2026-05-12T00:10:55.754959+00:00,2026-05-11T18:10:56.702676+00:00
10de97f2-420b-4051-bf2b-1329104d9c95,2026-05-12T00:10:55.754959+00:00,145489c6-a685-4adc-a25b-cc99ab589012,True,comprobar,18653,e932da1d-3214-4c07-b860-475859f5e3c7,expense_voucher,2026-05-15T14:52:19.426348+00:00,2026-05-15T08:52:19.357208+00:00
10de97f2-420b-4051-bf2b-1329104d9c95,2026-05-12T00:10:55.754959+00:00,a447b904-631e-4d03-a838-8873a13a6316,True,,55692,ae27f9c3-e681-452e-a63c-4557cce95d12,purchase_ticket,2026-05-12T00:10:55.754959+00:00,2026-05-11T18:10:56.702676+00:00
10de97f2-420b-4051-bf2b-1329104d9c95,2026-05-12T00:10:55.754959+00:00,9d165014-c4d3-4cee-b2f7-4f492a6a2df9,True,,55693,19236e4e-a7fb-4091-a1f8-687b5de10099,purchase_ticket,2026-05-12T00:10:55.754959+00:00,2026-05-11T18:10:56.702676+00:00
10de97f2-420b-4051-bf2b-1329104d9c95,2026-05-12T00:10:55.754959+00:00,7a60a6c6-31a0-4716-b82d-a7581f7739bb,True,,55694,1099222f-67fe-4d27-8add-6681260ad568,purchase_ticket,2026-05-12T00:10:55.754959+00:00,2026-05-11T18:10:56.702676+00:00
10de97f2-420b-4051-bf2b-1329104d9c95,2026-05-12T00:10:55.754959+00:00,223a9f3e-a79a-4e36-947f-9ad3c65343df,True,,55695,c2704cd6-fefd-4489-b843-4e3c91376839,purchase_ticket,2026-05-12T00:10:55.754959+00:00,2026-05-11T18:10:56.702676+00:00
10de97f2-420b-4051-bf2b-1329104d9c95,2026-05-12T00:10:55.754959+00:00,3b731397-d4f1-4b9d-a3e2-2528bcbfc5d9,True,,55696,771939d4-c5f1-447a-a46e-3ba20129a2df,purchase_ticket,2026-05-12T00:10:55.754959+00:00,2026-05-11T18:10:56.702676+00:00
10de97f2-420b-4051-bf2b-1329104d9c95,2026-05-12T00:10:55.754959+00:00,744de73f-e596-4e47-8209-42d6e58a52a4,True,,55697,2fcdae34-e808-481a-8e1c-28092d8f636a,purchase_ticket,2026-05-12T00:10:55.754959+00:00,2026-05-11T18:10:56.702676+00:00
10de97f2-420b-4051-bf2b-1329104d9c95,2026-05-12T00:10:55.754959+00:00,73491296-2fc6-4754-9156-89eed17de73a,True,,55698,5bec8b69-2bb2-47e2-81d3-18435b19a5ab,purchase_ticket,2026-05-12T00:10:55.754959+00:00,2026-05-11T18:10:56.702676+00:00
10de97f2-420b-4051-bf2b-1329104d9c95,2026-05-12T00:10:55.754959+00:00,046c8aa6-a68e-4160-bb8c-caf7f26ac4c1,True,,55699,327864f1-bf07-41d1-a745-92a9143e95f1,purchase_ticket,2026-05-12T00:10:55.754959+00:00,2026-05-11T18:10:56.702676+00:00
10de97f2-420b-4051-bf2b-1329104d9c95,2026-05-12T00:10:55.754959+00:00,bebb7912-4ba8-4cc6-9d2c-b77488b789fb,True,,55700,534d4c4d-fcfb-44da-a69f-7c0edf3ced1b,purchase_ticket,2026-05-12T00:10:55.754959+00:00,2026-05-11T18:10:56.702676+00:00
10de97f2-420b-4051-bf2b-1329104d9c95,2026-05-12T00:10:55.754959+00:00,fc8683fb-4157-4984-b037-6434a8ed3c18,True,,55701,abd072e8-fa8b-4b82-b2be-4e98735e0426,purchase_ticket,2026-05-12T00:10:55.754959+00:00,2026-05-11T18:10:56.702676+00:00
10de97f2-420b-4051-bf2b-1329104d9c95,2026-05-12T00:10:55.754959+00:00,d687c484-df4a-4939-b67a-e78f2863d42b,True,,55702,25348186-5991-4d03-b673-61f02e608620,purchase_ticket,2026-05-12T00:10:55.754959+00:00,2026-05-11T18:10:56.702676+00:00
10de97f2-420b-4051-bf2b-1329104d9c95,2026-05-12T00:10:55.754959+00:00,8c79af62-bd6a-4862-8274-140e4c1b5e9a,True,,55703,cb86541a-7b57-4db6-9cb1-bfa94c1acd3c,purchase_ticket,2026-05-12T00:10:55.754959+00:00,2026-05-11T18:10:56.702676+00:00
10de97f2-420b-4051-bf2b-1329104d9c95,2026-05-12T00:10:55.754959+00:00,eebabccc-9715-468d-bc9f-c1583919b860,True,,55704,25382f81-03b4-478c-896f-88f0f84ede43,purchase_ticket,2026-05-12T00:10:55.754959+00:00,2026-05-11T18:10:56.702676+00:00
10de97f2-420b-4051-bf2b-1329104d9c95,2026-05-12T00:10:55.754959+00:00,1f70f651-3685-46e3-ad1a-d24138f10541,True,,55705,b1792c29-6459-4c45-8e52-f5006c00b59d,purchase_ticket,2026-05-12T00:10:55.754959+00:00,2026-05-11T18:10:56.702676+00:00
10de97f2-420b-4051-bf2b-1329104d9c95,2026-05-12T00:10:55.754959+00:00,c5cdf272-b7a2-4268-aa9c-8f3c44dedaeb,True,,55706,38f4b1e7-0e9c-4237-9865-3018721627cd,purchase_ticket,2026-05-12T00:10:55.754959+00:00,2026-05-11T18:10:56.702676+00:00
10de97f2-420b-4051-bf2b-1329104d9c95,2026-05-12T00:10:55.754959+00:00,d8539651-a8a7-4503-acdd-f06d34292204,True,,55707,78bb4b77-6ad9-485b-a703-1d5fc90ece08,purchase_ticket,2026-05-12T00:10:55.754959+00:00,2026-05-11T18:10:56.703675+00:00
10de97f2-420b-4051-bf2b-1329104d9c95,2026-05-12T00:10:55.754959+00:00,81f5562a-cf25-4ac2-944f-e5b7d76e279c,True,,55708,f931165b-ad97-4737-93e3-7aba142958b0,purchase_ticket,2026-05-12T00:10:55.754959+00:00,2026-05-11T18:10:56.703675+00:00
10de97f2-420b-4051-bf2b-1329104d9c95,2026-05-12T00:10:55.754959+00:00,95070841-fbb1-4faa-a1c4-1371b07b2970,True,,55709,b2a1b909-4683-4088-94dc-ff2b66f1e0ce,purchase_ticket,2026-05-12T00:10:55.754959+00:00,2026-05-11T18:10:56.703675+00:00
10de97f2-420b-4051-bf2b-1329104d9c95,2026-05-12T00:10:55.754959+00:00,ecde816f-918a-4f56-9873-6ba3f96c447e,True,,55710,689cd437-188f-4b8d-aca6-7a5925d816d1,purchase_ticket,2026-05-12T00:10:55.754959+00:00,2026-05-11T18:10:56.703675+00:00
10de97f2-420b-4051-bf2b-1329104d9c95,2026-05-12T00:10:55.754959+00:00,bd0fb8f5-b4fa-41df-90f1-7172f714edba,True,,55711,9b1fbb6e-7978-492b-81d8-06ff496db663,purchase_ticket,2026-05-12T00:10:55.754959+00:00,2026-05-11T18:10:56.703675+00:00
10de97f2-420b-4051-bf2b-1329104d9c95,2026-05-12T00:10:55.754959+00:00,1b2df17b-99c6-4f66-a54b-7675552518be,True,,55712,02455b01-bcea-4be9-95cf-8c50227e63de,purchase_ticket,2026-05-12T00:10:55.754959+00:00,2026-05-11T18:10:56.703675+00:00
10de97f2-420b-4051-bf2b-1329104d9c95,2026-05-12T00:10:55.754959+00:00,db9c9776-d902-4f32-afd1-c525ed1da118,True,,55713,2b54bbdc-8b68-4acc-af6f-818edac0e42c,purchase_ticket,2026-05-12T00:10:55.754959+00:00,2026-05-11T18:10:56.703675+00:00
10de97f2-420b-4051-bf2b-1329104d9c95,2026-05-12T00:10:55.754959+00:00,874816ae-a25f-4c4c-99f6-14ff63d3367e,True,,55714,56944d74-8987-44f4-965b-74f763787492,purchase_ticket,2026-05-12T00:10:55.754959+00:00,2026-05-11T18:10:56.703675+00:00
10de97f2-420b-4051-bf2b-1329104d9c95,2026-05-12T00:10:55.754959+00:00,66e01439-c706-4b41-b116-39de638437e1,True,,55715,0c2032f0-ee73-481e-a34f-ffd46ae4eeb9,purchase_ticket,2026-05-12T00:10:55.754959+00:00,2026-05-11T18:10:56.703675+00:00
10de97f2-420b-4051-bf2b-1329104d9c95,2026-05-12T00:10:55.754959+00:00,8a40068e-b84f-4067-99fe-771e0aa782c4,True,,55716,62f89183-e2a6-43a7-adf4-1591744586d1,purchase_ticket,2026-05-12T00:10:55.754959+00:00,2026-05-11T18:10:56.703675+00:00
10de97f2-420b-4051-bf2b-1329104d9c95,2026-05-12T00:10:55.754959+00:00,62ce41a6-d6e8-406c-a577-65a6c5a01541,True,,55717,1a29006e-a41b-4c85-a57e-06b927ffa4d7,purchase_ticket,2026-05-12T00:10:55.754959+00:00,2026-05-11T18:10:56.703675+00:00
10de97f2-420b-4051-bf2b-1329104d9c95,2026-05-12T00:10:55.754959+00:00,aa2ec82d-e280-49f4-be20-bba0ca28954b,True,,55719,3c93eed4-9ea2-4d24-8b81-13a3c3daf325,purchase_ticket,2026-05-12T00:10:55.754959+00:00,2026-05-11T18:10:56.703675+00:00
10de97f2-420b-4051-bf2b-1329104d9c95,2026-05-12T00:10:55.754959+00:00,ecd80fba-56aa-4729-8e62-8949263b161b,True,,55720,463abaa4-fe90-4ba2-a894-87e822629272,purchase_ticket,2026-05-12T00:10:55.754959+00:00,2026-05-11T18:10:56.703675+00:00
10de97f2-420b-4051-bf2b-1329104d9c95,2026-05-12T00:10:55.754959+00:00,96b7a5cd-17a0-4bd4-9ff5-070d039820f0,True,,55721,f802fef5-c7ca-4df5-bffd-6314ff6a7496,purchase_ticket,2026-05-12T00:10:55.754959+00:00,2026-05-11T18:10:56.703675+00:00
10de97f2-420b-4051-bf2b-1329104d9c95,2026-05-12T00:10:55.754959+00:00,fdd7a39c-d418-40c2-97eb-90960ff0450a,True,,55722,2eb70460-2c7a-4ca5-87c0-4415b50066c8,purchase_ticket,2026-05-12T00:10:55.754959+00:00,2026-05-11T18:10:56.703675+00:00
10de97f2-420b-4051-bf2b-1329104d9c95,2026-05-12T00:10:55.754959+00:00,70745fb6-2ca5-4114-bc72-1e22e131e807,True,,55724,0e63d2dd-6011-4c14-8777-42bd479d06e7,purchase_ticket,2026-05-12T00:10:55.754959+00:00,2026-05-11T18:10:56.703675+00:00
10de97f2-420b-4051-bf2b-1329104d9c95,2026-05-12T00:10:55.754959+00:00,a6a45b42-43f1-4ff4-b1cb-e5167c29c75f,True,,55725,505c25b0-e5bb-4f2c-a31b-5c2008d6932f,purchase_ticket,2026-05-12T00:10:55.754959+00:00,2026-05-11T18:10:56.703675+00:00
10de97f2-420b-4051-bf2b-1329104d9c95,2026-05-12T00:10:55.754959+00:00,ecbffafa-2cff-4d9f-baa0-a809f28e2d2d,True,,55726,0bed7c93-6db1-47ee-9837-36bf4ab23858,purchase_ticket,2026-05-12T00:10:55.754959+00:00,2026-05-11T18:10:56.703675+00:00
10de97f2-420b-4051-bf2b-1329104d9c95,2026-05-12T00:10:55.754959+00:00,1eef7c46-7669-4585-9c87-703dc1880fd2,True,,55727,d6117e3d-5ec4-40a2-85aa-68975d191984,purchase_ticket,2026-05-12T00:10:55.754959+00:00,2026-05-11T18:10:56.703675+00:00
10de97f2-420b-4051-bf2b-1329104d9c95,2026-05-12T00:10:55.754959+00:00,f9a0250f-5fc3-4448-8e79-92226ddafd3a,True,,55728,3839be86-9150-49d9-9c23-2bd5885b4e3d,purchase_ticket,2026-05-12T00:10:55.754959+00:00,2026-05-11T18:10:56.703675+00:00
10de97f2-420b-4051-bf2b-1329104d9c95,2026-05-12T00:10:55.754959+00:00,0909712b-09e7-41f2-add9-8b7b8e213d5c,True,,55729,aa5d2ab3-8096-436f-9cc7-f07b4f9a89fd,purchase_ticket,2026-05-12T00:10:55.754959+00:00,2026-05-11T18:10:56.703675+00:00
10de97f2-420b-4051-bf2b-1329104d9c95,2026-05-12T00:10:55.754959+00:00,927c469b-6b37-4f2a-97c9-51d2d6a59417,True,,55730,12f57ed5-3f22-455c-b743-7e1178f70669,purchase_ticket,2026-05-12T00:10:55.754959+00:00,2026-05-11T18:10:56.703675+00:00
10de97f2-420b-4051-bf2b-1329104d9c95,2026-05-12T00:10:55.754959+00:00,dd15bf4a-7953-40d8-8889-c0d53fa411e9,True,,55731,e910892e-afd6-402c-a0e1-eed76aa5b8b8,purchase_ticket,2026-05-12T00:10:55.754959+00:00,2026-05-11T18:10:56.703675+00:00
10de97f2-420b-4051-bf2b-1329104d9c95,2026-05-12T00:10:55.754959+00:00,fbdc3880-4265-4306-94af-214112a12b70,True,,55732,d1d8a8ad-65b5-44a7-89b2-437f4e9d42cd,purchase_ticket,2026-05-12T00:10:55.754959+00:00,2026-05-11T18:10:56.703675+00:00
10de97f2-420b-4051-bf2b-1329104d9c95,2026-05-12T00:10:55.754959+00:00,e43da982-d3ad-49e8-a7d5-f27762e49e3b,True,,55733,a55bfe7b-b59d-42d3-aa01-6e50a24c28ec,purchase_ticket,2026-05-12T00:10:55.754959+00:00,2026-05-11T18:10:56.703675+00:00
10de97f2-420b-4051-bf2b-1329104d9c95,2026-05-12T00:10:55.754959+00:00,66d31671-37f3-49f3-900e-da32080621bd,True,,55734,d87d2400-4ade-4a73-a19a-85f77862dc9a,purchase_ticket,2026-05-12T00:10:55.754959+00:00,2026-05-11T18:10:56.703675+00:00
10de97f2-420b-4051-bf2b-1329104d9c95,2026-05-12T00:10:55.754959+00:00,9180034c-97d1-466f-bad5-ab23f64675d0,True,,55735,4608045b-e2d4-43d8-b18a-fbc068eed2e9,purchase_ticket,2026-05-12T00:10:55.754959+00:00,2026-05-11T18:10:56.703675+00:00
10de97f2-420b-4051-bf2b-1329104d9c95,2026-05-12T00:10:55.754959+00:00,478f3da3-745d-4c20-9ce1-07e2ceb2c160,True,,55736,80625b51-918a-4596-89dc-08625222253c,purchase_ticket,2026-05-12T00:10:55.754959+00:00,2026-05-11T18:10:56.703675+00:00
10de97f2-420b-4051-bf2b-1329104d9c95,2026-05-12T00:10:55.754959+00:00,ba704264-1f6b-4919-b3b9-9cf3fd90eb41,True,,55737,4624afe4-7d34-4147-a0f5-9b9feec9642d,purchase_ticket,2026-05-12T00:10:55.754959+00:00,2026-05-11T18:10:56.703675+00:00
10de97f2-420b-4051-bf2b-1329104d9c95,2026-05-12T00:10:55.754959+00:00,5d464d4a-a1db-45f7-bd3f-1a750e47249a,True,,55738,0b0184ae-6e54-4823-8eff-37803e114f15,purchase_ticket,2026-05-12T00:10:55.754959+00:00,2026-05-11T18:10:56.703675+00:00
10de97f2-420b-4051-bf2b-1329104d9c95,2026-05-12T00:10:55.754959+00:00,3233e8fc-796f-48f3-b540-56604f33f35f,True,,55740,46d9c5e8-4e7b-4af3-b7c8-f6654e1ff3fd,purchase_ticket,2026-05-12T00:10:55.754959+00:00,2026-05-11T18:10:56.703675+00:00
10de97f2-420b-4051-bf2b-1329104d9c95,2026-05-12T00:10:55.754959+00:00,f2137a1c-d086-49fa-b77e-03826160ad39,True,,55741,556c0d50-cd1e-4e17-93d5-9f9f790653a0,purchase_ticket,2026-05-12T00:10:55.754959+00:00,2026-05-11T18:10:56.703675+00:00
10de97f2-420b-4051-bf2b-1329104d9c95,2026-05-12T00:10:55.754959+00:00,737de7d1-50b2-4b73-a193-40a63e99c70c,True,,55743,923f036e-abb8-4e73-b189-3aa7f340ee96,purchase_ticket,2026-05-12T00:10:55.754959+00:00,2026-05-11T18:10:56.703675+00:00
10de97f2-420b-4051-bf2b-1329104d9c95,2026-05-12T00:10:55.754959+00:00,b946fa76-5dbb-4e54-a6a9-27fa25ee1119,True,,55744,84beb4cf-b9a1-4806-8f2d-ada0025f7c84,purchase_ticket,2026-05-12T00:10:55.754959+00:00,2026-05-11T18:10:56.703675+00:00
10de97f2-420b-4051-bf2b-1329104d9c95,2026-05-12T00:10:55.754959+00:00,9ee77ae1-1d21-4822-b427-48131ebbc518,True,,55745,10001b19-bc21-47c6-8c57-366c5cede463,purchase_ticket,2026-05-12T00:10:55.754959+00:00,2026-05-11T18:10:56.703675+00:00
10de97f2-420b-4051-bf2b-1329104d9c95,2026-05-12T00:10:55.754959+00:00,7dabde61-44cd-405d-975f-e01f96311dd3,True,,55746,4034730c-d544-40a1-9cf0-6d56cbacd860,purchase_ticket,2026-05-12T00:10:55.754959+00:00,2026-05-11T18:10:56.703675+00:00
10de97f2-420b-4051-bf2b-1329104d9c95,2026-05-12T00:10:55.754959+00:00,1cd422c2-7092-4acb-b5eb-e8e24db98b18,True,,55747,317f41c2-28ac-41af-a639-8140ec3be60e,purchase_ticket,2026-05-12T00:10:55.754959+00:00,2026-05-11T18:10:56.703675+00:00
10de97f2-420b-4051-bf2b-1329104d9c95,2026-05-12T00:10:55.754959+00:00,d6951452-f0d1-4143-a462-adf52336130a,True,,55749,5573fad1-c127-4d58-929c-b0d5c37024df,purchase_ticket,2026-05-12T00:10:55.754959+00:00,2026-05-11T18:10:56.703675+00:00
10de97f2-420b-4051-bf2b-1329104d9c95,2026-05-12T00:10:55.754959+00:00,9b771fe1-df2b-44b4-8b41-8fab7cafcc5c,True,,55750,6432ac58-576b-47d9-a100-52556213fcfa,purchase_ticket,2026-05-12T00:10:55.754959+00:00,2026-05-11T18:10:56.704672+00:00
10de97f2-420b-4051-bf2b-1329104d9c95,2026-05-12T00:10:55.754959+00:00,250ad7bb-d004-49be-abae-70d19bfe4280,True,,80982,1c52b346-c0d3-4812-9e84-b4f23ce37dd8,purchase_ticket,2026-05-12T00:10:55.754959+00:00,2026-05-11T18:10:56.704672+00:00
10de97f2-420b-4051-bf2b-1329104d9c95,2026-05-12T00:10:55.754959+00:00,9b43d38b-eb06-469e-9278-3a49f34e2ea2,True,,81022,5109caf0-0d9e-4222-ad70-46175500a352,purchase_ticket,2026-05-12T00:10:55.754959+00:00,2026-05-11T18:10:56.704672+00:00
10de97f2-420b-4051-bf2b-1329104d9c95,2026-05-12T00:10:55.754959+00:00,463c85bd-f764-41a6-b683-2fa0e2bd57ae,True,,81138,1e10f9e2-60b6-496c-aa1e-cba96eb954fa,purchase_ticket,2026-05-12T00:10:55.754959+00:00,2026-05-11T18:10:56.704672+00:00
10de97f2-420b-4051-bf2b-1329104d9c95,2026-05-12T00:10:55.754959+00:00,87805a70-e157-4385-b331-5afa107467a7,True,,81140,58accf20-fe1f-454f-ac44-1b7f4026e318,purchase_ticket,2026-05-12T00:10:55.754959+00:00,2026-05-11T18:10:56.704672+00:00
10de97f2-420b-4051-bf2b-1329104d9c95,2026-05-12T00:10:55.754959+00:00,1d2d6f22-43a7-42c4-94ab-a2e6449bba55,True,,81146,b844c071-b954-498c-b3c0-77366e69a212,purchase_ticket,2026-05-12T00:10:55.754959+00:00,2026-05-11T18:10:56.704672+00:00
10de97f2-420b-4051-bf2b-1329104d9c95,2026-05-12T00:10:55.754959+00:00,7f7dc477-762b-4011-a675-5b44bb8d1697,True,,81147,014d95df-f72c-4682-95ef-fce9f4b74505,purchase_ticket,2026-05-12T00:10:55.754959+00:00,2026-05-11T18:10:56.704672+00:00
10de97f2-420b-4051-bf2b-1329104d9c95,2026-05-12T00:10:55.754959+00:00,4e5fc8ba-d801-4979-8702-c97977502634,True,,81148,1bf27400-90cf-4e68-9264-276c2f4469ca,purchase_ticket,2026-05-12T00:10:55.754959+00:00,2026-05-11T18:10:56.704672+00:00
10de97f2-420b-4051-bf2b-1329104d9c95,2026-05-12T00:10:55.754959+00:00,660a962b-775e-4eb0-8dae-7d0bd788b498,True,,81151,bebd57f0-bca0-4af2-b0ae-e0a12679b085,purchase_ticket,2026-05-12T00:10:55.754959+00:00,2026-05-11T18:10:56.704672+00:00
10de97f2-420b-4051-bf2b-1329104d9c95,2026-05-12T00:10:55.754959+00:00,b0f33223-507a-46d6-b520-7572e106cc44,True,,81159,c56744ee-f63c-43b0-bb02-241af131a138,purchase_ticket,2026-05-12T00:10:55.754959+00:00,2026-05-11T18:10:56.704672+00:00
10de97f2-420b-4051-bf2b-1329104d9c95,2026-05-12T00:10:55.754959+00:00,9b58de32-7b8d-40a5-8e7a-72999735e87a,True,,81172,8d73f227-4dd8-4d7e-a0b3-5728a38577fa,purchase_ticket,2026-05-12T00:10:55.754959+00:00,2026-05-11T18:10:56.704672+00:00
cad1b027-747c-4dd8-8222-568addde7245,2026-06-22T23:53:39.464084+00:00,07beb7dc-26c0-485a-9c95-f7548f763c89,True,,19159,4abb401c-24ac-45f3-8bcb-a140641b5236,expense_voucher,2026-06-22T23:53:39.464084+00:00,2026-06-22T17:53:40.609661+00:00
70adcde0-1440-4654-aafa-939fb0fbcd7e,2026-05-25T23:57:12.501938+00:00,abd7e9af-b877-431f-ae3a-4e4e39442d17,True,,18829,2e302995-55de-404c-b1f3-0169751b3f3f,expense_voucher,2026-05-25T23:57:12.501938+00:00,2026-05-25T17:57:12.569843+00:00
10de97f2-420b-4051-bf2b-1329104d9c95,2026-05-12T00:10:55.754959+00:00,73759b81-4678-4427-a363-85deb20754c7,True,,81187,f407d6b5-1234-4e01-a17c-e7a979bc5882,purchase_ticket,2026-05-12T00:10:55.754959+00:00,2026-05-11T18:10:56.704672+00:00
10de97f2-420b-4051-bf2b-1329104d9c95,2026-05-12T00:10:55.754959+00:00,f546a29f-23c3-461f-9e0f-ec080d1ab826,True,,81188,c70c5cbb-9501-4435-8f52-d32eb52e4b6e,purchase_ticket,2026-05-12T00:10:55.754959+00:00,2026-05-11T18:10:56.704672+00:00
10de97f2-420b-4051-bf2b-1329104d9c95,2026-05-12T00:10:55.754959+00:00,c64a469d-d72b-4615-96ec-510f79f4f205,True,,81190-A,34349ba8-c24a-4099-9361-f28dccc7f27f,purchase_ticket,2026-05-12T00:10:55.754959+00:00,2026-05-11T18:10:56.704672+00:00
10de97f2-420b-4051-bf2b-1329104d9c95,2026-05-12T00:10:55.754959+00:00,10f3b1b9-444c-4453-bcd2-4c0ec7461ff7,True,,81190-B,3831633b-01ff-488b-a754-15bdf09d7653,purchase_ticket,2026-05-12T00:10:55.754959+00:00,2026-05-11T18:10:56.704672+00:00
70adcde0-1440-4654-aafa-939fb0fbcd7e,2026-05-25T23:57:12.501938+00:00,544a7ff3-ebb6-433d-b900-a3be49c79a0b,True,,18830,189cc787-469a-4b22-a1c2-381de3ee9606,expense_voucher,2026-05-25T23:57:12.501938+00:00,2026-05-25T17:57:12.569843+00:00
10de97f2-420b-4051-bf2b-1329104d9c95,2026-05-12T00:10:55.754959+00:00,efec805b-ab6c-48b2-9706-0cb797e72190,True,,81192,64e68e9a-fcbc-4231-8a6f-5c3c9c369423,purchase_ticket,2026-05-12T00:10:55.754959+00:00,2026-05-11T18:10:56.704672+00:00
10de97f2-420b-4051-bf2b-1329104d9c95,2026-05-12T00:10:55.754959+00:00,93d18158-9e3a-4a35-a661-74218f25b444,True,,81196,71223b27-e4bc-4ef3-88a6-d5caf2a4122b,purchase_ticket,2026-05-12T00:10:55.754959+00:00,2026-05-11T18:10:56.704672+00:00
10de97f2-420b-4051-bf2b-1329104d9c95,2026-05-12T00:10:55.754959+00:00,10d97e09-18f1-49b0-94f7-2e781dea0610,True,,81199-A,47e08092-dda2-4bbb-8657-09da278cf9d9,purchase_ticket,2026-05-12T00:10:55.754959+00:00,2026-05-11T18:10:56.704672+00:00
10de97f2-420b-4051-bf2b-1329104d9c95,2026-05-12T00:10:55.754959+00:00,7f538f89-1c08-4b98-ac89-8325d7271a92,True,,81199-B,0d2017e4-79c9-479c-9ff7-e693af6135db,purchase_ticket,2026-05-12T00:10:55.754959+00:00,2026-05-11T18:10:56.704672+00:00
10de97f2-420b-4051-bf2b-1329104d9c95,2026-05-12T00:10:55.754959+00:00,065d8207-808b-418c-9edb-d084e2879e53,True,,81202-A,b3c24a2a-771e-4533-b642-92fead901a5d,purchase_ticket,2026-05-12T00:10:55.754959+00:00,2026-05-11T18:10:56.704672+00:00
10de97f2-420b-4051-bf2b-1329104d9c95,2026-05-12T00:10:55.754959+00:00,f9defbb9-be46-4afa-abd6-bebfb4eb9ea5,True,,81202-B,1d6e77bb-75fb-482d-ac0b-b77e69a6d066,purchase_ticket,2026-05-12T00:10:55.754959+00:00,2026-05-11T18:10:56.704672+00:00
10de97f2-420b-4051-bf2b-1329104d9c95,2026-05-12T00:10:55.754959+00:00,6f4a0ee5-afca-46a9-b34b-f51b757321b0,True,,81206,b70cb020-1785-4c0b-9cf8-596c78a29131,purchase_ticket,2026-05-12T00:10:55.754959+00:00,2026-05-11T18:10:56.704672+00:00
10de97f2-420b-4051-bf2b-1329104d9c95,2026-05-12T00:10:55.754959+00:00,c04b0097-31ee-419f-b58e-cc67fdb076a7,True,,81207,d3551a96-5ed4-4fce-96c4-602ca91900cf,purchase_ticket,2026-05-12T00:10:55.754959+00:00,2026-05-11T18:10:56.704672+00:00
10de97f2-420b-4051-bf2b-1329104d9c95,2026-05-12T00:10:55.754959+00:00,62297aac-204d-437e-9844-6154253367ad,True,,81209,97fc649a-e229-4fed-86a9-620a675e0167,purchase_ticket,2026-05-12T00:10:55.754959+00:00,2026-05-11T18:10:56.704672+00:00
10de97f2-420b-4051-bf2b-1329104d9c95,2026-05-12T00:10:55.754959+00:00,fbec11f7-ca01-437d-95af-88fac1adbbab,True,,81216,92a0a416-0f67-4fa5-8ccd-6ecdd5875bb8,purchase_ticket,2026-05-12T00:10:55.754959+00:00,2026-05-11T18:10:56.704672+00:00
10de97f2-420b-4051-bf2b-1329104d9c95,2026-05-12T00:10:55.754959+00:00,20c985d8-e7b1-49b2-b4b8-b138a74fa2b9,True,,81219,d2a33a59-6660-496a-afbf-6fec7adcc487,purchase_ticket,2026-05-12T00:10:55.754959+00:00,2026-05-11T18:10:56.704672+00:00
10de97f2-420b-4051-bf2b-1329104d9c95,2026-05-12T00:10:55.754959+00:00,66acc941-c5d2-4371-b5be-1e5a5b9aed02,True,,81221,eef2caf7-95d8-446b-818e-10c9099e933f,purchase_ticket,2026-05-12T00:10:55.754959+00:00,2026-05-11T18:10:56.704672+00:00
10de97f2-420b-4051-bf2b-1329104d9c95,2026-05-12T00:10:55.754959+00:00,342714da-0a46-4b99-9d2d-676f7b81fa47,True,,81223,e426af4a-81fd-47d2-b132-3930dae02715,purchase_ticket,2026-05-12T00:10:55.754959+00:00,2026-05-11T18:10:56.704672+00:00
10de97f2-420b-4051-bf2b-1329104d9c95,2026-05-12T00:10:55.754959+00:00,d8b7b966-c060-4a32-b6a5-8ac5b4975566,True,,81225,8f3042dd-57cd-4faa-a48c-c65e13fd86f9,purchase_ticket,2026-05-12T00:10:55.754959+00:00,2026-05-11T18:10:56.704672+00:00
10de97f2-420b-4051-bf2b-1329104d9c95,2026-05-12T00:10:55.754959+00:00,62a53919-7cbe-48c2-92d8-55d38bda9d9e,True,,81236-A,fa66c712-54d0-4672-a9d6-22dbe377c291,purchase_ticket,2026-05-12T00:10:55.754959+00:00,2026-05-11T18:10:56.704672+00:00
10de97f2-420b-4051-bf2b-1329104d9c95,2026-05-12T00:10:55.754959+00:00,b1574c1e-38dc-4ea7-8321-7d898223296c,True,,81236-B,0ce6ce7f-8d05-48ac-9451-4ad64cf1241e,purchase_ticket,2026-05-12T00:10:55.754959+00:00,2026-05-11T18:10:56.704672+00:00
10de97f2-420b-4051-bf2b-1329104d9c95,2026-05-12T00:10:55.754959+00:00,08f71524-605c-42c3-bf11-1b738151aa0a,True,,81237,6a0009c7-b646-4526-9e15-64a4c0f5548d,purchase_ticket,2026-05-12T00:10:55.754959+00:00,2026-05-11T18:10:56.704672+00:00
10de97f2-420b-4051-bf2b-1329104d9c95,2026-05-12T00:10:55.754959+00:00,ff7f1eba-e9ba-4cd0-b616-4e1a3d19c886,True,,81238,f317a0d3-d2bc-4088-a428-3350819c1b88,purchase_ticket,2026-05-12T00:10:55.754959+00:00,2026-05-11T18:10:56.704672+00:00
10de97f2-420b-4051-bf2b-1329104d9c95,2026-05-12T00:10:55.754959+00:00,14e1d496-0cc4-473e-b193-1d2f19e26b7e,True,,81245,2662574e-be62-4403-8409-f07aba9cd999,purchase_ticket,2026-05-12T00:10:55.754959+00:00,2026-05-11T18:10:56.704672+00:00
10de97f2-420b-4051-bf2b-1329104d9c95,2026-05-12T00:10:55.754959+00:00,1e1001e5-eb90-4987-be66-c35435e332f6,True,,81247,e177dac2-1740-4ce3-b874-23e6c2fdf930,purchase_ticket,2026-05-12T00:10:55.754959+00:00,2026-05-11T18:10:56.704672+00:00
10de97f2-420b-4051-bf2b-1329104d9c95,2026-05-12T00:10:55.754959+00:00,fbd7b679-6fb7-46cc-982c-5a7baacf803a,True,,81249,40b0cde5-9a07-423b-b6be-f596c42b7ffb,purchase_ticket,2026-05-12T00:10:55.754959+00:00,2026-05-11T18:10:56.704672+00:00
10de97f2-420b-4051-bf2b-1329104d9c95,2026-05-12T00:10:55.754959+00:00,28ece176-6d77-44c2-9f52-21af46ab94d2,True,,81251,2c821375-31aa-475e-8954-479b9dcbf569,purchase_ticket,2026-05-12T00:10:55.754959+00:00,2026-05-11T18:10:56.704672+00:00
10de97f2-420b-4051-bf2b-1329104d9c95,2026-05-12T00:10:55.754959+00:00,8385f085-2c8b-40eb-970c-4fb8c8c9b7e1,True,,81252,346b8ba9-8fee-4a60-bfcb-d4424b4230bb,purchase_ticket,2026-05-12T00:10:55.754959+00:00,2026-05-11T18:10:56.704672+00:00
10de97f2-420b-4051-bf2b-1329104d9c95,2026-05-12T00:10:55.754959+00:00,3ebf2d96-895e-4662-baa6-a66cc649135c,True,,81253,721a0323-82fe-4830-883a-79b8d8e275f5,purchase_ticket,2026-05-12T00:10:55.754959+00:00,2026-05-11T18:10:56.704672+00:00
cad1b027-747c-4dd8-8222-568addde7245,2026-06-22T23:53:39.464084+00:00,3ff824a9-b5d1-4f69-98b3-65084eeff408,True,,19160,22ff8580-04f6-441f-96fc-7f884dd76a77,expense_voucher,2026-06-22T23:53:39.464084+00:00,2026-06-22T17:53:40.609661+00:00
10de97f2-420b-4051-bf2b-1329104d9c95,2026-05-12T00:10:55.754959+00:00,725492d5-1520-498f-9248-6fb5f592d90d,True,,81261,11dd7f72-5c13-48d9-b339-511b9ec84992,purchase_ticket,2026-05-12T00:10:55.754959+00:00,2026-05-11T18:10:56.705669+00:00
10de97f2-420b-4051-bf2b-1329104d9c95,2026-05-12T00:10:55.754959+00:00,900bc2a5-2dd1-4d95-ba12-081ed1c7eb5b,True,,81263,cbf280ba-11fa-423e-a6fe-f009253fc660,purchase_ticket,2026-05-12T00:10:55.754959+00:00,2026-05-11T18:10:56.705669+00:00
10de97f2-420b-4051-bf2b-1329104d9c95,2026-05-12T00:10:55.754959+00:00,442bdd1a-ecf8-4c57-962e-780e51346ab4,True,,81265,c655aabf-8571-451e-94de-4a54b6d8c0d6,purchase_ticket,2026-05-12T00:10:55.754959+00:00,2026-05-11T18:10:56.705669+00:00
d65ecc8f-cb7e-4ff0-beb8-675261625d32,2026-05-13T00:13:39.206504+00:00,af865ae7-5624-43dc-b8c8-aae6114511fe,True,,18653,e932da1d-3214-4c07-b860-475859f5e3c7,expense_voucher,2026-05-13T00:13:39.206504+00:00,2026-05-12T18:13:39.632047+00:00
d65ecc8f-cb7e-4ff0-beb8-675261625d32,2026-05-13T00:13:39.206504+00:00,0f9a2fb7-a07b-43f6-a1b5-76f8dd30b061,True,,81185,eee215c3-301f-45fb-8951-f90a1414bf5a,purchase_ticket,2026-05-13T00:13:39.206504+00:00,2026-05-12T18:13:39.632047+00:00
d65ecc8f-cb7e-4ff0-beb8-675261625d32,2026-05-13T00:13:39.206504+00:00,f31ee15f-0d59-4212-8087-bfe2c72a2970,True,,81191,77d389e2-ba5b-40b0-a1f5-3c19b85acab5,purchase_ticket,2026-05-13T00:13:39.206504+00:00,2026-05-12T18:13:39.633047+00:00
d65ecc8f-cb7e-4ff0-beb8-675261625d32,2026-05-13T00:13:39.206504+00:00,8054fc84-5c4c-4f5b-bff0-40e83e138072,True,,81256,e352a58b-ee2f-4ec8-8d40-ce186f529070,purchase_ticket,2026-05-13T00:13:39.206504+00:00,2026-05-12T18:13:39.633047+00:00
d65ecc8f-cb7e-4ff0-beb8-675261625d32,2026-05-13T00:13:39.206504+00:00,59d3e03b-c99c-46ae-a7fd-1ececd3edaae,True,,18665,7d4198db-954b-4a9f-98d2-ca1ecf612817,expense_voucher,2026-05-13T00:13:39.206504+00:00,2026-05-12T18:13:39.633047+00:00
d65ecc8f-cb7e-4ff0-beb8-675261625d32,2026-05-13T00:13:39.206504+00:00,549d5fd9-b114-4913-b670-580aeb727545,True,comprobar,0193,10d88358-7438-4342-a077-05df2a19cad8,sale_ticket,2026-05-15T14:51:59.382987+00:00,2026-05-15T08:51:59.320773+00:00
d65ecc8f-cb7e-4ff0-beb8-675261625d32,2026-05-13T00:13:39.206504+00:00,2af22560-2c75-4120-8b76-20d0da66d6a3,True,comprobar,18663,5c43b510-9167-4f3a-b021-96678764165d,expense_voucher,2026-05-15T15:13:30.366723+00:00,2026-05-15T09:13:30.299477+00:00
d65ecc8f-cb7e-4ff0-beb8-675261625d32,2026-05-13T00:13:39.206504+00:00,f773645d-16f3-47af-bcfc-126d362bba65,True,comprobar,219,1f1e724b-61a1-44ad-9436-163621cd7041,deposit_voucher,2026-05-15T15:13:30.366723+00:00,2026-05-15T09:13:30.299477+00:00
d65ecc8f-cb7e-4ff0-beb8-675261625d32,2026-05-13T00:13:39.206504+00:00,5a0f5b88-740c-4bc5-95ed-1818233ac93b,True,comprobar,18629,610e3168-9cfe-406e-8cd0-e93c9ef0d306,expense_voucher,2026-05-15T15:16:26.748855+00:00,2026-05-15T09:16:26.682376+00:00
d65ecc8f-cb7e-4ff0-beb8-675261625d32,2026-05-13T00:13:39.206504+00:00,99bc8e2c-2ebb-4dc2-aac4-c4beb133b24b,True,comprobar,81183,8ecf0b65-430a-492b-bb31-7c04956cab81,purchase_ticket,2026-05-15T15:16:26.748855+00:00,2026-05-15T09:16:26.682376+00:00
d65ecc8f-cb7e-4ff0-beb8-675261625d32,2026-05-13T00:13:39.206504+00:00,6a76e2ed-ff0d-4389-ae55-31ad43bb32a9,True,,18666,60ad031d-5bef-4ed4-be7c-389cc6a703ac,expense_voucher,2026-05-13T00:13:39.206504+00:00,2026-05-12T18:13:39.633047+00:00
d65ecc8f-cb7e-4ff0-beb8-675261625d32,2026-05-13T00:13:39.206504+00:00,21273d19-3e27-4bc1-8652-6233fa76d3f9,True,,18667,e1d9fa21-5aae-4aad-8d71-c1ff10e0404a,expense_voucher,2026-05-13T00:13:39.206504+00:00,2026-05-12T18:13:39.633047+00:00
d65ecc8f-cb7e-4ff0-beb8-675261625d32,2026-05-13T00:13:39.206504+00:00,5e797a29-e311-4045-ad19-dc5b995ef7e2,True,,18668,4e9a3fd7-3733-4be3-b151-a41e13a36846,expense_voucher,2026-05-13T00:13:39.206504+00:00,2026-05-12T18:13:39.633047+00:00
d65ecc8f-cb7e-4ff0-beb8-675261625d32,2026-05-13T00:13:39.206504+00:00,da5cc354-0c67-4fe3-b344-3103db6f0ea8,True,,18669,98d88f59-0626-4cf4-9bdd-67db2d35fef2,expense_voucher,2026-05-13T00:13:39.206504+00:00,2026-05-12T18:13:39.633047+00:00
d65ecc8f-cb7e-4ff0-beb8-675261625d32,2026-05-13T00:13:39.206504+00:00,265c9b60-01c4-4c1c-860e-4ff3b0f21a5c,True,,18670,11e7a77f-38f3-4a4b-ab30-ab7b3352a5e9,expense_voucher,2026-05-13T00:13:39.206504+00:00,2026-05-12T18:13:39.633047+00:00
d65ecc8f-cb7e-4ff0-beb8-675261625d32,2026-05-13T00:13:39.206504+00:00,93dc063b-a6ad-4c34-b7e6-b296c0c4521c,True,,18671,5ac417fa-13a3-437e-a208-8d450c4388a2,expense_voucher,2026-05-13T00:13:39.206504+00:00,2026-05-12T18:13:39.633047+00:00
d65ecc8f-cb7e-4ff0-beb8-675261625d32,2026-05-13T00:13:39.206504+00:00,f88f6245-90d3-45c6-9975-d9868f22bedd,True,,18672,66bf3559-afb3-435f-ab06-2db460341240,expense_voucher,2026-05-13T00:13:39.206504+00:00,2026-05-12T18:13:39.633047+00:00
d65ecc8f-cb7e-4ff0-beb8-675261625d32,2026-05-13T00:13:39.206504+00:00,9dfca99c-2260-4eef-843d-aa14c1d21b7b,True,,18673,af5f7f4e-079d-4b9e-8724-6bd21e55c409,expense_voucher,2026-05-13T00:13:39.206504+00:00,2026-05-12T18:13:39.633047+00:00
d65ecc8f-cb7e-4ff0-beb8-675261625d32,2026-05-13T00:13:39.206504+00:00,da1d15dd-3bed-4948-81ba-d8614c925e5c,True,,18674,403e893a-a104-4bc0-9c38-f33802285081,expense_voucher,2026-05-13T00:13:39.206504+00:00,2026-05-12T18:13:39.633047+00:00
d65ecc8f-cb7e-4ff0-beb8-675261625d32,2026-05-13T00:13:39.206504+00:00,b6606f01-c345-4fd7-94d5-e429922eb711,True,,18675,cde0fe1f-9f9c-49df-899d-f6d4439f207b,expense_voucher,2026-05-13T00:13:39.206504+00:00,2026-05-12T18:13:39.633047+00:00
d65ecc8f-cb7e-4ff0-beb8-675261625d32,2026-05-13T00:13:39.206504+00:00,4a5d3264-3e83-470e-ac65-930f577a6c11,True,,18676,432503cc-b591-4725-a13a-e395c1a095bf,expense_voucher,2026-05-13T00:13:39.206504+00:00,2026-05-12T18:13:39.633047+00:00
d65ecc8f-cb7e-4ff0-beb8-675261625d32,2026-05-13T00:13:39.206504+00:00,c2464997-7f5c-480d-9b58-e64c9e5c6f2c,True,,18677,b254d9e7-d4b5-4714-b9e0-e8a8849d4584,expense_voucher,2026-05-13T00:13:39.206504+00:00,2026-05-12T18:13:39.633047+00:00
d65ecc8f-cb7e-4ff0-beb8-675261625d32,2026-05-13T00:13:39.206504+00:00,b9e8bf58-70ff-41e6-8332-9fde40bb8b14,True,,18678,6fd996c7-07c8-4efc-9ac2-a367f1bb6655,expense_voucher,2026-05-13T00:13:39.206504+00:00,2026-05-12T18:13:39.633047+00:00
d65ecc8f-cb7e-4ff0-beb8-675261625d32,2026-05-13T00:13:39.206504+00:00,5b52f103-aad1-4dcd-9eba-b8bd34743e17,True,,18680,7d0a0f16-e1da-4527-b1d6-f955fc78535f,expense_voucher,2026-05-13T00:13:39.206504+00:00,2026-05-12T18:13:39.633047+00:00
d65ecc8f-cb7e-4ff0-beb8-675261625d32,2026-05-13T00:13:39.206504+00:00,c81c977a-c9fc-49be-9ffa-4c66235fbd36,True,,18681,215d8c13-6d6d-49d7-aefc-d5962d6144de,expense_voucher,2026-05-13T00:13:39.206504+00:00,2026-05-12T18:13:39.633047+00:00
d65ecc8f-cb7e-4ff0-beb8-675261625d32,2026-05-13T00:13:39.206504+00:00,f73cb3c4-543f-4be7-bd85-8ba912c63e57,True,,18682,f9b0de5d-5760-4b33-852f-ca2fbb0bab45,expense_voucher,2026-05-13T00:13:39.206504+00:00,2026-05-12T18:13:39.633047+00:00
d65ecc8f-cb7e-4ff0-beb8-675261625d32,2026-05-13T00:13:39.206504+00:00,4a2b5f6b-fa9c-47d7-86cc-d9b065377e39,True,,18683,2013ef0a-df14-40c0-8987-e2178a25e34c,expense_voucher,2026-05-13T00:13:39.206504+00:00,2026-05-12T18:13:39.633047+00:00
d65ecc8f-cb7e-4ff0-beb8-675261625d32,2026-05-13T00:13:39.206504+00:00,33f38559-20ec-47e4-9e67-106975505983,True,,18684,89da96fe-631f-4e72-8c18-d5ca86029e36,expense_voucher,2026-05-13T00:13:39.206504+00:00,2026-05-12T18:13:39.633047+00:00
d65ecc8f-cb7e-4ff0-beb8-675261625d32,2026-05-13T00:13:39.206504+00:00,b51877b4-fedd-4ea7-a604-c7be9a09747d,True,,18685,948cbb01-90d9-4894-ad36-c1e7fb5d9917,expense_voucher,2026-05-13T00:13:39.206504+00:00,2026-05-12T18:13:39.633047+00:00
70adcde0-1440-4654-aafa-939fb0fbcd7e,2026-05-25T23:57:12.501938+00:00,7c66b61b-f354-4fb3-92c9-ca9e2b46f849,True,,18832,e5287633-41ec-44ca-a848-a2aa00604cf9,expense_voucher,2026-05-25T23:57:12.501938+00:00,2026-05-25T17:57:12.569843+00:00
d65ecc8f-cb7e-4ff0-beb8-675261625d32,2026-05-13T00:13:39.206504+00:00,2a5f7467-3e8b-4814-bb1b-2f8e9e656f2d,True,,18687,da8d4f3c-8857-4e9c-ab31-08cdbf05a024,expense_voucher,2026-05-13T00:13:39.206504+00:00,2026-05-12T18:13:39.633047+00:00
d65ecc8f-cb7e-4ff0-beb8-675261625d32,2026-05-13T00:13:39.206504+00:00,1b1bd9a9-df78-4043-9725-9bfd02c0044e,True,,18688,67045416-6b36-4d73-aca8-144f44cbd86e,expense_voucher,2026-05-13T00:13:39.206504+00:00,2026-05-12T18:13:39.633047+00:00
70adcde0-1440-4654-aafa-939fb0fbcd7e,2026-05-25T23:57:12.501938+00:00,86873745-d600-455e-9dc8-0734dad193d7,True,,18833,c691b5d9-b0fa-44d0-a4c4-a13794808f4c,expense_voucher,2026-05-25T23:57:12.501938+00:00,2026-05-25T17:57:12.569843+00:00
d65ecc8f-cb7e-4ff0-beb8-675261625d32,2026-05-13T00:13:39.206504+00:00,881cdc31-5ae6-442f-8067-440ee5631b57,True,,225,b1dfbb88-6523-4aa5-b891-5779fef660a7,deposit_voucher,2026-05-13T00:13:39.206504+00:00,2026-05-12T18:13:39.633047+00:00
d65ecc8f-cb7e-4ff0-beb8-675261625d32,2026-05-13T00:13:39.206504+00:00,aa48b2d4-e329-4cf3-b306-4b9647f5d88f,True,,226,e81131e9-3d91-48e9-8b19-39d0bf08301b,deposit_voucher,2026-05-13T00:13:39.206504+00:00,2026-05-12T18:13:39.633047+00:00
d65ecc8f-cb7e-4ff0-beb8-675261625d32,2026-05-13T00:13:39.206504+00:00,94922d70-142f-4b08-b756-f4689b0e5a6f,True,,227,fa8198df-af50-41f8-b9f1-94cce5aade39,deposit_voucher,2026-05-13T00:13:39.206504+00:00,2026-05-12T18:13:39.633047+00:00
d65ecc8f-cb7e-4ff0-beb8-675261625d32,2026-05-13T00:13:39.206504+00:00,3cf0940c-e5b6-4543-91d0-c919386051b1,True,,228,894c6144-029b-4544-afa7-0cbac0108f90,deposit_voucher,2026-05-13T00:13:39.206504+00:00,2026-05-12T18:13:39.633047+00:00
d65ecc8f-cb7e-4ff0-beb8-675261625d32,2026-05-13T00:13:39.206504+00:00,feee44d5-efc5-4791-bef5-35c0fe309cb0,True,,229,61b4f07b-bb53-4ad6-ba64-360bb37c67f4,deposit_voucher,2026-05-13T00:13:39.206504+00:00,2026-05-12T18:13:39.633047+00:00
d65ecc8f-cb7e-4ff0-beb8-675261625d32,2026-05-13T00:13:39.206504+00:00,00cfe3d1-d7de-47dc-92bc-a05d59aa526b,True,,0000,6fb56d4b-e552-47af-a56a-68601e4c100a,sale_ticket,2026-05-13T00:13:39.206504+00:00,2026-05-12T18:13:39.633047+00:00
d65ecc8f-cb7e-4ff0-beb8-675261625d32,2026-05-13T00:13:39.206504+00:00,cdb6503c-493b-407d-a926-e84600dd3ae7,True,,199,8926b777-bf7b-4682-9d7a-4602ab4706f4,sale_ticket,2026-05-13T00:13:39.206504+00:00,2026-05-12T18:13:39.633047+00:00
d65ecc8f-cb7e-4ff0-beb8-675261625d32,2026-05-13T00:13:39.206504+00:00,0780daff-6c3f-4c26-84d8-a77ecffce291,True,,200,abaa84fe-ddbf-4706-8c5a-4847ee3de63b,sale_ticket,2026-05-13T00:13:39.206504+00:00,2026-05-12T18:13:39.633047+00:00
d65ecc8f-cb7e-4ff0-beb8-675261625d32,2026-05-13T00:13:39.206504+00:00,5df66be0-8b1c-40a3-94d1-ac3578ae01ee,True,,55723,8dbbb217-bd51-4040-beea-d42da487bcfa,purchase_ticket,2026-05-13T00:13:39.206504+00:00,2026-05-12T18:13:39.633047+00:00
d65ecc8f-cb7e-4ff0-beb8-675261625d32,2026-05-13T00:13:39.206504+00:00,577f4b2b-cffc-4b26-8c16-ea87e1a10028,True,,55739,f9e73bc4-3ab2-48e6-b6da-1a071d95d778,purchase_ticket,2026-05-13T00:13:39.206504+00:00,2026-05-12T18:13:39.633047+00:00
d65ecc8f-cb7e-4ff0-beb8-675261625d32,2026-05-13T00:13:39.206504+00:00,911c9d28-cca9-44d9-a555-50fa5688d068,True,,55742,29f7e5c5-a17a-4aa0-b8eb-1b97bd4b18ae,purchase_ticket,2026-05-13T00:13:39.206504+00:00,2026-05-12T18:13:39.633047+00:00
d65ecc8f-cb7e-4ff0-beb8-675261625d32,2026-05-13T00:13:39.206504+00:00,e2ef47e1-d2b5-4531-a6fb-11cbfbd1bd0d,True,,55751,6fdd6814-c4d6-4186-bf27-ed210becdb76,purchase_ticket,2026-05-13T00:13:39.206504+00:00,2026-05-12T18:13:39.633047+00:00
d65ecc8f-cb7e-4ff0-beb8-675261625d32,2026-05-13T00:13:39.206504+00:00,72875929-2486-4fb4-be67-155d310cb89d,True,,55752,4ea4e142-280a-439d-a456-18f9783b527f,purchase_ticket,2026-05-13T00:13:39.206504+00:00,2026-05-12T18:13:39.633047+00:00
d65ecc8f-cb7e-4ff0-beb8-675261625d32,2026-05-13T00:13:39.206504+00:00,d1598ad4-2a10-442b-ba18-3b8d628fd3b1,True,,55753,f56d4b75-a530-4171-b32d-f4db44815bc7,purchase_ticket,2026-05-13T00:13:39.206504+00:00,2026-05-12T18:13:39.634042+00:00
d65ecc8f-cb7e-4ff0-beb8-675261625d32,2026-05-13T00:13:39.206504+00:00,d6ddac87-8219-436f-a4a3-44670ae167a5,True,,55754,9a5cb0bf-9cda-4bdb-add8-7cf5b50b2b3d,purchase_ticket,2026-05-13T00:13:39.206504+00:00,2026-05-12T18:13:39.634042+00:00
d65ecc8f-cb7e-4ff0-beb8-675261625d32,2026-05-13T00:13:39.206504+00:00,ba372209-29ad-4915-a404-e8a778be714d,True,,55755,5b1181fd-eea1-4c3d-ac3a-5b25c4fc6081,purchase_ticket,2026-05-13T00:13:39.206504+00:00,2026-05-12T18:13:39.634042+00:00
d65ecc8f-cb7e-4ff0-beb8-675261625d32,2026-05-13T00:13:39.206504+00:00,66751c2f-5505-4f5d-ba22-c05859e7b27b,True,,55756,a4f4a070-2f3c-4c2c-a816-cc37e0afacda,purchase_ticket,2026-05-13T00:13:39.206504+00:00,2026-05-12T18:13:39.634042+00:00
d65ecc8f-cb7e-4ff0-beb8-675261625d32,2026-05-13T00:13:39.206504+00:00,95d202fb-fd94-4264-b195-ecc0791ce3d0,True,,55757,1dee92f5-7410-4751-809a-1502ac78ae52,purchase_ticket,2026-05-13T00:13:39.206504+00:00,2026-05-12T18:13:39.634042+00:00
d65ecc8f-cb7e-4ff0-beb8-675261625d32,2026-05-13T00:13:39.206504+00:00,9ed2f2b0-005d-49d0-9854-3e49a7e1bb8e,True,,55758,52a15ac3-e7ee-4742-aa68-be9986c253e7,purchase_ticket,2026-05-13T00:13:39.206504+00:00,2026-05-12T18:13:39.634042+00:00
d65ecc8f-cb7e-4ff0-beb8-675261625d32,2026-05-13T00:13:39.206504+00:00,93faf414-c14e-4299-8950-1bfa4debb2c1,True,,55759,b7948241-7a59-41fe-9d6f-b40ef05efaee,purchase_ticket,2026-05-13T00:13:39.206504+00:00,2026-05-12T18:13:39.634042+00:00
d65ecc8f-cb7e-4ff0-beb8-675261625d32,2026-05-13T00:13:39.206504+00:00,23c6c06c-b2d0-49e0-85dc-8a2da4ff5b6f,True,,55760,c0568617-6fca-4311-ac11-437a0023f79b,purchase_ticket,2026-05-13T00:13:39.206504+00:00,2026-05-12T18:13:39.634042+00:00
d65ecc8f-cb7e-4ff0-beb8-675261625d32,2026-05-13T00:13:39.206504+00:00,57e353ae-754a-40c9-9932-f53d4cf7d395,True,,55761,01725538-817d-4785-a44e-c407576d3ad2,purchase_ticket,2026-05-13T00:13:39.206504+00:00,2026-05-12T18:13:39.634042+00:00
d65ecc8f-cb7e-4ff0-beb8-675261625d32,2026-05-13T00:13:39.206504+00:00,515f970c-abb7-4fc7-a129-97994e762791,True,,55762,3f87ed39-01bc-4b7f-960f-8c9416373ed7,purchase_ticket,2026-05-13T00:13:39.206504+00:00,2026-05-12T18:13:39.634042+00:00
d65ecc8f-cb7e-4ff0-beb8-675261625d32,2026-05-13T00:13:39.206504+00:00,2be27e82-eefe-4ad0-8a54-a173b1adf77e,True,,55763,9611fdb1-d0a5-4be2-b009-063fa8eee1d7,purchase_ticket,2026-05-13T00:13:39.206504+00:00,2026-05-12T18:13:39.634042+00:00
d65ecc8f-cb7e-4ff0-beb8-675261625d32,2026-05-13T00:13:39.206504+00:00,02911dcf-aa22-4d5a-893d-fcc49dbda682,True,,55764,a9b09ef7-a30b-4d04-8041-c4052aaa218d,purchase_ticket,2026-05-13T00:13:39.206504+00:00,2026-05-12T18:13:39.634042+00:00
d65ecc8f-cb7e-4ff0-beb8-675261625d32,2026-05-13T00:13:39.206504+00:00,a7a1e960-d398-4f11-b8ab-983859b1664c,True,,55765,97121d23-7340-4ea9-94c9-636dfec2a9f4,purchase_ticket,2026-05-13T00:13:39.206504+00:00,2026-05-12T18:13:39.634042+00:00
d65ecc8f-cb7e-4ff0-beb8-675261625d32,2026-05-13T00:13:39.206504+00:00,735d1a40-37d6-438b-8a7b-e52f825bbc5f,True,,55766,b00e5dc0-2815-4201-92ac-4c53fc95d2a8,purchase_ticket,2026-05-13T00:13:39.206504+00:00,2026-05-12T18:13:39.634042+00:00
d65ecc8f-cb7e-4ff0-beb8-675261625d32,2026-05-13T00:13:39.206504+00:00,68a4f2b7-6a03-4184-bf63-3b6cd3d29072,True,,55767,b5184b0c-c5b6-418f-8cf5-ed59ee720e28,purchase_ticket,2026-05-13T00:13:39.206504+00:00,2026-05-12T18:13:39.634042+00:00
d65ecc8f-cb7e-4ff0-beb8-675261625d32,2026-05-13T00:13:39.206504+00:00,73e31815-722f-4c0f-b5d3-cc5d31600dd3,True,,55768,2ad17f25-5ae5-4d82-8c6e-b93f52bfb2df,purchase_ticket,2026-05-13T00:13:39.206504+00:00,2026-05-12T18:13:39.634042+00:00
d65ecc8f-cb7e-4ff0-beb8-675261625d32,2026-05-13T00:13:39.206504+00:00,20524aa7-95d9-44b3-91d8-bed11df5655d,True,,55769,099fe2b2-72b0-4b31-b98e-fa6dbef900a1,purchase_ticket,2026-05-13T00:13:39.206504+00:00,2026-05-12T18:13:39.634042+00:00
d65ecc8f-cb7e-4ff0-beb8-675261625d32,2026-05-13T00:13:39.206504+00:00,7863ee07-3623-47fa-8177-246e94ee2e5c,True,,55770,a2c52ca4-2ae8-4cfc-8d27-6a49fbc113dc,purchase_ticket,2026-05-13T00:13:39.206504+00:00,2026-05-12T18:13:39.634042+00:00
d65ecc8f-cb7e-4ff0-beb8-675261625d32,2026-05-13T00:13:39.206504+00:00,69d9fa2f-f585-4284-b783-d29a9a7ffce6,True,,55771,1a343e96-978b-443d-991a-6f3514a39bfc,purchase_ticket,2026-05-13T00:13:39.206504+00:00,2026-05-12T18:13:39.634042+00:00
d65ecc8f-cb7e-4ff0-beb8-675261625d32,2026-05-13T00:13:39.206504+00:00,570119a8-46d9-4509-aef5-dd3d6d90bbc2,True,,55772,8ba553b2-57a1-4b3d-ae8c-20a7075f7027,purchase_ticket,2026-05-13T00:13:39.206504+00:00,2026-05-12T18:13:39.634042+00:00
d65ecc8f-cb7e-4ff0-beb8-675261625d32,2026-05-13T00:13:39.206504+00:00,bee9b60a-60e5-4ee9-b774-7680411ebc48,True,,55773,88b191dd-48bf-426c-9a76-62e2661934df,purchase_ticket,2026-05-13T00:13:39.206504+00:00,2026-05-12T18:13:39.634042+00:00
d65ecc8f-cb7e-4ff0-beb8-675261625d32,2026-05-13T00:13:39.206504+00:00,0da7dbdb-a39e-487e-8ecb-8f8cfe8e8208,True,,81260,501549be-fd65-4d85-b394-57dc6e194e80,purchase_ticket,2026-05-13T00:13:39.206504+00:00,2026-05-12T18:13:39.634042+00:00
d65ecc8f-cb7e-4ff0-beb8-675261625d32,2026-05-13T00:13:39.206504+00:00,9a6b35dd-5349-4e00-8fe8-76df1b3b2662,True,,81273,844ec3e1-f515-451c-a529-c02ddaf8a1a0,purchase_ticket,2026-05-13T00:13:39.206504+00:00,2026-05-12T18:13:39.634042+00:00
d65ecc8f-cb7e-4ff0-beb8-675261625d32,2026-05-13T00:13:39.206504+00:00,ae41b3d5-8698-49cb-9330-afd0b738f52a,True,,81278,0f5cfb5c-a4d0-42d8-ba05-a74d5778fc33,purchase_ticket,2026-05-13T00:13:39.206504+00:00,2026-05-12T18:13:39.634042+00:00
d65ecc8f-cb7e-4ff0-beb8-675261625d32,2026-05-13T00:13:39.206504+00:00,a973caa9-ac1f-42cb-a04e-234502c4827d,True,,81281,6effc467-6a2d-4dc4-b1b6-7745d4543b53,purchase_ticket,2026-05-13T00:13:39.206504+00:00,2026-05-12T18:13:39.634042+00:00
d65ecc8f-cb7e-4ff0-beb8-675261625d32,2026-05-13T00:13:39.206504+00:00,d6bc2b0c-744b-4659-b137-5da413bff6df,True,,81283,08e6781a-0080-484b-adb3-52086f5b460a,purchase_ticket,2026-05-13T00:13:39.206504+00:00,2026-05-12T18:13:39.634042+00:00
d65ecc8f-cb7e-4ff0-beb8-675261625d32,2026-05-13T00:13:39.206504+00:00,ed356536-8b54-4588-9acf-86b9e6d803ca,True,,81284,59b9c0bf-bdb8-4a8a-8f3a-0e9687cb46db,purchase_ticket,2026-05-13T00:13:39.206504+00:00,2026-05-12T18:13:39.634042+00:00
d65ecc8f-cb7e-4ff0-beb8-675261625d32,2026-05-13T00:13:39.206504+00:00,d9cfd430-04b8-41b6-9998-3dcc87efced7,True,,81286,c4536519-31c9-4326-8313-e06ab6d81cd5,purchase_ticket,2026-05-13T00:13:39.206504+00:00,2026-05-12T18:13:39.634042+00:00
d65ecc8f-cb7e-4ff0-beb8-675261625d32,2026-05-13T00:13:39.206504+00:00,39a67cb9-8d32-4b65-a992-61cdbe9920f2,True,,81287-A,77d9cd5d-dc2b-4d8c-986d-80c306705f44,purchase_ticket,2026-05-13T00:13:39.206504+00:00,2026-05-12T18:13:39.634042+00:00
d65ecc8f-cb7e-4ff0-beb8-675261625d32,2026-05-13T00:13:39.206504+00:00,e3d1dbc7-076a-4a85-beb3-94da0fa3d573,True,,81287-B,806af80c-8b36-4030-87b2-08920a462b65,purchase_ticket,2026-05-13T00:13:39.206504+00:00,2026-05-12T18:13:39.634042+00:00
d65ecc8f-cb7e-4ff0-beb8-675261625d32,2026-05-13T00:13:39.206504+00:00,e3305ae1-9c26-4655-9576-dbe1d171401c,True,,81288,c99356be-441e-4f21-800b-a385ce595dc9,purchase_ticket,2026-05-13T00:13:39.206504+00:00,2026-05-12T18:13:39.634042+00:00
d65ecc8f-cb7e-4ff0-beb8-675261625d32,2026-05-13T00:13:39.206504+00:00,be5bebd1-1aca-4ad6-a071-33e768943754,True,,81291,a8588010-08d1-47df-8a88-e7bf134ad3d0,purchase_ticket,2026-05-13T00:13:39.206504+00:00,2026-05-12T18:13:39.634042+00:00
d65ecc8f-cb7e-4ff0-beb8-675261625d32,2026-05-13T00:13:39.206504+00:00,9ffedcae-7e56-47b7-ad1a-5f8c55abc18d,True,,81292,525b37d6-b4a4-4fab-89f7-2a7d3b592acf,purchase_ticket,2026-05-13T00:13:39.206504+00:00,2026-05-12T18:13:39.634042+00:00
d65ecc8f-cb7e-4ff0-beb8-675261625d32,2026-05-13T00:13:39.206504+00:00,e0c89159-24f1-4468-bdd5-1434f61f9afa,True,,81294,4b808aae-e859-4fcc-acb0-73f18015073a,purchase_ticket,2026-05-13T00:13:39.206504+00:00,2026-05-12T18:13:39.634042+00:00
69271ecf-4f5f-47e8-8abf-f6882d7cb6b8,2026-05-14T00:07:32.203241+00:00,3c71f0f0-e5de-4787-99b8-10054c52fd69,True,,18629,610e3168-9cfe-406e-8cd0-e93c9ef0d306,expense_voucher,2026-05-14T00:07:32.203241+00:00,2026-05-13T18:07:33.073448+00:00
69271ecf-4f5f-47e8-8abf-f6882d7cb6b8,2026-05-14T00:07:32.203241+00:00,f6b12769-b49b-46ef-9011-c1a30342b0c3,True,,18663,5c43b510-9167-4f3a-b021-96678764165d,expense_voucher,2026-05-14T00:07:32.203241+00:00,2026-05-13T18:07:33.073448+00:00
70adcde0-1440-4654-aafa-939fb0fbcd7e,2026-05-25T23:57:12.501938+00:00,cfdc517a-bbd0-49ca-846b-2f6086322a8c,True,,18834,8f1d576b-111c-4824-9080-e7f4499f0082,expense_voucher,2026-05-25T23:57:12.501938+00:00,2026-05-25T17:57:12.569843+00:00
70adcde0-1440-4654-aafa-939fb0fbcd7e,2026-05-25T23:57:12.501938+00:00,8ceae985-5ba6-45cf-8825-8a93b1bfb58b,True,,18835,aacc28c1-3e3e-4570-8068-1ed1bb195539,expense_voucher,2026-05-25T23:57:12.501938+00:00,2026-05-25T17:57:12.569843+00:00
70adcde0-1440-4654-aafa-939fb0fbcd7e,2026-05-25T23:57:12.501938+00:00,257a4353-dbad-42ec-8a36-600b7d82cb6a,True,,18836,db0e3074-e5d6-483a-aace-7ac8f9e1aaee,expense_voucher,2026-05-25T23:57:12.501938+00:00,2026-05-25T17:57:12.569843+00:00
69271ecf-4f5f-47e8-8abf-f6882d7cb6b8,2026-05-14T00:07:32.203241+00:00,12747812-cb2c-4595-a50b-b7c7fad136f4,True,,219,1f1e724b-61a1-44ad-9436-163621cd7041,deposit_voucher,2026-05-14T00:07:32.203241+00:00,2026-05-13T18:07:33.074446+00:00
70adcde0-1440-4654-aafa-939fb0fbcd7e,2026-05-25T23:57:12.501938+00:00,a49a2a02-a062-4617-b15f-e0ff223cb443,True,,18837,943e1d65-b4f2-4e92-92a3-942d88c2d360,expense_voucher,2026-05-25T23:57:12.501938+00:00,2026-05-25T17:57:12.569843+00:00
69271ecf-4f5f-47e8-8abf-f6882d7cb6b8,2026-05-14T00:07:32.203241+00:00,a3f88d6a-4903-423b-bb82-39451f992c6d,True,,18690,f4b91a1c-c4c6-4ab2-810e-72ec367a85ee,expense_voucher,2026-05-14T00:07:32.203241+00:00,2026-05-13T18:07:33.074446+00:00
69271ecf-4f5f-47e8-8abf-f6882d7cb6b8,2026-05-14T00:07:32.203241+00:00,ce8b6a86-a7de-4a82-afa7-7c89fa4d85cc,True,,18691,6e24fe06-4cdd-46b8-96b1-bffc6a764b27,expense_voucher,2026-05-14T00:07:32.203241+00:00,2026-05-13T18:07:33.074446+00:00
69271ecf-4f5f-47e8-8abf-f6882d7cb6b8,2026-05-14T00:07:32.203241+00:00,9d6f6c71-394b-49cd-a5a2-4d68d5a4fe68,True,,18692,90d88bfa-5b02-46db-b669-a0fa98c697fb,expense_voucher,2026-05-14T00:07:32.203241+00:00,2026-05-13T18:07:33.074446+00:00
69271ecf-4f5f-47e8-8abf-f6882d7cb6b8,2026-05-14T00:07:32.203241+00:00,5b70ea65-00ab-4721-8aab-5c9e8e6919a1,True,,18693,337953ef-6265-47ec-96d9-df8c59fe02ba,expense_voucher,2026-05-14T00:07:32.203241+00:00,2026-05-13T18:07:33.074446+00:00
69271ecf-4f5f-47e8-8abf-f6882d7cb6b8,2026-05-14T00:07:32.203241+00:00,52cbfcdb-5a94-4a30-a8a3-c9bbae33aee8,True,,18695,afb131a4-ac79-4df5-a647-88d3471d5bfb,expense_voucher,2026-05-14T00:07:32.203241+00:00,2026-05-13T18:07:33.074446+00:00
69271ecf-4f5f-47e8-8abf-f6882d7cb6b8,2026-05-14T00:07:32.203241+00:00,b5d9911d-e3bb-4d13-8f40-4a67bd0cdc51,True,,18696,81e32a8a-c870-4300-8beb-53aceaf4e523,expense_voucher,2026-05-14T00:07:32.203241+00:00,2026-05-13T18:07:33.074446+00:00
69271ecf-4f5f-47e8-8abf-f6882d7cb6b8,2026-05-14T00:07:32.203241+00:00,e28059ac-583f-4b4f-bb62-6cfd5a1b4d99,True,,18697,b7fdee4b-a7ac-4e2e-b2f5-fee1d4d05a46,expense_voucher,2026-05-14T00:07:32.203241+00:00,2026-05-13T18:07:33.074446+00:00
70adcde0-1440-4654-aafa-939fb0fbcd7e,2026-05-25T23:57:12.501938+00:00,7d724a3b-39f2-46a2-9246-cc4f3122783b,True,,18838,7453f6b0-d618-475e-a208-2c92970de02a,expense_voucher,2026-05-25T23:57:12.501938+00:00,2026-05-25T17:57:12.569843+00:00
69271ecf-4f5f-47e8-8abf-f6882d7cb6b8,2026-05-14T00:07:32.203241+00:00,a6c94ac6-89a4-466d-bc48-bb0ae49fc725,True,,18699,b5b30ca4-b409-458c-8141-6c4a9ba3d152,expense_voucher,2026-05-14T00:07:32.203241+00:00,2026-05-13T18:07:33.074446+00:00
69271ecf-4f5f-47e8-8abf-f6882d7cb6b8,2026-05-14T00:07:32.203241+00:00,318ebd8c-3074-4464-8594-5f23971a8b43,True,,230,cc5b093c-281d-4365-b24d-62254cbb03ea,deposit_voucher,2026-05-14T00:07:32.203241+00:00,2026-05-13T18:07:33.074446+00:00
69271ecf-4f5f-47e8-8abf-f6882d7cb6b8,2026-05-14T00:07:32.203241+00:00,82e60d60-100e-4c10-ad15-8d20ae2cc9ab,True,,231,96bdd55f-b2b4-4455-aa51-26efcf2590aa,deposit_voucher,2026-05-14T00:07:32.203241+00:00,2026-05-13T18:07:33.074446+00:00
69271ecf-4f5f-47e8-8abf-f6882d7cb6b8,2026-05-14T00:07:32.203241+00:00,3ff1e386-48e1-4997-af22-71c538628b73,True,,232,a9261019-8f9f-4c4d-bf26-f61bbcc3e865,deposit_voucher,2026-05-14T00:07:32.203241+00:00,2026-05-13T18:07:33.074446+00:00
69271ecf-4f5f-47e8-8abf-f6882d7cb6b8,2026-05-14T00:07:32.203241+00:00,43e6dab1-0ed0-415f-86d3-a2902f3aade4,True,,233,72161157-0319-491a-8857-3631f681571e,deposit_voucher,2026-05-14T00:07:32.203241+00:00,2026-05-13T18:07:33.074446+00:00
69271ecf-4f5f-47e8-8abf-f6882d7cb6b8,2026-05-14T00:07:32.203241+00:00,3ac9f3e2-f988-4970-97f3-eec1a8bdac72,True,,234,d615b748-36bb-4d7e-bfb7-b2025239323d,deposit_voucher,2026-05-14T00:07:32.203241+00:00,2026-05-13T18:07:33.074446+00:00
69271ecf-4f5f-47e8-8abf-f6882d7cb6b8,2026-05-14T00:07:32.203241+00:00,6c072d48-c6bb-4ee6-a442-f6bc55751a1c,True,,18694,b2643a5d-5195-495e-9a9e-d794dc867a90,deposit_voucher,2026-05-14T00:07:32.203241+00:00,2026-05-13T18:07:33.074446+00:00
70adcde0-1440-4654-aafa-939fb0fbcd7e,2026-05-25T23:57:12.501938+00:00,02ec6aca-9c2e-4b64-aa9d-9d51643f7071,True,,18839,a9c87bc9-6e48-4f79-af05-8ce58e96fa67,expense_voucher,2026-05-25T23:57:12.501938+00:00,2026-05-25T17:57:12.569843+00:00
69271ecf-4f5f-47e8-8abf-f6882d7cb6b8,2026-05-14T00:07:32.203241+00:00,53dee9cf-ae65-4192-80c4-1480287ec782,True,,78807,38fd44df-d77d-436d-877c-0b4348d351c3,sale_ticket,2026-05-14T00:07:32.203241+00:00,2026-05-13T18:07:33.074446+00:00
69271ecf-4f5f-47e8-8abf-f6882d7cb6b8,2026-05-14T00:07:32.203241+00:00,bf2fea3f-157d-4dba-b8b9-7522dc664426,True,,78809,8b4b1bfc-b27c-43e4-8ad6-a94e407da1db,sale_ticket,2026-05-14T00:07:32.203241+00:00,2026-05-13T18:07:33.074446+00:00
69271ecf-4f5f-47e8-8abf-f6882d7cb6b8,2026-05-14T00:07:32.203241+00:00,729f0d1f-b979-46da-825d-0f34130828f5,True,,78813,3dea2138-a14f-42dc-8f59-e1b8e0ece47f,sale_ticket,2026-05-14T00:07:32.203241+00:00,2026-05-13T18:07:33.074446+00:00
69271ecf-4f5f-47e8-8abf-f6882d7cb6b8,2026-05-14T00:07:32.203241+00:00,8ecade90-5b86-4b80-be2a-dc4f41d657a3,True,,55775,feb98782-e0f1-42a7-bea9-0dd7877c44c5,purchase_ticket,2026-05-14T00:07:32.203241+00:00,2026-05-13T18:07:33.074446+00:00
69271ecf-4f5f-47e8-8abf-f6882d7cb6b8,2026-05-14T00:07:32.203241+00:00,05eb6776-d7b9-40e3-be5e-3ecadcb52334,True,,55776,9f915eb2-7bd6-4819-b2cd-cea1e08adc3f,purchase_ticket,2026-05-14T00:07:32.203241+00:00,2026-05-13T18:07:33.074446+00:00
69271ecf-4f5f-47e8-8abf-f6882d7cb6b8,2026-05-14T00:07:32.203241+00:00,f6d64603-ec74-41d7-9fc3-62e22a60c386,True,,55777,72404f6d-b902-45e8-a054-a43ccbc92f7b,purchase_ticket,2026-05-14T00:07:32.203241+00:00,2026-05-13T18:07:33.074446+00:00
69271ecf-4f5f-47e8-8abf-f6882d7cb6b8,2026-05-14T00:07:32.203241+00:00,8d1f0c7d-b47a-4bfd-b3e0-2ffa98600403,True,,55778,f02fbf9a-1cc8-4d51-bfed-150340dcd71f,purchase_ticket,2026-05-14T00:07:32.203241+00:00,2026-05-13T18:07:33.074446+00:00
69271ecf-4f5f-47e8-8abf-f6882d7cb6b8,2026-05-14T00:07:32.203241+00:00,e74104c3-6028-4286-a11e-f2a6a1679511,True,,55779,8ce46b6f-c33e-463b-9e24-e29954bb8d84,purchase_ticket,2026-05-14T00:07:32.203241+00:00,2026-05-13T18:07:33.074446+00:00
69271ecf-4f5f-47e8-8abf-f6882d7cb6b8,2026-05-14T00:07:32.203241+00:00,0b2de097-881c-4471-9d19-72b97964aac5,True,,55780,16ee359b-71c0-49c6-bb77-1dfa1935065f,purchase_ticket,2026-05-14T00:07:32.203241+00:00,2026-05-13T18:07:33.074446+00:00
69271ecf-4f5f-47e8-8abf-f6882d7cb6b8,2026-05-14T00:07:32.203241+00:00,f9b5ed45-c142-4b06-b402-e5c3e2b7b910,True,,55781,2e194786-a4c3-4667-84a0-4e2efead5428,purchase_ticket,2026-05-14T00:07:32.203241+00:00,2026-05-13T18:07:33.074446+00:00
69271ecf-4f5f-47e8-8abf-f6882d7cb6b8,2026-05-14T00:07:32.203241+00:00,5077eb45-1ca0-41dd-a0e2-49a0c4ccb0a3,True,,55782,2c9c1655-d72e-4bf5-9b23-76a8b035ef54,purchase_ticket,2026-05-14T00:07:32.203241+00:00,2026-05-13T18:07:33.074446+00:00
69271ecf-4f5f-47e8-8abf-f6882d7cb6b8,2026-05-14T00:07:32.203241+00:00,dfa4061b-9485-456a-8e05-420829afd444,True,,55783,8e844c11-88b4-4b2b-a650-a6fffc844cc0,purchase_ticket,2026-05-14T00:07:32.203241+00:00,2026-05-13T18:07:33.074446+00:00
69271ecf-4f5f-47e8-8abf-f6882d7cb6b8,2026-05-14T00:07:32.203241+00:00,e86171cc-4585-410b-af9c-f9f69f1b9439,True,,55784,613d8fb8-d04c-4017-95e6-9669830065a9,purchase_ticket,2026-05-14T00:07:32.203241+00:00,2026-05-13T18:07:33.074446+00:00
69271ecf-4f5f-47e8-8abf-f6882d7cb6b8,2026-05-14T00:07:32.203241+00:00,3b55cf75-7bc5-454e-98a3-6b8969b6b28c,True,,55785,a21ade72-244b-409b-af77-24f87851b4db,purchase_ticket,2026-05-14T00:07:32.203241+00:00,2026-05-13T18:07:33.074446+00:00
69271ecf-4f5f-47e8-8abf-f6882d7cb6b8,2026-05-14T00:07:32.203241+00:00,22a378bf-32e0-4eef-8cc9-1c87031eb095,True,,55786,6c22a79a-9830-4e50-92a0-3d5defa84811,purchase_ticket,2026-05-14T00:07:32.203241+00:00,2026-05-13T18:07:33.074446+00:00
69271ecf-4f5f-47e8-8abf-f6882d7cb6b8,2026-05-14T00:07:32.203241+00:00,12aad25d-8be0-4309-a040-d2a82ce7fa69,True,,55787,84204081-559d-49f2-a3bb-0075b68cc758,purchase_ticket,2026-05-14T00:07:32.203241+00:00,2026-05-13T18:07:33.074446+00:00
70adcde0-1440-4654-aafa-939fb0fbcd7e,2026-05-25T23:57:12.501938+00:00,cede58b7-5922-42b9-9d82-43ba263bbe8f,True,,18840,9c36492f-17d9-4e22-abc0-422031b897b7,expense_voucher,2026-05-25T23:57:12.501938+00:00,2026-05-25T17:57:12.569843+00:00
69271ecf-4f5f-47e8-8abf-f6882d7cb6b8,2026-05-14T00:07:32.203241+00:00,c6f8e359-2eff-48d0-b84a-2356e95d1473,True,,55789,731602fe-ddba-436e-bc45-dd072667258c,purchase_ticket,2026-05-14T00:07:32.203241+00:00,2026-05-13T18:07:33.074446+00:00
69271ecf-4f5f-47e8-8abf-f6882d7cb6b8,2026-05-14T00:07:32.203241+00:00,1b1da4be-2f7f-441f-a95d-1e5244c287a8,True,,55790,2c91a7ab-155d-4a65-96cf-7c1153e0c711,purchase_ticket,2026-05-14T00:07:32.203241+00:00,2026-05-13T18:07:33.074446+00:00
69271ecf-4f5f-47e8-8abf-f6882d7cb6b8,2026-05-14T00:07:32.203241+00:00,db3a951e-d922-43b8-8716-eb52929e5ada,True,,55792,45f1f115-d905-4522-a1e4-c205a4eb691e,purchase_ticket,2026-05-14T00:07:32.203241+00:00,2026-05-13T18:07:33.074446+00:00
69271ecf-4f5f-47e8-8abf-f6882d7cb6b8,2026-05-14T00:07:32.203241+00:00,8b83298e-fe63-43cd-843b-02cddfd16188,True,,55793,2af45804-82d7-4959-b377-d17ba4f22699,purchase_ticket,2026-05-14T00:07:32.203241+00:00,2026-05-13T18:07:33.074446+00:00
69271ecf-4f5f-47e8-8abf-f6882d7cb6b8,2026-05-14T00:07:32.203241+00:00,277d81f2-b966-4284-9c66-25de301863b4,True,,55794,84f2bf50-8a06-47ec-85d2-d599a4dd44cb,purchase_ticket,2026-05-14T00:07:32.203241+00:00,2026-05-13T18:07:33.074446+00:00
69271ecf-4f5f-47e8-8abf-f6882d7cb6b8,2026-05-14T00:07:32.203241+00:00,b964e86a-bda1-43fd-a444-df9d1957b681,True,,55795,b5239c3f-8879-4d9a-a676-4dfb7023ee12,purchase_ticket,2026-05-14T00:07:32.203241+00:00,2026-05-13T18:07:33.075441+00:00
69271ecf-4f5f-47e8-8abf-f6882d7cb6b8,2026-05-14T00:07:32.203241+00:00,8583f3bc-ffcf-47f7-abe6-cfc7acc25f02,True,,55796,2e975144-a714-4470-bb3a-e5d66c36f786,purchase_ticket,2026-05-14T00:07:32.203241+00:00,2026-05-13T18:07:33.075441+00:00
69271ecf-4f5f-47e8-8abf-f6882d7cb6b8,2026-05-14T00:07:32.203241+00:00,ccf37c9d-cae8-40d1-b95e-2a66d9352c55,True,,55797,78bf83bb-b68e-4ddd-b5da-ae7f0c11a63c,purchase_ticket,2026-05-14T00:07:32.203241+00:00,2026-05-13T18:07:33.075441+00:00
69271ecf-4f5f-47e8-8abf-f6882d7cb6b8,2026-05-14T00:07:32.203241+00:00,8fcb6ebb-7add-46bf-a4c6-1cdef23a1fde,True,,55798,f5e0d096-7f37-4bcb-97ce-1a882d56633a,purchase_ticket,2026-05-14T00:07:32.203241+00:00,2026-05-13T18:07:33.075441+00:00
69271ecf-4f5f-47e8-8abf-f6882d7cb6b8,2026-05-14T00:07:32.203241+00:00,104f02c8-515c-4fcc-883e-c484e344b342,True,,55799,0d3e7465-e34f-488d-ab3a-872d0345c323,purchase_ticket,2026-05-14T00:07:32.203241+00:00,2026-05-13T18:07:33.075441+00:00
69271ecf-4f5f-47e8-8abf-f6882d7cb6b8,2026-05-14T00:07:32.203241+00:00,9da0dabf-109a-4107-bd27-edab966a4048,True,,55800,c5a4b034-1f3b-4a37-8c6b-d56c7e7e82e3,purchase_ticket,2026-05-14T00:07:32.203241+00:00,2026-05-13T18:07:33.075441+00:00
69271ecf-4f5f-47e8-8abf-f6882d7cb6b8,2026-05-14T00:07:32.203241+00:00,3b19f2a6-f508-4957-936f-b641ea2752f1,True,,55801,76c056f7-055a-40fc-8eba-88cb45e6cf49,purchase_ticket,2026-05-14T00:07:32.203241+00:00,2026-05-13T18:07:33.075441+00:00
69271ecf-4f5f-47e8-8abf-f6882d7cb6b8,2026-05-14T00:07:32.203241+00:00,de04d05d-7be0-4d50-80e9-298a3af2a662,True,,55802,3729d0db-8aae-403c-8e2b-0e8c3a32a4d0,purchase_ticket,2026-05-14T00:07:32.203241+00:00,2026-05-13T18:07:33.075441+00:00
69271ecf-4f5f-47e8-8abf-f6882d7cb6b8,2026-05-14T00:07:32.203241+00:00,df567522-22ff-4f1b-b314-587e12aa88a8,True,,55803,6a3941e6-7c49-45a6-b8b2-467dcbf871da,purchase_ticket,2026-05-14T00:07:32.203241+00:00,2026-05-13T18:07:33.075441+00:00
69271ecf-4f5f-47e8-8abf-f6882d7cb6b8,2026-05-14T00:07:32.203241+00:00,092e13dd-03d6-4a68-9347-099fba5753c3,True,,55804,072558a7-db27-4dd6-8dc6-5d60d615c3f8,purchase_ticket,2026-05-14T00:07:32.203241+00:00,2026-05-13T18:07:33.075441+00:00
69271ecf-4f5f-47e8-8abf-f6882d7cb6b8,2026-05-14T00:07:32.203241+00:00,3f549c74-68fc-4bf4-9284-1ddc84cc5641,True,,55805,6853dd4b-4fc0-4c27-8bd8-399201d7dc7a,purchase_ticket,2026-05-14T00:07:32.203241+00:00,2026-05-13T18:07:33.075441+00:00
69271ecf-4f5f-47e8-8abf-f6882d7cb6b8,2026-05-14T00:07:32.203241+00:00,a42cbd74-9439-4f17-8999-db7584512083,True,,55806,8c230d88-d808-4de4-bb11-b74df995e3fe,purchase_ticket,2026-05-14T00:07:32.203241+00:00,2026-05-13T18:07:33.075441+00:00
69271ecf-4f5f-47e8-8abf-f6882d7cb6b8,2026-05-14T00:07:32.203241+00:00,e60fd019-d9ce-49b7-ad59-6b2260d5d68e,True,,55807,8c419ed6-674d-4259-a05c-ade5112357c2,purchase_ticket,2026-05-14T00:07:32.203241+00:00,2026-05-13T18:07:33.075441+00:00
69271ecf-4f5f-47e8-8abf-f6882d7cb6b8,2026-05-14T00:07:32.203241+00:00,a7ce191c-9d20-4c86-8fe4-c2e1f73a8fa5,True,,55809,c831052e-1392-4b94-8898-11b2b9b3046c,purchase_ticket,2026-05-14T00:07:32.203241+00:00,2026-05-13T18:07:33.075441+00:00
69271ecf-4f5f-47e8-8abf-f6882d7cb6b8,2026-05-14T00:07:32.203241+00:00,bd4a450d-87ad-49fa-91cd-b1b33e8a5405,True,,55810,c3ddc37a-eaf0-44b5-8511-9e18afc0e6e9,purchase_ticket,2026-05-14T00:07:32.203241+00:00,2026-05-13T18:07:33.075441+00:00
69271ecf-4f5f-47e8-8abf-f6882d7cb6b8,2026-05-14T00:07:32.203241+00:00,51599b9d-29d7-4e09-8ea5-df5a63439555,True,,55811,e4de934d-af77-43d9-97e6-398e76b6593a,purchase_ticket,2026-05-14T00:07:32.203241+00:00,2026-05-13T18:07:33.075441+00:00
69271ecf-4f5f-47e8-8abf-f6882d7cb6b8,2026-05-14T00:07:32.203241+00:00,11ce39d6-f3e5-438c-bdd1-82150e6604b8,True,,55812,733fef08-47c0-4abe-9896-be36089873ec,purchase_ticket,2026-05-14T00:07:32.203241+00:00,2026-05-13T18:07:33.075441+00:00
69271ecf-4f5f-47e8-8abf-f6882d7cb6b8,2026-05-14T00:07:32.203241+00:00,86998dab-ba33-4538-b6b1-223641f9844d,True,,78386,481d3815-427f-4641-be84-1a90dfaf9481,purchase_ticket,2026-05-14T00:07:32.203241+00:00,2026-05-13T18:07:33.075441+00:00
69271ecf-4f5f-47e8-8abf-f6882d7cb6b8,2026-05-14T00:07:32.203241+00:00,32dfff0b-b766-444f-b239-ade2c411d0ca,True,,80060,d85d685d-ba65-4553-84e0-91685c793bf7,purchase_ticket,2026-05-14T00:07:32.203241+00:00,2026-05-13T18:07:33.075441+00:00
69271ecf-4f5f-47e8-8abf-f6882d7cb6b8,2026-05-14T00:07:32.203241+00:00,45ed1fb3-439f-4df9-b9c0-aa72a93cea03,True,,80206,a5beaa52-4fe5-4bed-a7f0-c235b9ae896e,purchase_ticket,2026-05-14T00:07:32.203241+00:00,2026-05-13T18:07:33.075441+00:00
69271ecf-4f5f-47e8-8abf-f6882d7cb6b8,2026-05-14T00:07:32.203241+00:00,b130e938-100b-437d-be5c-a8aec96f616c,True,,80386,1100b351-1fdd-447e-a4a5-42a01b342b5b,purchase_ticket,2026-05-14T00:07:32.203241+00:00,2026-05-13T18:07:33.075441+00:00
69271ecf-4f5f-47e8-8abf-f6882d7cb6b8,2026-05-14T00:07:32.203241+00:00,af0166e3-6542-4bf9-8b1f-f7ebebf263c4,True,,80620,b6bcb6e4-4743-40ae-9aec-db2f97678d16,purchase_ticket,2026-05-14T00:07:32.203241+00:00,2026-05-13T18:07:33.075441+00:00
69271ecf-4f5f-47e8-8abf-f6882d7cb6b8,2026-05-14T00:07:32.203241+00:00,f8a9f4f4-0e77-4235-9669-7c6a9bcab3e7,True,,81183,fb51412c-5aba-499b-acd2-d7cf5f4cd955,purchase_ticket,2026-05-14T00:07:32.203241+00:00,2026-05-13T18:07:33.075441+00:00
69271ecf-4f5f-47e8-8abf-f6882d7cb6b8,2026-05-14T00:07:32.203241+00:00,35569ea7-6d28-48e4-8bce-ad4f989d6f8f,True,,81185,3d735292-4766-404c-a5d0-17d858397585,purchase_ticket,2026-05-14T00:07:32.203241+00:00,2026-05-13T18:07:33.075441+00:00
69271ecf-4f5f-47e8-8abf-f6882d7cb6b8,2026-05-14T00:07:32.203241+00:00,0580ed09-dcb5-447a-9b49-889ba07f0744,True,,81191,df732258-c89d-404a-b204-31b2e89d8555,purchase_ticket,2026-05-14T00:07:32.203241+00:00,2026-05-13T18:07:33.075441+00:00
69271ecf-4f5f-47e8-8abf-f6882d7cb6b8,2026-05-14T00:07:32.203241+00:00,e04d78ad-7cfc-45ea-b6d0-e9c1077d282a,True,,81248,554e5b32-b144-48bd-bec4-45011e349252,purchase_ticket,2026-05-14T00:07:32.203241+00:00,2026-05-13T18:07:33.075441+00:00
69271ecf-4f5f-47e8-8abf-f6882d7cb6b8,2026-05-14T00:07:32.203241+00:00,4f487827-007a-4deb-a302-c21321421cec,True,,81256,8467f115-2370-47cc-9929-a87ea65597a7,purchase_ticket,2026-05-14T00:07:32.203241+00:00,2026-05-13T18:07:33.075441+00:00
69271ecf-4f5f-47e8-8abf-f6882d7cb6b8,2026-05-14T00:07:32.203241+00:00,d87cfc4d-e99d-44ea-97e7-ff4f92f34577,True,,81258,8026917e-5231-4233-9b4b-328db2dde477,purchase_ticket,2026-05-14T00:07:32.203241+00:00,2026-05-13T18:07:33.075441+00:00
69271ecf-4f5f-47e8-8abf-f6882d7cb6b8,2026-05-14T00:07:32.203241+00:00,0576b154-eda4-4e20-8057-1abb72697aac,True,,81268,783aa059-3203-4da5-ad82-5532677cc3b0,purchase_ticket,2026-05-14T00:07:32.203241+00:00,2026-05-13T18:07:33.075441+00:00
69271ecf-4f5f-47e8-8abf-f6882d7cb6b8,2026-05-14T00:07:32.203241+00:00,142e54ea-dc30-405a-8ad2-fdbbdca2bff1,True,,81296,b78d7a72-b10c-4bd5-8452-c59d09a7a6b3,purchase_ticket,2026-05-14T00:07:32.203241+00:00,2026-05-13T18:07:33.075441+00:00
69271ecf-4f5f-47e8-8abf-f6882d7cb6b8,2026-05-14T00:07:32.203241+00:00,5377f40d-5d70-4f2f-a21b-4a78665a3e10,True,,81297,65f29c3d-0472-46a2-aafa-1f1da34e315c,purchase_ticket,2026-05-14T00:07:32.203241+00:00,2026-05-13T18:07:33.075441+00:00
69271ecf-4f5f-47e8-8abf-f6882d7cb6b8,2026-05-14T00:07:32.203241+00:00,f61269ca-f75b-46c2-8935-e392a913e5ef,True,,81298,53f72650-3934-4fbd-aa45-e71be29ea410,purchase_ticket,2026-05-14T00:07:32.203241+00:00,2026-05-13T18:07:33.075441+00:00
69271ecf-4f5f-47e8-8abf-f6882d7cb6b8,2026-05-14T00:07:32.203241+00:00,148dbbf0-7023-45cb-9c6f-6be6303a0613,True,,81304,360ec484-8d9d-40e5-84e4-41d4058b054a,purchase_ticket,2026-05-14T00:07:32.203241+00:00,2026-05-13T18:07:33.075441+00:00
69271ecf-4f5f-47e8-8abf-f6882d7cb6b8,2026-05-14T00:07:32.203241+00:00,2b1d9e92-1b7c-4ab3-97de-781d86f60f86,True,,81305,33daea5b-bcf7-48f9-b3d1-2f69742cb36b,purchase_ticket,2026-05-14T00:07:32.203241+00:00,2026-05-13T18:07:33.075441+00:00
69271ecf-4f5f-47e8-8abf-f6882d7cb6b8,2026-05-14T00:07:32.203241+00:00,c9b25ad1-72b1-4fe7-a90b-7b50d312defe,True,,81308,dfbe9161-65f0-4ceb-9684-90bf5da9cc1f,purchase_ticket,2026-05-14T00:07:32.203241+00:00,2026-05-13T18:07:33.075441+00:00
69271ecf-4f5f-47e8-8abf-f6882d7cb6b8,2026-05-14T00:07:32.203241+00:00,484b8af3-29a9-4271-b400-09b9bcb2f0dc,True,,81312,70c68e2a-19c0-4cb2-b930-87dcef606831,purchase_ticket,2026-05-14T00:07:32.203241+00:00,2026-05-13T18:07:33.075441+00:00
69271ecf-4f5f-47e8-8abf-f6882d7cb6b8,2026-05-14T00:07:32.203241+00:00,63ecca6a-746f-4020-843a-36ba9980bb71,True,,81314,c7142ea1-6250-4936-a007-d77c759938d4,purchase_ticket,2026-05-14T00:07:32.203241+00:00,2026-05-13T18:07:33.075441+00:00
69271ecf-4f5f-47e8-8abf-f6882d7cb6b8,2026-05-14T00:07:32.203241+00:00,8d0119da-cf66-4e7a-b0e6-8befd98afd61,True,,81315,26abbb1d-08cf-47f6-b9b8-746f07e8261a,purchase_ticket,2026-05-14T00:07:32.203241+00:00,2026-05-13T18:07:33.076438+00:00
69271ecf-4f5f-47e8-8abf-f6882d7cb6b8,2026-05-14T00:07:32.203241+00:00,a2daac01-dacb-4eb8-a013-8857f678bee8,True,,81320,228a4619-15ef-4f2a-9e70-d2d20a5bf3a5,purchase_ticket,2026-05-14T00:07:32.203241+00:00,2026-05-13T18:07:33.076438+00:00
69271ecf-4f5f-47e8-8abf-f6882d7cb6b8,2026-05-14T00:07:32.203241+00:00,8e049885-430e-4627-a743-2b9dc8a74728,True,,81322,28d4ff9b-c375-44ee-a25a-be2beb4e4c29,purchase_ticket,2026-05-14T00:07:32.203241+00:00,2026-05-13T18:07:33.076438+00:00
69271ecf-4f5f-47e8-8abf-f6882d7cb6b8,2026-05-14T00:07:32.203241+00:00,eafbff71-ce43-424c-86c9-0114ca72ccdc,True,,81323,2eb51c71-f00e-4b6c-b6e5-482020a3e023,purchase_ticket,2026-05-14T00:07:32.203241+00:00,2026-05-13T18:07:33.076438+00:00
69271ecf-4f5f-47e8-8abf-f6882d7cb6b8,2026-05-14T00:07:32.203241+00:00,97e52461-2966-4091-bea5-4352549dde5c,True,,81324,eec242f7-5311-4748-84ba-27ab0f7ad275,purchase_ticket,2026-05-14T00:07:32.203241+00:00,2026-05-13T18:07:33.076438+00:00
69271ecf-4f5f-47e8-8abf-f6882d7cb6b8,2026-05-14T00:07:32.203241+00:00,8f06b0ff-fbeb-49fa-a4bc-b4aceee4d83a,True,,81325,411bb80f-d9c3-4ee5-8c48-6c2c5f2919c9,purchase_ticket,2026-05-14T00:07:32.203241+00:00,2026-05-13T18:07:33.076438+00:00
69271ecf-4f5f-47e8-8abf-f6882d7cb6b8,2026-05-14T00:07:32.203241+00:00,c0e7485d-7a9a-424d-8fbd-71dd7b48216d,True,,81326,447857d3-d986-4c94-a0dc-d1e101fe200a,purchase_ticket,2026-05-14T00:07:32.203241+00:00,2026-05-13T18:07:33.076438+00:00
69271ecf-4f5f-47e8-8abf-f6882d7cb6b8,2026-05-14T00:07:32.203241+00:00,648eb38f-01c0-467e-8b6c-0b5f9443353c,True,,81330,8ae58fac-8b51-47ec-a842-0bc228551e41,purchase_ticket,2026-05-14T00:07:32.203241+00:00,2026-05-13T18:07:33.076438+00:00
69271ecf-4f5f-47e8-8abf-f6882d7cb6b8,2026-05-14T00:07:32.203241+00:00,e23d14cc-3c85-4e30-a767-dbcd419f9684,True,,81333,9aa0e6ab-16c4-409e-b729-4676312fecb2,purchase_ticket,2026-05-14T00:07:32.203241+00:00,2026-05-13T18:07:33.076438+00:00
69271ecf-4f5f-47e8-8abf-f6882d7cb6b8,2026-05-14T00:07:32.203241+00:00,f2eda8b1-b9b9-4fe2-99cb-212b99f357cf,True,,81335,67287b11-014f-4400-9abf-202855a4c2fb,purchase_ticket,2026-05-14T00:07:32.203241+00:00,2026-05-13T18:07:33.076438+00:00
fb340114-8fad-4c30-9b0d-15f8e8e953ff,2026-06-29T23:56:45.457948+00:00,07b8acde-232c-42c3-bd7f-31e08a3ed283,True,,19181,f4c9d5ad-6a73-4f4a-b5b9-e2774b3b9197,expense_voucher,2026-06-29T23:56:45.457948+00:00,2026-06-29T17:56:45.77596+00:00
e08d0a9e-37df-48a3-9266-3e823ee95cfd,2026-05-14T23:54:51.709109+00:00,77d92409-0e0b-4f36-a35e-656fbe8f0757,True,,18698,f9ba6624-6111-4cf8-919a-40971af6180b,expense_voucher,2026-05-14T23:54:51.709109+00:00,2026-05-14T17:54:51.427943+00:00
70adcde0-1440-4654-aafa-939fb0fbcd7e,2026-05-25T23:57:12.501938+00:00,878c74fc-977c-4525-80da-c65e9e419b80,True,,18842,4caf4d41-3e6e-43cb-8ca7-e693520196ab,expense_voucher,2026-05-25T23:57:12.501938+00:00,2026-05-25T17:57:12.569843+00:00
70adcde0-1440-4654-aafa-939fb0fbcd7e,2026-05-25T23:57:12.501938+00:00,e2be9b48-a8cc-4e75-bf4a-fdac074be116,True,,260,eb8b7280-8849-4008-96e2-4c27dd439cc4,deposit_voucher,2026-05-25T23:57:12.501938+00:00,2026-05-25T17:57:12.569843+00:00
e08d0a9e-37df-48a3-9266-3e823ee95cfd,2026-05-14T23:54:51.709109+00:00,c6187ca9-e3e5-4211-beb5-1610dfe5c9c4,True,,18663,5c43b510-9167-4f3a-b021-96678764165d,expense_voucher,2026-05-14T23:54:51.709109+00:00,2026-05-14T17:54:51.427943+00:00
e08d0a9e-37df-48a3-9266-3e823ee95cfd,2026-05-14T23:54:51.709109+00:00,8717d2ee-0724-4dc4-b083-d92ca3fa8f48,True,,219,1f1e724b-61a1-44ad-9436-163621cd7041,deposit_voucher,2026-05-14T23:54:51.709109+00:00,2026-05-14T17:54:51.427943+00:00
e08d0a9e-37df-48a3-9266-3e823ee95cfd,2026-05-14T23:54:51.709109+00:00,dd96d089-c361-48bb-a766-8de30df83cea,True,,0201,a29c33e3-2e54-4b6f-8f01-67a7d7156fca,sale_ticket,2026-05-14T23:54:51.709109+00:00,2026-05-14T17:54:51.42894+00:00
e08d0a9e-37df-48a3-9266-3e823ee95cfd,2026-05-14T23:54:51.709109+00:00,20df2ede-6e80-4d41-ad1c-7f0f1a02665c,True,,0193,10d88358-7438-4342-a077-05df2a19cad8,sale_ticket,2026-05-14T23:54:51.709109+00:00,2026-05-14T17:54:51.42894+00:00
e08d0a9e-37df-48a3-9266-3e823ee95cfd,2026-05-14T23:54:51.709109+00:00,ce36f616-6bdf-4876-b75b-674fa423eb73,True,,18700,5375f17a-90ca-42bb-bc8c-4e79c7eab73f,expense_voucher,2026-05-14T23:54:51.709109+00:00,2026-05-14T17:54:51.42894+00:00
e08d0a9e-37df-48a3-9266-3e823ee95cfd,2026-05-14T23:54:51.709109+00:00,fdeae735-392c-4255-a920-05e97d3f62e5,True,,18701,c47cd627-7dfb-455d-93f8-e6fe904531e3,expense_voucher,2026-05-14T23:54:51.709109+00:00,2026-05-14T17:54:51.42894+00:00
e08d0a9e-37df-48a3-9266-3e823ee95cfd,2026-05-14T23:54:51.709109+00:00,046b85bb-5ffd-4d97-93a2-97e8decc22bc,True,,18702,738b9d2b-a151-4df7-b9e3-7a36d6cd8089,expense_voucher,2026-05-14T23:54:51.709109+00:00,2026-05-14T17:54:51.42894+00:00
e08d0a9e-37df-48a3-9266-3e823ee95cfd,2026-05-14T23:54:51.709109+00:00,ee387c8d-17cf-4c36-997e-7f9e591934a1,True,,18703,fe333367-77a0-4e77-886f-f13b4a87ebfd,expense_voucher,2026-05-14T23:54:51.709109+00:00,2026-05-14T17:54:51.42894+00:00
e08d0a9e-37df-48a3-9266-3e823ee95cfd,2026-05-14T23:54:51.709109+00:00,29905168-9289-4793-8872-7ce9500a2604,True,,18704,255192b0-cc21-4a58-822b-dc48dd36c5e6,expense_voucher,2026-05-14T23:54:51.709109+00:00,2026-05-14T17:54:51.42894+00:00
e08d0a9e-37df-48a3-9266-3e823ee95cfd,2026-05-14T23:54:51.709109+00:00,5535bebb-b973-4db2-a755-a37f8ec887a0,True,,18705,d04f78e8-66b5-4a79-8b28-544349a1e733,expense_voucher,2026-05-14T23:54:51.709109+00:00,2026-05-14T17:54:51.42894+00:00
e08d0a9e-37df-48a3-9266-3e823ee95cfd,2026-05-14T23:54:51.709109+00:00,a455ba45-aed9-44f2-b288-e615fbc63e88,True,,18706,422be191-7bae-4cac-a2d6-95aa9a4da68b,expense_voucher,2026-05-14T23:54:51.709109+00:00,2026-05-14T17:54:51.42894+00:00
e08d0a9e-37df-48a3-9266-3e823ee95cfd,2026-05-14T23:54:51.709109+00:00,65bd2b28-bdfb-4def-b129-7cf498b2acba,True,,18707,f5687ff5-bbdd-4dff-8134-f56265a64fe4,expense_voucher,2026-05-14T23:54:51.709109+00:00,2026-05-14T17:54:51.42894+00:00
e08d0a9e-37df-48a3-9266-3e823ee95cfd,2026-05-14T23:54:51.709109+00:00,5b704449-b32f-48eb-82c4-c1af4dcba7a5,True,,18708,73359710-bb31-4e20-a041-14a2758da73f,expense_voucher,2026-05-14T23:54:51.709109+00:00,2026-05-14T17:54:51.42894+00:00
e08d0a9e-37df-48a3-9266-3e823ee95cfd,2026-05-14T23:54:51.709109+00:00,416d5184-a25c-4df3-bcf7-4532ca329eba,True,,18709,927ababc-76ea-423b-ad4a-c152b55b346b,expense_voucher,2026-05-14T23:54:51.709109+00:00,2026-05-14T17:54:51.42894+00:00
e08d0a9e-37df-48a3-9266-3e823ee95cfd,2026-05-14T23:54:51.709109+00:00,574c116c-4396-4ff7-b5ce-1758be629b3a,True,,18710,a5a7574e-4a1a-48ab-aaf9-570a5e263a3b,expense_voucher,2026-05-14T23:54:51.709109+00:00,2026-05-14T17:54:51.42894+00:00
e08d0a9e-37df-48a3-9266-3e823ee95cfd,2026-05-14T23:54:51.709109+00:00,ee5a4ba9-23dd-4db4-947a-4c109a313077,True,,18711,e1e213d5-09d0-4621-ae14-a47bfc455ee2,expense_voucher,2026-05-14T23:54:51.709109+00:00,2026-05-14T17:54:51.42894+00:00
e08d0a9e-37df-48a3-9266-3e823ee95cfd,2026-05-14T23:54:51.709109+00:00,4bfd5228-cf38-4ee8-a3d7-fb0fa5d969b7,True,,18712,956b8495-f74a-46ca-93e6-0a2b81b62376,expense_voucher,2026-05-14T23:54:51.709109+00:00,2026-05-14T17:54:51.42894+00:00
e08d0a9e-37df-48a3-9266-3e823ee95cfd,2026-05-14T23:54:51.709109+00:00,84b1e8eb-23bd-4272-ba1a-40db0b6eb300,True,,18713,a6ca7b2c-6c39-4cbc-b6b7-c0a5642f915d,expense_voucher,2026-05-14T23:54:51.709109+00:00,2026-05-14T17:54:51.42894+00:00
e08d0a9e-37df-48a3-9266-3e823ee95cfd,2026-05-14T23:54:51.709109+00:00,20821433-bb72-4470-8c06-7b7921b5123e,True,,18714,5b2f524d-1923-48fa-b4d1-a3f147c69655,expense_voucher,2026-05-14T23:54:51.709109+00:00,2026-05-14T17:54:51.42894+00:00
e08d0a9e-37df-48a3-9266-3e823ee95cfd,2026-05-14T23:54:51.709109+00:00,3d830781-e150-4ec8-be0f-abe02b74821a,True,,235,2edde96a-1059-4f94-aeeb-3cfcb86a7fd0,deposit_voucher,2026-05-14T23:54:51.709109+00:00,2026-05-14T17:54:51.42894+00:00
e08d0a9e-37df-48a3-9266-3e823ee95cfd,2026-05-14T23:54:51.709109+00:00,e7b2f142-dea0-4924-8870-6510255497ce,True,,236,7b3cddbb-89bb-4c65-9811-af1bb83dce9d,deposit_voucher,2026-05-14T23:54:51.709109+00:00,2026-05-14T17:54:51.42894+00:00
e08d0a9e-37df-48a3-9266-3e823ee95cfd,2026-05-14T23:54:51.709109+00:00,a4eaae12-f88b-48c9-99ca-4be6d7ea3a69,True,,237,86bdacd1-b91a-4856-b53d-db5dd5526c4a,deposit_voucher,2026-05-14T23:54:51.709109+00:00,2026-05-14T17:54:51.42894+00:00
e08d0a9e-37df-48a3-9266-3e823ee95cfd,2026-05-14T23:54:51.709109+00:00,da738a7c-322a-44e3-bf14-fa750d423ea1,True,,238,d4f81a37-7e9f-49ee-b61c-28e98db920c9,deposit_voucher,2026-05-14T23:54:51.709109+00:00,2026-05-14T17:54:51.42894+00:00
e08d0a9e-37df-48a3-9266-3e823ee95cfd,2026-05-14T23:54:51.709109+00:00,eac6aef1-4deb-4dbd-b636-88b70204d4dd,True,,0205,0463dd82-d0dd-4232-873c-bf1680f13a5b,sale_ticket,2026-05-14T23:54:51.709109+00:00,2026-05-14T17:54:51.42894+00:00
e08d0a9e-37df-48a3-9266-3e823ee95cfd,2026-05-14T23:54:51.709109+00:00,7fda5ce9-b0fd-4733-b23c-fa9caa6d7958,True,,12310,bfd0cf1b-39f9-4a7b-9f9e-7050b05827c5,sale_ticket,2026-05-14T23:54:51.709109+00:00,2026-05-14T17:54:51.42894+00:00
e08d0a9e-37df-48a3-9266-3e823ee95cfd,2026-05-14T23:54:51.709109+00:00,9d95f99c-5085-424c-9dba-461be0a564e6,True,,204,fbd35326-3b40-4b71-ae5d-1183185641d4,sale_ticket,2026-05-14T23:54:51.709109+00:00,2026-05-14T17:54:51.42894+00:00
e08d0a9e-37df-48a3-9266-3e823ee95cfd,2026-05-14T23:54:51.709109+00:00,fe585ed1-89e6-4a5f-a7f9-971fc079ae27,True,,78819,7e4ad982-e79d-4a30-b660-5a90576ff450,sale_ticket,2026-05-14T23:54:51.709109+00:00,2026-05-14T17:54:51.42894+00:00
e08d0a9e-37df-48a3-9266-3e823ee95cfd,2026-05-14T23:54:51.709109+00:00,ec8620b1-2bda-40b6-b02f-62f7b09b6d5b,True,,78819.1,06b3698f-09ed-4e44-995c-fd241b1183be,sale_ticket,2026-05-14T23:54:51.709109+00:00,2026-05-14T17:54:51.42894+00:00
e08d0a9e-37df-48a3-9266-3e823ee95cfd,2026-05-14T23:54:51.709109+00:00,5a9148f7-cf90-46ee-93a0-40e05051110f,True,,78819.2,1c5a2ee6-4b4e-462a-8caf-3571fd5c04a8,sale_ticket,2026-05-14T23:54:51.709109+00:00,2026-05-14T17:54:51.42894+00:00
e08d0a9e-37df-48a3-9266-3e823ee95cfd,2026-05-14T23:54:51.709109+00:00,398edbad-edec-4289-bf7c-92ee8565a988,True,,78819.3,f10ef2ac-7e17-4b88-a7db-7ceddd8f0a7e,sale_ticket,2026-05-14T23:54:51.709109+00:00,2026-05-14T17:54:51.42894+00:00
e08d0a9e-37df-48a3-9266-3e823ee95cfd,2026-05-14T23:54:51.709109+00:00,7f2bdabf-dfd2-49a1-8051-c906dbe59295,True,,78819.4,b1eead50-4e1c-49e0-9f98-48ec82df5e99,sale_ticket,2026-05-14T23:54:51.709109+00:00,2026-05-14T17:54:51.42894+00:00
e08d0a9e-37df-48a3-9266-3e823ee95cfd,2026-05-14T23:54:51.709109+00:00,cc5110c5-023f-4ce1-aa38-a6143f7a6cd6,True,,55788,b74be190-fd30-43d6-8de0-074dabb3d0b4,purchase_ticket,2026-05-14T23:54:51.709109+00:00,2026-05-14T17:54:51.42894+00:00
e08d0a9e-37df-48a3-9266-3e823ee95cfd,2026-05-14T23:54:51.709109+00:00,f0898399-30b8-4fad-96ce-96e006a464af,True,,55791,840fd760-401e-4074-b18d-95db695d96e8,purchase_ticket,2026-05-14T23:54:51.709109+00:00,2026-05-14T17:54:51.42894+00:00
e08d0a9e-37df-48a3-9266-3e823ee95cfd,2026-05-14T23:54:51.709109+00:00,2f8d7f86-2c5b-41a4-a679-5f38a8b42ca2,True,,55808,76bddb8b-abd6-4b57-9314-d5b0c773d36b,purchase_ticket,2026-05-14T23:54:51.709109+00:00,2026-05-14T17:54:51.42894+00:00
e08d0a9e-37df-48a3-9266-3e823ee95cfd,2026-05-14T23:54:51.709109+00:00,6559d03b-29fd-4bc4-918b-8edd9a6cdd72,True,,55813,ef5b5f3b-37f5-4781-9b6a-1863cd9b622d,purchase_ticket,2026-05-14T23:54:51.709109+00:00,2026-05-14T17:54:51.42894+00:00
e08d0a9e-37df-48a3-9266-3e823ee95cfd,2026-05-14T23:54:51.709109+00:00,323bbd27-2169-4065-bc79-1d8c98dcef80,True,,55814,5187e4af-67e9-4e8d-bcb6-0977933c9466,purchase_ticket,2026-05-14T23:54:51.709109+00:00,2026-05-14T17:54:51.42894+00:00
e08d0a9e-37df-48a3-9266-3e823ee95cfd,2026-05-14T23:54:51.709109+00:00,8811b13c-2530-4a51-95d7-73956dee5573,True,,55815,5063a6c7-c14e-43cd-9a54-d3d7eb4a1614,purchase_ticket,2026-05-14T23:54:51.709109+00:00,2026-05-14T17:54:51.42894+00:00
e08d0a9e-37df-48a3-9266-3e823ee95cfd,2026-05-14T23:54:51.709109+00:00,199a9d97-9014-4a2c-8809-43347da6ae93,True,,55816,a3bb6c99-61a0-4b9c-b389-e9c9c6d791f5,purchase_ticket,2026-05-14T23:54:51.709109+00:00,2026-05-14T17:54:51.42894+00:00
e08d0a9e-37df-48a3-9266-3e823ee95cfd,2026-05-14T23:54:51.709109+00:00,5272f8c2-f9f3-4b54-ac02-60b49a3139ba,True,,55817,7495697b-dc05-4b10-8058-2ff8d506d618,purchase_ticket,2026-05-14T23:54:51.709109+00:00,2026-05-14T17:54:51.42894+00:00
e08d0a9e-37df-48a3-9266-3e823ee95cfd,2026-05-14T23:54:51.709109+00:00,db982f96-6c5c-4a9b-967b-4f746a9b98fe,True,,55818,ef6745ff-cfd6-4d41-bc76-bdc82ca702d0,purchase_ticket,2026-05-14T23:54:51.709109+00:00,2026-05-14T17:54:51.42894+00:00
e08d0a9e-37df-48a3-9266-3e823ee95cfd,2026-05-14T23:54:51.709109+00:00,1c3c4df5-3e77-47c9-8ee5-4cb4b70149a1,True,,55819,693d776f-4f5c-470c-a894-8c8ff7e46f87,purchase_ticket,2026-05-14T23:54:51.709109+00:00,2026-05-14T17:54:51.429935+00:00
e08d0a9e-37df-48a3-9266-3e823ee95cfd,2026-05-14T23:54:51.709109+00:00,feaa1cfa-2236-4dda-83b1-a3680464823e,True,,55820,fe5e18c7-967a-4a4b-844d-5ae0b717df9a,purchase_ticket,2026-05-14T23:54:51.709109+00:00,2026-05-14T17:54:51.429935+00:00
e08d0a9e-37df-48a3-9266-3e823ee95cfd,2026-05-14T23:54:51.709109+00:00,7cba203d-d7b6-44cc-97fa-e48d2c50a14f,True,,55821,fa39e1e3-25c0-4934-a081-aee86ae653f5,purchase_ticket,2026-05-14T23:54:51.709109+00:00,2026-05-14T17:54:51.429935+00:00
e08d0a9e-37df-48a3-9266-3e823ee95cfd,2026-05-14T23:54:51.709109+00:00,dd6bf2b7-e09c-4ec4-87d6-db18a6658b15,True,,55822,dfbe76a0-788c-4123-ab52-d463c01b3d0d,purchase_ticket,2026-05-14T23:54:51.709109+00:00,2026-05-14T17:54:51.429935+00:00
e08d0a9e-37df-48a3-9266-3e823ee95cfd,2026-05-14T23:54:51.709109+00:00,ba5f4f92-a684-4ea2-aa82-375eb5d7fcb8,True,,55823,33f89a49-5430-46e9-9d46-630a8c84515d,purchase_ticket,2026-05-14T23:54:51.709109+00:00,2026-05-14T17:54:51.429935+00:00
e08d0a9e-37df-48a3-9266-3e823ee95cfd,2026-05-14T23:54:51.709109+00:00,4e776474-f2c2-4920-b591-675aec059215,True,,55824,a19193bb-237f-4a4e-ab4d-ae6cb30110cc,purchase_ticket,2026-05-14T23:54:51.709109+00:00,2026-05-14T17:54:51.429935+00:00
e08d0a9e-37df-48a3-9266-3e823ee95cfd,2026-05-14T23:54:51.709109+00:00,afd20f72-8a5d-468d-bd27-b108e618a278,True,,55825,55d32d1a-871d-46e5-871e-f8cf4fffd536,purchase_ticket,2026-05-14T23:54:51.709109+00:00,2026-05-14T17:54:51.429935+00:00
e08d0a9e-37df-48a3-9266-3e823ee95cfd,2026-05-14T23:54:51.709109+00:00,c235195f-140e-4a2f-b5e5-37ced623b481,True,,55826,68df7007-2eb6-4df4-90f7-ecca32cecac1,purchase_ticket,2026-05-14T23:54:51.709109+00:00,2026-05-14T17:54:51.429935+00:00
e08d0a9e-37df-48a3-9266-3e823ee95cfd,2026-05-14T23:54:51.709109+00:00,610d543d-f2a0-4225-952b-f7a4876117d2,True,,55827,e237a98b-ae59-41b5-abba-f9e7eb13c55d,purchase_ticket,2026-05-14T23:54:51.709109+00:00,2026-05-14T17:54:51.429935+00:00
e08d0a9e-37df-48a3-9266-3e823ee95cfd,2026-05-14T23:54:51.709109+00:00,7fe9066f-7b22-4ec2-9f73-7028a307a903,True,,55828,48ccacc9-60a0-4586-93b1-fd65fcb6ec93,purchase_ticket,2026-05-14T23:54:51.709109+00:00,2026-05-14T17:54:51.429935+00:00
e08d0a9e-37df-48a3-9266-3e823ee95cfd,2026-05-14T23:54:51.709109+00:00,643d5984-4e33-4575-beed-dc468b8161d2,True,,55829,d019083e-cd3e-4e48-931c-ce2d7949c576,purchase_ticket,2026-05-14T23:54:51.709109+00:00,2026-05-14T17:54:51.429935+00:00
e08d0a9e-37df-48a3-9266-3e823ee95cfd,2026-05-14T23:54:51.709109+00:00,a3b83f58-9562-4dd5-baf4-bc03d8d5b8d6,True,,55830,311830ef-d28b-4dc6-a461-b0e39c929efe,purchase_ticket,2026-05-14T23:54:51.709109+00:00,2026-05-14T17:54:51.429935+00:00
e08d0a9e-37df-48a3-9266-3e823ee95cfd,2026-05-14T23:54:51.709109+00:00,30b253cf-956a-412a-90d8-d097a7092ef3,True,,55831,41bb5dbd-7d9b-49ab-b898-bd5fed1253a9,purchase_ticket,2026-05-14T23:54:51.709109+00:00,2026-05-14T17:54:51.429935+00:00
e08d0a9e-37df-48a3-9266-3e823ee95cfd,2026-05-14T23:54:51.709109+00:00,ca92efb0-cc63-46fd-8ac9-b0591aa6d32c,True,comprobar,18689,d1ab8573-6be7-4cf3-8a47-9a60446aff53,expense_voucher,2026-05-20T14:13:50.12767+00:00,2026-05-20T08:13:50.204475+00:00
e08d0a9e-37df-48a3-9266-3e823ee95cfd,2026-05-14T23:54:51.709109+00:00,daba14f5-af13-414f-94ec-1547a1cead73,True,,55832,e9f28b04-e194-4c35-b65b-5a49bd01db9f,purchase_ticket,2026-05-14T23:54:51.709109+00:00,2026-05-14T17:54:51.429935+00:00
e08d0a9e-37df-48a3-9266-3e823ee95cfd,2026-05-14T23:54:51.709109+00:00,0df18b41-5179-4194-bc6d-623bc042b226,True,,81327,79a5f92b-a952-4b03-9412-c170c66e767c,purchase_ticket,2026-05-14T23:54:51.709109+00:00,2026-05-14T17:54:51.429935+00:00
e08d0a9e-37df-48a3-9266-3e823ee95cfd,2026-05-14T23:54:51.709109+00:00,d65fc814-d7bb-4db2-9e2c-1a12aec81d84,True,,81337,4c25118b-0ecc-4591-b750-1551157b5296,purchase_ticket,2026-05-14T23:54:51.709109+00:00,2026-05-14T17:54:51.429935+00:00
e08d0a9e-37df-48a3-9266-3e823ee95cfd,2026-05-14T23:54:51.709109+00:00,4b4703e0-02dc-42af-b192-16fd66d98c72,True,,81338-A,43fd2425-be87-4788-ae58-caa788254e66,purchase_ticket,2026-05-14T23:54:51.709109+00:00,2026-05-14T17:54:51.429935+00:00
e08d0a9e-37df-48a3-9266-3e823ee95cfd,2026-05-14T23:54:51.709109+00:00,847cea32-9e7c-4b58-8495-c198d7b61cb1,True,,81338-B,5386dd4b-a4d0-414b-a9d3-2395103d5920,purchase_ticket,2026-05-14T23:54:51.709109+00:00,2026-05-14T17:54:51.429935+00:00
e08d0a9e-37df-48a3-9266-3e823ee95cfd,2026-05-14T23:54:51.709109+00:00,dc1cc3cf-cd00-4114-a4b2-38b881875eaf,True,,81342,629de124-dc6d-4b11-bc15-2f854d9bd9d7,purchase_ticket,2026-05-14T23:54:51.709109+00:00,2026-05-14T17:54:51.429935+00:00
e08d0a9e-37df-48a3-9266-3e823ee95cfd,2026-05-14T23:54:51.709109+00:00,e24aa037-eb0b-4651-9856-ba6744c73fc4,True,,81343,9543b886-d579-4462-b2de-5153d6cbdf49,purchase_ticket,2026-05-14T23:54:51.709109+00:00,2026-05-14T17:54:51.429935+00:00
e08d0a9e-37df-48a3-9266-3e823ee95cfd,2026-05-14T23:54:51.709109+00:00,05c6d450-5179-4d05-bf67-e9c02425fdcb,True,,81350-A,806a3652-b3af-40de-9ef3-afe3d5fb7901,purchase_ticket,2026-05-14T23:54:51.709109+00:00,2026-05-14T17:54:51.429935+00:00
e08d0a9e-37df-48a3-9266-3e823ee95cfd,2026-05-14T23:54:51.709109+00:00,a5c079de-a9e4-4715-8166-550fb09b6e79,True,,81350-B,b9c26fcf-60ab-47e6-ac98-e7263575f700,purchase_ticket,2026-05-14T23:54:51.709109+00:00,2026-05-14T17:54:51.429935+00:00
e08d0a9e-37df-48a3-9266-3e823ee95cfd,2026-05-14T23:54:51.709109+00:00,fe1f65e2-34c6-40fe-b202-bba95cb87fbe,True,,81352,6333b85f-3190-4e83-8c73-10171245e2dc,purchase_ticket,2026-05-14T23:54:51.709109+00:00,2026-05-14T17:54:51.429935+00:00
e08d0a9e-37df-48a3-9266-3e823ee95cfd,2026-05-14T23:54:51.709109+00:00,bda7cd2e-c073-4306-9d41-331a05180794,True,,81353,47ea1a03-997f-401a-8d0b-650dee61d471,purchase_ticket,2026-05-14T23:54:51.709109+00:00,2026-05-14T17:54:51.429935+00:00
e08d0a9e-37df-48a3-9266-3e823ee95cfd,2026-05-14T23:54:51.709109+00:00,d9f65e0e-37d9-4327-93fe-962f42d4fafa,True,,81359,ab9942cd-6072-4165-90b9-03c91a2f347e,purchase_ticket,2026-05-14T23:54:51.709109+00:00,2026-05-14T17:54:51.429935+00:00
e08d0a9e-37df-48a3-9266-3e823ee95cfd,2026-05-14T23:54:51.709109+00:00,2e469063-7df5-4ab8-a119-7a7a11573c93,True,,81364,89559b79-393c-4e56-be16-fb7a1bda4cc3,purchase_ticket,2026-05-14T23:54:51.709109+00:00,2026-05-14T17:54:51.429935+00:00
e08d0a9e-37df-48a3-9266-3e823ee95cfd,2026-05-14T23:54:51.709109+00:00,81a27f00-b0eb-4534-8f17-74e5b0bb5859,True,,81368,03ea2928-cf62-487e-980a-7191b441f357,purchase_ticket,2026-05-14T23:54:51.709109+00:00,2026-05-14T17:54:51.429935+00:00
e08d0a9e-37df-48a3-9266-3e823ee95cfd,2026-05-14T23:54:51.709109+00:00,02ddfc6e-da53-4415-8b79-a3edfc8875d2,True,,81369-A,4c787cc0-4589-4840-a6a2-89bf4edb23b7,purchase_ticket,2026-05-14T23:54:51.709109+00:00,2026-05-14T17:54:51.429935+00:00
e08d0a9e-37df-48a3-9266-3e823ee95cfd,2026-05-14T23:54:51.709109+00:00,fbe8743e-372b-494d-af97-7e68de69a9b8,True,,81369-B,b9b9ba8a-5326-448d-b919-df854434e5e5,purchase_ticket,2026-05-14T23:54:51.709109+00:00,2026-05-14T17:54:51.429935+00:00
e08d0a9e-37df-48a3-9266-3e823ee95cfd,2026-05-14T23:54:51.709109+00:00,73f52861-3843-461b-b5ef-31bdef62a10a,True,,81371-A,75577cf4-e69d-4088-8d11-d0cd3ee4ba76,purchase_ticket,2026-05-14T23:54:51.709109+00:00,2026-05-14T17:54:51.429935+00:00
e08d0a9e-37df-48a3-9266-3e823ee95cfd,2026-05-14T23:54:51.709109+00:00,099dc217-6bf8-4568-9357-a799ae617b29,True,,81371-B,ee3ea465-4b8e-4fa6-8dbd-7f7cb0ef0ad3,purchase_ticket,2026-05-14T23:54:51.709109+00:00,2026-05-14T17:54:51.429935+00:00
e08d0a9e-37df-48a3-9266-3e823ee95cfd,2026-05-14T23:54:51.709109+00:00,98daa71c-b435-4317-9ee3-11baa3a9501d,True,,81373,aad3cba4-54c0-4014-a365-af2cd00f962f,purchase_ticket,2026-05-14T23:54:51.709109+00:00,2026-05-14T17:54:51.429935+00:00
10de97f2-420b-4051-bf2b-1329104d9c95,2026-05-12T00:10:55.754959+00:00,4d7bf309-4855-4aec-990f-feee9e642047,True,pendiente,81183,8ecf0b65-430a-492b-bb31-7c04956cab81,purchase_ticket,2026-05-15T14:49:42.625968+00:00,2026-05-15T08:49:42.554451+00:00
10de97f2-420b-4051-bf2b-1329104d9c95,2026-05-12T00:10:55.754959+00:00,30edcd29-c25e-4e4a-ae07-70a7f480db3e,True,pendiente,81185,eee215c3-301f-45fb-8951-f90a1414bf5a,purchase_ticket,2026-05-15T14:49:42.625968+00:00,2026-05-15T08:49:42.554451+00:00
10de97f2-420b-4051-bf2b-1329104d9c95,2026-05-12T00:10:55.754959+00:00,f0debfc3-10db-4317-80c8-b310c252ad1c,True,pendiente,81191,77d389e2-ba5b-40b0-a1f5-3c19b85acab5,purchase_ticket,2026-05-15T14:49:42.625968+00:00,2026-05-15T08:49:42.554451+00:00
10de97f2-420b-4051-bf2b-1329104d9c95,2026-05-12T00:10:55.754959+00:00,8f9fd253-6539-49ee-b7db-598dd1a6726e,True,pendiente,81256,e352a58b-ee2f-4ec8-8d40-ce186f529070,purchase_ticket,2026-05-15T14:49:42.625968+00:00,2026-05-15T08:49:42.554451+00:00
10de97f2-420b-4051-bf2b-1329104d9c95,2026-05-12T00:10:55.754959+00:00,5c1c7720-7de6-49a1-afdd-2dddf521c9a0,True,Comprobar,0193,10d88358-7438-4342-a077-05df2a19cad8,sale_ticket,2026-05-15T14:51:59.382987+00:00,2026-05-15T08:51:59.320773+00:00
10de97f2-420b-4051-bf2b-1329104d9c95,2026-05-12T00:10:55.754959+00:00,3ba335c4-9e87-4e4e-8351-61dcad4b6fa1,True,comprobar,18663,5c43b510-9167-4f3a-b021-96678764165d,expense_voucher,2026-05-15T14:52:19.426348+00:00,2026-05-15T08:52:19.357208+00:00
10de97f2-420b-4051-bf2b-1329104d9c95,2026-05-12T00:10:55.754959+00:00,252346f9-05c1-4ee4-9fae-f6167df05298,True,sra mary,219,1f1e724b-61a1-44ad-9436-163621cd7041,deposit_voucher,2026-05-15T14:52:19.426348+00:00,2026-05-15T08:52:19.357208+00:00
d65ecc8f-cb7e-4ff0-beb8-675261625d32,2026-05-13T00:13:39.206504+00:00,8bc64bd4-6c03-41b9-a534-b3c1d7260bf7,True,comprobar,18686,82eb1cbf-b31a-482c-bf12-9a1b3abdb793,expense_voucher,2026-05-15T15:13:30.366723+00:00,2026-05-15T09:13:30.299477+00:00
d65ecc8f-cb7e-4ff0-beb8-675261625d32,2026-05-13T00:13:39.206504+00:00,a95c4c89-0eed-4269-b934-78f708d1a9e0,True,comprobar,18689,d1ab8573-6be7-4cf3-8a47-9a60446aff53,expense_voucher,2026-05-15T15:13:30.366723+00:00,2026-05-15T09:13:30.299477+00:00
69271ecf-4f5f-47e8-8abf-f6882d7cb6b8,2026-05-14T00:07:32.203241+00:00,f9013980-59f0-4fe1-b68d-5fecf6c2a9e7,True,comprobar,18686,82eb1cbf-b31a-482c-bf12-9a1b3abdb793,expense_voucher,2026-05-15T15:13:30.366723+00:00,2026-05-15T09:13:30.299477+00:00
69271ecf-4f5f-47e8-8abf-f6882d7cb6b8,2026-05-14T00:07:32.203241+00:00,da414e71-3552-41df-94c1-d677c26153d4,True,comprobar,18689,d1ab8573-6be7-4cf3-8a47-9a60446aff53,expense_voucher,2026-05-15T15:13:30.366723+00:00,2026-05-15T09:13:30.299477+00:00
69271ecf-4f5f-47e8-8abf-f6882d7cb6b8,2026-05-14T00:07:32.203241+00:00,abaebde4-c297-4dfd-ba71-91af5f6f0576,True,comprobar,18653,e932da1d-3214-4c07-b860-475859f5e3c7,expense_voucher,2026-05-15T15:13:30.366723+00:00,2026-05-15T09:13:30.299477+00:00
69271ecf-4f5f-47e8-8abf-f6882d7cb6b8,2026-05-14T00:07:32.203241+00:00,0f9794c9-efdf-462f-b0fc-00d041bf434f,True,comprobar,0193,10d88358-7438-4342-a077-05df2a19cad8,sale_ticket,2026-05-15T15:13:30.366723+00:00,2026-05-15T09:13:30.299477+00:00
69271ecf-4f5f-47e8-8abf-f6882d7cb6b8,2026-05-14T00:07:32.203241+00:00,ee13fd86-f4d5-417b-88de-320d683e89d0,True,comprobar,18698,f9ba6624-6111-4cf8-919a-40971af6180b,expense_voucher,2026-05-15T15:13:30.366723+00:00,2026-05-15T09:13:30.299477+00:00
69271ecf-4f5f-47e8-8abf-f6882d7cb6b8,2026-05-14T00:07:32.203241+00:00,adc6ad26-66f5-4e86-a61e-f292dd6825e0,True,comprobar,0201,a29c33e3-2e54-4b6f-8f01-67a7d7156fca,sale_ticket,2026-05-15T15:13:30.366723+00:00,2026-05-15T09:13:30.299477+00:00
e08d0a9e-37df-48a3-9266-3e823ee95cfd,2026-05-14T23:54:51.709109+00:00,2b1ee461-9e6f-4093-822f-e8825fd5aca7,True,comprobar,18686,82eb1cbf-b31a-482c-bf12-9a1b3abdb793,expense_voucher,2026-05-15T15:13:30.366723+00:00,2026-05-15T09:13:30.299477+00:00
e08d0a9e-37df-48a3-9266-3e823ee95cfd,2026-05-14T23:54:51.709109+00:00,21ac55f4-e1c9-486c-918f-d88b1ebde28d,True,comprobar,18653,e932da1d-3214-4c07-b860-475859f5e3c7,expense_voucher,2026-05-15T15:13:30.366723+00:00,2026-05-15T09:13:30.299477+00:00
e08d0a9e-37df-48a3-9266-3e823ee95cfd,2026-05-14T23:54:51.709109+00:00,cbdebede-e066-48e4-8ec9-9f2b40a9259b,True,comprobar,18629,610e3168-9cfe-406e-8cd0-e93c9ef0d306,expense_voucher,2026-05-15T15:13:30.366723+00:00,2026-05-15T09:13:30.299477+00:00
70adcde0-1440-4654-aafa-939fb0fbcd7e,2026-05-25T23:57:12.501938+00:00,695863c6-4d6d-4fd6-977f-5bb1aea9946f,True,,261,4c460d6e-5078-4d0c-8512-c3b3c962fcf3,deposit_voucher,2026-05-25T23:57:12.501938+00:00,2026-05-25T17:57:12.569843+00:00
70adcde0-1440-4654-aafa-939fb0fbcd7e,2026-05-25T23:57:12.501938+00:00,758996e6-2fc6-4902-b18e-34a12f6f27a4,True,,262,29175657-31ce-4371-8d90-153d6084049b,deposit_voucher,2026-05-25T23:57:12.501938+00:00,2026-05-25T17:57:12.569843+00:00
70adcde0-1440-4654-aafa-939fb0fbcd7e,2026-05-25T23:57:12.501938+00:00,82310b44-1e9e-46d6-99bd-a9747d1eca89,True,,263,29849515-4cd4-4b12-99bd-df08b05a4bb0,deposit_voucher,2026-05-25T23:57:12.501938+00:00,2026-05-25T17:57:12.569843+00:00
70adcde0-1440-4654-aafa-939fb0fbcd7e,2026-05-25T23:57:12.501938+00:00,1e8a8afc-d526-4c06-a0c5-56aa3130a420,True,,264,c3b80d32-c8e9-4893-b07f-bc1add19dfe6,deposit_voucher,2026-05-25T23:57:12.501938+00:00,2026-05-25T17:57:12.569843+00:00
70adcde0-1440-4654-aafa-939fb0fbcd7e,2026-05-25T23:57:12.501938+00:00,4d69eb11-434d-4b0c-aec5-d3683abc5fba,True,,250,cc61e3ec-6d53-4542-ac1e-32a997f4889c,sale_ticket,2026-05-25T23:57:12.501938+00:00,2026-05-25T17:57:12.569843+00:00
70adcde0-1440-4654-aafa-939fb0fbcd7e,2026-05-25T23:57:12.501938+00:00,c0372e3e-0bf8-4d22-8bce-7ba9f59d943d,True,,55980,21969ff5-d566-48fc-ab84-683d37f7f89e,purchase_ticket,2026-05-25T23:57:12.501938+00:00,2026-05-25T17:57:12.569843+00:00
70adcde0-1440-4654-aafa-939fb0fbcd7e,2026-05-25T23:57:12.501938+00:00,15608689-bde4-481e-9dec-17fec1fa4ebf,True,,56535,0fecbcdb-3627-45aa-b4ee-157a2726d46f,purchase_ticket,2026-05-25T23:57:12.501938+00:00,2026-05-25T17:57:12.569843+00:00
70adcde0-1440-4654-aafa-939fb0fbcd7e,2026-05-25T23:57:12.501938+00:00,fbd7ba5b-eaa0-4236-83e4-c46595e93069,True,,56536,320e2193-b06b-495f-b508-46c503db6798,purchase_ticket,2026-05-25T23:57:12.501938+00:00,2026-05-25T17:57:12.569843+00:00
70adcde0-1440-4654-aafa-939fb0fbcd7e,2026-05-25T23:57:12.501938+00:00,55e01f82-b39c-409a-94a0-dd3d13ea2d03,True,,56537,5c1002d4-0550-4bae-9321-aee07bf2ca99,purchase_ticket,2026-05-25T23:57:12.501938+00:00,2026-05-25T17:57:12.569843+00:00
70adcde0-1440-4654-aafa-939fb0fbcd7e,2026-05-25T23:57:12.501938+00:00,1bebc4d6-80f8-457f-8f71-97ed5aa4f554,True,,56538,41950e4d-214d-4d84-9c0e-5e406e513685,purchase_ticket,2026-05-25T23:57:12.501938+00:00,2026-05-25T17:57:12.569843+00:00
70adcde0-1440-4654-aafa-939fb0fbcd7e,2026-05-25T23:57:12.501938+00:00,f934080e-ab3e-49fb-bdaa-187f26796dc8,True,,56539,d9d23e81-2d90-4afc-ba84-be16d50a1d26,purchase_ticket,2026-05-25T23:57:12.501938+00:00,2026-05-25T17:57:12.569843+00:00
70adcde0-1440-4654-aafa-939fb0fbcd7e,2026-05-25T23:57:12.501938+00:00,fcc3d7ee-cfb0-4e30-a0b5-e58b359da086,True,,56540,7d810417-c19c-4eb7-a0b5-fcb962a73e9d,purchase_ticket,2026-05-25T23:57:12.501938+00:00,2026-05-25T17:57:12.569843+00:00
70adcde0-1440-4654-aafa-939fb0fbcd7e,2026-05-25T23:57:12.501938+00:00,5e34b256-affe-45d3-bba4-c07d2e428236,True,,56541,992fb7fb-081e-43af-abda-9984cadd3fe7,purchase_ticket,2026-05-25T23:57:12.501938+00:00,2026-05-25T17:57:12.569843+00:00
70adcde0-1440-4654-aafa-939fb0fbcd7e,2026-05-25T23:57:12.501938+00:00,923addfe-fd9a-4254-896f-358dea00913b,True,,56542,91e36724-90d5-4238-a59e-1f62a23726ca,purchase_ticket,2026-05-25T23:57:12.501938+00:00,2026-05-25T17:57:12.569843+00:00
70adcde0-1440-4654-aafa-939fb0fbcd7e,2026-05-25T23:57:12.501938+00:00,116fdfc0-7020-4e2d-8148-3ef1aa127660,True,,56543,c1b7445f-ce64-49cc-ab23-6c1c70615bd4,purchase_ticket,2026-05-25T23:57:12.501938+00:00,2026-05-25T17:57:12.569843+00:00
70adcde0-1440-4654-aafa-939fb0fbcd7e,2026-05-25T23:57:12.501938+00:00,678e5db3-4910-4aa6-8afd-d3052920a92a,True,,56544,6ec9a994-3708-4480-9fd0-a4bd57490089,purchase_ticket,2026-05-25T23:57:12.501938+00:00,2026-05-25T17:57:12.569843+00:00
70adcde0-1440-4654-aafa-939fb0fbcd7e,2026-05-25T23:57:12.501938+00:00,92fd98ef-c487-4358-8188-a7dad441766a,True,,56545,7506f04b-2a39-4ad4-b95e-76c27314a9dd,purchase_ticket,2026-05-25T23:57:12.501938+00:00,2026-05-25T17:57:12.569843+00:00
70adcde0-1440-4654-aafa-939fb0fbcd7e,2026-05-25T23:57:12.501938+00:00,f479fb89-280e-400b-8be6-02596a7a3ec2,True,,56546,9e3a0ace-917d-4b75-ab50-ce57d6c44655,purchase_ticket,2026-05-25T23:57:12.501938+00:00,2026-05-25T17:57:12.569843+00:00
70adcde0-1440-4654-aafa-939fb0fbcd7e,2026-05-25T23:57:12.501938+00:00,76e82f0c-d817-4fec-a226-3287daacf91d,True,,56547,45c0481f-b07b-4433-83ff-496157a2db06,purchase_ticket,2026-05-25T23:57:12.501938+00:00,2026-05-25T17:57:12.569843+00:00
70adcde0-1440-4654-aafa-939fb0fbcd7e,2026-05-25T23:57:12.501938+00:00,33c6938e-48d8-4106-a7bc-4df88f0c096d,True,,56548,5d2c56ab-9b06-4701-9ad7-bd0806a6b0b7,purchase_ticket,2026-05-25T23:57:12.501938+00:00,2026-05-25T17:57:12.569843+00:00
70adcde0-1440-4654-aafa-939fb0fbcd7e,2026-05-25T23:57:12.501938+00:00,b5b0d679-d63b-4098-80a9-ca28f4826e04,True,,56549,afcbc8b8-6bc9-4fbe-8d40-528921525700,purchase_ticket,2026-05-25T23:57:12.501938+00:00,2026-05-25T17:57:12.569843+00:00
70adcde0-1440-4654-aafa-939fb0fbcd7e,2026-05-25T23:57:12.501938+00:00,beac1583-5c27-4aa6-9134-62af7a0dacb6,True,,56550,51bb6614-f378-468e-b09f-48297b493b1f,purchase_ticket,2026-05-25T23:57:12.501938+00:00,2026-05-25T17:57:12.569843+00:00
70adcde0-1440-4654-aafa-939fb0fbcd7e,2026-05-25T23:57:12.501938+00:00,c85cff9b-2ddf-46d8-bee2-fdee1f18c59f,True,,56551,bb5e344b-11c5-48d3-916c-0bd2f9e4527d,purchase_ticket,2026-05-25T23:57:12.501938+00:00,2026-05-25T17:57:12.569843+00:00
70adcde0-1440-4654-aafa-939fb0fbcd7e,2026-05-25T23:57:12.501938+00:00,5fe14574-1891-480a-92bc-69b016c0678f,True,,56552,cf6c900f-9f62-4f4c-8ee9-fe9e1e5bfc68,purchase_ticket,2026-05-25T23:57:12.501938+00:00,2026-05-25T17:57:12.569843+00:00
70adcde0-1440-4654-aafa-939fb0fbcd7e,2026-05-25T23:57:12.501938+00:00,40c94cf3-41db-4964-a2e4-8c9981294296,True,,56553,150e3c94-8cbe-4caf-bfb1-498fc3d33d0e,purchase_ticket,2026-05-25T23:57:12.501938+00:00,2026-05-25T17:57:12.569843+00:00
70adcde0-1440-4654-aafa-939fb0fbcd7e,2026-05-25T23:57:12.501938+00:00,46ba58f3-8e20-4b04-bf37-25603298ae7b,True,,56554,a6c37432-054f-4de4-8bcf-42a628558988,purchase_ticket,2026-05-25T23:57:12.501938+00:00,2026-05-25T17:57:12.569843+00:00
70adcde0-1440-4654-aafa-939fb0fbcd7e,2026-05-25T23:57:12.501938+00:00,6e6c62b6-888e-4ca4-985c-5a95c7b61243,True,,56555,5555205d-b5fd-405b-9fcd-6cf2a36abf5b,purchase_ticket,2026-05-25T23:57:12.501938+00:00,2026-05-25T17:57:12.569843+00:00
70adcde0-1440-4654-aafa-939fb0fbcd7e,2026-05-25T23:57:12.501938+00:00,934a2e62-f800-4085-8a1f-a303a7b0ffcc,True,,56556,0a618c31-d429-443d-8c2b-39e2f29dc571,purchase_ticket,2026-05-25T23:57:12.501938+00:00,2026-05-25T17:57:12.569843+00:00
70adcde0-1440-4654-aafa-939fb0fbcd7e,2026-05-25T23:57:12.501938+00:00,084f45c6-5523-4da3-8678-f30ac319e73b,True,,56557,9a75c31a-9136-44ae-8681-79722ac18845,purchase_ticket,2026-05-25T23:57:12.501938+00:00,2026-05-25T17:57:12.569843+00:00
70adcde0-1440-4654-aafa-939fb0fbcd7e,2026-05-25T23:57:12.501938+00:00,178f8634-2568-4d65-ac9c-53fc6f694e5f,True,,56558,880ab4e2-6369-4114-982c-f92707e312db,purchase_ticket,2026-05-25T23:57:12.501938+00:00,2026-05-25T17:57:12.569843+00:00
70adcde0-1440-4654-aafa-939fb0fbcd7e,2026-05-25T23:57:12.501938+00:00,303fb0b1-f4c3-48bf-a542-c0ee8f133134,True,,56559,8ebe2343-b19f-4cbf-ab18-3d81e7f04c72,purchase_ticket,2026-05-25T23:57:12.501938+00:00,2026-05-25T17:57:12.569843+00:00
70adcde0-1440-4654-aafa-939fb0fbcd7e,2026-05-25T23:57:12.501938+00:00,8cc062ba-2623-46af-99da-45acbeae9612,True,,56560,276f7cd0-d01f-4608-bc0d-9d3db3fce2b1,purchase_ticket,2026-05-25T23:57:12.501938+00:00,2026-05-25T17:57:12.569843+00:00
70adcde0-1440-4654-aafa-939fb0fbcd7e,2026-05-25T23:57:12.501938+00:00,9b038669-317b-4cac-b198-a9a3034a9aa1,True,,56561,1c6d1496-11e9-438b-8ae4-a08c0c9b1853,purchase_ticket,2026-05-25T23:57:12.501938+00:00,2026-05-25T17:57:12.569843+00:00
70adcde0-1440-4654-aafa-939fb0fbcd7e,2026-05-25T23:57:12.501938+00:00,c4f76ed3-e230-4d33-8dfb-93baaaff31e1,True,,56562,8ebb48b0-8f7e-406a-9c9f-522b903a6e77,purchase_ticket,2026-05-25T23:57:12.501938+00:00,2026-05-25T17:57:12.569843+00:00
70adcde0-1440-4654-aafa-939fb0fbcd7e,2026-05-25T23:57:12.501938+00:00,a073be89-c899-4533-99c1-4df6bcf18f5d,True,,56563,71ff583a-3cd7-40eb-bbf6-e7c40fe08070,purchase_ticket,2026-05-25T23:57:12.501938+00:00,2026-05-25T17:57:12.57084+00:00
70adcde0-1440-4654-aafa-939fb0fbcd7e,2026-05-25T23:57:12.501938+00:00,6c7781be-9482-4a99-9fc5-4c9643a3b550,True,,56564,0da29efd-5d83-4d2f-b1bf-d4e0df609799,purchase_ticket,2026-05-25T23:57:12.501938+00:00,2026-05-25T17:57:12.57084+00:00
70adcde0-1440-4654-aafa-939fb0fbcd7e,2026-05-25T23:57:12.501938+00:00,35bc4590-2dd8-46a1-9d22-3446b9a857a6,True,,56565,47696da4-ee37-4a39-b2b0-420f28d20a2b,purchase_ticket,2026-05-25T23:57:12.501938+00:00,2026-05-25T17:57:12.57084+00:00
70adcde0-1440-4654-aafa-939fb0fbcd7e,2026-05-25T23:57:12.501938+00:00,6126419f-5832-4e45-a925-46a2bcfc0b4d,True,,81580-A,a1e60b68-7e81-4d77-b981-0ddd50dbf78c,purchase_ticket,2026-05-25T23:57:12.501938+00:00,2026-05-25T17:57:12.57084+00:00
70adcde0-1440-4654-aafa-939fb0fbcd7e,2026-05-25T23:57:12.501938+00:00,3960d953-45bd-4b4b-84dc-d92729b6fbe1,True,,81580-B,5f2d069c-e043-4029-bcdf-31d10e96976e,purchase_ticket,2026-05-25T23:57:12.501938+00:00,2026-05-25T17:57:12.57084+00:00
70adcde0-1440-4654-aafa-939fb0fbcd7e,2026-05-25T23:57:12.501938+00:00,4d93bbbe-2a54-427c-aab0-a12d556ab748,True,,81583,99dd25d5-c41d-4044-80e1-b946de9e6e30,purchase_ticket,2026-05-25T23:57:12.501938+00:00,2026-05-25T17:57:12.57084+00:00
70adcde0-1440-4654-aafa-939fb0fbcd7e,2026-05-25T23:57:12.501938+00:00,518ac9e4-43ce-42c5-8b09-815face6d898,True,,81584-A,14e8b057-e6f8-41ae-85ff-15775cdadd5f,purchase_ticket,2026-05-25T23:57:12.501938+00:00,2026-05-25T17:57:12.57084+00:00
70adcde0-1440-4654-aafa-939fb0fbcd7e,2026-05-25T23:57:12.501938+00:00,7f796dac-7f87-49db-8d7c-60cf2efbf576,True,,81584-B,def190e9-66a6-41cd-853f-77df972e4676,purchase_ticket,2026-05-25T23:57:12.501938+00:00,2026-05-25T17:57:12.57084+00:00
70adcde0-1440-4654-aafa-939fb0fbcd7e,2026-05-25T23:57:12.501938+00:00,bea398dc-861d-44fc-aa77-5aaa278a2e2d,True,,81591,8a0125ac-077d-4ee4-a6cd-b248ed079d6a,purchase_ticket,2026-05-25T23:57:12.501938+00:00,2026-05-25T17:57:12.57084+00:00
70adcde0-1440-4654-aafa-939fb0fbcd7e,2026-05-25T23:57:12.501938+00:00,2278527e-be2a-4c24-ad99-fa210e2f198f,True,,81596,e49bbe29-eafc-4397-806b-d05ecbd85eec,purchase_ticket,2026-05-25T23:57:12.501938+00:00,2026-05-25T17:57:12.57084+00:00
70adcde0-1440-4654-aafa-939fb0fbcd7e,2026-05-25T23:57:12.501938+00:00,53a61816-947b-4350-8087-aa9f03a77b38,True,,81598,67ac0bae-4720-4ee1-84b9-d394b1ec0d17,purchase_ticket,2026-05-25T23:57:12.501938+00:00,2026-05-25T17:57:12.57084+00:00
70adcde0-1440-4654-aafa-939fb0fbcd7e,2026-05-25T23:57:12.501938+00:00,754b8ea2-07a7-4353-9c76-f526ab95f580,True,,81605,9d1e536a-4172-4a37-8a51-c157756259d7,purchase_ticket,2026-05-25T23:57:12.501938+00:00,2026-05-25T17:57:12.57084+00:00
70adcde0-1440-4654-aafa-939fb0fbcd7e,2026-05-25T23:57:12.501938+00:00,bb96d305-7eeb-4319-8a55-7ca0bf334bec,True,,81607,2724b9ad-de56-42a1-b064-e6bf223f3886,purchase_ticket,2026-05-25T23:57:12.501938+00:00,2026-05-25T17:57:12.57084+00:00
70adcde0-1440-4654-aafa-939fb0fbcd7e,2026-05-25T23:57:12.501938+00:00,692492bf-c654-4924-a1a7-e12a1de62aa4,True,,81609,9f45a605-ab98-40f1-815e-6943ab2ddd9d,purchase_ticket,2026-05-25T23:57:12.501938+00:00,2026-05-25T17:57:12.57084+00:00
70adcde0-1440-4654-aafa-939fb0fbcd7e,2026-05-25T23:57:12.501938+00:00,0fb8371e-74a2-4eba-af2b-b4b25935392f,True,,81610,a48479a5-a0f7-447b-9386-6ae82d1cf6c5,purchase_ticket,2026-05-25T23:57:12.501938+00:00,2026-05-25T17:57:12.57084+00:00
70adcde0-1440-4654-aafa-939fb0fbcd7e,2026-05-25T23:57:12.501938+00:00,ec97f3a2-c4fe-43b5-8fb3-d5c7de7082cd,True,,81613,f5d0a8b4-8091-413c-bad5-1e7e0dfd4eee,purchase_ticket,2026-05-25T23:57:12.501938+00:00,2026-05-25T17:57:12.57084+00:00
70adcde0-1440-4654-aafa-939fb0fbcd7e,2026-05-25T23:57:12.501938+00:00,e7d933c7-8639-4835-93dd-1fbe538d31d0,True,,81614,7c72f100-daaa-47fe-8b33-04d2354bf6a4,purchase_ticket,2026-05-25T23:57:12.501938+00:00,2026-05-25T17:57:12.57084+00:00
70adcde0-1440-4654-aafa-939fb0fbcd7e,2026-05-25T23:57:12.501938+00:00,2ec2d10d-2770-484f-8cba-1e8956a53554,True,,81618,37cd59e0-a7aa-4e29-942a-b87315d851a2,purchase_ticket,2026-05-25T23:57:12.501938+00:00,2026-05-25T17:57:12.57084+00:00
70adcde0-1440-4654-aafa-939fb0fbcd7e,2026-05-25T23:57:12.501938+00:00,27877bea-8259-4cc6-96c8-1aedb1bfcb6c,True,,81619,bd66935d-98a2-43d6-a092-c6e813caee99,purchase_ticket,2026-05-25T23:57:12.501938+00:00,2026-05-25T17:57:12.57084+00:00
29838b1d-f7b1-4289-b217-96528d959592,2026-05-27T14:09:55.869242+00:00,bb6f1032-5698-435e-9b26-b28dc0fc5c28,True,,18843,ab449a9e-604e-4e5a-9d67-ad5c10f27f4a,expense_voucher,2026-05-27T14:09:55.869242+00:00,2026-05-27T08:09:56.033994+00:00
cad1b027-747c-4dd8-8222-568addde7245,2026-06-22T23:53:39.464084+00:00,0b1d0402-ebbb-4595-be44-d7ecdbfa2aeb,True,,19162,8e1f94b0-3e80-4246-ae1c-4d418a9f8a69,expense_voucher,2026-06-22T23:53:39.464084+00:00,2026-06-22T17:53:40.609661+00:00
29838b1d-f7b1-4289-b217-96528d959592,2026-05-27T14:09:55.869242+00:00,cd22e890-6643-4652-a599-f86d8b2c9b8e,True,,18845,da283860-4b97-438b-87e5-3171a6e07514,expense_voucher,2026-05-27T14:09:55.869242+00:00,2026-05-27T08:09:56.033994+00:00
29838b1d-f7b1-4289-b217-96528d959592,2026-05-27T14:09:55.869242+00:00,bc30a210-c414-4b41-ac89-59702ba542ae,True,,18846,7697bee4-bf47-4d14-86df-ec950273e04d,expense_voucher,2026-05-27T14:09:55.869242+00:00,2026-05-27T08:09:56.033994+00:00
29838b1d-f7b1-4289-b217-96528d959592,2026-05-27T14:09:55.869242+00:00,7d3c87ab-66fd-4efd-ad57-9705c6bb34e0,True,,18847,8acbec45-afc2-441f-8632-db43e274dea5,expense_voucher,2026-05-27T14:09:55.869242+00:00,2026-05-27T08:09:56.033994+00:00
29838b1d-f7b1-4289-b217-96528d959592,2026-05-27T14:09:55.869242+00:00,61e4d62c-f7cb-4bae-a4e0-f0bebcf99a2b,True,,18848,733eebcb-031e-4ac3-91e7-0e1a6469cbec,expense_voucher,2026-05-27T14:09:55.869242+00:00,2026-05-27T08:09:56.033994+00:00
29838b1d-f7b1-4289-b217-96528d959592,2026-05-27T14:09:55.869242+00:00,7e2fa530-a0ed-4849-943c-c58da3ccf2be,True,,18849,5fcacb73-8310-4b75-be7e-7fcb6da21cd3,expense_voucher,2026-05-27T14:09:55.869242+00:00,2026-05-27T08:09:56.033994+00:00
29838b1d-f7b1-4289-b217-96528d959592,2026-05-27T14:09:55.869242+00:00,c024d125-e798-486e-98c0-8b038b83fa5e,True,,18850,0a129c91-7891-4d81-906a-b4fd24e11cae,expense_voucher,2026-05-27T14:09:55.869242+00:00,2026-05-27T08:09:56.033994+00:00
29838b1d-f7b1-4289-b217-96528d959592,2026-05-27T14:09:55.869242+00:00,cef633af-f708-47ca-8e37-4156f6bc7ba7,True,,18851,823e45c5-b4b1-4d93-9508-c1778fc76096,expense_voucher,2026-05-27T14:09:55.869242+00:00,2026-05-27T08:09:56.033994+00:00
29838b1d-f7b1-4289-b217-96528d959592,2026-05-27T14:09:55.869242+00:00,e2bd841b-43ce-447f-9e2d-e4903692dfc7,True,,18852,135ef455-72a9-4153-96b0-ce2461d1a199,expense_voucher,2026-05-27T14:09:55.869242+00:00,2026-05-27T08:09:56.033994+00:00
29838b1d-f7b1-4289-b217-96528d959592,2026-05-27T14:09:55.869242+00:00,66cf642f-abe2-47ee-a77e-ae286c05f5e4,True,,18853,366778d0-0f46-4c7b-81d4-9737e3a31e9c,expense_voucher,2026-05-27T14:09:55.869242+00:00,2026-05-27T08:09:56.033994+00:00
29838b1d-f7b1-4289-b217-96528d959592,2026-05-27T14:09:55.869242+00:00,1fc73b6e-8ad8-4c48-b6b6-d448d035abf5,True,,18854,1e7a00f0-d836-4a3a-8c10-25d561f709bc,expense_voucher,2026-05-27T14:09:55.869242+00:00,2026-05-27T08:09:56.033994+00:00
29838b1d-f7b1-4289-b217-96528d959592,2026-05-27T14:09:55.869242+00:00,194014d7-053e-4aaa-b335-0a5254bddb7e,True,,18855,becdaa85-649b-407f-bfca-638e6d8ab057,expense_voucher,2026-05-27T14:09:55.869242+00:00,2026-05-27T08:09:56.033994+00:00
29838b1d-f7b1-4289-b217-96528d959592,2026-05-27T14:09:55.869242+00:00,e1ca8462-882c-4344-bbd0-2a45ce1db90b,True,,18856,2296d91d-c317-4e7a-8a66-7fd452718eb0,expense_voucher,2026-05-27T14:09:55.869242+00:00,2026-05-27T08:09:56.033994+00:00
29838b1d-f7b1-4289-b217-96528d959592,2026-05-27T14:09:55.869242+00:00,31ac4348-acdd-4f5f-b802-95122555f436,True,,265,fe7eb43e-4fa8-425d-9587-7b887b586afb,deposit_voucher,2026-05-27T14:09:55.869242+00:00,2026-05-27T08:09:56.033994+00:00
29838b1d-f7b1-4289-b217-96528d959592,2026-05-27T14:09:55.869242+00:00,794c3731-1eb6-4d2b-a8b5-84b86b88ddf1,True,,266,648b6df3-bdda-4c2c-9e61-afc75813a558,deposit_voucher,2026-05-27T14:09:55.869242+00:00,2026-05-27T08:09:56.033994+00:00
29838b1d-f7b1-4289-b217-96528d959592,2026-05-27T14:09:55.869242+00:00,c2d381ea-8d87-495c-b0cb-127c8dd571f0,True,,267,a7c6e6eb-ccec-429c-bc81-eabe0615daa1,deposit_voucher,2026-05-27T14:09:55.869242+00:00,2026-05-27T08:09:56.033994+00:00
29838b1d-f7b1-4289-b217-96528d959592,2026-05-27T14:09:55.869242+00:00,e68dfdb6-8d5e-455d-b06c-32add6649c72,True,,268,cd585c63-bc82-4c05-be2c-4bbd08bf689a,deposit_voucher,2026-05-27T14:09:55.869242+00:00,2026-05-27T08:09:56.033994+00:00
29838b1d-f7b1-4289-b217-96528d959592,2026-05-27T14:09:55.869242+00:00,2dcce291-b9e3-4799-8038-3bca1cbc8f1c,True,,1,0dcf4b9a-5f86-4c54-b939-8f1c905f9770,sale_ticket,2026-05-27T14:09:55.869242+00:00,2026-05-27T08:09:56.033994+00:00
c0793bde-05d5-4f15-b270-7ccaa5678823,2026-05-22T23:37:34.037328+00:00,7e45002c-745d-46b3-be4c-3a6ffa26a91e,True,comprobar,18764,ab2d198b-8c73-41ec-a2a7-1d2957137de3,expense_voucher,2026-05-26T14:05:55.858191+00:00,2026-05-26T08:05:55.749665+00:00
c0793bde-05d5-4f15-b270-7ccaa5678823,2026-05-22T23:37:34.037328+00:00,134a4cb3-9ab8-4c80-95d3-9f2f73794fcf,True,COMPROBAR,18784,5643e3ca-062c-4740-8c7c-59692f25ee20,expense_voucher,2026-05-26T14:05:55.858191+00:00,2026-05-26T08:05:55.749665+00:00
c0793bde-05d5-4f15-b270-7ccaa5678823,2026-05-22T23:37:34.037328+00:00,7e0c0abc-4b51-425a-9df2-c7cb23373be0,True,COMPROBAR,18801,1f5d010a-5ab2-4824-8e1d-0f50a8232389,expense_voucher,2026-05-26T14:05:55.858191+00:00,2026-05-26T08:05:55.749665+00:00
c0793bde-05d5-4f15-b270-7ccaa5678823,2026-05-22T23:37:34.037328+00:00,3230bd18-ed58-4f96-ab91-75d38ff66ade,True,COMPROBAR,18736,dce8c4aa-3cca-4c1d-993b-d177ec3fe6b9,deposit_voucher,2026-05-26T14:05:55.858191+00:00,2026-05-26T08:05:55.749665+00:00
29838b1d-f7b1-4289-b217-96528d959592,2026-05-27T14:09:55.869242+00:00,fa1c5903-1d4f-42f8-b5e8-f6b9fbd6194c,True,,1211,24295061-ec10-4e40-921b-053d200af46a,sale_ticket,2026-05-27T14:09:55.869242+00:00,2026-05-27T08:09:56.033994+00:00
29838b1d-f7b1-4289-b217-96528d959592,2026-05-27T14:09:55.869242+00:00,c88befb4-af59-4d1c-8df4-d4409ac1bfaf,True,,251,5e5931b0-1b72-4821-9a1b-abfc1df17396,sale_ticket,2026-05-27T14:09:55.869242+00:00,2026-05-27T08:09:56.033994+00:00
29838b1d-f7b1-4289-b217-96528d959592,2026-05-27T14:09:55.869242+00:00,b0a8873f-9d16-4897-a0e7-c83e6a99c941,True,,56567,cc0d4d4f-ca62-4802-9990-c38e4090bf12,purchase_ticket,2026-05-27T14:09:55.869242+00:00,2026-05-27T08:09:56.033994+00:00
29838b1d-f7b1-4289-b217-96528d959592,2026-05-27T14:09:55.869242+00:00,694c694a-1fb2-4e89-9c82-d73286e5914e,True,,56568,73a67758-eb35-43a3-bbdf-d5f94ffcb413,purchase_ticket,2026-05-27T14:09:55.869242+00:00,2026-05-27T08:09:56.034986+00:00
29838b1d-f7b1-4289-b217-96528d959592,2026-05-27T14:09:55.869242+00:00,c7ffbecb-cbf0-4f74-8092-9e178177722e,True,,56569,8045c23b-b340-44df-a922-24b764a13870,purchase_ticket,2026-05-27T14:09:55.869242+00:00,2026-05-27T08:09:56.034986+00:00
29838b1d-f7b1-4289-b217-96528d959592,2026-05-27T14:09:55.869242+00:00,b9f30ac4-6f97-45a7-b586-55045cc0e921,True,,56570,71bec816-20df-448e-91ff-786f3a6f92d4,purchase_ticket,2026-05-27T14:09:55.869242+00:00,2026-05-27T08:09:56.034986+00:00
29838b1d-f7b1-4289-b217-96528d959592,2026-05-27T14:09:55.869242+00:00,e52a77c0-8a61-4f0c-ba27-969ede85f5a0,True,,56571,5608cbf9-dbcb-45c4-8895-94794440d67a,purchase_ticket,2026-05-27T14:09:55.869242+00:00,2026-05-27T08:09:56.034986+00:00
29838b1d-f7b1-4289-b217-96528d959592,2026-05-27T14:09:55.869242+00:00,bc1d1eb5-055d-41b2-ad96-7fb82e48b498,True,,56572,d5e4a908-f98b-42f9-bb25-dd1f06019bbc,purchase_ticket,2026-05-27T14:09:55.869242+00:00,2026-05-27T08:09:56.034986+00:00
29838b1d-f7b1-4289-b217-96528d959592,2026-05-27T14:09:55.869242+00:00,a1dbd822-7f36-4ea9-8e9c-8fc80499aa2b,True,,56573,b5a25a22-876d-4bda-ba1a-9b4f2fe6cf67,purchase_ticket,2026-05-27T14:09:55.869242+00:00,2026-05-27T08:09:56.034986+00:00
29838b1d-f7b1-4289-b217-96528d959592,2026-05-27T14:09:55.869242+00:00,12d9cad3-ecbf-4fad-88f5-ff35920514c2,True,,56574,b4962691-c836-4b5f-af09-d0e9f70e6f1e,purchase_ticket,2026-05-27T14:09:55.869242+00:00,2026-05-27T08:09:56.034986+00:00
29838b1d-f7b1-4289-b217-96528d959592,2026-05-27T14:09:55.869242+00:00,5eab5563-3d92-4f24-a347-2a1c42ac906f,True,,56575,578a2ab8-c031-4432-a3b6-c989cd0bf9d3,purchase_ticket,2026-05-27T14:09:55.869242+00:00,2026-05-27T08:09:56.034986+00:00
29838b1d-f7b1-4289-b217-96528d959592,2026-05-27T14:09:55.869242+00:00,0aff799d-0af7-481a-9e28-df49f128a88e,True,,56576,48ecf4e1-cd47-4f4d-bab5-06af13b09a60,purchase_ticket,2026-05-27T14:09:55.869242+00:00,2026-05-27T08:09:56.034986+00:00
29838b1d-f7b1-4289-b217-96528d959592,2026-05-27T14:09:55.869242+00:00,88726fb3-ba19-473b-960d-faba7f3b7a59,True,,56577,26c6f76d-0f93-4296-a9d4-e71a3c7c2917,purchase_ticket,2026-05-27T14:09:55.869242+00:00,2026-05-27T08:09:56.034986+00:00
29838b1d-f7b1-4289-b217-96528d959592,2026-05-27T14:09:55.869242+00:00,7c1c2d2c-42ed-42bc-a307-18a5957ed297,True,,56578,25044a77-bebc-4a97-9de0-624f8e334cb1,purchase_ticket,2026-05-27T14:09:55.869242+00:00,2026-05-27T08:09:56.034986+00:00
29838b1d-f7b1-4289-b217-96528d959592,2026-05-27T14:09:55.869242+00:00,b0f8093f-3e90-45a1-9629-5bc613ac019d,True,,56579,a02c60fb-49aa-45eb-a957-2d271959e10b,purchase_ticket,2026-05-27T14:09:55.869242+00:00,2026-05-27T08:09:56.034986+00:00
29838b1d-f7b1-4289-b217-96528d959592,2026-05-27T14:09:55.869242+00:00,78847404-22b0-4f8b-920d-cf12b681815f,True,,56580,da7255b5-8136-4019-805e-2740e1df0743,purchase_ticket,2026-05-27T14:09:55.869242+00:00,2026-05-27T08:09:56.034986+00:00
29838b1d-f7b1-4289-b217-96528d959592,2026-05-27T14:09:55.869242+00:00,1d13832b-fb90-4172-8302-e0bd20373169,True,,56581,6442e67e-c6e6-40d0-bab2-6eada31cb33e,purchase_ticket,2026-05-27T14:09:55.869242+00:00,2026-05-27T08:09:56.034986+00:00
29838b1d-f7b1-4289-b217-96528d959592,2026-05-27T14:09:55.869242+00:00,76668068-b870-4c83-8eac-5b9423ae1d45,True,,56582,4c9652bd-f5a6-4165-acb9-88ffa822ff29,purchase_ticket,2026-05-27T14:09:55.869242+00:00,2026-05-27T08:09:56.034986+00:00
29838b1d-f7b1-4289-b217-96528d959592,2026-05-27T14:09:55.869242+00:00,6a6039a7-a54d-4ef6-97a0-7995b3c16cd5,True,,56583,38f5add0-289a-4765-9a50-ee33342429cb,purchase_ticket,2026-05-27T14:09:55.869242+00:00,2026-05-27T08:09:56.034986+00:00
29838b1d-f7b1-4289-b217-96528d959592,2026-05-27T14:09:55.869242+00:00,9f72f4bd-ea41-4b38-802f-6905feddd552,True,,56585,416be9d5-8259-40eb-8f57-35f789bfc501,purchase_ticket,2026-05-27T14:09:55.869242+00:00,2026-05-27T08:09:56.034986+00:00
29838b1d-f7b1-4289-b217-96528d959592,2026-05-27T14:09:55.869242+00:00,e5dcb36a-f915-487b-8752-eb742f5cd4ba,True,,56588,4e243129-21e8-4d6a-a1ce-4f02cdd8f40d,purchase_ticket,2026-05-27T14:09:55.869242+00:00,2026-05-27T08:09:56.034986+00:00
29838b1d-f7b1-4289-b217-96528d959592,2026-05-27T14:09:55.869242+00:00,cb4fead8-1e2e-4022-b4e1-c83b8a01e914,True,,56589,e2eb2d0d-a283-4a4e-bdd7-f8b1a4fb56ef,purchase_ticket,2026-05-27T14:09:55.869242+00:00,2026-05-27T08:09:56.034986+00:00
29838b1d-f7b1-4289-b217-96528d959592,2026-05-27T14:09:55.869242+00:00,11d1d8d3-7f0a-4ea8-bf6f-b967ee80f124,True,,56590,24502616-e0ac-47f3-af11-a1325ea9347d,purchase_ticket,2026-05-27T14:09:55.869242+00:00,2026-05-27T08:09:56.034986+00:00
29838b1d-f7b1-4289-b217-96528d959592,2026-05-27T14:09:55.869242+00:00,e7052b1d-dcfb-4678-970b-8ec284d8c54e,True,,56591,239f984c-660a-4089-a753-a922ac307641,purchase_ticket,2026-05-27T14:09:55.869242+00:00,2026-05-27T08:09:56.034986+00:00
29838b1d-f7b1-4289-b217-96528d959592,2026-05-27T14:09:55.869242+00:00,b654da4c-eeef-4206-91fa-ffd3d5712090,True,,56592,5df886f2-eec3-457f-a19c-0c68587745ef,purchase_ticket,2026-05-27T14:09:55.869242+00:00,2026-05-27T08:09:56.034986+00:00
29838b1d-f7b1-4289-b217-96528d959592,2026-05-27T14:09:55.869242+00:00,9b5a7a02-78ac-4dea-9c32-56dd6a610231,True,,56593,61eea825-62d9-4bd7-b73a-aa523704bbc8,purchase_ticket,2026-05-27T14:09:55.869242+00:00,2026-05-27T08:09:56.034986+00:00
29838b1d-f7b1-4289-b217-96528d959592,2026-05-27T14:09:55.869242+00:00,a1feac94-10f8-4ac6-8384-253ec533cc63,True,,56594,2e356502-6204-44da-8ca3-9b4e68e06d4d,purchase_ticket,2026-05-27T14:09:55.869242+00:00,2026-05-27T08:09:56.034986+00:00
29838b1d-f7b1-4289-b217-96528d959592,2026-05-27T14:09:55.869242+00:00,181fcd53-23ee-411b-9f65-7bfbdeb9da38,True,,56595,92c42723-bd93-4a1e-812e-1981c701a4f2,purchase_ticket,2026-05-27T14:09:55.869242+00:00,2026-05-27T08:09:56.034986+00:00
1d71f3eb-e14d-4824-a3a5-c90cc7575d03,2026-05-19T00:13:48.229486+00:00,e67bd374-4a7e-4a68-a794-f8cfa50b9a31,True,,18715,f0e20b1a-3a34-470d-996b-f1e91d7c1537,expense_voucher,2026-05-19T00:13:48.229486+00:00,2026-05-18T18:13:48.069578+00:00
1d71f3eb-e14d-4824-a3a5-c90cc7575d03,2026-05-19T00:13:48.229486+00:00,643bb47f-2de7-40b6-97f4-3ced92ecaaec,True,,18716,8276d741-eaa0-4c52-900b-b84205e3787f,expense_voucher,2026-05-19T00:13:48.229486+00:00,2026-05-18T18:13:48.069578+00:00
1d71f3eb-e14d-4824-a3a5-c90cc7575d03,2026-05-19T00:13:48.229486+00:00,65d37d73-8b49-4839-bd91-761b506cd4bc,True,,18717,a9c84993-8b6b-4814-bdba-89079d986618,expense_voucher,2026-05-19T00:13:48.229486+00:00,2026-05-18T18:13:48.069578+00:00
1d71f3eb-e14d-4824-a3a5-c90cc7575d03,2026-05-19T00:13:48.229486+00:00,122250f5-a4ab-4fad-bed0-cf6bc97b3f21,True,,18718,a6cefe0d-8603-4ab2-aaa0-29be74862c84,expense_voucher,2026-05-19T00:13:48.229486+00:00,2026-05-18T18:13:48.069578+00:00
1d71f3eb-e14d-4824-a3a5-c90cc7575d03,2026-05-19T00:13:48.229486+00:00,7aadc7c1-b4c7-439a-87d8-047cc5112af1,True,,18719,3cf8ba49-55b1-45fb-973e-6ebc30ff71ee,expense_voucher,2026-05-19T00:13:48.229486+00:00,2026-05-18T18:13:48.069578+00:00
1d71f3eb-e14d-4824-a3a5-c90cc7575d03,2026-05-19T00:13:48.229486+00:00,ee0b1c03-f2b5-4c74-9d11-dcace53495df,True,,18720,e5da52fc-08cf-4ac0-b8f8-76d00ca3c408,expense_voucher,2026-05-19T00:13:48.229486+00:00,2026-05-18T18:13:48.069578+00:00
1d71f3eb-e14d-4824-a3a5-c90cc7575d03,2026-05-19T00:13:48.229486+00:00,ca0dc5a1-4c6c-4dc6-bc01-fe976458779d,True,,18721,105eb431-d9ba-4825-ab76-d2681e21ff7a,expense_voucher,2026-05-19T00:13:48.229486+00:00,2026-05-18T18:13:48.069578+00:00
1d71f3eb-e14d-4824-a3a5-c90cc7575d03,2026-05-19T00:13:48.229486+00:00,f2edca6b-f819-47be-9c4b-ebb22c834b37,True,,18722,5801709f-a10e-46a5-9828-9d2bdbc4b770,expense_voucher,2026-05-19T00:13:48.229486+00:00,2026-05-18T18:13:48.069578+00:00
1d71f3eb-e14d-4824-a3a5-c90cc7575d03,2026-05-19T00:13:48.229486+00:00,ca715335-ffd7-456c-ad0e-c15ca72cd382,True,,18723,8e7baf35-32a1-410b-8998-c4c3960295cf,expense_voucher,2026-05-19T00:13:48.229486+00:00,2026-05-18T18:13:48.069578+00:00
1d71f3eb-e14d-4824-a3a5-c90cc7575d03,2026-05-19T00:13:48.229486+00:00,97fef750-f1ab-44eb-a6a4-c291188641e2,True,,18724,80e7113e-54f8-498a-8333-5873c9740a98,expense_voucher,2026-05-19T00:13:48.229486+00:00,2026-05-18T18:13:48.069578+00:00
1d71f3eb-e14d-4824-a3a5-c90cc7575d03,2026-05-19T00:13:48.229486+00:00,290d9a67-28a7-410e-b613-8b5f1efcfd83,True,,18725,06cc2e39-5b9f-413d-9272-a7bdd48814b1,expense_voucher,2026-05-19T00:13:48.229486+00:00,2026-05-18T18:13:48.069578+00:00
1d71f3eb-e14d-4824-a3a5-c90cc7575d03,2026-05-19T00:13:48.229486+00:00,02196ab0-b121-4454-82c2-bbf28f8a4d04,True,,18726,7ade910c-b457-4240-b66e-2b98c743b23e,expense_voucher,2026-05-19T00:13:48.229486+00:00,2026-05-18T18:13:48.069578+00:00
1d71f3eb-e14d-4824-a3a5-c90cc7575d03,2026-05-19T00:13:48.229486+00:00,1c51bb53-4308-469f-b660-ad2e35b221ae,True,,18727,dcbc5386-7076-48cf-aa3b-3bc4ebf013b0,expense_voucher,2026-05-19T00:13:48.229486+00:00,2026-05-18T18:13:48.069578+00:00
1d71f3eb-e14d-4824-a3a5-c90cc7575d03,2026-05-19T00:13:48.229486+00:00,105b1f4c-d830-425a-82d6-da477283df94,True,,18728,6b60f9e3-bbf0-4789-94ab-2144a0e964b9,expense_voucher,2026-05-19T00:13:48.229486+00:00,2026-05-18T18:13:48.069578+00:00
1d71f3eb-e14d-4824-a3a5-c90cc7575d03,2026-05-19T00:13:48.229486+00:00,fc48185f-bd98-4054-a46b-0dbfa2ddc8b0,True,,18729,0b48a41f-9ce7-4f2f-a19a-60f157edbfe3,expense_voucher,2026-05-19T00:13:48.229486+00:00,2026-05-18T18:13:48.069578+00:00
1d71f3eb-e14d-4824-a3a5-c90cc7575d03,2026-05-19T00:13:48.229486+00:00,197c55f5-ec68-40f0-9e34-5352c2e84106,True,,18730,e5c1b8d4-6704-419f-91f3-a59db9180941,expense_voucher,2026-05-19T00:13:48.229486+00:00,2026-05-18T18:13:48.069578+00:00
1d71f3eb-e14d-4824-a3a5-c90cc7575d03,2026-05-19T00:13:48.229486+00:00,eb54ea11-88ae-4b0d-b90d-1f176bf6b2e7,True,,18731,f4a263ee-edce-4b82-bef1-33db4fea2b7a,expense_voucher,2026-05-19T00:13:48.229486+00:00,2026-05-18T18:13:48.069578+00:00
1d71f3eb-e14d-4824-a3a5-c90cc7575d03,2026-05-19T00:13:48.229486+00:00,2d1c1a5d-cf60-43c7-9255-40cdc3620d46,True,,18732,98479d06-a92c-4481-a5a3-78727c6028f4,expense_voucher,2026-05-19T00:13:48.229486+00:00,2026-05-18T18:13:48.069578+00:00
1d71f3eb-e14d-4824-a3a5-c90cc7575d03,2026-05-19T00:13:48.229486+00:00,2637a783-c791-4fd8-9c88-70d4d277d398,True,,18733,e418e9a9-200b-421e-9c89-e8c530a21bf2,expense_voucher,2026-05-19T00:13:48.229486+00:00,2026-05-18T18:13:48.069578+00:00
1d71f3eb-e14d-4824-a3a5-c90cc7575d03,2026-05-19T00:13:48.229486+00:00,f937cb9b-d923-416f-aaaa-5a489873a860,True,,18734,33a79737-a749-4fe2-9d3d-0f05c1a92dde,expense_voucher,2026-05-19T00:13:48.229486+00:00,2026-05-18T18:13:48.070575+00:00
1d71f3eb-e14d-4824-a3a5-c90cc7575d03,2026-05-19T00:13:48.229486+00:00,22fa97dc-3106-4ca7-a1d5-ad736c5beba1,True,,18735,73d3b221-705f-4f6e-bf98-e21bd4417497,expense_voucher,2026-05-19T00:13:48.229486+00:00,2026-05-18T18:13:48.070575+00:00
1d71f3eb-e14d-4824-a3a5-c90cc7575d03,2026-05-19T00:13:48.229486+00:00,fdb0d244-6f20-41c3-aa5f-3f91c026fc36,True,COMPROBAR,18689,d1ab8573-6be7-4cf3-8a47-9a60446aff53,expense_voucher,2026-05-20T14:04:14.837513+00:00,2026-05-20T08:04:14.723794+00:00
1d71f3eb-e14d-4824-a3a5-c90cc7575d03,2026-05-19T00:13:48.229486+00:00,9e49ff15-50e3-4e4e-89dd-b711eb68266d,True,,18737,5eb724ae-4d2c-493a-8859-bf24fa025d79,expense_voucher,2026-05-19T00:13:48.229486+00:00,2026-05-18T18:13:48.070575+00:00
1d71f3eb-e14d-4824-a3a5-c90cc7575d03,2026-05-19T00:13:48.229486+00:00,2e390432-c429-44d1-8b45-431ffa75b9cf,True,,18738,354aceff-cf29-46e8-9222-25fc031c1bc6,expense_voucher,2026-05-19T00:13:48.229486+00:00,2026-05-18T18:13:48.070575+00:00
1d71f3eb-e14d-4824-a3a5-c90cc7575d03,2026-05-19T00:13:48.229486+00:00,1d045b8d-a456-4d20-b3ff-5e05bd7119f5,True,,18739,5d875210-0679-4a5c-894c-d30c8f4cc9b8,expense_voucher,2026-05-19T00:13:48.229486+00:00,2026-05-18T18:13:48.070575+00:00
1d71f3eb-e14d-4824-a3a5-c90cc7575d03,2026-05-19T00:13:48.229486+00:00,fc71f741-3bbe-4fbe-b35d-6778b4008c1e,True,,18740,932e626c-e0e3-414c-a662-89efb0908790,expense_voucher,2026-05-19T00:13:48.229486+00:00,2026-05-18T18:13:48.070575+00:00
1d71f3eb-e14d-4824-a3a5-c90cc7575d03,2026-05-19T00:13:48.229486+00:00,defa823c-c17d-4a78-b6d4-4ae4695f02a8,True,,18741,b070b45a-2407-489a-afc7-ca67ab607004,expense_voucher,2026-05-19T00:13:48.229486+00:00,2026-05-18T18:13:48.070575+00:00
1d71f3eb-e14d-4824-a3a5-c90cc7575d03,2026-05-19T00:13:48.229486+00:00,7643d936-565f-4895-9d29-5fa6079804c0,True,,18742,36884bba-0506-4f35-96fa-d9f0af81f1c6,expense_voucher,2026-05-19T00:13:48.229486+00:00,2026-05-18T18:13:48.070575+00:00
1d71f3eb-e14d-4824-a3a5-c90cc7575d03,2026-05-19T00:13:48.229486+00:00,39761854-ec33-4709-94b4-df75016e9b18,True,,18743,3205fa30-2c1c-496d-8090-52e6550ae143,expense_voucher,2026-05-19T00:13:48.229486+00:00,2026-05-18T18:13:48.070575+00:00
1d71f3eb-e14d-4824-a3a5-c90cc7575d03,2026-05-19T00:13:48.229486+00:00,6aee149e-158f-433b-8e0e-d2e0a584c8d5,True,,04,14d6468d-4af9-452e-941e-c087bfa0401c,deposit_voucher,2026-05-19T00:13:48.229486+00:00,2026-05-18T18:13:48.070575+00:00
1d71f3eb-e14d-4824-a3a5-c90cc7575d03,2026-05-19T00:13:48.229486+00:00,bb8d2bd3-b4f3-4ef4-8ebb-a32b6c52dc45,True,,239,5f823593-c6d8-463e-a648-c6e6277022dd,deposit_voucher,2026-05-19T00:13:48.229486+00:00,2026-05-18T18:13:48.070575+00:00
1d71f3eb-e14d-4824-a3a5-c90cc7575d03,2026-05-19T00:13:48.229486+00:00,760b0089-de84-4da7-830e-807c907e3d6b,True,,240,54b6d5fc-5f75-4020-87ff-0bd383b18342,deposit_voucher,2026-05-19T00:13:48.229486+00:00,2026-05-18T18:13:48.070575+00:00
1d71f3eb-e14d-4824-a3a5-c90cc7575d03,2026-05-19T00:13:48.229486+00:00,7de9424a-36da-4470-9394-510267cbde9b,True,,241,ddf8330f-9f3d-403c-a27c-23e6b15ce4cc,deposit_voucher,2026-05-19T00:13:48.229486+00:00,2026-05-18T18:13:48.070575+00:00
1d71f3eb-e14d-4824-a3a5-c90cc7575d03,2026-05-19T00:13:48.229486+00:00,0a671231-e10c-4727-b867-638ff0a96f02,True,,243,9520e33b-c37c-4d3e-90a7-5ffcddd879fe,deposit_voucher,2026-05-19T00:13:48.229486+00:00,2026-05-18T18:13:48.070575+00:00
1d71f3eb-e14d-4824-a3a5-c90cc7575d03,2026-05-19T00:13:48.229486+00:00,34ecce89-d11e-4a00-bce7-3cc15990c282,True,,0209,da2ee75c-62f0-4f2e-9577-c1b4784af0be,sale_ticket,2026-05-19T00:13:48.229486+00:00,2026-05-18T18:13:48.070575+00:00
1d71f3eb-e14d-4824-a3a5-c90cc7575d03,2026-05-19T00:13:48.229486+00:00,19f4d0a8-0551-408c-9e51-b036fea774fa,True,,55833,24860c8d-957e-4f65-a79b-5bc8ce470eaf,purchase_ticket,2026-05-19T00:13:48.229486+00:00,2026-05-18T18:13:48.070575+00:00
1d71f3eb-e14d-4824-a3a5-c90cc7575d03,2026-05-19T00:13:48.229486+00:00,2112b461-a151-420f-b209-c8e7bdeb5214,True,,55834,db8b5434-ea1d-48ad-9c7a-74786e7c74bd,purchase_ticket,2026-05-19T00:13:48.229486+00:00,2026-05-18T18:13:48.070575+00:00
1d71f3eb-e14d-4824-a3a5-c90cc7575d03,2026-05-19T00:13:48.229486+00:00,45636414-9a9a-4d4f-96ed-2376c690b3f0,True,,55835,deb9af3b-b8c8-48b7-a8a5-327c383eba73,purchase_ticket,2026-05-19T00:13:48.229486+00:00,2026-05-18T18:13:48.070575+00:00
1d71f3eb-e14d-4824-a3a5-c90cc7575d03,2026-05-19T00:13:48.229486+00:00,1d2ec407-7e91-47f5-984d-094013a2f86f,True,,55836,ce75982b-6070-484a-84bd-87bc95632519,purchase_ticket,2026-05-19T00:13:48.229486+00:00,2026-05-18T18:13:48.070575+00:00
1d71f3eb-e14d-4824-a3a5-c90cc7575d03,2026-05-19T00:13:48.229486+00:00,2751ec53-df09-4bc8-9eb5-7e88b4b5b9ad,True,,55837,d9dd739f-1a35-4dde-b0af-cefced9aaf79,purchase_ticket,2026-05-19T00:13:48.229486+00:00,2026-05-18T18:13:48.070575+00:00
1d71f3eb-e14d-4824-a3a5-c90cc7575d03,2026-05-19T00:13:48.229486+00:00,3e35f15b-bd6c-4b20-9455-1792104c79cb,True,,55838,423e635b-0bfb-462a-864e-3f4caf647604,purchase_ticket,2026-05-19T00:13:48.229486+00:00,2026-05-18T18:13:48.070575+00:00
1d71f3eb-e14d-4824-a3a5-c90cc7575d03,2026-05-19T00:13:48.229486+00:00,11ba5bd5-86f5-4918-b350-ca3f9760282b,True,,55839,64c4d60f-020d-4644-9d99-57ad1f24dd70,purchase_ticket,2026-05-19T00:13:48.229486+00:00,2026-05-18T18:13:48.070575+00:00
1d71f3eb-e14d-4824-a3a5-c90cc7575d03,2026-05-19T00:13:48.229486+00:00,0c34ff7e-316b-4c3c-8aa1-89fb34e87068,True,,55840,02b22eac-b52e-44e1-abb5-435c3ababa24,purchase_ticket,2026-05-19T00:13:48.229486+00:00,2026-05-18T18:13:48.070575+00:00
1d71f3eb-e14d-4824-a3a5-c90cc7575d03,2026-05-19T00:13:48.229486+00:00,cb3ea647-f26a-48bb-81af-86e64798be4a,True,,55841,17b2c9ce-dcfc-425a-9499-5c575eba4fd3,purchase_ticket,2026-05-19T00:13:48.229486+00:00,2026-05-18T18:13:48.070575+00:00
1d71f3eb-e14d-4824-a3a5-c90cc7575d03,2026-05-19T00:13:48.229486+00:00,c0b2561f-7079-44f1-be76-856bd858e2ff,True,,55842,837912be-9f8d-4a4d-8400-f8b7e107bd81,purchase_ticket,2026-05-19T00:13:48.229486+00:00,2026-05-18T18:13:48.070575+00:00
1d71f3eb-e14d-4824-a3a5-c90cc7575d03,2026-05-19T00:13:48.229486+00:00,c29c7d93-08d5-46a7-965e-ce6a7b027004,True,,55843,f1f85229-bb1b-4f2b-b63e-396d6f51937c,purchase_ticket,2026-05-19T00:13:48.229486+00:00,2026-05-18T18:13:48.070575+00:00
1d71f3eb-e14d-4824-a3a5-c90cc7575d03,2026-05-19T00:13:48.229486+00:00,61e5f31c-6374-4a45-b45c-02a3c54fb9d9,True,,55844,f631c8be-8c60-4ddb-bd4b-60f8feae70ca,purchase_ticket,2026-05-19T00:13:48.229486+00:00,2026-05-18T18:13:48.070575+00:00
1d71f3eb-e14d-4824-a3a5-c90cc7575d03,2026-05-19T00:13:48.229486+00:00,2c1688f0-94ec-4c63-a107-b9e28d3f750b,True,,55845,47ef7b5a-ceac-4404-aa89-151c21dea408,purchase_ticket,2026-05-19T00:13:48.229486+00:00,2026-05-18T18:13:48.070575+00:00
1d71f3eb-e14d-4824-a3a5-c90cc7575d03,2026-05-19T00:13:48.229486+00:00,47cc2b7b-4d99-4189-9e32-e7a6876a69d1,True,,55846,8c11ba56-2e91-4923-8ad1-48efc2253d8c,purchase_ticket,2026-05-19T00:13:48.229486+00:00,2026-05-18T18:13:48.070575+00:00
1d71f3eb-e14d-4824-a3a5-c90cc7575d03,2026-05-19T00:13:48.229486+00:00,2b048779-ac67-4519-9f2c-dd623f868e93,True,,55847,e59bec34-ee73-43f2-a985-7d24c98310f8,purchase_ticket,2026-05-19T00:13:48.229486+00:00,2026-05-18T18:13:48.070575+00:00
1d71f3eb-e14d-4824-a3a5-c90cc7575d03,2026-05-19T00:13:48.229486+00:00,08bd7a32-d37c-4edf-ac61-3116f8117296,True,,55848,dcef8b88-d287-4f0e-9483-bba50bfe9ac7,purchase_ticket,2026-05-19T00:13:48.229486+00:00,2026-05-18T18:13:48.070575+00:00
1d71f3eb-e14d-4824-a3a5-c90cc7575d03,2026-05-19T00:13:48.229486+00:00,8c61bbfc-6afb-4ed2-80a6-5a54fba56d31,True,,55849,1c3ab895-026e-4c5f-a4ca-03f216d036e1,purchase_ticket,2026-05-19T00:13:48.229486+00:00,2026-05-18T18:13:48.070575+00:00
1d71f3eb-e14d-4824-a3a5-c90cc7575d03,2026-05-19T00:13:48.229486+00:00,9c96b2a9-a311-43eb-8e7f-8b7d9c75d8e4,True,,55850,fb9e3521-18f4-4cba-8d35-977ada17b68f,purchase_ticket,2026-05-19T00:13:48.229486+00:00,2026-05-18T18:13:48.070575+00:00
1d71f3eb-e14d-4824-a3a5-c90cc7575d03,2026-05-19T00:13:48.229486+00:00,df9cbd28-0baf-47fb-b522-3114e6598d9f,True,,55851,c363646c-9cf7-445f-9f5d-afad4d630fe1,purchase_ticket,2026-05-19T00:13:48.229486+00:00,2026-05-18T18:13:48.070575+00:00
1d71f3eb-e14d-4824-a3a5-c90cc7575d03,2026-05-19T00:13:48.229486+00:00,f32f83f5-f22c-4d8a-832c-0cf5c41a70b1,True,,55852,876328c1-a2de-4024-8861-8af6adf4ac73,purchase_ticket,2026-05-19T00:13:48.229486+00:00,2026-05-18T18:13:48.070575+00:00
1d71f3eb-e14d-4824-a3a5-c90cc7575d03,2026-05-19T00:13:48.229486+00:00,24034f03-c5a7-4a26-839c-729cf38569ad,True,,55853,ed913a47-09a0-4399-bf6b-2c73812b8c98,purchase_ticket,2026-05-19T00:13:48.229486+00:00,2026-05-18T18:13:48.070575+00:00
1d71f3eb-e14d-4824-a3a5-c90cc7575d03,2026-05-19T00:13:48.229486+00:00,a8f3fed4-adaf-415d-8b8c-8a9efe9e5791,True,,55854,daccb2cc-c636-4c51-a0ec-20c9e61a4033,purchase_ticket,2026-05-19T00:13:48.229486+00:00,2026-05-18T18:13:48.070575+00:00
1d71f3eb-e14d-4824-a3a5-c90cc7575d03,2026-05-19T00:13:48.229486+00:00,fbba7671-5559-4906-8ebe-2d3b6117f01a,True,,55855,38d1b58e-9ede-4b5f-a9e8-3ba4451aaacd,purchase_ticket,2026-05-19T00:13:48.229486+00:00,2026-05-18T18:13:48.070575+00:00
1d71f3eb-e14d-4824-a3a5-c90cc7575d03,2026-05-19T00:13:48.229486+00:00,06a6a4e7-4f6c-45d4-96aa-fe9421137eb9,True,,55856,65c7e842-9894-44e8-8b25-bc52ff78a38d,purchase_ticket,2026-05-19T00:13:48.229486+00:00,2026-05-18T18:13:48.070575+00:00
1d71f3eb-e14d-4824-a3a5-c90cc7575d03,2026-05-19T00:13:48.229486+00:00,e9f6d8c6-2881-4584-ae8e-e983da71962e,True,,55857,f9e17591-efe0-411d-bd74-c188b5ce7d7e,purchase_ticket,2026-05-19T00:13:48.229486+00:00,2026-05-18T18:13:48.070575+00:00
1d71f3eb-e14d-4824-a3a5-c90cc7575d03,2026-05-19T00:13:48.229486+00:00,99c57995-a790-4b9f-bc49-b4b437b84425,True,,55858,79f939e6-7540-4940-97cc-108f67b16ef0,purchase_ticket,2026-05-19T00:13:48.229486+00:00,2026-05-18T18:13:48.070575+00:00
1d71f3eb-e14d-4824-a3a5-c90cc7575d03,2026-05-19T00:13:48.229486+00:00,5756a35b-0dfc-4174-8911-e3db0ea5487d,True,,55859,7aa377c1-3d13-4f04-83ad-cf224823b663,purchase_ticket,2026-05-19T00:13:48.229486+00:00,2026-05-18T18:13:48.070575+00:00
1d71f3eb-e14d-4824-a3a5-c90cc7575d03,2026-05-19T00:13:48.229486+00:00,16a34e42-9480-4354-a0f8-f4eb54c7585e,True,,55861,803944ab-2ab6-4022-9f98-1fb8620027dc,purchase_ticket,2026-05-19T00:13:48.229486+00:00,2026-05-18T18:13:48.071572+00:00
1d71f3eb-e14d-4824-a3a5-c90cc7575d03,2026-05-19T00:13:48.229486+00:00,94785ecc-7064-4883-89d2-ee8b20b0c8a1,True,,55862,84b2ad7d-3324-4f8e-a045-8a93bd662c89,purchase_ticket,2026-05-19T00:13:48.229486+00:00,2026-05-18T18:13:48.071572+00:00
1d71f3eb-e14d-4824-a3a5-c90cc7575d03,2026-05-19T00:13:48.229486+00:00,57249dc6-0679-4419-b28c-71b0f0151ac3,True,,55863,9383e006-bb99-4e33-a2e8-fac9bc454dc3,purchase_ticket,2026-05-19T00:13:48.229486+00:00,2026-05-18T18:13:48.071572+00:00
1d71f3eb-e14d-4824-a3a5-c90cc7575d03,2026-05-19T00:13:48.229486+00:00,9464eca4-209e-4700-a232-8998279b0338,True,,55864,1f228051-0403-46fc-8198-23db33007e09,purchase_ticket,2026-05-19T00:13:48.229486+00:00,2026-05-18T18:13:48.071572+00:00
1d71f3eb-e14d-4824-a3a5-c90cc7575d03,2026-05-19T00:13:48.229486+00:00,3d02ad44-3144-48fe-9f55-a50652be3b6d,True,,55865,676cf5eb-bcfd-4213-bc58-47b3d24cf3a7,purchase_ticket,2026-05-19T00:13:48.229486+00:00,2026-05-18T18:13:48.071572+00:00
1d71f3eb-e14d-4824-a3a5-c90cc7575d03,2026-05-19T00:13:48.229486+00:00,ecc58d4b-7fdb-4794-9997-8506c0123f4a,True,,55866,1b80ee6c-d3ee-4af8-8d8d-9e97d709a6d2,purchase_ticket,2026-05-19T00:13:48.229486+00:00,2026-05-18T18:13:48.071572+00:00
1d71f3eb-e14d-4824-a3a5-c90cc7575d03,2026-05-19T00:13:48.229486+00:00,17f4f917-657c-4d93-8568-109e22601b8c,True,,55867,9577b943-42ea-468b-a518-53b888935137,purchase_ticket,2026-05-19T00:13:48.229486+00:00,2026-05-18T18:13:48.071572+00:00
1d71f3eb-e14d-4824-a3a5-c90cc7575d03,2026-05-19T00:13:48.229486+00:00,3261f538-4378-45d8-bbbc-b2089dd50b48,True,,55868,9e8a0552-5d03-412e-b050-deb5c2ffd10c,purchase_ticket,2026-05-19T00:13:48.229486+00:00,2026-05-18T18:13:48.071572+00:00
1d71f3eb-e14d-4824-a3a5-c90cc7575d03,2026-05-19T00:13:48.229486+00:00,e41f44d2-79cb-49a4-b278-6b9c305dc60f,True,,55869,d25ace27-4e93-4ffb-8099-f3dca1afd6ff,purchase_ticket,2026-05-19T00:13:48.229486+00:00,2026-05-18T18:13:48.071572+00:00
1d71f3eb-e14d-4824-a3a5-c90cc7575d03,2026-05-19T00:13:48.229486+00:00,79017274-09a0-45fc-a791-ee6af2acc5b8,True,,55870,de1dde57-3564-4e71-9f41-c929fe1f897c,purchase_ticket,2026-05-19T00:13:48.229486+00:00,2026-05-18T18:13:48.071572+00:00
1d71f3eb-e14d-4824-a3a5-c90cc7575d03,2026-05-19T00:13:48.229486+00:00,f379ebd1-a5a6-4d07-a45a-cc54e342a588,True,,55871,c54410d6-45ff-4f69-85ad-7a69357cef98,purchase_ticket,2026-05-19T00:13:48.229486+00:00,2026-05-18T18:13:48.071572+00:00
1d71f3eb-e14d-4824-a3a5-c90cc7575d03,2026-05-19T00:13:48.229486+00:00,98a2986d-30f5-44e8-a1a9-da12c94d1d57,True,,55872,5256d2da-882e-48e8-91ac-f2f2750b79b3,purchase_ticket,2026-05-19T00:13:48.229486+00:00,2026-05-18T18:13:48.071572+00:00
1d71f3eb-e14d-4824-a3a5-c90cc7575d03,2026-05-19T00:13:48.229486+00:00,410d4f7c-c44b-4368-8f62-dcf398cea954,True,,55873,d808156c-12e7-4b19-a2ea-1489be043a38,purchase_ticket,2026-05-19T00:13:48.229486+00:00,2026-05-18T18:13:48.071572+00:00
1d71f3eb-e14d-4824-a3a5-c90cc7575d03,2026-05-19T00:13:48.229486+00:00,4c8f4804-b3b4-4c53-9613-8137215a5893,True,,55874,4af7e1a1-a29e-4918-ae0b-8ba159022ade,purchase_ticket,2026-05-19T00:13:48.229486+00:00,2026-05-18T18:13:48.071572+00:00
1d71f3eb-e14d-4824-a3a5-c90cc7575d03,2026-05-19T00:13:48.229486+00:00,79d632fa-7f07-439b-a608-e20f4ed236a2,True,,55875,dedb3440-9381-422a-b05a-3a9c464da97a,purchase_ticket,2026-05-19T00:13:48.229486+00:00,2026-05-18T18:13:48.071572+00:00
1d71f3eb-e14d-4824-a3a5-c90cc7575d03,2026-05-19T00:13:48.229486+00:00,b7d60bbd-f72a-4041-8f2f-1d10e5c6a69a,True,,55876,3a1f5cc3-798c-4594-8889-7e0b7520fe43,purchase_ticket,2026-05-19T00:13:48.229486+00:00,2026-05-18T18:13:48.071572+00:00
1d71f3eb-e14d-4824-a3a5-c90cc7575d03,2026-05-19T00:13:48.229486+00:00,9539587d-ddce-4bb8-8feb-115722eef2f0,True,,55877,a6010973-4781-43ef-85ac-256a1e8c3bd3,purchase_ticket,2026-05-19T00:13:48.229486+00:00,2026-05-18T18:13:48.071572+00:00
1d71f3eb-e14d-4824-a3a5-c90cc7575d03,2026-05-19T00:13:48.229486+00:00,8b4ae202-f7cc-4975-8d2b-86cf0d95156d,True,,55878,418d2478-df16-4618-94d8-315859b03d96,purchase_ticket,2026-05-19T00:13:48.229486+00:00,2026-05-18T18:13:48.071572+00:00
1d71f3eb-e14d-4824-a3a5-c90cc7575d03,2026-05-19T00:13:48.229486+00:00,b2b38ad3-4eaf-43bd-affe-7f4b00a0436a,True,,55879,22906eba-38d3-4217-a5e2-7a27b3f013cc,purchase_ticket,2026-05-19T00:13:48.229486+00:00,2026-05-18T18:13:48.071572+00:00
1d71f3eb-e14d-4824-a3a5-c90cc7575d03,2026-05-19T00:13:48.229486+00:00,2d743998-d298-406e-b45a-a967307debe1,True,,55880,e92ee433-6c0b-4692-9ede-d64e73547eb5,purchase_ticket,2026-05-19T00:13:48.229486+00:00,2026-05-18T18:13:48.071572+00:00
1d71f3eb-e14d-4824-a3a5-c90cc7575d03,2026-05-19T00:13:48.229486+00:00,1b2214e0-18d4-4c6b-af05-bd673d17ae91,True,,55881,d14fe9db-a1e3-44a5-bcf5-4e40ce871cbe,purchase_ticket,2026-05-19T00:13:48.229486+00:00,2026-05-18T18:13:48.071572+00:00
1d71f3eb-e14d-4824-a3a5-c90cc7575d03,2026-05-19T00:13:48.229486+00:00,410f10e4-9630-4e8b-b152-191b7112a912,True,,55882,6d6ee4f5-8e91-4eee-9970-c3d64af86a57,purchase_ticket,2026-05-19T00:13:48.229486+00:00,2026-05-18T18:13:48.071572+00:00
1d71f3eb-e14d-4824-a3a5-c90cc7575d03,2026-05-19T00:13:48.229486+00:00,0548eeb9-a74c-4138-bfcb-e6d4e7968c02,True,,55883,0a2cfb69-96f6-41c4-ac1d-a8c9651912ed,purchase_ticket,2026-05-19T00:13:48.229486+00:00,2026-05-18T18:13:48.071572+00:00
1d71f3eb-e14d-4824-a3a5-c90cc7575d03,2026-05-19T00:13:48.229486+00:00,5ae95ead-c5b6-4693-9cf7-0617cf11b02d,True,,55885,9311d6a6-9cde-45ca-9859-aabe647fc422,purchase_ticket,2026-05-19T00:13:48.229486+00:00,2026-05-18T18:13:48.071572+00:00
1d71f3eb-e14d-4824-a3a5-c90cc7575d03,2026-05-19T00:13:48.229486+00:00,4d274f48-13fa-4000-885f-0e95718ee659,True,,55886,e52d80b7-fc3b-412e-a5b6-1afd15407798,purchase_ticket,2026-05-19T00:13:48.229486+00:00,2026-05-18T18:13:48.071572+00:00
1d71f3eb-e14d-4824-a3a5-c90cc7575d03,2026-05-19T00:13:48.229486+00:00,b6fe0c10-f1bf-46f7-8ff5-776556a3eb9e,True,,55887,cdc301c4-f9e4-4570-b6c4-861aac9e7364,purchase_ticket,2026-05-19T00:13:48.229486+00:00,2026-05-18T18:13:48.071572+00:00
1d71f3eb-e14d-4824-a3a5-c90cc7575d03,2026-05-19T00:13:48.229486+00:00,7e4a4f16-490b-4917-8619-aa9c89747151,True,,81361,af9b3f47-2f00-447d-ae57-93b04ef20aa8,purchase_ticket,2026-05-19T00:13:48.229486+00:00,2026-05-18T18:13:48.071572+00:00
1d71f3eb-e14d-4824-a3a5-c90cc7575d03,2026-05-19T00:13:48.229486+00:00,9eb6f9d6-593a-4bff-af1c-aef239b299f0,True,,81362,a326ee37-4346-4d77-8a58-e3a78dc9d7e9,purchase_ticket,2026-05-19T00:13:48.229486+00:00,2026-05-18T18:13:48.071572+00:00
1d71f3eb-e14d-4824-a3a5-c90cc7575d03,2026-05-19T00:13:48.229486+00:00,da3c3459-e037-43ab-8fe6-d52aefaf6e3a,True,,81365,ef57f2c7-434a-4eb5-a1cb-a675dbef7375,purchase_ticket,2026-05-19T00:13:48.229486+00:00,2026-05-18T18:13:48.071572+00:00
1d71f3eb-e14d-4824-a3a5-c90cc7575d03,2026-05-19T00:13:48.229486+00:00,007acc6a-b50d-46cf-aaf5-210db3f934c0,True,,81366,7d776914-738b-47fc-8f3c-b252e4f1648f,purchase_ticket,2026-05-19T00:13:48.229486+00:00,2026-05-18T18:13:48.071572+00:00
1d71f3eb-e14d-4824-a3a5-c90cc7575d03,2026-05-19T00:13:48.229486+00:00,d20488d1-1a52-4b36-8f63-a6e88fd31bec,True,,81375,8ed27e1a-0918-4598-91cf-ea2ed0c9bfb1,purchase_ticket,2026-05-19T00:13:48.229486+00:00,2026-05-18T18:13:48.071572+00:00
1d71f3eb-e14d-4824-a3a5-c90cc7575d03,2026-05-19T00:13:48.229486+00:00,4996d8f2-6ec4-48f8-bfde-4905af1008af,True,,81380,9e330e13-ba99-452d-9c9a-2c3ee992576c,purchase_ticket,2026-05-19T00:13:48.229486+00:00,2026-05-18T18:13:48.071572+00:00
1d71f3eb-e14d-4824-a3a5-c90cc7575d03,2026-05-19T00:13:48.229486+00:00,00d21c00-147c-48cb-b9aa-a7c2c02a5d43,True,,81383,24ef60db-27a2-4574-81dc-9400ae219ba9,purchase_ticket,2026-05-19T00:13:48.229486+00:00,2026-05-18T18:13:48.071572+00:00
1d71f3eb-e14d-4824-a3a5-c90cc7575d03,2026-05-19T00:13:48.229486+00:00,ea299694-3168-4490-8f24-ae89ce7a2f00,True,,81384,3735b08a-11bd-47ac-90f9-8b66138280db,purchase_ticket,2026-05-19T00:13:48.229486+00:00,2026-05-18T18:13:48.071572+00:00
1d71f3eb-e14d-4824-a3a5-c90cc7575d03,2026-05-19T00:13:48.229486+00:00,983bfaa7-779a-45b8-bfe5-7209687af80b,True,,81389,1a050c97-0497-4a44-9a98-cc8f05c28373,purchase_ticket,2026-05-19T00:13:48.229486+00:00,2026-05-18T18:13:48.071572+00:00
1d71f3eb-e14d-4824-a3a5-c90cc7575d03,2026-05-19T00:13:48.229486+00:00,87076430-eeab-40b4-87bc-a3ad8e8057af,True,,81392,750b220f-da22-4337-9ef9-48db13dc62f7,purchase_ticket,2026-05-19T00:13:48.229486+00:00,2026-05-18T18:13:48.071572+00:00
1d71f3eb-e14d-4824-a3a5-c90cc7575d03,2026-05-19T00:13:48.229486+00:00,9abe88c2-706a-4b8f-930d-2bef108466fd,True,,81393,9c0c7370-7fd0-4b5d-b3fc-b8f67a421b37,purchase_ticket,2026-05-19T00:13:48.229486+00:00,2026-05-18T18:13:48.071572+00:00
1d71f3eb-e14d-4824-a3a5-c90cc7575d03,2026-05-19T00:13:48.229486+00:00,d341ee83-2fd3-48ba-9ee1-ebc0df0a9af9,True,,81394,679bb325-436c-4b2d-921b-7d0a471950c5,purchase_ticket,2026-05-19T00:13:48.229486+00:00,2026-05-18T18:13:48.071572+00:00
1d71f3eb-e14d-4824-a3a5-c90cc7575d03,2026-05-19T00:13:48.229486+00:00,13719edc-0c11-4cc9-a442-0a06a1925952,True,,81399,0d74eb31-1dde-4eb2-ace2-537109f325b0,purchase_ticket,2026-05-19T00:13:48.229486+00:00,2026-05-18T18:13:48.071572+00:00
1d71f3eb-e14d-4824-a3a5-c90cc7575d03,2026-05-19T00:13:48.229486+00:00,1552137b-b52d-4d66-baa4-fdf35d586dfa,True,,81400,0a8ae547-1861-425c-ad53-88e67531411a,purchase_ticket,2026-05-19T00:13:48.229486+00:00,2026-05-18T18:13:48.071572+00:00
1d71f3eb-e14d-4824-a3a5-c90cc7575d03,2026-05-19T00:13:48.229486+00:00,9c8af17e-437f-4317-ad36-e967f0a3fc6d,True,,81401,0b7968bf-15d8-4b9a-98b8-d25a31440940,purchase_ticket,2026-05-19T00:13:48.229486+00:00,2026-05-18T18:13:48.071572+00:00
1d71f3eb-e14d-4824-a3a5-c90cc7575d03,2026-05-19T00:13:48.229486+00:00,03592873-ec6a-4713-a7fa-da10b7ee732a,True,,81403,b3bf720e-555e-485b-85f4-7a5949bd8dae,purchase_ticket,2026-05-19T00:13:48.229486+00:00,2026-05-18T18:13:48.071572+00:00
1d71f3eb-e14d-4824-a3a5-c90cc7575d03,2026-05-19T00:13:48.229486+00:00,8a75ecb4-4918-4937-8f8c-19d5812613df,True,,81415,8fc33612-50bd-4ca3-9974-6e79f78f77b2,purchase_ticket,2026-05-19T00:13:48.229486+00:00,2026-05-18T18:13:48.072569+00:00
1d71f3eb-e14d-4824-a3a5-c90cc7575d03,2026-05-19T00:13:48.229486+00:00,da7b92c7-03dd-41c3-b153-4ad4d5474dee,True,,18744,42a28aa4-2cb3-484a-b69f-4fdddc28eb6b,expense_voucher,2026-05-19T00:13:48.229486+00:00,2026-05-18T18:13:48.072569+00:00
1d71f3eb-e14d-4824-a3a5-c90cc7575d03,2026-05-19T00:13:48.229486+00:00,7f329f73-28ef-41d2-aec7-8c66df75aa0d,True,,18745,c3594a59-7e43-4f2b-b0ea-2a0a1cc6d4bf,expense_voucher,2026-05-19T00:13:48.229486+00:00,2026-05-18T18:13:48.072569+00:00
1d71f3eb-e14d-4824-a3a5-c90cc7575d03,2026-05-19T00:13:48.229486+00:00,381def28-56c0-4ef7-9071-2afc0606481e,True,,18746,aed38c2c-1543-4b1f-977f-ecc03d78e616,expense_voucher,2026-05-19T00:13:48.229486+00:00,2026-05-18T18:13:48.072569+00:00
1d71f3eb-e14d-4824-a3a5-c90cc7575d03,2026-05-19T00:13:48.229486+00:00,40012a4b-a733-402b-8549-be2c66fb1ded,True,,18747,8bb35b2d-944e-4c4d-9d67-3e93ec4b4752,expense_voucher,2026-05-19T00:13:48.229486+00:00,2026-05-18T18:13:48.072569+00:00
1d71f3eb-e14d-4824-a3a5-c90cc7575d03,2026-05-19T00:13:48.229486+00:00,0ea4c839-bc9e-4f88-b200-a6c2ccf35421,True,,18748,379c2fbc-8f86-4b01-a137-c8585fcce1f5,expense_voucher,2026-05-19T00:13:48.229486+00:00,2026-05-18T18:13:48.072569+00:00
1d71f3eb-e14d-4824-a3a5-c90cc7575d03,2026-05-19T00:13:48.229486+00:00,e333fb7a-c0ee-483d-a662-9ca1869abe75,True,,18749,b8132f42-3ae9-409f-8118-d09aac4a3676,expense_voucher,2026-05-19T00:13:48.229486+00:00,2026-05-18T18:13:48.072569+00:00
1d71f3eb-e14d-4824-a3a5-c90cc7575d03,2026-05-19T00:13:48.229486+00:00,4203bdc5-cbf8-4804-b226-75f87948f0e7,True,,18750,0e0a278e-c8a0-464c-8d1e-29b5c0455260,expense_voucher,2026-05-19T00:13:48.229486+00:00,2026-05-18T18:13:48.072569+00:00
1d71f3eb-e14d-4824-a3a5-c90cc7575d03,2026-05-19T00:13:48.229486+00:00,06ac8a9e-9f98-4096-b60f-522ff136a3f1,True,,18751,0122475b-8f4c-48d7-b370-429b8b69203a,expense_voucher,2026-05-19T00:13:48.229486+00:00,2026-05-18T18:13:48.072569+00:00
1d71f3eb-e14d-4824-a3a5-c90cc7575d03,2026-05-19T00:13:48.229486+00:00,6fb397c5-ed5f-45a9-bd30-16aee9529d04,True,,18752,be4684bc-355c-4dfd-8cc7-958eb1ce8cff,expense_voucher,2026-05-19T00:13:48.229486+00:00,2026-05-18T18:13:48.072569+00:00
1d71f3eb-e14d-4824-a3a5-c90cc7575d03,2026-05-19T00:13:48.229486+00:00,c16a9b31-1654-461c-aa0d-b7005e6b08f9,True,,18753,22775195-2874-4428-97c3-bab283aafd54,expense_voucher,2026-05-19T00:13:48.229486+00:00,2026-05-18T18:13:48.072569+00:00
cad1b027-747c-4dd8-8222-568addde7245,2026-06-22T23:53:39.464084+00:00,9e4818af-b647-4dd5-96f9-3bd905bb9e57,True,,19163,ea7f097c-7391-4a7d-920a-224c88c0a115,expense_voucher,2026-06-22T23:53:39.464084+00:00,2026-06-22T17:53:40.609661+00:00
1d71f3eb-e14d-4824-a3a5-c90cc7575d03,2026-05-19T00:13:48.229486+00:00,f2ca7ff9-9283-4699-8d87-fb8e2d8b0085,True,,244,1276ba5c-5751-411b-9f26-0b974f3f4236,deposit_voucher,2026-05-19T00:13:48.229486+00:00,2026-05-18T18:13:48.072569+00:00
1d71f3eb-e14d-4824-a3a5-c90cc7575d03,2026-05-19T00:13:48.229486+00:00,64555187-ed83-40d9-8ef1-e7dc9ea83761,True,,245,9b36c0e6-16d2-4da8-a44d-b676f48e26f5,deposit_voucher,2026-05-19T00:13:48.229486+00:00,2026-05-18T18:13:48.072569+00:00
cad1b027-747c-4dd8-8222-568addde7245,2026-06-22T23:53:39.464084+00:00,01b91d80-162a-4a98-8024-cabfb3228d28,True,,19164,6705b462-fbad-4224-84f1-f7859d51427f,expense_voucher,2026-06-22T23:53:39.464084+00:00,2026-06-22T17:53:40.609661+00:00
cad1b027-747c-4dd8-8222-568addde7245,2026-06-22T23:53:39.464084+00:00,1abcd7c5-d093-4636-b8d6-5b6a4aeac417,True,,19165,504789cf-480e-48be-8299-bcdb97517b69,expense_voucher,2026-06-22T23:53:39.464084+00:00,2026-06-22T17:53:40.610655+00:00
1d71f3eb-e14d-4824-a3a5-c90cc7575d03,2026-05-19T00:13:48.229486+00:00,4e18c703-4341-455f-ab75-66e6d7991039,True,,55884,2339a69c-cd62-4b95-b87e-cfc2deaefd0c,purchase_ticket,2026-05-19T00:13:48.229486+00:00,2026-05-18T18:13:48.072569+00:00
1d71f3eb-e14d-4824-a3a5-c90cc7575d03,2026-05-19T00:13:48.229486+00:00,d6ec0ce2-d9b2-41cd-880c-4a46e8c73515,True,,55888,3ac33e3c-10ab-4c42-aadc-23c03d5c435f,purchase_ticket,2026-05-19T00:13:48.229486+00:00,2026-05-18T18:13:48.072569+00:00
1d71f3eb-e14d-4824-a3a5-c90cc7575d03,2026-05-19T00:13:48.229486+00:00,23001c97-6ca7-47f7-82bc-ae171ff232b3,True,,55889,42ce6ef6-0351-477d-ba86-8d00fc054bfe,purchase_ticket,2026-05-19T00:13:48.229486+00:00,2026-05-18T18:13:48.072569+00:00
1d71f3eb-e14d-4824-a3a5-c90cc7575d03,2026-05-19T00:13:48.229486+00:00,83c3399e-7d0a-42d4-9324-36499aa26a22,True,,55890,dc70d1f8-86f1-42b6-a671-c20cc649b35e,purchase_ticket,2026-05-19T00:13:48.229486+00:00,2026-05-18T18:13:48.072569+00:00
1d71f3eb-e14d-4824-a3a5-c90cc7575d03,2026-05-19T00:13:48.229486+00:00,480e0f5c-e07a-4993-9476-058d8537e6a3,True,,55892,663df397-30c1-4f0f-934d-c14c52c490a1,purchase_ticket,2026-05-19T00:13:48.229486+00:00,2026-05-18T18:13:48.072569+00:00
cad1b027-747c-4dd8-8222-568addde7245,2026-06-22T23:53:39.464084+00:00,8508d8f9-b143-418e-9ff6-992a4f049560,True,,19166,6a3cdb46-f58d-4079-b10c-53e33a080d0f,expense_voucher,2026-06-22T23:53:39.464084+00:00,2026-06-22T17:53:40.610655+00:00
1d71f3eb-e14d-4824-a3a5-c90cc7575d03,2026-05-19T00:13:48.229486+00:00,f65c86be-207c-4b9f-97be-6029e85835db,True,,55894,edf46723-2181-449b-8c17-1250098e2f05,purchase_ticket,2026-05-19T00:13:48.229486+00:00,2026-05-18T18:13:48.072569+00:00
1d71f3eb-e14d-4824-a3a5-c90cc7575d03,2026-05-19T00:13:48.229486+00:00,c274457d-e500-4c81-942d-6b0b96a7b27b,True,,55895,8989951c-e4b5-49d7-8e69-1d9ba4350d60,purchase_ticket,2026-05-19T00:13:48.229486+00:00,2026-05-18T18:13:48.072569+00:00
1d71f3eb-e14d-4824-a3a5-c90cc7575d03,2026-05-19T00:13:48.229486+00:00,bc7d727c-f863-40e5-900d-dd1ab4046503,True,,55896,21629ffc-0b6d-4901-b9bd-871299f7882e,purchase_ticket,2026-05-19T00:13:48.229486+00:00,2026-05-18T18:13:48.072569+00:00
1d71f3eb-e14d-4824-a3a5-c90cc7575d03,2026-05-19T00:13:48.229486+00:00,b73981fa-da02-46fc-8e81-bd942e1d54e6,True,,55897,ec0e39c9-2d6c-41cc-a1e5-d2452d3d4a16,purchase_ticket,2026-05-19T00:13:48.229486+00:00,2026-05-18T18:13:48.072569+00:00
1d71f3eb-e14d-4824-a3a5-c90cc7575d03,2026-05-19T00:13:48.229486+00:00,9f7ca055-f458-499d-a6c8-02003cf22f08,True,,55898,b6188bf6-30b7-4811-aec2-1ac6216a9623,purchase_ticket,2026-05-19T00:13:48.229486+00:00,2026-05-18T18:13:48.072569+00:00
cad1b027-747c-4dd8-8222-568addde7245,2026-06-22T23:53:39.464084+00:00,32ce256c-2a25-42ad-862b-22c1e7f04451,True,,336,44677a5f-64bd-4308-8266-0514be9e4773,deposit_voucher,2026-06-22T23:53:39.464084+00:00,2026-06-22T17:53:40.610655+00:00
1d71f3eb-e14d-4824-a3a5-c90cc7575d03,2026-05-19T00:13:48.229486+00:00,06811696-2e6e-4126-a3e5-4bbea84bfcb2,True,,55899,87a7e88e-65f3-46ba-9b90-2265c2b09258,purchase_ticket,2026-05-19T00:13:48.229486+00:00,2026-05-18T18:13:48.072569+00:00
1d71f3eb-e14d-4824-a3a5-c90cc7575d03,2026-05-19T00:13:48.229486+00:00,e413bcfc-77c3-4b8e-a8cb-3a3239300602,True,,55900,6c012f0d-01a6-45c1-8eef-cc528af97b7a,purchase_ticket,2026-05-19T00:13:48.229486+00:00,2026-05-18T18:13:48.072569+00:00
1d71f3eb-e14d-4824-a3a5-c90cc7575d03,2026-05-19T00:13:48.229486+00:00,f4b770df-9268-48bc-bfb7-825e761fb52c,True,,55902,82ef81ec-4109-4116-9395-5876d8776032,purchase_ticket,2026-05-19T00:13:48.229486+00:00,2026-05-18T18:13:48.072569+00:00
1d71f3eb-e14d-4824-a3a5-c90cc7575d03,2026-05-19T00:13:48.229486+00:00,ddce1d49-80f8-48d9-8055-9c2539ecd01a,True,,55903,c6320823-69e9-43b0-b7e7-186ad7668d93,purchase_ticket,2026-05-19T00:13:48.229486+00:00,2026-05-18T18:13:48.072569+00:00
1d71f3eb-e14d-4824-a3a5-c90cc7575d03,2026-05-19T00:13:48.229486+00:00,5c6f6e98-7ca9-49b1-bb28-b571a21aee6c,True,,55905,ee200a40-1945-4fa5-96e5-19237c48c61c,purchase_ticket,2026-05-19T00:13:48.229486+00:00,2026-05-18T18:13:48.072569+00:00
1d71f3eb-e14d-4824-a3a5-c90cc7575d03,2026-05-19T00:13:48.229486+00:00,e3e0c04e-a5ba-47f7-80d5-ad3e1bdc6018,True,,55906,567b4547-45be-4fff-9213-5281bd3796ec,purchase_ticket,2026-05-19T00:13:48.229486+00:00,2026-05-18T18:13:48.072569+00:00
1d71f3eb-e14d-4824-a3a5-c90cc7575d03,2026-05-19T00:13:48.229486+00:00,23c05ee8-7823-4ba7-9955-488df7be6672,True,,81413,f2c3bc52-61bd-42c0-b3c6-43ed2f1a0236,purchase_ticket,2026-05-19T00:13:48.229486+00:00,2026-05-18T18:13:48.072569+00:00
1d71f3eb-e14d-4824-a3a5-c90cc7575d03,2026-05-19T00:13:48.229486+00:00,eda22bd4-b9e4-4c81-a5be-a5c6abb9e031,True,,81427,a08e33ca-8ed2-481c-aaf7-bcd9115ac4e3,purchase_ticket,2026-05-19T00:13:48.229486+00:00,2026-05-18T18:13:48.072569+00:00
1d71f3eb-e14d-4824-a3a5-c90cc7575d03,2026-05-19T00:13:48.229486+00:00,62957bc5-7f9c-4d32-aff6-5a6304c8d3ff,True,,81428,27983584-dc40-4fe9-bb82-7afac07fd2fe,purchase_ticket,2026-05-19T00:13:48.229486+00:00,2026-05-18T18:13:48.072569+00:00
1d71f3eb-e14d-4824-a3a5-c90cc7575d03,2026-05-19T00:13:48.229486+00:00,96aa2fc5-4f79-4f37-87b3-6a9491c70cfe,True,,81430,fa4262f1-552b-4e6f-a795-16a36f78ad52,purchase_ticket,2026-05-19T00:13:48.229486+00:00,2026-05-18T18:13:48.072569+00:00
1d71f3eb-e14d-4824-a3a5-c90cc7575d03,2026-05-19T00:13:48.229486+00:00,562d1080-0ce7-4093-a6c9-6610aaaa6b0f,True,,81431,53eed7b0-1c5e-43b8-bcec-b2f69206b675,purchase_ticket,2026-05-19T00:13:48.229486+00:00,2026-05-18T18:13:48.072569+00:00
1d71f3eb-e14d-4824-a3a5-c90cc7575d03,2026-05-19T00:13:48.229486+00:00,503e4ef8-f052-42ed-baad-b796e0031cdd,True,,81433,3bd588b6-eaca-4b82-a2c2-c152474b0314,purchase_ticket,2026-05-19T00:13:48.229486+00:00,2026-05-18T18:13:48.072569+00:00
1d71f3eb-e14d-4824-a3a5-c90cc7575d03,2026-05-19T00:13:48.229486+00:00,64cf2b50-daaf-4ba3-9e4e-1811760113e2,True,,81434,78f65d2d-fa06-4f60-a392-fb4d0b158e8c,purchase_ticket,2026-05-19T00:13:48.229486+00:00,2026-05-18T18:13:48.072569+00:00
1d71f3eb-e14d-4824-a3a5-c90cc7575d03,2026-05-19T00:13:48.229486+00:00,1be2445b-dbad-4476-b343-749483b168a6,True,,81435,3fda1309-54eb-4dfc-8cbf-a45dcdd7a61a,purchase_ticket,2026-05-19T00:13:48.229486+00:00,2026-05-18T18:13:48.072569+00:00
1d71f3eb-e14d-4824-a3a5-c90cc7575d03,2026-05-19T00:13:48.229486+00:00,f2e0392b-3e0b-4493-95ad-d7bcbc1e75db,True,,81436,e60ea686-0dc4-4358-b979-86ab2f8747eb,purchase_ticket,2026-05-19T00:13:48.229486+00:00,2026-05-18T18:13:48.072569+00:00
1d71f3eb-e14d-4824-a3a5-c90cc7575d03,2026-05-19T00:13:48.229486+00:00,83436881-20c7-4598-b988-fe1f4b7b1a3e,True,,81438,ada4b270-4627-430f-9756-d42a39171041,purchase_ticket,2026-05-19T00:13:48.229486+00:00,2026-05-18T18:13:48.072569+00:00
1d71f3eb-e14d-4824-a3a5-c90cc7575d03,2026-05-19T00:13:48.229486+00:00,1e869aa6-0133-46de-b2b1-743217ac3f65,True,,81439-A,eea4c03d-5f43-4628-a87f-55fc662821e1,purchase_ticket,2026-05-19T00:13:48.229486+00:00,2026-05-18T18:13:48.072569+00:00
1d71f3eb-e14d-4824-a3a5-c90cc7575d03,2026-05-19T00:13:48.229486+00:00,b094da4f-b4bc-4f13-8757-dec5fa9286a1,True,,81439-B,221e77c3-fd4d-488a-b87a-fab433fc287b,purchase_ticket,2026-05-19T00:13:48.229486+00:00,2026-05-18T18:13:48.072569+00:00
1d71f3eb-e14d-4824-a3a5-c90cc7575d03,2026-05-19T00:13:48.229486+00:00,8f13cd35-2f74-4c55-8b5e-449978298263,True,,81441,618d14ff-4e5a-4b0d-9e88-ba6fbd6f848c,purchase_ticket,2026-05-19T00:13:48.229486+00:00,2026-05-18T18:13:48.072569+00:00
afb9c297-931e-4dd2-9709-5c9d007f676d,2026-05-19T23:54:16.923136+00:00,1b2c827f-5374-4cae-a01e-9521e3071f29,True,,18689,d1ab8573-6be7-4cf3-8a47-9a60446aff53,expense_voucher,2026-05-19T23:54:16.923136+00:00,2026-05-19T17:54:16.197883+00:00
afb9c297-931e-4dd2-9709-5c9d007f676d,2026-05-19T23:54:16.923136+00:00,2a65ee81-0aa9-40a4-a20f-15f6991666fe,True,,18754,b51e4e25-8796-4384-9695-d977cbfd1034,expense_voucher,2026-05-19T23:54:16.923136+00:00,2026-05-19T17:54:16.197883+00:00
cad1b027-747c-4dd8-8222-568addde7245,2026-06-22T23:53:39.464084+00:00,fdfa03c1-1b91-4d09-b276-b4b415bcedb4,True,,337,994e4d02-0b5f-4a97-a4dd-a7d4861df5e1,deposit_voucher,2026-06-22T23:53:39.464084+00:00,2026-06-22T17:53:40.610655+00:00
cad1b027-747c-4dd8-8222-568addde7245,2026-06-22T23:53:39.464084+00:00,d0ef878e-e02e-47b5-b82b-88297e04e2c8,True,,383,39643336-1829-442e-9eab-61757a88e93a,sale_ticket,2026-06-22T23:53:39.464084+00:00,2026-06-22T17:53:40.610655+00:00
afb9c297-931e-4dd2-9709-5c9d007f676d,2026-05-19T23:54:16.923136+00:00,ea3f6592-30a7-4b6a-b03d-bf1eb3a1e779,True,,55893,618c6a3c-ceb7-4886-ad8e-89dec19345d6,purchase_ticket,2026-05-19T23:54:16.923136+00:00,2026-05-19T17:54:16.197883+00:00
afb9c297-931e-4dd2-9709-5c9d007f676d,2026-05-19T23:54:16.923136+00:00,173a870f-8cee-42e7-a1d1-24e8402089de,True,,18755,1e09d18d-28a5-491a-837c-e273f652c469,expense_voucher,2026-05-19T23:54:16.923136+00:00,2026-05-19T17:54:16.197883+00:00
afb9c297-931e-4dd2-9709-5c9d007f676d,2026-05-19T23:54:16.923136+00:00,7115e8b4-1da9-4475-a1ee-80883ff0f3cc,True,,18756,3428f7ce-7758-4881-b766-192ee9309c03,expense_voucher,2026-05-19T23:54:16.923136+00:00,2026-05-19T17:54:16.197883+00:00
afb9c297-931e-4dd2-9709-5c9d007f676d,2026-05-19T23:54:16.923136+00:00,20178fb6-0796-49e4-a480-152eadaf8d50,True,,18757,f35e9b7c-469f-42f0-b671-f5619baa8dba,expense_voucher,2026-05-19T23:54:16.923136+00:00,2026-05-19T17:54:16.197883+00:00
afb9c297-931e-4dd2-9709-5c9d007f676d,2026-05-19T23:54:16.923136+00:00,f89c958f-b95c-415a-b069-a8c5550f2720,True,,18758,175b8837-9202-401b-9360-21fe762e30b5,expense_voucher,2026-05-19T23:54:16.923136+00:00,2026-05-19T17:54:16.197883+00:00
afb9c297-931e-4dd2-9709-5c9d007f676d,2026-05-19T23:54:16.923136+00:00,a0183e30-2a3b-4ec7-b016-84bc26e09a9d,True,,18759,113eedf0-a2b2-411d-93ae-a25b9d936191,expense_voucher,2026-05-19T23:54:16.923136+00:00,2026-05-19T17:54:16.197883+00:00
afb9c297-931e-4dd2-9709-5c9d007f676d,2026-05-19T23:54:16.923136+00:00,11d10ac7-d22d-46cb-81d2-b59e9eb032e3,True,,18760,5595dc8c-85f0-484a-947d-3308a011122b,expense_voucher,2026-05-19T23:54:16.923136+00:00,2026-05-19T17:54:16.197883+00:00
afb9c297-931e-4dd2-9709-5c9d007f676d,2026-05-19T23:54:16.923136+00:00,95bbbecd-4e60-4185-9fe3-d36247b681df,True,,18761,5f68ee5f-5a3c-487b-9c41-28e5fac8b045,expense_voucher,2026-05-19T23:54:16.923136+00:00,2026-05-19T17:54:16.197883+00:00
afb9c297-931e-4dd2-9709-5c9d007f676d,2026-05-19T23:54:16.923136+00:00,e55eb64c-bb8a-439c-b656-e44cbe6dc6a9,True,,18762,f40a24ab-0ed1-4902-a0fc-768c51fd8090,expense_voucher,2026-05-19T23:54:16.923136+00:00,2026-05-19T17:54:16.197883+00:00
afb9c297-931e-4dd2-9709-5c9d007f676d,2026-05-19T23:54:16.923136+00:00,4e1336e4-2397-4f1c-acc0-3c8af2f69887,True,,18763,a46c12d4-1d57-4a80-a625-17a71fa4a06f,expense_voucher,2026-05-19T23:54:16.923136+00:00,2026-05-19T17:54:16.197883+00:00
cad1b027-747c-4dd8-8222-568addde7245,2026-06-22T23:53:39.464084+00:00,36306d38-e99e-48e0-a0da-d918a6fd1dda,True,,384,7168aee1-be97-4dd9-984c-78a1d873e615,sale_ticket,2026-06-22T23:53:39.464084+00:00,2026-06-22T17:53:40.610655+00:00
afb9c297-931e-4dd2-9709-5c9d007f676d,2026-05-19T23:54:16.923136+00:00,7b433c3c-9419-4062-8d9d-71dc1c51d2d8,True,,18765,024d08e5-ea3d-44a5-8564-1d439a1bec4a,expense_voucher,2026-05-19T23:54:16.923136+00:00,2026-05-19T17:54:16.197883+00:00
afb9c297-931e-4dd2-9709-5c9d007f676d,2026-05-19T23:54:16.923136+00:00,e3c448c8-ccb9-4f1e-b85a-79ae929cf31f,True,,18766,b9a591e9-1d2f-4669-86c9-e07486523647,expense_voucher,2026-05-19T23:54:16.923136+00:00,2026-05-19T17:54:16.197883+00:00
afb9c297-931e-4dd2-9709-5c9d007f676d,2026-05-19T23:54:16.923136+00:00,2ddfb0e7-d605-4223-bfd2-47604cdbdff6,True,,18767,1cc9d5cd-bca6-4516-9cfc-b2049ce47b01,expense_voucher,2026-05-19T23:54:16.923136+00:00,2026-05-19T17:54:16.197883+00:00
afb9c297-931e-4dd2-9709-5c9d007f676d,2026-05-19T23:54:16.923136+00:00,cd9652c5-4c6a-4d33-8bb3-c6e260cca33e,True,,18768,7e37a233-a83f-43e5-b500-2b6d01ac96d1,expense_voucher,2026-05-19T23:54:16.923136+00:00,2026-05-19T17:54:16.197883+00:00
afb9c297-931e-4dd2-9709-5c9d007f676d,2026-05-19T23:54:16.923136+00:00,cb0a4c8b-4937-4269-a718-7a6bf3f99a5b,True,,246,c4045267-321b-4303-869e-523d83b118c4,deposit_voucher,2026-05-19T23:54:16.923136+00:00,2026-05-19T17:54:16.197883+00:00
afb9c297-931e-4dd2-9709-5c9d007f676d,2026-05-19T23:54:16.923136+00:00,698f27e0-f74d-4d71-98b6-52db875230cf,True,,247,94c2fb30-e0b8-47c7-9094-824753166600,deposit_voucher,2026-05-19T23:54:16.923136+00:00,2026-05-19T17:54:16.197883+00:00
afb9c297-931e-4dd2-9709-5c9d007f676d,2026-05-19T23:54:16.923136+00:00,e44345e1-1f42-4d35-b51e-ef10c859ad04,True,,248,803d3553-9b6f-4946-b273-ead0cf6346c1,deposit_voucher,2026-05-19T23:54:16.923136+00:00,2026-05-19T17:54:16.197883+00:00
afb9c297-931e-4dd2-9709-5c9d007f676d,2026-05-19T23:54:16.923136+00:00,cc41f977-b7f3-4b22-b988-19b1fdb6f7d9,True,,249,036393a6-c09e-42ea-8cd1-1732d0584a79,deposit_voucher,2026-05-19T23:54:16.923136+00:00,2026-05-19T17:54:16.197883+00:00
afb9c297-931e-4dd2-9709-5c9d007f676d,2026-05-19T23:54:16.923136+00:00,44c3f6d6-5096-46a8-8139-03decc83f784,True,,369,83357102-e273-47e5-b604-857f51a15622,sale_ticket,2026-05-19T23:54:16.923136+00:00,2026-05-19T17:54:16.197883+00:00
afb9c297-931e-4dd2-9709-5c9d007f676d,2026-05-19T23:54:16.923136+00:00,c381a2aa-1921-45bd-9daf-f294653581b8,True,,78838,fd4ce0ef-bec1-4d56-960d-619126bd4bfa,sale_ticket,2026-05-19T23:54:16.923136+00:00,2026-05-19T17:54:16.197883+00:00
afb9c297-931e-4dd2-9709-5c9d007f676d,2026-05-19T23:54:16.923136+00:00,f46a107a-63e0-41a1-ab9f-c30baa29d37d,True,,78841,324432a3-2c46-4e7d-a6f2-c4fd7ff6f388,sale_ticket,2026-05-19T23:54:16.923136+00:00,2026-05-19T17:54:16.197883+00:00
afb9c297-931e-4dd2-9709-5c9d007f676d,2026-05-19T23:54:16.923136+00:00,92ddacbf-6349-4bc2-8dba-102898cf00ce,True,,55891,4e28b4da-8701-4660-9f60-71d0288cfb14,purchase_ticket,2026-05-19T23:54:16.923136+00:00,2026-05-19T17:54:16.197883+00:00
afb9c297-931e-4dd2-9709-5c9d007f676d,2026-05-19T23:54:16.923136+00:00,ac1c447e-543b-499b-8921-2dd048eb64b9,True,,55901,20a0fdc0-4836-4416-b0a4-742fe90230ff,purchase_ticket,2026-05-19T23:54:16.923136+00:00,2026-05-19T17:54:16.197883+00:00
afb9c297-931e-4dd2-9709-5c9d007f676d,2026-05-19T23:54:16.923136+00:00,7db186f1-a87a-4753-baa0-9f5e71d52e20,True,,55907,e4907be3-473a-4b2a-9ef8-e6eef1bf529b,purchase_ticket,2026-05-19T23:54:16.923136+00:00,2026-05-19T17:54:16.197883+00:00
afb9c297-931e-4dd2-9709-5c9d007f676d,2026-05-19T23:54:16.923136+00:00,ae74d5f2-81f3-466c-aa81-22d80c499c64,True,,55908,7a3ad033-2dc5-4a78-a4fd-922f74c1e41a,purchase_ticket,2026-05-19T23:54:16.923136+00:00,2026-05-19T17:54:16.197883+00:00
afb9c297-931e-4dd2-9709-5c9d007f676d,2026-05-19T23:54:16.923136+00:00,bc0617a7-3da7-4c80-909b-cb98d6a773a0,True,,55909,9da013ba-1221-49c2-851f-80315b82a7e6,purchase_ticket,2026-05-19T23:54:16.923136+00:00,2026-05-19T17:54:16.198879+00:00
afb9c297-931e-4dd2-9709-5c9d007f676d,2026-05-19T23:54:16.923136+00:00,109b1d34-cd4f-490b-a41b-6960e64e447a,True,,55911,486eb812-0a99-412a-820e-5c25aca53eaa,purchase_ticket,2026-05-19T23:54:16.923136+00:00,2026-05-19T17:54:16.198879+00:00
afb9c297-931e-4dd2-9709-5c9d007f676d,2026-05-19T23:54:16.923136+00:00,1535ab7e-ab95-40a0-a4ae-5e7057fccda3,True,,55912,772937eb-92ff-4138-9bce-5c6bf2bd0ff2,purchase_ticket,2026-05-19T23:54:16.923136+00:00,2026-05-19T17:54:16.198879+00:00
afb9c297-931e-4dd2-9709-5c9d007f676d,2026-05-19T23:54:16.923136+00:00,450cbc17-15fa-4f78-a939-58a65689dd57,True,,55913,39201cea-159e-4ba8-a2a4-e2fb44cfaca7,purchase_ticket,2026-05-19T23:54:16.923136+00:00,2026-05-19T17:54:16.198879+00:00
afb9c297-931e-4dd2-9709-5c9d007f676d,2026-05-19T23:54:16.923136+00:00,ac687958-aba2-4fc2-9330-b22bc1a23ad9,True,AUXILIO,18736,dce8c4aa-3cca-4c1d-993b-d177ec3fe6b9,deposit_voucher,2026-05-21T22:39:57.863448+00:00,2026-05-21T16:39:58.018506+00:00
afb9c297-931e-4dd2-9709-5c9d007f676d,2026-05-19T23:54:16.923136+00:00,d82f7425-e3c7-447e-af99-16b9cc774511,True,COMPROBAR,18764,ab2d198b-8c73-41ec-a2a7-1d2957137de3,expense_voucher,2026-05-21T22:39:57.863448+00:00,2026-05-21T16:39:58.018506+00:00
afb9c297-931e-4dd2-9709-5c9d007f676d,2026-05-19T23:54:16.923136+00:00,d8fed7fb-b9cc-475c-a5e8-f285f68f8cb7,True,,55914,16130837-5469-4ace-a018-abe8f919ad39,purchase_ticket,2026-05-19T23:54:16.923136+00:00,2026-05-19T17:54:16.198879+00:00
afb9c297-931e-4dd2-9709-5c9d007f676d,2026-05-19T23:54:16.923136+00:00,bfde152a-d9b3-4e48-870b-c74293cacd0a,True,,55915,da80d915-6e24-4b60-a626-38f8a55e3e51,purchase_ticket,2026-05-19T23:54:16.923136+00:00,2026-05-19T17:54:16.198879+00:00
afb9c297-931e-4dd2-9709-5c9d007f676d,2026-05-19T23:54:16.923136+00:00,412e5b1d-d421-44a2-a4fd-d151f823e639,True,,55916,d95c2073-60da-4959-af4b-156721f97c0e,purchase_ticket,2026-05-19T23:54:16.923136+00:00,2026-05-19T17:54:16.198879+00:00
afb9c297-931e-4dd2-9709-5c9d007f676d,2026-05-19T23:54:16.923136+00:00,3ffaa4fd-2603-4be0-9888-532c882cdc8f,True,,55917,919b4694-0b47-465c-b039-7864b3a2e2f1,purchase_ticket,2026-05-19T23:54:16.923136+00:00,2026-05-19T17:54:16.198879+00:00
afb9c297-931e-4dd2-9709-5c9d007f676d,2026-05-19T23:54:16.923136+00:00,4077cafb-c98b-4407-81e0-baa363f46f53,True,,55918,c56b8d32-c957-4c07-ab2b-f2b41b094b6c,purchase_ticket,2026-05-19T23:54:16.923136+00:00,2026-05-19T17:54:16.198879+00:00
afb9c297-931e-4dd2-9709-5c9d007f676d,2026-05-19T23:54:16.923136+00:00,105bcdc7-dd20-4e5c-8ccf-0f1252aded37,True,,55919,4fff7bd1-9200-48a9-8c97-c1df2a54eb33,purchase_ticket,2026-05-19T23:54:16.923136+00:00,2026-05-19T17:54:16.198879+00:00
afb9c297-931e-4dd2-9709-5c9d007f676d,2026-05-19T23:54:16.923136+00:00,9bf3d1e7-ea5b-4c47-b614-cd3bfc30e706,True,,55921,8d269339-69e0-49b6-85a1-ca1b5e20e46b,purchase_ticket,2026-05-19T23:54:16.923136+00:00,2026-05-19T17:54:16.198879+00:00
afb9c297-931e-4dd2-9709-5c9d007f676d,2026-05-19T23:54:16.923136+00:00,83c292a9-af48-455b-b2de-5c157faa0a38,True,,55922,9cf096c2-5b35-4972-bdf9-b21f4f62e677,purchase_ticket,2026-05-19T23:54:16.923136+00:00,2026-05-19T17:54:16.198879+00:00
afb9c297-931e-4dd2-9709-5c9d007f676d,2026-05-19T23:54:16.923136+00:00,7b4ecb44-d70b-47b4-96ca-23d0b869bc02,True,,55923,beef5639-fabe-4e2f-9ce4-26e79c7dcd82,purchase_ticket,2026-05-19T23:54:16.923136+00:00,2026-05-19T17:54:16.198879+00:00
afb9c297-931e-4dd2-9709-5c9d007f676d,2026-05-19T23:54:16.923136+00:00,99c2c85e-66c6-440a-ac1e-40a5cb667d14,True,,55924,9c46ef1e-a955-47a6-b396-740dd02cc02b,purchase_ticket,2026-05-19T23:54:16.923136+00:00,2026-05-19T17:54:16.198879+00:00
afb9c297-931e-4dd2-9709-5c9d007f676d,2026-05-19T23:54:16.923136+00:00,df2e94f9-042b-4c3a-b267-473319ad0f34,True,,55925,8306c780-9347-44e6-aa03-2e0470ca98ed,purchase_ticket,2026-05-19T23:54:16.923136+00:00,2026-05-19T17:54:16.198879+00:00
afb9c297-931e-4dd2-9709-5c9d007f676d,2026-05-19T23:54:16.923136+00:00,7d7bd32c-d1e7-4b70-8918-e24c5ce262f5,True,,55926,e838730f-c355-465b-8e70-40cf7fc744a1,purchase_ticket,2026-05-19T23:54:16.923136+00:00,2026-05-19T17:54:16.198879+00:00
afb9c297-931e-4dd2-9709-5c9d007f676d,2026-05-19T23:54:16.923136+00:00,7c222721-2521-4e30-86cf-995f58388d10,True,,55927,8cddd7be-8512-489f-8b6e-568bc6861034,purchase_ticket,2026-05-19T23:54:16.923136+00:00,2026-05-19T17:54:16.198879+00:00
afb9c297-931e-4dd2-9709-5c9d007f676d,2026-05-19T23:54:16.923136+00:00,8ea38d97-f2a6-42dd-b11a-a7c517fc7a0a,True,,55928,7b512df8-69fb-4c18-a2a3-c9981476f64f,purchase_ticket,2026-05-19T23:54:16.923136+00:00,2026-05-19T17:54:16.198879+00:00
afb9c297-931e-4dd2-9709-5c9d007f676d,2026-05-19T23:54:16.923136+00:00,d2d1a370-4c04-4d42-a05f-6fa255431868,True,,55929,f7e7619b-a974-4a19-95aa-51ff5457ddb6,purchase_ticket,2026-05-19T23:54:16.923136+00:00,2026-05-19T17:54:16.198879+00:00
afb9c297-931e-4dd2-9709-5c9d007f676d,2026-05-19T23:54:16.923136+00:00,ae1548c9-1ecd-4677-8c07-066afbb53c05,True,,55930,71045ea7-a71e-4274-80d2-be7102f1f4c1,purchase_ticket,2026-05-19T23:54:16.923136+00:00,2026-05-19T17:54:16.198879+00:00
afb9c297-931e-4dd2-9709-5c9d007f676d,2026-05-19T23:54:16.923136+00:00,25807277-8f12-4a67-905f-bd40895923ec,True,,55931,f9ee3de7-bb30-4fd3-88b3-9e3bdfdc8e2c,purchase_ticket,2026-05-19T23:54:16.923136+00:00,2026-05-19T17:54:16.198879+00:00
afb9c297-931e-4dd2-9709-5c9d007f676d,2026-05-19T23:54:16.923136+00:00,82205dff-ba6b-42ae-aa8b-b2e6aef33ac1,True,,55932,19852c56-ded1-4326-8b64-6d1a73f46972,purchase_ticket,2026-05-19T23:54:16.923136+00:00,2026-05-19T17:54:16.198879+00:00
afb9c297-931e-4dd2-9709-5c9d007f676d,2026-05-19T23:54:16.923136+00:00,6185d370-6871-4758-b256-c449e19bddab,True,,55934,e85aadd1-947c-4580-a8e7-09a2e8646159,purchase_ticket,2026-05-19T23:54:16.923136+00:00,2026-05-19T17:54:16.198879+00:00
afb9c297-931e-4dd2-9709-5c9d007f676d,2026-05-19T23:54:16.923136+00:00,f22e7f6a-6a68-4d03-9dd6-aa5d74ba1a78,True,,55935,2b3a4c74-0e15-4bda-8cf9-16ba3ed76d2f,purchase_ticket,2026-05-19T23:54:16.923136+00:00,2026-05-19T17:54:16.198879+00:00
afb9c297-931e-4dd2-9709-5c9d007f676d,2026-05-19T23:54:16.923136+00:00,dfa7e9d0-e04b-4279-a0fd-7ed2a6a564fd,True,,55936,e9df5f55-ab76-4a65-a33a-f7f1eb53dd30,purchase_ticket,2026-05-19T23:54:16.923136+00:00,2026-05-19T17:54:16.198879+00:00
afb9c297-931e-4dd2-9709-5c9d007f676d,2026-05-19T23:54:16.923136+00:00,00ca9a09-9bfe-4921-87df-8ee159e9b3e1,True,,55937,8e869940-3d11-4e83-bf2f-591d24b379af,purchase_ticket,2026-05-19T23:54:16.923136+00:00,2026-05-19T17:54:16.198879+00:00
afb9c297-931e-4dd2-9709-5c9d007f676d,2026-05-19T23:54:16.923136+00:00,40a90b2e-eca7-477a-b4f7-fc0da63ca955,True,,55938,931fcafe-943f-405b-8757-d6d5b3e3a24b,purchase_ticket,2026-05-19T23:54:16.923136+00:00,2026-05-19T17:54:16.198879+00:00
afb9c297-931e-4dd2-9709-5c9d007f676d,2026-05-19T23:54:16.923136+00:00,b8b303d1-b3b3-4799-b120-8c70084454bf,True,,55939,a779c306-b270-4b8c-af74-66ac1afd246f,purchase_ticket,2026-05-19T23:54:16.923136+00:00,2026-05-19T17:54:16.198879+00:00
afb9c297-931e-4dd2-9709-5c9d007f676d,2026-05-19T23:54:16.923136+00:00,0eadad17-1d20-46ef-a7a2-8c5eb6dee957,True,,55940,08100545-c9a6-449c-8784-72e451b39359,purchase_ticket,2026-05-19T23:54:16.923136+00:00,2026-05-19T17:54:16.198879+00:00
afb9c297-931e-4dd2-9709-5c9d007f676d,2026-05-19T23:54:16.923136+00:00,82a67228-10fe-4604-bb0e-5692e198b423,True,,55941-A,5bc1cc6d-b358-4dea-ad81-de7aa165b63b,purchase_ticket,2026-05-19T23:54:16.923136+00:00,2026-05-19T17:54:16.198879+00:00
afb9c297-931e-4dd2-9709-5c9d007f676d,2026-05-19T23:54:16.923136+00:00,034d8903-2481-4019-8d01-596bb86b8ec1,True,,55941-B,f4da4288-ffc7-49a1-ae37-6f341caaab4f,purchase_ticket,2026-05-19T23:54:16.923136+00:00,2026-05-19T17:54:16.198879+00:00
afb9c297-931e-4dd2-9709-5c9d007f676d,2026-05-19T23:54:16.923136+00:00,880a6856-878d-42bd-8512-1dee325c5289,True,,55942,c38f49c7-ba2e-4125-9054-1c8af2f3653c,purchase_ticket,2026-05-19T23:54:16.923136+00:00,2026-05-19T17:54:16.198879+00:00
afb9c297-931e-4dd2-9709-5c9d007f676d,2026-05-19T23:54:16.923136+00:00,a22006ed-1eeb-4482-baac-2adf72d76344,True,,55943,49512317-91c5-46b8-99bf-8d3c491dbd7e,purchase_ticket,2026-05-19T23:54:16.923136+00:00,2026-05-19T17:54:16.198879+00:00
afb9c297-931e-4dd2-9709-5c9d007f676d,2026-05-19T23:54:16.923136+00:00,5c21c9b6-43f2-4bbc-b1a1-401c76fe8924,True,,55945,d13e1e19-44f2-43c1-a347-cd08222b56e9,purchase_ticket,2026-05-19T23:54:16.923136+00:00,2026-05-19T17:54:16.198879+00:00
afb9c297-931e-4dd2-9709-5c9d007f676d,2026-05-19T23:54:16.923136+00:00,46d3bd80-a043-4133-821e-86e4bff16a43,True,,55946,c183020b-104f-4d94-a859-0231796ccba5,purchase_ticket,2026-05-19T23:54:16.923136+00:00,2026-05-19T17:54:16.198879+00:00
afb9c297-931e-4dd2-9709-5c9d007f676d,2026-05-19T23:54:16.923136+00:00,fce067a0-2ebe-4327-983d-6bde19e2b747,True,,81443,21c4cbfb-8eb8-4850-ac5b-f9f805dcb364,purchase_ticket,2026-05-19T23:54:16.923136+00:00,2026-05-19T17:54:16.198879+00:00
afb9c297-931e-4dd2-9709-5c9d007f676d,2026-05-19T23:54:16.923136+00:00,3a3e8c5e-5367-45e9-9433-2c1ff981581c,True,,81445-A,5e9defb2-beb4-435a-bc58-d81f75772b64,purchase_ticket,2026-05-19T23:54:16.923136+00:00,2026-05-19T17:54:16.198879+00:00
afb9c297-931e-4dd2-9709-5c9d007f676d,2026-05-19T23:54:16.923136+00:00,2b785bb4-92f6-42f7-9471-4ca700112b73,True,,81445-B,a1503da1-d7a6-421b-be6c-f184859f9956,purchase_ticket,2026-05-19T23:54:16.923136+00:00,2026-05-19T17:54:16.198879+00:00
afb9c297-931e-4dd2-9709-5c9d007f676d,2026-05-19T23:54:16.923136+00:00,c6f289d3-b9ea-4017-8ed3-7be419fc986b,True,,81451-A,4a52fbf0-4c4d-46d6-96fa-da13b656b83a,purchase_ticket,2026-05-19T23:54:16.923136+00:00,2026-05-19T17:54:16.198879+00:00
afb9c297-931e-4dd2-9709-5c9d007f676d,2026-05-19T23:54:16.923136+00:00,9b95adf6-eab2-4cb2-a7da-a67a3f7b814b,True,,81451-B,e92a4597-5583-460d-acb2-66bbac931de7,purchase_ticket,2026-05-19T23:54:16.923136+00:00,2026-05-19T17:54:16.198879+00:00
afb9c297-931e-4dd2-9709-5c9d007f676d,2026-05-19T23:54:16.923136+00:00,3cd39614-4496-4265-9535-9064a0fa7b96,True,,81452,adfb2f87-fd76-4528-af9e-f082c0685c83,purchase_ticket,2026-05-19T23:54:16.923136+00:00,2026-05-19T17:54:16.198879+00:00
afb9c297-931e-4dd2-9709-5c9d007f676d,2026-05-19T23:54:16.923136+00:00,fc1c2965-fb79-44ba-bc6d-bcb3f5bb9756,True,,81455,a1491b50-7845-496d-a5c2-bce03fe3decc,purchase_ticket,2026-05-19T23:54:16.923136+00:00,2026-05-19T17:54:16.198879+00:00
afb9c297-931e-4dd2-9709-5c9d007f676d,2026-05-19T23:54:16.923136+00:00,65dc1da2-a2a3-420a-a473-7df1bb2f9a20,True,,81456,3ce10604-02e4-405f-be63-42f0875c52f1,purchase_ticket,2026-05-19T23:54:16.923136+00:00,2026-05-19T17:54:16.198879+00:00
afb9c297-931e-4dd2-9709-5c9d007f676d,2026-05-19T23:54:16.923136+00:00,acd80a58-96f0-4284-bb16-e3db54ed0ecc,True,,81457,4806b96b-b0d2-4f0a-86bd-5ac04dfa61a0,purchase_ticket,2026-05-19T23:54:16.923136+00:00,2026-05-19T17:54:16.198879+00:00
afb9c297-931e-4dd2-9709-5c9d007f676d,2026-05-19T23:54:16.923136+00:00,809a0e48-23c2-42fc-bfd8-72e169e2044f,True,,81459,72940785-006b-4efc-ad93-009a0e836972,purchase_ticket,2026-05-19T23:54:16.923136+00:00,2026-05-19T17:54:16.199876+00:00
afb9c297-931e-4dd2-9709-5c9d007f676d,2026-05-19T23:54:16.923136+00:00,f52de6e9-5def-4379-89e5-19142a11be82,True,,81460,343c3b76-6ece-4085-a06b-70ca2ff81e51,purchase_ticket,2026-05-19T23:54:16.923136+00:00,2026-05-19T17:54:16.199876+00:00
afb9c297-931e-4dd2-9709-5c9d007f676d,2026-05-19T23:54:16.923136+00:00,b619e725-b7cc-4a65-8e9a-0d96da2b0d45,True,,81462,f56cda5f-93f8-4ad6-a320-3d2ff4d1c8bb,purchase_ticket,2026-05-19T23:54:16.923136+00:00,2026-05-19T17:54:16.199876+00:00
afb9c297-931e-4dd2-9709-5c9d007f676d,2026-05-19T23:54:16.923136+00:00,61a43096-7b75-465c-83ad-a7cd6a66b957,True,,81463,65a9a716-168a-4478-aaf0-0d3216353617,purchase_ticket,2026-05-19T23:54:16.923136+00:00,2026-05-19T17:54:16.199876+00:00
afb9c297-931e-4dd2-9709-5c9d007f676d,2026-05-19T23:54:16.923136+00:00,2d417b81-0d36-4bc6-9ed7-b5fd318b7cc5,True,,81464,4fbb76e2-d322-43cf-8c38-4a5fd64e188c,purchase_ticket,2026-05-19T23:54:16.923136+00:00,2026-05-19T17:54:16.199876+00:00
afb9c297-931e-4dd2-9709-5c9d007f676d,2026-05-19T23:54:16.923136+00:00,399d2f51-8226-4adf-b8b5-7a9ff0e99ec2,True,,81467,258ce4cb-ce39-40ef-a65f-d09a22b89176,purchase_ticket,2026-05-19T23:54:16.923136+00:00,2026-05-19T17:54:16.199876+00:00
afb9c297-931e-4dd2-9709-5c9d007f676d,2026-05-19T23:54:16.923136+00:00,d0dd83ea-c071-4be1-8de2-6c7b0db5ec06,True,,81472,a71a0b0c-fbce-4d3f-b1d7-b7f22093f739,purchase_ticket,2026-05-19T23:54:16.923136+00:00,2026-05-19T17:54:16.199876+00:00
afb9c297-931e-4dd2-9709-5c9d007f676d,2026-05-19T23:54:16.923136+00:00,92eb7eea-968e-4b28-ba19-d3b3c4ccb824,True,,81473,3e0969ef-7d76-4ccd-b018-04a06169c6a4,purchase_ticket,2026-05-19T23:54:16.923136+00:00,2026-05-19T17:54:16.199876+00:00
afb9c297-931e-4dd2-9709-5c9d007f676d,2026-05-19T23:54:16.923136+00:00,883adc5c-72c7-41db-8b53-cad741b88cbb,True,,81476,39c0fab5-7d89-439c-b8b3-19c133f47613,purchase_ticket,2026-05-19T23:54:16.923136+00:00,2026-05-19T17:54:16.199876+00:00
afb9c297-931e-4dd2-9709-5c9d007f676d,2026-05-19T23:54:16.923136+00:00,388f1e86-ad4a-4d0a-bf9c-2381a3fabd4b,True,,81477-A,7210862e-486a-4c5b-98c7-f09652782cef,purchase_ticket,2026-05-19T23:54:16.923136+00:00,2026-05-19T17:54:16.199876+00:00
afb9c297-931e-4dd2-9709-5c9d007f676d,2026-05-19T23:54:16.923136+00:00,4a263848-7e42-453c-a3e4-d20e0aae96ad,True,,81477-B,2dfa64f5-af9c-4f04-adda-f4d0c5fadb29,purchase_ticket,2026-05-19T23:54:16.923136+00:00,2026-05-19T17:54:16.199876+00:00
1d71f3eb-e14d-4824-a3a5-c90cc7575d03,2026-05-19T00:13:48.229486+00:00,a22b8dc5-3f84-4559-a173-3f6081410753,True,COMPROBAR,18754,b51e4e25-8796-4384-9695-d977cbfd1034,expense_voucher,2026-05-20T14:04:14.837513+00:00,2026-05-20T08:04:14.723794+00:00
1d71f3eb-e14d-4824-a3a5-c90cc7575d03,2026-05-19T00:13:48.229486+00:00,4b5fa711-9dbe-4f90-8492-d6360caf3c57,True,COMPROBAR,18736,dce8c4aa-3cca-4c1d-993b-d177ec3fe6b9,deposit_voucher,2026-05-20T14:04:14.837513+00:00,2026-05-20T08:04:14.723794+00:00
1d71f3eb-e14d-4824-a3a5-c90cc7575d03,2026-05-19T00:13:48.229486+00:00,50bbee24-7447-4a1d-8551-61ae0c4ca78e,True,COMPROBAR,214,287d7ae2-c0ef-43d6-9eb0-59a5fea6a9a9,sale_ticket,2026-05-20T14:04:14.837513+00:00,2026-05-20T08:04:14.723794+00:00
1d71f3eb-e14d-4824-a3a5-c90cc7575d03,2026-05-19T00:13:48.229486+00:00,46a55686-9059-428e-94f6-04b067143c63,True,ERROR EN PAGO,55893,618c6a3c-ceb7-4886-ad8e-89dec19345d6,purchase_ticket,2026-05-20T14:04:14.837513+00:00,2026-05-20T08:04:14.723794+00:00
afb9c297-931e-4dd2-9709-5c9d007f676d,2026-05-19T23:54:16.923136+00:00,be8e5858-af47-4640-a5aa-04c4735b12f0,True,COMPROBAR,214,287d7ae2-c0ef-43d6-9eb0-59a5fea6a9a9,sale_ticket,2026-05-20T23:02:15.819781+00:00,2026-05-20T17:02:16.900954+00:00
afb9c297-931e-4dd2-9709-5c9d007f676d,2026-05-19T23:54:16.923136+00:00,05d7a918-7cc1-49a9-930c-9a9b058002e7,True,COMPROBAR,218,1b1acafc-0956-4afe-8762-abd1f14ad1fe,sale_ticket,2026-05-20T23:02:15.819781+00:00,2026-05-20T17:02:16.900954+00:00
afb9c297-931e-4dd2-9709-5c9d007f676d,2026-05-19T23:54:16.923136+00:00,52a2f286-8e5f-4e82-a7f5-5e6a2fcc2fca,True,COMPROBAR,222,6f4cd15d-ac29-42ee-8bf1-6a874cc93da0,sale_ticket,2026-05-20T23:02:15.819781+00:00,2026-05-20T17:02:16.900954+00:00
cad1b027-747c-4dd8-8222-568addde7245,2026-06-22T23:53:39.464084+00:00,e8fd4d34-c050-4248-8d0d-14671dc26904,True,,46412,66fc489a-e40b-43df-a81d-cefc88ded4d4,sale_ticket,2026-06-22T23:53:39.464084+00:00,2026-06-22T17:53:40.610655+00:00
cad1b027-747c-4dd8-8222-568addde7245,2026-06-22T23:53:39.464084+00:00,2965347b-c902-44c5-8ccb-b080ffa7293f,True,,57159,a2d435b5-76f6-4496-8144-f2b2676378a3,purchase_ticket,2026-06-22T23:53:39.464084+00:00,2026-06-22T17:53:40.610655+00:00
5aa19ebf-573e-40f4-9db1-c7ac9ffba0cf,2026-05-21T00:03:28.359363+00:00,0fe5f1fa-4f2f-4f7d-b207-ac3377fa0e1f,True,,18769,4c5d851a-b6f9-4b78-9f64-6812dd65d2be,expense_voucher,2026-05-21T00:03:28.359363+00:00,2026-05-20T18:03:29.629621+00:00
5aa19ebf-573e-40f4-9db1-c7ac9ffba0cf,2026-05-21T00:03:28.359363+00:00,f1aad2d7-fba9-416e-bad6-d59df2c1cbc7,True,,18770,59786210-bdce-4a68-afb0-e0df16ca450d,expense_voucher,2026-05-21T00:03:28.359363+00:00,2026-05-20T18:03:29.629621+00:00
5aa19ebf-573e-40f4-9db1-c7ac9ffba0cf,2026-05-21T00:03:28.359363+00:00,cf83cd45-244b-481e-a49e-20e488a7824d,True,,18771,328e97fa-25d4-47ea-887a-c661692f4ba9,expense_voucher,2026-05-21T00:03:28.359363+00:00,2026-05-20T18:03:29.629621+00:00
5aa19ebf-573e-40f4-9db1-c7ac9ffba0cf,2026-05-21T00:03:28.359363+00:00,14d829c2-e137-4225-b489-8cf507c1c126,True,,18772,a5a18fc6-7fdd-4bc9-b439-cf17c3b88461,expense_voucher,2026-05-21T00:03:28.359363+00:00,2026-05-20T18:03:29.629621+00:00
5aa19ebf-573e-40f4-9db1-c7ac9ffba0cf,2026-05-21T00:03:28.359363+00:00,eacc3438-ade8-4f91-bf45-ff7ba8304e38,True,,18773,d9ffaee5-f74e-4694-822d-a70e6468113f,expense_voucher,2026-05-21T00:03:28.359363+00:00,2026-05-20T18:03:29.629621+00:00
5aa19ebf-573e-40f4-9db1-c7ac9ffba0cf,2026-05-21T00:03:28.359363+00:00,bf394688-ff30-454b-9bc9-255ae86c7b9a,True,,18774,e6c43525-2b98-4571-85d3-342ce563c6bd,expense_voucher,2026-05-21T00:03:28.359363+00:00,2026-05-20T18:03:29.629621+00:00
5aa19ebf-573e-40f4-9db1-c7ac9ffba0cf,2026-05-21T00:03:28.359363+00:00,f92ff3c4-6019-42bf-b356-0686a08a5f65,True,,18775,1590a7d6-2c5a-4925-85dc-3a5af137e8cd,expense_voucher,2026-05-21T00:03:28.359363+00:00,2026-05-20T18:03:29.630615+00:00
5aa19ebf-573e-40f4-9db1-c7ac9ffba0cf,2026-05-21T00:03:28.359363+00:00,fa0af4d3-f7c6-4f68-95a5-53d31bf1ad27,True,,18776,50b1b510-c82f-4027-b22d-9ef0ae61e6a5,expense_voucher,2026-05-21T00:03:28.359363+00:00,2026-05-20T18:03:29.630615+00:00
5aa19ebf-573e-40f4-9db1-c7ac9ffba0cf,2026-05-21T00:03:28.359363+00:00,7aca61cc-d75d-4df2-a794-8ef2737254ad,True,,18777,4e138b75-096f-49bf-a87b-4c63b55c86fe,expense_voucher,2026-05-21T00:03:28.359363+00:00,2026-05-20T18:03:29.630615+00:00
5aa19ebf-573e-40f4-9db1-c7ac9ffba0cf,2026-05-21T00:03:28.359363+00:00,87c46653-f618-4dae-a32a-0d8c538c07a3,True,,18778,22e88dc4-9871-46df-9150-f08aa922c2c1,expense_voucher,2026-05-21T00:03:28.359363+00:00,2026-05-20T18:03:29.630615+00:00
5aa19ebf-573e-40f4-9db1-c7ac9ffba0cf,2026-05-21T00:03:28.359363+00:00,f2f96c8a-b7ad-4d81-a76a-df4514fac4eb,True,,18779,b75b3be5-a5bc-4eef-94f0-856792def5ea,expense_voucher,2026-05-21T00:03:28.359363+00:00,2026-05-20T18:03:29.630615+00:00
5aa19ebf-573e-40f4-9db1-c7ac9ffba0cf,2026-05-21T00:03:28.359363+00:00,858327d2-6c74-4237-8121-f62d43fa6cba,True,,18780,26e5cce4-0b50-4d4e-bae0-f6793562d10e,expense_voucher,2026-05-21T00:03:28.359363+00:00,2026-05-20T18:03:29.630615+00:00
5aa19ebf-573e-40f4-9db1-c7ac9ffba0cf,2026-05-21T00:03:28.359363+00:00,8f0b3f91-f713-4c1e-a6b6-4c5898ebef5f,True,,18781,37655bdc-0722-4a27-be8f-50da43f8d7f5,expense_voucher,2026-05-21T00:03:28.359363+00:00,2026-05-20T18:03:29.630615+00:00
5aa19ebf-573e-40f4-9db1-c7ac9ffba0cf,2026-05-21T00:03:28.359363+00:00,13b98f84-b3c7-4ba3-b679-8123adc3f658,True,,18782,119b32ee-86fe-46ec-be8e-9df2cf683394,expense_voucher,2026-05-21T00:03:28.359363+00:00,2026-05-20T18:03:29.630615+00:00
5aa19ebf-573e-40f4-9db1-c7ac9ffba0cf,2026-05-21T00:03:28.359363+00:00,8ebaa4c5-49f8-4a91-8cd7-4d66493ba5f8,True,,18783,155ace1a-9a79-4c22-969a-9aa776ce3db1,expense_voucher,2026-05-21T00:03:28.359363+00:00,2026-05-20T18:03:29.630615+00:00
cad1b027-747c-4dd8-8222-568addde7245,2026-06-22T23:53:39.464084+00:00,2f45e8b9-ba17-4c4b-82d2-e3231737bfa8,True,,57160,24500df3-0867-49c0-9980-b2ba245788df,purchase_ticket,2026-06-22T23:53:39.464084+00:00,2026-06-22T17:53:40.610655+00:00
5aa19ebf-573e-40f4-9db1-c7ac9ffba0cf,2026-05-21T00:03:28.359363+00:00,a92b9df4-4fbe-4e81-b9a6-778b94c03bd7,True,,250,93653a4f-a938-48a3-a4f8-71768c9decf8,deposit_voucher,2026-05-21T00:03:28.359363+00:00,2026-05-20T18:03:29.630615+00:00
5aa19ebf-573e-40f4-9db1-c7ac9ffba0cf,2026-05-21T00:03:28.359363+00:00,f8be0dd3-2713-43d8-b83f-eef05915afd4,True,,251,efe4d4af-db8a-4252-b932-2984129a1047,deposit_voucher,2026-05-21T00:03:28.359363+00:00,2026-05-20T18:03:29.630615+00:00
5aa19ebf-573e-40f4-9db1-c7ac9ffba0cf,2026-05-21T00:03:28.359363+00:00,5e6dea5c-f80a-4de6-939d-cd2f9bf7cdba,True,,78846,6ca084b9-9970-40a5-a977-2e9077ee4323,sale_ticket,2026-05-21T00:03:28.359363+00:00,2026-05-20T18:03:29.630615+00:00
5aa19ebf-573e-40f4-9db1-c7ac9ffba0cf,2026-05-21T00:03:28.359363+00:00,d1b4774b-fb7d-4a8e-8662-3cc34958fea0,True,,78850,e73792a1-f42d-41ea-adde-c8a3b2e69263,sale_ticket,2026-05-21T00:03:28.359363+00:00,2026-05-20T18:03:29.630615+00:00
5aa19ebf-573e-40f4-9db1-c7ac9ffba0cf,2026-05-21T00:03:28.359363+00:00,d0b827b4-5b52-4631-8ffe-f8d5c588d152,True,,55920,d2cbed7c-bb59-4167-b820-967c93e617d0,purchase_ticket,2026-05-21T00:03:28.359363+00:00,2026-05-20T18:03:29.630615+00:00
5aa19ebf-573e-40f4-9db1-c7ac9ffba0cf,2026-05-21T00:03:28.359363+00:00,8ea56183-72e7-4f4d-b340-86cb451f2719,True,,55933,88cab054-5f57-4f32-9a65-98b69ab197ed,purchase_ticket,2026-05-21T00:03:28.359363+00:00,2026-05-20T18:03:29.630615+00:00
5aa19ebf-573e-40f4-9db1-c7ac9ffba0cf,2026-05-21T00:03:28.359363+00:00,23db183f-8870-4347-ac7c-ae6a1e16457a,True,,55944,188104ee-1de6-4e5d-b82e-c5c3ca2ad7ab,purchase_ticket,2026-05-21T00:03:28.359363+00:00,2026-05-20T18:03:29.630615+00:00
5aa19ebf-573e-40f4-9db1-c7ac9ffba0cf,2026-05-21T00:03:28.359363+00:00,c5e5959f-5317-4000-829b-1a8ae58bbeca,True,,55948,152c9fbe-6e30-475a-807d-a9e1adc0a49b,purchase_ticket,2026-05-21T00:03:28.359363+00:00,2026-05-20T18:03:29.630615+00:00
5aa19ebf-573e-40f4-9db1-c7ac9ffba0cf,2026-05-21T00:03:28.359363+00:00,3152106c-d282-41ff-92c5-2740d8e89a7a,True,,55949,3f3ab1bc-0ec4-447c-87ce-4f2fa72fa805,purchase_ticket,2026-05-21T00:03:28.359363+00:00,2026-05-20T18:03:29.630615+00:00
5aa19ebf-573e-40f4-9db1-c7ac9ffba0cf,2026-05-21T00:03:28.359363+00:00,ec794dfc-89a0-4d87-95c5-cb0160830e7c,True,,55950,b92bdbed-f590-4cb8-98f2-c2bef411e274,purchase_ticket,2026-05-21T00:03:28.359363+00:00,2026-05-20T18:03:29.630615+00:00
5aa19ebf-573e-40f4-9db1-c7ac9ffba0cf,2026-05-21T00:03:28.359363+00:00,c8538880-4b84-40e8-902b-b7bdef96a7d0,True,,55951,c12ffa5a-ce60-4456-89cd-a5de63171aeb,purchase_ticket,2026-05-21T00:03:28.359363+00:00,2026-05-20T18:03:29.630615+00:00
5aa19ebf-573e-40f4-9db1-c7ac9ffba0cf,2026-05-21T00:03:28.359363+00:00,d3166b0f-2012-48e0-98fc-9a5cbb12aedc,True,,55952,3c56a8c2-3a9b-42c0-8ee8-b5318b24b30a,purchase_ticket,2026-05-21T00:03:28.359363+00:00,2026-05-20T18:03:29.630615+00:00
5aa19ebf-573e-40f4-9db1-c7ac9ffba0cf,2026-05-21T00:03:28.359363+00:00,5bcba535-5148-45e2-93b8-672e340c15bc,True,,55953,9bd8db0c-0d6e-427d-a55d-f0762db9185c,purchase_ticket,2026-05-21T00:03:28.359363+00:00,2026-05-20T18:03:29.630615+00:00
5aa19ebf-573e-40f4-9db1-c7ac9ffba0cf,2026-05-21T00:03:28.359363+00:00,1982327a-baf7-40a8-9412-e7293c6c54c9,True,,55954,4d2754f9-2627-4e7a-abac-a83b47229e1d,purchase_ticket,2026-05-21T00:03:28.359363+00:00,2026-05-20T18:03:29.630615+00:00
5aa19ebf-573e-40f4-9db1-c7ac9ffba0cf,2026-05-21T00:03:28.359363+00:00,88c4c588-8a5c-41b9-a69b-92bef2291645,True,,55955,789ec63a-1e77-4064-acc1-1f205ae47037,purchase_ticket,2026-05-21T00:03:28.359363+00:00,2026-05-20T18:03:29.630615+00:00
5aa19ebf-573e-40f4-9db1-c7ac9ffba0cf,2026-05-21T00:03:28.359363+00:00,35334ca2-5671-49ec-b70e-19206e6fb023,True,,55956,f3957725-55d3-41a2-9499-976bc5845fb2,purchase_ticket,2026-05-21T00:03:28.359363+00:00,2026-05-20T18:03:29.630615+00:00
5aa19ebf-573e-40f4-9db1-c7ac9ffba0cf,2026-05-21T00:03:28.359363+00:00,2860fe90-2fd5-46da-969a-4fb1b80b7e22,True,,55957,0cd2a1ef-3558-42e1-bb2a-f0a0e9e18093,purchase_ticket,2026-05-21T00:03:28.359363+00:00,2026-05-20T18:03:29.630615+00:00
5aa19ebf-573e-40f4-9db1-c7ac9ffba0cf,2026-05-21T00:03:28.359363+00:00,fd6a9dcf-8caf-4484-abb6-13d813581dbe,True,,55958,d859abc6-ec31-4fb7-974d-9f271c1fd907,purchase_ticket,2026-05-21T00:03:28.359363+00:00,2026-05-20T18:03:29.630615+00:00
5aa19ebf-573e-40f4-9db1-c7ac9ffba0cf,2026-05-21T00:03:28.359363+00:00,72bfea2e-ffa7-4361-9541-94d851b7d478,True,,55959,683a5df8-9bc7-460e-b142-ce1f999ca4a1,purchase_ticket,2026-05-21T00:03:28.359363+00:00,2026-05-20T18:03:29.630615+00:00
5aa19ebf-573e-40f4-9db1-c7ac9ffba0cf,2026-05-21T00:03:28.359363+00:00,d2358215-4ebb-439a-bb49-b6af37486f61,True,,55960,a0a1a728-cba1-4274-b09f-791d772b93e7,purchase_ticket,2026-05-21T00:03:28.359363+00:00,2026-05-20T18:03:29.630615+00:00
5aa19ebf-573e-40f4-9db1-c7ac9ffba0cf,2026-05-21T00:03:28.359363+00:00,7a8e7299-8b39-4637-9091-bed54121476a,True,,55961,5bc90ea9-0b51-4599-990b-6ef061b3e98a,purchase_ticket,2026-05-21T00:03:28.359363+00:00,2026-05-20T18:03:29.630615+00:00
5aa19ebf-573e-40f4-9db1-c7ac9ffba0cf,2026-05-21T00:03:28.359363+00:00,dd5e4f82-2941-41c9-a851-19e6f37e24e7,True,,55962,6a556599-b12d-4c1e-a646-f8f09bc9ba04,purchase_ticket,2026-05-21T00:03:28.359363+00:00,2026-05-20T18:03:29.630615+00:00
5aa19ebf-573e-40f4-9db1-c7ac9ffba0cf,2026-05-21T00:03:28.359363+00:00,cd45e176-a369-473a-92bd-1aaa076132a6,True,,55963,327c1b99-47e6-4195-8ea7-d261bffa61e4,purchase_ticket,2026-05-21T00:03:28.359363+00:00,2026-05-20T18:03:29.630615+00:00
5aa19ebf-573e-40f4-9db1-c7ac9ffba0cf,2026-05-21T00:03:28.359363+00:00,e2e645d6-1b99-46ed-b07a-5a786117fe45,True,,55964,fce0c932-0589-406e-b3eb-6c41a5b1b859,purchase_ticket,2026-05-21T00:03:28.359363+00:00,2026-05-20T18:03:29.630615+00:00
5aa19ebf-573e-40f4-9db1-c7ac9ffba0cf,2026-05-21T00:03:28.359363+00:00,b0ddbe05-8bae-41b6-9058-0e5c2b3e4cf3,True,,55965,b80f9a22-1aa2-4d9e-a33a-f89d30367e36,purchase_ticket,2026-05-21T00:03:28.359363+00:00,2026-05-20T18:03:29.630615+00:00
5aa19ebf-573e-40f4-9db1-c7ac9ffba0cf,2026-05-21T00:03:28.359363+00:00,5accadad-cfd1-40c9-915f-8e772d1add3e,True,,55966,92ab9faf-81a3-48d0-aff6-6fc31e7ce6f4,purchase_ticket,2026-05-21T00:03:28.359363+00:00,2026-05-20T18:03:29.630615+00:00
5aa19ebf-573e-40f4-9db1-c7ac9ffba0cf,2026-05-21T00:03:28.359363+00:00,455fa847-1aec-402b-b10c-212cad8c3a74,True,,55967,0c6bc24c-fff3-45df-809a-6bd03d30d2fd,purchase_ticket,2026-05-21T00:03:28.359363+00:00,2026-05-20T18:03:29.630615+00:00
5aa19ebf-573e-40f4-9db1-c7ac9ffba0cf,2026-05-21T00:03:28.359363+00:00,dbd78257-4175-4467-9ae5-90af0280898a,True,,55968,cb2c3a27-e925-4ba0-aec7-d769e06cf52c,purchase_ticket,2026-05-21T00:03:28.359363+00:00,2026-05-20T18:03:29.630615+00:00
5aa19ebf-573e-40f4-9db1-c7ac9ffba0cf,2026-05-21T00:03:28.359363+00:00,2dd112e3-a9c2-4ab1-ad3e-fc6cd71e3fdf,True,,55969,1d6de442-f8a8-4a60-9abd-c554aec0a2db,purchase_ticket,2026-05-21T00:03:28.359363+00:00,2026-05-20T18:03:29.630615+00:00
5aa19ebf-573e-40f4-9db1-c7ac9ffba0cf,2026-05-21T00:03:28.359363+00:00,45c2a6d8-31b2-4202-ad7c-c4c2fbe82049,True,,55971,6d08925e-82f5-4917-9278-970b4b055d77,purchase_ticket,2026-05-21T00:03:28.359363+00:00,2026-05-20T18:03:29.631611+00:00
5aa19ebf-573e-40f4-9db1-c7ac9ffba0cf,2026-05-21T00:03:28.359363+00:00,84adf789-30b4-468a-a386-10c5b71d6ea0,True,,55972,d0037d28-f717-4057-b5ca-7aeff0fbafc5,purchase_ticket,2026-05-21T00:03:28.359363+00:00,2026-05-20T18:03:29.631611+00:00
5aa19ebf-573e-40f4-9db1-c7ac9ffba0cf,2026-05-21T00:03:28.359363+00:00,dc0392aa-fd48-40bc-8e7e-210a92a69689,True,,55973,d29495dd-5337-47e2-a9bf-0637f0143165,purchase_ticket,2026-05-21T00:03:28.359363+00:00,2026-05-20T18:03:29.631611+00:00
cad1b027-747c-4dd8-8222-568addde7245,2026-06-22T23:53:39.464084+00:00,76a107a5-9ecf-4e28-8726-188ea370f0e2,True,,57161,1745c256-99fd-44e1-9c3c-21293a4eef01,purchase_ticket,2026-06-22T23:53:39.464084+00:00,2026-06-22T17:53:40.610655+00:00
5aa19ebf-573e-40f4-9db1-c7ac9ffba0cf,2026-05-21T00:03:28.359363+00:00,dc7362f6-750a-4401-a902-6a5f9b5d2bd6,True,,55974,389ae4b2-9782-4205-8ec1-bd4232971b24,purchase_ticket,2026-05-21T00:03:28.359363+00:00,2026-05-20T18:03:29.631611+00:00
5aa19ebf-573e-40f4-9db1-c7ac9ffba0cf,2026-05-21T00:03:28.359363+00:00,de0052ee-f1a8-4b86-beaf-124af8675d53,True,,55976,53d7b028-a0c6-41da-92da-174395e20d95,purchase_ticket,2026-05-21T00:03:28.359363+00:00,2026-05-20T18:03:29.631611+00:00
5aa19ebf-573e-40f4-9db1-c7ac9ffba0cf,2026-05-21T00:03:28.359363+00:00,00db10bf-a99b-4738-acc9-dd8aa9e7199c,True,,55977,87b8bd62-b642-426b-bf9b-d959dd1a1ddc,purchase_ticket,2026-05-21T00:03:28.359363+00:00,2026-05-20T18:03:29.631611+00:00
5aa19ebf-573e-40f4-9db1-c7ac9ffba0cf,2026-05-21T00:03:28.359363+00:00,dbccd2de-b5fa-4ae9-b82c-65f626ef5f7e,True,,55978,f15d1d89-aa13-4280-9bda-1e2e9a3ecb0a,purchase_ticket,2026-05-21T00:03:28.359363+00:00,2026-05-20T18:03:29.631611+00:00
5aa19ebf-573e-40f4-9db1-c7ac9ffba0cf,2026-05-21T00:03:28.359363+00:00,2523264c-226d-46ad-9dc3-1daf5a8680dd,True,,81487,0f32c188-35b8-46d9-a06c-dbe1796fc81e,purchase_ticket,2026-05-21T00:03:28.359363+00:00,2026-05-20T18:03:29.631611+00:00
5aa19ebf-573e-40f4-9db1-c7ac9ffba0cf,2026-05-21T00:03:28.359363+00:00,ea04dc02-08fc-494b-a517-af4ac32e4de5,True,,81493,ce33183e-e41f-4b5d-b19d-a038b7f0091a,purchase_ticket,2026-05-21T00:03:28.359363+00:00,2026-05-20T18:03:29.631611+00:00
5aa19ebf-573e-40f4-9db1-c7ac9ffba0cf,2026-05-21T00:03:28.359363+00:00,9bb9b7d4-cb65-417e-aa33-3bea5d3dc97e,True,,81495,11e39561-89a4-4f2e-b1d5-ca50d4851cac,purchase_ticket,2026-05-21T00:03:28.359363+00:00,2026-05-20T18:03:29.631611+00:00
5aa19ebf-573e-40f4-9db1-c7ac9ffba0cf,2026-05-21T00:03:28.359363+00:00,dfdb5a1b-9b22-4a1f-8452-c91c9e4a0f61,True,,81496,99bcd89a-9903-46f8-9209-4b324c7686fd,purchase_ticket,2026-05-21T00:03:28.359363+00:00,2026-05-20T18:03:29.631611+00:00
5aa19ebf-573e-40f4-9db1-c7ac9ffba0cf,2026-05-21T00:03:28.359363+00:00,268184a6-10a5-4de1-8d7e-131121e21e2a,True,,81504-A,879f0d84-3632-4862-9d0c-34699c37d935,purchase_ticket,2026-05-21T00:03:28.359363+00:00,2026-05-20T18:03:29.631611+00:00
5aa19ebf-573e-40f4-9db1-c7ac9ffba0cf,2026-05-21T00:03:28.359363+00:00,14360cd8-55c1-4ea6-9cff-89003ef07d76,True,,81504-B,286ed0f7-e982-4a51-8fd8-71a60cd3c463,purchase_ticket,2026-05-21T00:03:28.359363+00:00,2026-05-20T18:03:29.631611+00:00
cad1b027-747c-4dd8-8222-568addde7245,2026-06-22T23:53:39.464084+00:00,48a6e6ec-bada-4fca-a266-8bf26184a92e,True,,57162,64df0892-3b33-4e1a-aaf7-c6ce3dbbe808,purchase_ticket,2026-06-22T23:53:39.464084+00:00,2026-06-22T17:53:40.610655+00:00
cad1b027-747c-4dd8-8222-568addde7245,2026-06-22T23:53:39.464084+00:00,e9ec4d1e-00b1-46bc-8bd8-2bdf1b9d2f04,True,,57163,60f05cae-5ac7-4d3c-b15a-bb63084582a6,purchase_ticket,2026-06-22T23:53:39.464084+00:00,2026-06-22T17:53:40.610655+00:00
cad1b027-747c-4dd8-8222-568addde7245,2026-06-22T23:53:39.464084+00:00,664c68b3-09ef-4af5-af9d-8542c2df644c,True,,57164,e1e1f929-a9ce-48b1-8ddc-70d044e06012,purchase_ticket,2026-06-22T23:53:39.464084+00:00,2026-06-22T17:53:40.610655+00:00
cad1b027-747c-4dd8-8222-568addde7245,2026-06-22T23:53:39.464084+00:00,50a76a0a-7b30-4d55-ad9a-a5dcf142b31c,True,,57165,53554e43-45b0-4eae-935e-4284c5d12961,purchase_ticket,2026-06-22T23:53:39.464084+00:00,2026-06-22T17:53:40.610655+00:00
cad1b027-747c-4dd8-8222-568addde7245,2026-06-22T23:53:39.464084+00:00,984354b7-871d-403b-bf08-5d8719a71588,True,,57166,4b35ebe3-3c7e-4fb3-894a-05e6a4181ad1,purchase_ticket,2026-06-22T23:53:39.464084+00:00,2026-06-22T17:53:40.610655+00:00
cad1b027-747c-4dd8-8222-568addde7245,2026-06-22T23:53:39.464084+00:00,1a9bf851-da39-4d9d-b59d-1d13cb41c061,True,,57167,032f4d15-8469-4656-8232-31b075c67e2e,purchase_ticket,2026-06-22T23:53:39.464084+00:00,2026-06-22T17:53:40.610655+00:00
cad1b027-747c-4dd8-8222-568addde7245,2026-06-22T23:53:39.464084+00:00,184045a4-b3b4-40dc-b706-27987f736305,True,,57168,5fdb56ee-2fd3-46d3-a4b1-659d152fc361,purchase_ticket,2026-06-22T23:53:39.464084+00:00,2026-06-22T17:53:40.610655+00:00
cad1b027-747c-4dd8-8222-568addde7245,2026-06-22T23:53:39.464084+00:00,6bff070f-4478-484b-acaa-05ddbe50fd62,True,,57169,6851f303-1f8f-4965-9431-1194599300ba,purchase_ticket,2026-06-22T23:53:39.464084+00:00,2026-06-22T17:53:40.610655+00:00
cad1b027-747c-4dd8-8222-568addde7245,2026-06-22T23:53:39.464084+00:00,5116f905-8888-4d53-92e9-b14a0b56c6d3,True,,57170,05e2ea73-9bb5-40f6-92bb-3e4a3b588501,purchase_ticket,2026-06-22T23:53:39.464084+00:00,2026-06-22T17:53:40.610655+00:00
cad1b027-747c-4dd8-8222-568addde7245,2026-06-22T23:53:39.464084+00:00,a5192276-d291-41a0-8822-59a181ff374a,True,,57171,a98bd09e-e116-4f8b-8c3f-730cb50f326e,purchase_ticket,2026-06-22T23:53:39.464084+00:00,2026-06-22T17:53:40.610655+00:00
cad1b027-747c-4dd8-8222-568addde7245,2026-06-22T23:53:39.464084+00:00,827fd5c9-28e0-4fe2-bde9-8383545717ac,True,,57172,e95ff834-d00f-4c10-9a2d-e753d2e7a22b,purchase_ticket,2026-06-22T23:53:39.464084+00:00,2026-06-22T17:53:40.610655+00:00
cad1b027-747c-4dd8-8222-568addde7245,2026-06-22T23:53:39.464084+00:00,2d5f9d45-405c-4daa-84bd-6826e5cef4a6,True,,57173,c8f68b7a-3d6a-4dd1-b30e-91c80a3f989d,purchase_ticket,2026-06-22T23:53:39.464084+00:00,2026-06-22T17:53:40.610655+00:00
cad1b027-747c-4dd8-8222-568addde7245,2026-06-22T23:53:39.464084+00:00,4b37b38f-ca6c-4289-a944-b140ceef763f,True,,57174,b358a461-22f9-46c6-a9ea-9d5de456e978,purchase_ticket,2026-06-22T23:53:39.464084+00:00,2026-06-22T17:53:40.610655+00:00
cad1b027-747c-4dd8-8222-568addde7245,2026-06-22T23:53:39.464084+00:00,966ccf86-b78b-4592-a1a1-948e75cfbfd8,True,,57175,15dc5d5c-9b49-4ad8-acf4-410e127ef748,purchase_ticket,2026-06-22T23:53:39.464084+00:00,2026-06-22T17:53:40.610655+00:00
cad1b027-747c-4dd8-8222-568addde7245,2026-06-22T23:53:39.464084+00:00,063016c8-c3b7-4444-b480-93d9393b5c1b,True,,57176,c609d491-5357-4d3e-9409-21542a52d298,purchase_ticket,2026-06-22T23:53:39.464084+00:00,2026-06-22T17:53:40.610655+00:00
cad1b027-747c-4dd8-8222-568addde7245,2026-06-22T23:53:39.464084+00:00,7f164df3-3877-409e-9982-8e503f4cc77f,True,,57177,91ad663e-6a89-4966-81e5-5f7d5d02a96a,purchase_ticket,2026-06-22T23:53:39.464084+00:00,2026-06-22T17:53:40.610655+00:00
cad1b027-747c-4dd8-8222-568addde7245,2026-06-22T23:53:39.464084+00:00,5e37e31b-2a86-4d5c-b0cf-08b2edec6584,True,,57178,e8cee643-096e-4d3c-90f3-3ce40a1cee86,purchase_ticket,2026-06-22T23:53:39.464084+00:00,2026-06-22T17:53:40.610655+00:00
cad1b027-747c-4dd8-8222-568addde7245,2026-06-22T23:53:39.464084+00:00,212e5c9b-4163-42b2-a4cb-e607d37d7ead,True,,57179,487368a7-e126-4e1c-bc46-1c81b1944c48,purchase_ticket,2026-06-22T23:53:39.464084+00:00,2026-06-22T17:53:40.610655+00:00
cad1b027-747c-4dd8-8222-568addde7245,2026-06-22T23:53:39.464084+00:00,16ecc702-e9d2-4549-b8a8-b360970d40d5,True,,57180,49ea4e0a-7ee3-48b5-b017-51a39ab814d8,purchase_ticket,2026-06-22T23:53:39.464084+00:00,2026-06-22T17:53:40.610655+00:00
cad1b027-747c-4dd8-8222-568addde7245,2026-06-22T23:53:39.464084+00:00,424079d6-3ebb-4421-8b1d-7be640fbdd12,True,,82173,4f764dd1-a8c8-4b03-bf22-82e919341f15,purchase_ticket,2026-06-22T23:53:39.464084+00:00,2026-06-22T17:53:40.610655+00:00
cad1b027-747c-4dd8-8222-568addde7245,2026-06-22T23:53:39.464084+00:00,02498ff1-04e6-4f81-aa1a-aa24d50057f2,True,,82180,266e7fca-909a-449c-b976-0a7a02590d23,purchase_ticket,2026-06-22T23:53:39.464084+00:00,2026-06-22T17:53:40.610655+00:00
cad1b027-747c-4dd8-8222-568addde7245,2026-06-22T23:53:39.464084+00:00,84005d80-57ff-435b-b29d-ccfb8a749cd2,True,,82190-A,acf4bb38-612d-4644-a18c-35b493fc45f6,purchase_ticket,2026-06-22T23:53:39.464084+00:00,2026-06-22T17:53:40.610655+00:00
cad1b027-747c-4dd8-8222-568addde7245,2026-06-22T23:53:39.464084+00:00,ec3e8ec5-9e05-4738-899f-129e91a369b3,True,,82190-B,396ddb60-8213-453b-ad7b-5b6ed88a645b,purchase_ticket,2026-06-22T23:53:39.464084+00:00,2026-06-22T17:53:40.610655+00:00
cad1b027-747c-4dd8-8222-568addde7245,2026-06-22T23:53:39.464084+00:00,f2565d60-e9fa-4262-9702-a8e27ab934ad,True,,82194-A,1ea02a8b-7abe-462e-9307-5fc37b50931a,purchase_ticket,2026-06-22T23:53:39.464084+00:00,2026-06-22T17:53:40.610655+00:00
cad1b027-747c-4dd8-8222-568addde7245,2026-06-22T23:53:39.464084+00:00,7624114c-66a5-4f9a-a52a-29193300a646,True,,82194-B,f2ed0c13-573c-45a7-8ca1-ec765f0cc175,purchase_ticket,2026-06-22T23:53:39.464084+00:00,2026-06-22T17:53:40.610655+00:00
cad1b027-747c-4dd8-8222-568addde7245,2026-06-22T23:53:39.464084+00:00,8d09b60a-d65c-4006-85ee-a46c99f2a658,True,,82200,e85aa083-1019-4b52-9826-706bf0aa470a,purchase_ticket,2026-06-22T23:53:39.464084+00:00,2026-06-22T17:53:40.610655+00:00
cad1b027-747c-4dd8-8222-568addde7245,2026-06-22T23:53:39.464084+00:00,1ff93fcd-4f8b-4b38-840d-13958b10e302,True,,82208,e5d049af-012d-49f6-bfd0-62717c269fe8,purchase_ticket,2026-06-22T23:53:39.464084+00:00,2026-06-22T17:53:40.610655+00:00
cad1b027-747c-4dd8-8222-568addde7245,2026-06-22T23:53:39.464084+00:00,6f8bfa00-1ec2-4691-aca4-6cd20e1c0866,True,,82209,c3eb0104-964b-4721-af5b-a982796e1e74,purchase_ticket,2026-06-22T23:53:39.464084+00:00,2026-06-22T17:53:40.610655+00:00
cad1b027-747c-4dd8-8222-568addde7245,2026-06-22T23:53:39.464084+00:00,f1f19b34-8e33-4db7-aadd-48a5f494b767,True,,82213,6567f7a1-a0ff-46be-8bcc-5dd8ff60e523,purchase_ticket,2026-06-22T23:53:39.464084+00:00,2026-06-22T17:53:40.610655+00:00
cad1b027-747c-4dd8-8222-568addde7245,2026-06-22T23:53:39.464084+00:00,9401e800-9745-4be4-a438-133ba10c47e9,True,,82214,6919298a-dfd8-4cd6-8c05-0a01570d6e37,purchase_ticket,2026-06-22T23:53:39.464084+00:00,2026-06-22T17:53:40.610655+00:00
cad1b027-747c-4dd8-8222-568addde7245,2026-06-22T23:53:39.464084+00:00,85666f14-2671-439f-b7cc-874fdc9792dd,True,,82216,dbee59dd-3f9d-4e78-8796-bdbff1ddcc16,purchase_ticket,2026-06-22T23:53:39.464084+00:00,2026-06-22T17:53:40.610655+00:00
cad1b027-747c-4dd8-8222-568addde7245,2026-06-22T23:53:39.464084+00:00,f12bc08a-38a4-4994-b631-ccb2e9c3416b,True,,82217,b61ad143-dd08-4248-9769-af6e9631ed8b,purchase_ticket,2026-06-22T23:53:39.464084+00:00,2026-06-22T17:53:40.610655+00:00
cad1b027-747c-4dd8-8222-568addde7245,2026-06-22T23:53:39.464084+00:00,7c19a12e-2939-4ba9-8628-29e2ce1b1a52,True,,82224,f04a4262-c9e8-4047-a8a8-64ec4aae7054,purchase_ticket,2026-06-22T23:53:39.464084+00:00,2026-06-22T17:53:40.610655+00:00
cad1b027-747c-4dd8-8222-568addde7245,2026-06-22T23:53:39.464084+00:00,5138e32d-97fa-4d17-afbf-d033b0d9fd44,True,,82226,b09f40a7-c973-415c-a5db-81dfe3485022,purchase_ticket,2026-06-22T23:53:39.464084+00:00,2026-06-22T17:53:40.610655+00:00
cad1b027-747c-4dd8-8222-568addde7245,2026-06-22T23:53:39.464084+00:00,9ded1b7e-57f2-46b0-85f4-d5b4cea7d0aa,True,,82227,3ede77fe-e6de-4ffb-a647-69210a96f503,purchase_ticket,2026-06-22T23:53:39.464084+00:00,2026-06-22T17:53:40.610655+00:00
cad1b027-747c-4dd8-8222-568addde7245,2026-06-22T23:53:39.464084+00:00,537405e3-ceb5-40d4-abb2-f2cecdc66bd5,True,,82228,e66f3f51-ebf5-4418-8951-d479ba716fae,purchase_ticket,2026-06-22T23:53:39.464084+00:00,2026-06-22T17:53:40.610655+00:00
cad1b027-747c-4dd8-8222-568addde7245,2026-06-22T23:53:39.464084+00:00,8130c504-fc40-4acf-8465-20ae001c47a8,True,,82229,68e0ed5d-c78f-4cbf-bf79-a12b540b0be4,purchase_ticket,2026-06-22T23:53:39.464084+00:00,2026-06-22T17:53:40.61165+00:00
cad1b027-747c-4dd8-8222-568addde7245,2026-06-22T23:53:39.464084+00:00,8a1adb57-88ee-4e41-9170-830178d6c2e5,True,,82230,ec80ec4d-0ab7-4f37-9492-16f3348235ca,purchase_ticket,2026-06-22T23:53:39.464084+00:00,2026-06-22T17:53:40.61165+00:00
cad1b027-747c-4dd8-8222-568addde7245,2026-06-22T23:53:39.464084+00:00,99c33c2a-9dfd-45f6-9383-a05427aab567,True,,82231,6c1a7ab6-184c-4570-9406-3f7d1c4691a0,purchase_ticket,2026-06-22T23:53:39.464084+00:00,2026-06-22T17:53:40.61165+00:00
cad1b027-747c-4dd8-8222-568addde7245,2026-06-22T23:53:39.464084+00:00,b81c5fed-6b6f-427a-9725-3f88ebfa844b,True,,82233,4f205e30-ccd6-4b85-ad80-bef599136c7b,purchase_ticket,2026-06-22T23:53:39.464084+00:00,2026-06-22T17:53:40.61165+00:00
cad1b027-747c-4dd8-8222-568addde7245,2026-06-22T23:53:39.464084+00:00,43ea71d6-a081-4917-9f00-854c68c3e4c3,True,,82237,083dbd20-6dd2-42db-8984-debf64204b3c,purchase_ticket,2026-06-22T23:53:39.464084+00:00,2026-06-22T17:53:40.61165+00:00
7cc05060-e414-4edd-ac3a-121aeff76803,2026-06-20T00:07:55.109432+00:00,3a1c8c6b-226b-4319-97ce-b8f785b0402b,True,comprobar,19093,a13c24b6-882c-4126-9a4d-601cebe8573b,expense_voucher,2026-06-24T22:22:12.261204+00:00,2026-06-24T16:22:12.300545+00:00
cad1b027-747c-4dd8-8222-568addde7245,2026-06-22T23:53:39.464084+00:00,65ead95f-dac9-4c54-a04f-98ab45d269cc,True,NO COMPROBADO (NO SE AJUSTO),82218,27873b53-3d01-46af-9afb-a02f64dfe845,purchase_ticket,2026-06-24T22:22:12.261204+00:00,2026-06-24T16:22:12.300545+00:00
dbf0b3f7-e643-42c1-932f-bbb32efec97c,2026-06-25T23:48:38.296077+00:00,6782f54d-4af2-4b8e-8805-4748c4a6e8cb,True,,19198,19249d25-2e85-4045-82f5-0328825f21c1,expense_voucher,2026-06-25T23:48:38.296077+00:00,2026-06-25T17:48:38.750186+00:00
a843bdaf-4612-41e7-b203-be77e454112b,2026-05-21T23:41:22.690342+00:00,add815b5-e32b-4ed3-a434-3438ada3fea5,True,COMPROBAR,18736,dce8c4aa-3cca-4c1d-993b-d177ec3fe6b9,deposit_voucher,2026-05-25T14:31:20.986238+00:00,2026-05-25T08:31:20.714242+00:00
a843bdaf-4612-41e7-b203-be77e454112b,2026-05-21T23:41:22.690342+00:00,e0e14bbb-f8ce-43c7-aeed-4b2b83fd09f3,True,COMPROBAR,18764,ab2d198b-8c73-41ec-a2a7-1d2957137de3,expense_voucher,2026-05-25T14:31:20.986238+00:00,2026-05-25T08:31:20.714242+00:00
a843bdaf-4612-41e7-b203-be77e454112b,2026-05-21T23:41:22.690342+00:00,6f4cb654-27ce-4f03-97dc-b738364c9fc3,True,COMPROBAR,18784,5643e3ca-062c-4740-8c7c-59692f25ee20,expense_voucher,2026-05-25T14:31:20.986238+00:00,2026-05-25T08:31:20.714242+00:00
a843bdaf-4612-41e7-b203-be77e454112b,2026-05-21T23:41:22.690342+00:00,e676c12e-8618-41ca-b332-8011963e63f6,True,COMPROBAR,18801,1f5d010a-5ab2-4824-8e1d-0f50a8232389,expense_voucher,2026-05-25T14:31:20.986238+00:00,2026-05-25T08:31:20.714242+00:00
468a83ba-afad-4f6c-a7d2-5bc83ef70183,2026-06-17T14:22:11.939212+00:00,08ce5fed-053b-4f9c-b094-cf614690ea23,True,comprobar,19093,a13c24b6-882c-4126-9a4d-601cebe8573b,expense_voucher,2026-06-23T15:57:35.032069+00:00,2026-06-23T09:57:34.869879+00:00
dddce5b3-2d47-4801-b2cb-b0283b802933,2026-06-16T14:11:27.733986+00:00,36ebe39f-0c93-4b76-b9af-745cb83755e6,True,comprobar,19093,a13c24b6-882c-4126-9a4d-601cebe8573b,expense_voucher,2026-06-23T15:57:35.032069+00:00,2026-06-23T09:57:34.869879+00:00
8e1c3beb-6cd1-4ca2-b0b3-bbb6ae25ad1f,2026-06-18T23:58:23.437236+00:00,c6d34f95-fbfa-4df0-80a1-232c606c7ec6,True,comprobar,19124,7c2aba42-0d95-48db-bb95-712327f5df94,expense_voucher,2026-06-23T15:57:35.032069+00:00,2026-06-23T09:57:34.869879+00:00
8e1c3beb-6cd1-4ca2-b0b3-bbb6ae25ad1f,2026-06-18T23:58:23.437236+00:00,e38cd2a8-723b-4bac-9c44-0074260e18dc,True,comprobar,19122,839722f5-97f4-4c45-ac4a-fdcd388279a2,expense_voucher,2026-06-23T15:57:35.032069+00:00,2026-06-23T09:57:34.869879+00:00
e1bbc6b3-badf-453c-80aa-87281dfb549a,2026-06-25T00:00:48.68352+00:00,cdf0d4ab-210c-4c8b-b019-2806bf6ff153,True,,19161,178fb544-a6ea-45dd-8613-6efa827ee420,expense_voucher,2026-06-25T00:00:48.68352+00:00,2026-06-24T18:00:48.788726+00:00
e1bbc6b3-badf-453c-80aa-87281dfb549a,2026-06-25T00:00:48.68352+00:00,50830131-d2d7-4032-bc0f-e32376ffe729,True,,19182,f6b34933-438b-48cc-8e03-77bdf47c9a26,expense_voucher,2026-06-25T00:00:48.68352+00:00,2026-06-24T18:00:48.788726+00:00
e1bbc6b3-badf-453c-80aa-87281dfb549a,2026-06-25T00:00:48.68352+00:00,51fb5d0f-dcfa-4989-8a2f-7e220cb3a021,True,,19183,6a0f979a-129c-4818-b058-086c18b1acb4,expense_voucher,2026-06-25T00:00:48.68352+00:00,2026-06-24T18:00:48.788726+00:00
e1bbc6b3-badf-453c-80aa-87281dfb549a,2026-06-25T00:00:48.68352+00:00,e5d136af-bebb-431b-a65a-e109aa5772af,True,,19184,247c3519-5439-4a0f-bd69-5f48387738ba,expense_voucher,2026-06-25T00:00:48.68352+00:00,2026-06-24T18:00:48.788726+00:00
e1bbc6b3-badf-453c-80aa-87281dfb549a,2026-06-25T00:00:48.68352+00:00,3dd5087b-94c7-4693-aded-a3da1c890014,True,,19185,3255f554-e629-4f1d-b0a2-08d4d07cb159,expense_voucher,2026-06-25T00:00:48.68352+00:00,2026-06-24T18:00:48.788726+00:00
e1bbc6b3-badf-453c-80aa-87281dfb549a,2026-06-25T00:00:48.68352+00:00,464cdddc-1030-4a1f-aed4-4ea5a393c24e,True,,19186,3979bbfc-6290-4497-81e0-42ef700c3c9e,expense_voucher,2026-06-25T00:00:48.68352+00:00,2026-06-24T18:00:48.788726+00:00
e1bbc6b3-badf-453c-80aa-87281dfb549a,2026-06-25T00:00:48.68352+00:00,ea3133d9-4551-4840-bab1-f7d0548e3462,True,,19187,e1081e89-f261-4186-8c8e-3e64d79ec690,expense_voucher,2026-06-25T00:00:48.68352+00:00,2026-06-24T18:00:48.788726+00:00
e1bbc6b3-badf-453c-80aa-87281dfb549a,2026-06-25T00:00:48.68352+00:00,6e2c9bef-1cd8-4a3b-9c6c-47dfe947980d,True,,19188,7bea27b0-6972-4ef6-bbe4-7e0b6ee47fce,expense_voucher,2026-06-25T00:00:48.68352+00:00,2026-06-24T18:00:48.788726+00:00
e1bbc6b3-badf-453c-80aa-87281dfb549a,2026-06-25T00:00:48.68352+00:00,7900219e-05b1-424d-bc54-4caeb63449ab,True,,19189,766be017-b83f-4a86-a908-be2bfba4e554,expense_voucher,2026-06-25T00:00:48.68352+00:00,2026-06-24T18:00:48.788726+00:00
e1bbc6b3-badf-453c-80aa-87281dfb549a,2026-06-25T00:00:48.68352+00:00,77cd6a72-7afd-42aa-bec7-39a74cdeab51,True,,343,00d640e4-a63d-4572-9548-0feb580d8204,deposit_voucher,2026-06-25T00:00:48.68352+00:00,2026-06-24T18:00:48.788726+00:00
e1bbc6b3-badf-453c-80aa-87281dfb549a,2026-06-25T00:00:48.68352+00:00,2e7ac033-2a4b-4fbf-9d4c-fd12b635c35d,True,,344,42c4906c-6233-4187-9097-0419c2851a76,deposit_voucher,2026-06-25T00:00:48.68352+00:00,2026-06-24T18:00:48.788726+00:00
e1bbc6b3-badf-453c-80aa-87281dfb549a,2026-06-25T00:00:48.68352+00:00,150b75ff-23b5-4e85-bfa5-7aa53adc9d2e,True,,82830,0d4e7392-d6f8-4b92-b7a6-2c8278e9f399,sale_ticket,2026-06-25T00:00:48.68352+00:00,2026-06-24T18:00:48.788726+00:00
e1bbc6b3-badf-453c-80aa-87281dfb549a,2026-06-25T00:00:48.68352+00:00,e8a6b4ff-cd3e-41ce-94b3-8937a42d1a4c,True,,57206,8ee69b36-99a6-4cce-ab60-0656ac61f28c,purchase_ticket,2026-06-25T00:00:48.68352+00:00,2026-06-24T18:00:48.788726+00:00
e1bbc6b3-badf-453c-80aa-87281dfb549a,2026-06-25T00:00:48.68352+00:00,8b970609-7ca1-484d-8341-60af033e7068,True,,57207,7b243607-d7a6-4242-8842-04453557974b,purchase_ticket,2026-06-25T00:00:48.68352+00:00,2026-06-24T18:00:48.788726+00:00
e1bbc6b3-badf-453c-80aa-87281dfb549a,2026-06-25T00:00:48.68352+00:00,14abb427-f484-4707-86a0-b8ea73df51c4,True,,57208,b29ebb80-be60-4022-8f8a-ff52ce91d078,purchase_ticket,2026-06-25T00:00:48.68352+00:00,2026-06-24T18:00:48.788726+00:00
e1bbc6b3-badf-453c-80aa-87281dfb549a,2026-06-25T00:00:48.68352+00:00,a0ad2f78-9a39-45d0-8647-40d16a0b1e5a,True,,57209,94aa0390-a452-44c0-83b7-d6aa29df4dca,purchase_ticket,2026-06-25T00:00:48.68352+00:00,2026-06-24T18:00:48.788726+00:00
e1bbc6b3-badf-453c-80aa-87281dfb549a,2026-06-25T00:00:48.68352+00:00,9b55c618-ac9d-4526-890b-912d70eecc6b,True,,57210,b23e9eda-1e73-4be2-b6e3-4bbb81aca27b,purchase_ticket,2026-06-25T00:00:48.68352+00:00,2026-06-24T18:00:48.788726+00:00
e1bbc6b3-badf-453c-80aa-87281dfb549a,2026-06-25T00:00:48.68352+00:00,4756d09c-87f6-4927-a252-a8a4a84c8655,True,,57211,3f69c594-6c5b-4090-91e7-66c1e9090c5c,purchase_ticket,2026-06-25T00:00:48.68352+00:00,2026-06-24T18:00:48.788726+00:00
e1bbc6b3-badf-453c-80aa-87281dfb549a,2026-06-25T00:00:48.68352+00:00,4c88189e-dd2a-474a-bc3c-26036ebef8ab,True,,57212,926f4449-4c7c-49f4-9806-1a48a0a00fca,purchase_ticket,2026-06-25T00:00:48.68352+00:00,2026-06-24T18:00:48.788726+00:00
a843bdaf-4612-41e7-b203-be77e454112b,2026-05-21T23:41:22.690342+00:00,05d278d3-6bb5-42b9-89f7-f68f97d36f8e,True,,252,fa2b71ed-ddd3-4e88-ac7e-4935d61f37ed,deposit_voucher,2026-05-21T23:41:22.690342+00:00,2026-05-21T17:41:22.904038+00:00
a843bdaf-4612-41e7-b203-be77e454112b,2026-05-21T23:41:22.690342+00:00,68cdd0e9-ed2d-438e-bd0e-ba24998fb55e,True,,253,245e9a60-d4a3-4a67-8a1f-1e3a5174b66a,deposit_voucher,2026-05-21T23:41:22.690342+00:00,2026-05-21T17:41:22.904038+00:00
a843bdaf-4612-41e7-b203-be77e454112b,2026-05-21T23:41:22.690342+00:00,2d755735-8498-4aa4-a02f-a208dbba484d,True,,254,927207a5-5734-45e9-85a1-98a3ce8f9f52,deposit_voucher,2026-05-21T23:41:22.690342+00:00,2026-05-21T17:41:22.904038+00:00
a843bdaf-4612-41e7-b203-be77e454112b,2026-05-21T23:41:22.690342+00:00,5000ecaa-cb17-479d-aa97-7434bccc51ee,True,,18785,1331bf3d-b7b8-4991-b40a-6f535c3cd3cf,expense_voucher,2026-05-21T23:41:22.690342+00:00,2026-05-21T17:41:22.904038+00:00
a843bdaf-4612-41e7-b203-be77e454112b,2026-05-21T23:41:22.690342+00:00,e7db0481-e198-4eb7-bb11-0176cfc6e80d,True,,18786,cd200d78-9892-4e24-92ba-8ae8a244fd73,expense_voucher,2026-05-21T23:41:22.690342+00:00,2026-05-21T17:41:22.904038+00:00
a843bdaf-4612-41e7-b203-be77e454112b,2026-05-21T23:41:22.690342+00:00,dcfb72e5-6480-4b99-9204-911c41bc6a08,True,,18787,658f82e0-e94e-4a82-9dee-136228b89c95,expense_voucher,2026-05-21T23:41:22.690342+00:00,2026-05-21T17:41:22.904038+00:00
a843bdaf-4612-41e7-b203-be77e454112b,2026-05-21T23:41:22.690342+00:00,4379b781-cd26-4a24-b942-b239dfac2b4b,True,,18788,e96880cd-f7a7-434e-9377-c16ca848a4b6,expense_voucher,2026-05-21T23:41:22.690342+00:00,2026-05-21T17:41:22.904038+00:00
a843bdaf-4612-41e7-b203-be77e454112b,2026-05-21T23:41:22.690342+00:00,02811ac0-3b87-420c-9fe6-521a74ae9349,True,,18789,3dcfccce-83dd-4dfd-89f6-518343ef1d70,expense_voucher,2026-05-21T23:41:22.690342+00:00,2026-05-21T17:41:22.904038+00:00
a843bdaf-4612-41e7-b203-be77e454112b,2026-05-21T23:41:22.690342+00:00,a4532f5d-ca36-4f8d-b2ac-8aed9bded4f0,True,,18790,c8d72c4e-4258-43d6-ba68-11258383e3f0,expense_voucher,2026-05-21T23:41:22.690342+00:00,2026-05-21T17:41:22.904038+00:00
a843bdaf-4612-41e7-b203-be77e454112b,2026-05-21T23:41:22.690342+00:00,7dfb2f12-01fa-44e5-afa6-b59bac9c8f35,True,,18791,0b4a110e-7c55-4ec4-bc4d-ca203aa232c7,expense_voucher,2026-05-21T23:41:22.690342+00:00,2026-05-21T17:41:22.904038+00:00
a843bdaf-4612-41e7-b203-be77e454112b,2026-05-21T23:41:22.690342+00:00,f85f3277-b5e5-4ff1-a2b4-f966391d93c9,True,,18792,35543e4d-525e-4548-8fb6-4b1296ad464f,expense_voucher,2026-05-21T23:41:22.690342+00:00,2026-05-21T17:41:22.904038+00:00
a843bdaf-4612-41e7-b203-be77e454112b,2026-05-21T23:41:22.690342+00:00,bac23c00-42d5-4d78-be73-32389e755bd1,True,,18793,1f3bebb4-ca7a-4513-89a1-74d229040e03,expense_voucher,2026-05-21T23:41:22.690342+00:00,2026-05-21T17:41:22.904038+00:00
a843bdaf-4612-41e7-b203-be77e454112b,2026-05-21T23:41:22.690342+00:00,101b4d93-bd9c-49cf-80f5-aca9c3f1e649,True,,18794,26dd58a6-5866-46da-b472-01dd74885b5f,expense_voucher,2026-05-21T23:41:22.690342+00:00,2026-05-21T17:41:22.904038+00:00
a843bdaf-4612-41e7-b203-be77e454112b,2026-05-21T23:41:22.690342+00:00,83010c2e-e89d-4b29-bf94-bdc5b6c4d1bd,True,,18795,96de7501-403a-41db-9ca3-9a426c19e0ba,expense_voucher,2026-05-21T23:41:22.690342+00:00,2026-05-21T17:41:22.904038+00:00
a843bdaf-4612-41e7-b203-be77e454112b,2026-05-21T23:41:22.690342+00:00,9a9712ba-3eb1-4488-9c78-8392dfd28a1f,True,,18796,5c71b143-7ce4-4b36-a2ad-a67b332ae46c,expense_voucher,2026-05-21T23:41:22.690342+00:00,2026-05-21T17:41:22.904038+00:00
a843bdaf-4612-41e7-b203-be77e454112b,2026-05-21T23:41:22.690342+00:00,f231b38e-3592-448e-909a-df2dbb182aeb,True,,18797,21f6413e-67f4-494d-be9c-a9200019d322,expense_voucher,2026-05-21T23:41:22.690342+00:00,2026-05-21T17:41:22.904038+00:00
a843bdaf-4612-41e7-b203-be77e454112b,2026-05-21T23:41:22.690342+00:00,12dbc0c2-cb49-489b-91b6-11f32a5b9023,True,,18798,972b7591-df1e-4a1a-a73e-a68e4ceb44e7,expense_voucher,2026-05-21T23:41:22.690342+00:00,2026-05-21T17:41:22.904038+00:00
a843bdaf-4612-41e7-b203-be77e454112b,2026-05-21T23:41:22.690342+00:00,67085849-c38c-47b2-b4d4-a662bf8ffe7d,True,,18799,cf42423a-c4c3-43b4-b264-41a406a05573,expense_voucher,2026-05-21T23:41:22.690342+00:00,2026-05-21T17:41:22.905034+00:00
a843bdaf-4612-41e7-b203-be77e454112b,2026-05-21T23:41:22.690342+00:00,3bd4ecf9-8f75-4641-8374-2de82acb820c,True,,18800,446a2f40-3bd1-4567-831c-81505458cd3f,expense_voucher,2026-05-21T23:41:22.690342+00:00,2026-05-21T17:41:22.905034+00:00
a843bdaf-4612-41e7-b203-be77e454112b,2026-05-21T23:41:22.690342+00:00,69c7fab1-4216-418d-ae12-f2d7e61a3253,True,,55970,4033871c-7dbc-4d71-87a4-95deb0adf7b7,purchase_ticket,2026-05-21T23:41:22.690342+00:00,2026-05-21T17:41:22.905034+00:00
a843bdaf-4612-41e7-b203-be77e454112b,2026-05-21T23:41:22.690342+00:00,054a74cb-31d2-4e02-a301-e0beed54a840,True,,55975,dc141568-8df3-454e-8536-2a0ed4b8d8c6,purchase_ticket,2026-05-21T23:41:22.690342+00:00,2026-05-21T17:41:22.905034+00:00
a843bdaf-4612-41e7-b203-be77e454112b,2026-05-21T23:41:22.690342+00:00,33861593-6330-425c-9283-1a83767bb779,True,,55979,6723f60a-3287-4157-8a87-fd1ccd6dbc3b,purchase_ticket,2026-05-21T23:41:22.690342+00:00,2026-05-21T17:41:22.905034+00:00
a843bdaf-4612-41e7-b203-be77e454112b,2026-05-21T23:41:22.690342+00:00,bd8f21f5-c9fb-4028-b64b-4c64732d9e2c,True,,55981,cdc6a2b5-44d0-4b97-b457-0b2c2b06ae4c,purchase_ticket,2026-05-21T23:41:22.690342+00:00,2026-05-21T17:41:22.905034+00:00
a843bdaf-4612-41e7-b203-be77e454112b,2026-05-21T23:41:22.690342+00:00,a61cba3f-016d-47c6-92d5-3eb536a9fba6,True,,55982,1a69dcd6-4e9e-484a-bcae-907f881fe1ad,purchase_ticket,2026-05-21T23:41:22.690342+00:00,2026-05-21T17:41:22.905034+00:00
a843bdaf-4612-41e7-b203-be77e454112b,2026-05-21T23:41:22.690342+00:00,df356bf2-4e85-4837-a101-53358cf84ea7,True,,55983,5ac57274-4e19-4bfc-b58f-1ce7cf4aa706,purchase_ticket,2026-05-21T23:41:22.690342+00:00,2026-05-21T17:41:22.905034+00:00
a843bdaf-4612-41e7-b203-be77e454112b,2026-05-21T23:41:22.690342+00:00,973c4f9c-0bdb-482f-9d05-811a2be6a03e,True,,55984,739db98f-213c-4b76-9f37-bfc06fc181e5,purchase_ticket,2026-05-21T23:41:22.690342+00:00,2026-05-21T17:41:22.905034+00:00
a843bdaf-4612-41e7-b203-be77e454112b,2026-05-21T23:41:22.690342+00:00,dc9a7ddd-f570-4975-855f-d2d533718e75,True,,55985,ede9c896-7770-44c7-891c-06146b1e6dfb,purchase_ticket,2026-05-21T23:41:22.690342+00:00,2026-05-21T17:41:22.905034+00:00
a843bdaf-4612-41e7-b203-be77e454112b,2026-05-21T23:41:22.690342+00:00,845081dc-d0f0-4cc7-b49c-59c3ffe8e5b9,True,,55986,8964f451-7d80-47ca-9aa2-b55748459276,purchase_ticket,2026-05-21T23:41:22.690342+00:00,2026-05-21T17:41:22.905034+00:00
a843bdaf-4612-41e7-b203-be77e454112b,2026-05-21T23:41:22.690342+00:00,8b78d929-8e28-45e5-9d2e-0e6d39d66fc3,True,,55987,810b80e5-c03a-451d-bd19-81a231583ea7,purchase_ticket,2026-05-21T23:41:22.690342+00:00,2026-05-21T17:41:22.905034+00:00
a843bdaf-4612-41e7-b203-be77e454112b,2026-05-21T23:41:22.690342+00:00,d709d4cc-ede2-4287-8f00-16ea3a780124,True,,55988,2910b36e-3c71-4bc9-9e7a-3af3a999bf77,purchase_ticket,2026-05-21T23:41:22.690342+00:00,2026-05-21T17:41:22.905034+00:00
a843bdaf-4612-41e7-b203-be77e454112b,2026-05-21T23:41:22.690342+00:00,6b681b00-62e0-42e5-88c9-1c7fa937dfb2,True,,55989,4877ab9b-a210-4233-9ef6-b4e5231f734f,purchase_ticket,2026-05-21T23:41:22.690342+00:00,2026-05-21T17:41:22.905034+00:00
a843bdaf-4612-41e7-b203-be77e454112b,2026-05-21T23:41:22.690342+00:00,2ff2642d-4a3f-40f4-929a-52386191ba37,True,,55990,41552073-848a-4acb-a35f-4866332c3f21,purchase_ticket,2026-05-21T23:41:22.690342+00:00,2026-05-21T17:41:22.905034+00:00
a843bdaf-4612-41e7-b203-be77e454112b,2026-05-21T23:41:22.690342+00:00,cd59ec17-8286-4e21-b193-1db22fa69754,True,,55991,8455d227-dcb6-4ef7-8c36-e31d041126dc,purchase_ticket,2026-05-21T23:41:22.690342+00:00,2026-05-21T17:41:22.905034+00:00
a843bdaf-4612-41e7-b203-be77e454112b,2026-05-21T23:41:22.690342+00:00,1e6572b2-0a15-47b3-82aa-d5ae10635bbf,True,,55992,f2b8e11e-b6dd-4e65-b9e2-dfa1d8179e82,purchase_ticket,2026-05-21T23:41:22.690342+00:00,2026-05-21T17:41:22.905034+00:00
a843bdaf-4612-41e7-b203-be77e454112b,2026-05-21T23:41:22.690342+00:00,4d2748a6-c5b3-40ee-a0ba-43e61d7b077a,True,,55993,cc7cd503-6b25-4182-a9ba-50f1bab7b808,purchase_ticket,2026-05-21T23:41:22.690342+00:00,2026-05-21T17:41:22.905034+00:00
a843bdaf-4612-41e7-b203-be77e454112b,2026-05-21T23:41:22.690342+00:00,0135c039-0270-44f3-b8f5-478004c65d78,True,,55994,dc534d17-48b9-457e-ac12-d0364c57250d,purchase_ticket,2026-05-21T23:41:22.690342+00:00,2026-05-21T17:41:22.905034+00:00
a843bdaf-4612-41e7-b203-be77e454112b,2026-05-21T23:41:22.690342+00:00,93f2dade-4977-4589-babf-4bf6728aa1ae,True,,55995,00c0d3d9-6333-4265-9c2e-6f33488c1fbb,purchase_ticket,2026-05-21T23:41:22.690342+00:00,2026-05-21T17:41:22.905034+00:00
a843bdaf-4612-41e7-b203-be77e454112b,2026-05-21T23:41:22.690342+00:00,8f40eedd-2933-4df6-b4d4-65c1b95aa9cf,True,,55996,bb1ad0a3-ea90-4796-8b69-6aceee11a3a4,purchase_ticket,2026-05-21T23:41:22.690342+00:00,2026-05-21T17:41:22.905034+00:00
a843bdaf-4612-41e7-b203-be77e454112b,2026-05-21T23:41:22.690342+00:00,ecde2a47-82c4-4d67-bbb3-44ea9fe12c98,True,,55997,4e3031b4-37c7-40c5-9a66-c7927bee89a1,purchase_ticket,2026-05-21T23:41:22.690342+00:00,2026-05-21T17:41:22.905034+00:00
a843bdaf-4612-41e7-b203-be77e454112b,2026-05-21T23:41:22.690342+00:00,a69cd3d9-a446-4988-a484-9b4f867020b4,True,,55998,f0400ae3-719e-4cc3-aea3-891063cc2146,purchase_ticket,2026-05-21T23:41:22.690342+00:00,2026-05-21T17:41:22.905034+00:00
a843bdaf-4612-41e7-b203-be77e454112b,2026-05-21T23:41:22.690342+00:00,642605e6-b122-40cf-9516-d6247a76fb41,True,,55999,e676a077-c051-4772-8e2d-9ed64426e728,purchase_ticket,2026-05-21T23:41:22.690342+00:00,2026-05-21T17:41:22.905034+00:00
a843bdaf-4612-41e7-b203-be77e454112b,2026-05-21T23:41:22.690342+00:00,643ad45e-968f-4a2a-b391-2fc1cf533b59,True,,56000,9c6d8fe1-063c-49bd-bf82-fd645a2f229e,purchase_ticket,2026-05-21T23:41:22.690342+00:00,2026-05-21T17:41:22.905034+00:00
a843bdaf-4612-41e7-b203-be77e454112b,2026-05-21T23:41:22.690342+00:00,73af9e58-d6e8-4aff-a9fc-12594a84aaf6,True,,56501,8662a5b7-623a-40e3-9029-8455460f29b6,purchase_ticket,2026-05-21T23:41:22.690342+00:00,2026-05-21T17:41:22.905034+00:00
a843bdaf-4612-41e7-b203-be77e454112b,2026-05-21T23:41:22.690342+00:00,d5292b66-94ba-4725-9631-4e0939c63794,True,,56502,1dd92425-0db2-48a2-98c7-7cc0e0cc586e,purchase_ticket,2026-05-21T23:41:22.690342+00:00,2026-05-21T17:41:22.905034+00:00
a843bdaf-4612-41e7-b203-be77e454112b,2026-05-21T23:41:22.690342+00:00,feef674f-b04c-4066-bfca-51d9592de3b8,True,,56503,a2590daf-ae11-43fd-be0f-e6064710cb0f,purchase_ticket,2026-05-21T23:41:22.690342+00:00,2026-05-21T17:41:22.905034+00:00
a843bdaf-4612-41e7-b203-be77e454112b,2026-05-21T23:41:22.690342+00:00,d5cdefbb-3209-4ed2-a786-a140c8e9a9d9,True,,56504,4c81091e-4cb8-4994-a4d7-e9e21f1a125a,purchase_ticket,2026-05-21T23:41:22.690342+00:00,2026-05-21T17:41:22.905034+00:00
a843bdaf-4612-41e7-b203-be77e454112b,2026-05-21T23:41:22.690342+00:00,7c86ba56-4d36-4e05-beb8-b7a024c7eb51,True,,56507,b4c786f2-5d23-4b03-9b90-9f7767978cea,purchase_ticket,2026-05-21T23:41:22.690342+00:00,2026-05-21T17:41:22.905034+00:00
a843bdaf-4612-41e7-b203-be77e454112b,2026-05-21T23:41:22.690342+00:00,5e4e7031-eb12-4501-8323-f35e20075200,True,,56508,1406d366-944b-4ecf-8fc7-96db78c77bc7,purchase_ticket,2026-05-21T23:41:22.690342+00:00,2026-05-21T17:41:22.905034+00:00
a843bdaf-4612-41e7-b203-be77e454112b,2026-05-21T23:41:22.690342+00:00,3b33eb4a-edd3-4281-a24d-431c3d6497cf,True,,81282,f6872b4b-19a1-4860-bffe-55916ce51861,purchase_ticket,2026-05-21T23:41:22.690342+00:00,2026-05-21T17:41:22.905034+00:00
a843bdaf-4612-41e7-b203-be77e454112b,2026-05-21T23:41:22.690342+00:00,5eba6b51-004f-450c-9cb9-af64579aa5f7,True,,81421,68d22d90-7c3c-4c6e-b71d-09c410a6b914,purchase_ticket,2026-05-21T23:41:22.690342+00:00,2026-05-21T17:41:22.905034+00:00
a843bdaf-4612-41e7-b203-be77e454112b,2026-05-21T23:41:22.690342+00:00,269ee89f-5b83-4e9b-9eed-060ca602df7f,True,,81423,e27854d6-7d78-43b6-860c-44e00d19681a,purchase_ticket,2026-05-21T23:41:22.690342+00:00,2026-05-21T17:41:22.905034+00:00
a843bdaf-4612-41e7-b203-be77e454112b,2026-05-21T23:41:22.690342+00:00,89575865-cd45-46c0-bf86-17974291fdd7,True,,81471,d007a7eb-2e4c-43e4-b525-bc61e52c8fad,purchase_ticket,2026-05-21T23:41:22.690342+00:00,2026-05-21T17:41:22.905034+00:00
a843bdaf-4612-41e7-b203-be77e454112b,2026-05-21T23:41:22.690342+00:00,76f89a70-93fe-4ea2-ad8b-8d70b174f205,True,,81501,3a4c9a3b-02d0-4ea2-ac1a-2f8794258889,purchase_ticket,2026-05-21T23:41:22.690342+00:00,2026-05-21T17:41:22.905034+00:00
a843bdaf-4612-41e7-b203-be77e454112b,2026-05-21T23:41:22.690342+00:00,8a4cfe65-1ec5-48c4-9fe5-1052fcee7563,True,,81502,900d9e3f-f4fb-41ea-a549-535c656eb415,purchase_ticket,2026-05-21T23:41:22.690342+00:00,2026-05-21T17:41:22.905034+00:00
a843bdaf-4612-41e7-b203-be77e454112b,2026-05-21T23:41:22.690342+00:00,c36fd8a3-4896-4dcc-9810-056a205206ba,True,,81507,f3b71413-9cc4-4177-b835-11cc36038880,purchase_ticket,2026-05-21T23:41:22.690342+00:00,2026-05-21T17:41:22.905034+00:00
a843bdaf-4612-41e7-b203-be77e454112b,2026-05-21T23:41:22.690342+00:00,acd2c27a-e117-4744-a0c9-758c93227b39,True,,81512,b071e91d-7213-4b86-a491-2574f20b382d,purchase_ticket,2026-05-21T23:41:22.690342+00:00,2026-05-21T17:41:22.906031+00:00
a843bdaf-4612-41e7-b203-be77e454112b,2026-05-21T23:41:22.690342+00:00,1a07c43b-967f-493b-8d0d-c5bcf3615990,True,,81513,056f082e-7e01-455a-87a8-4c3c69699a90,purchase_ticket,2026-05-21T23:41:22.690342+00:00,2026-05-21T17:41:22.906031+00:00
a843bdaf-4612-41e7-b203-be77e454112b,2026-05-21T23:41:22.690342+00:00,66caa795-7e8f-4f8b-8b35-45663ae3f9fa,True,,81525,5933994d-3079-408c-a4cb-f45981f6ddce,purchase_ticket,2026-05-21T23:41:22.690342+00:00,2026-05-21T17:41:22.906031+00:00
a843bdaf-4612-41e7-b203-be77e454112b,2026-05-21T23:41:22.690342+00:00,87e2a771-ccaf-4363-a1ee-c82d32346fc5,True,,81528,57f9f34a-3553-4f74-875c-8cb99c01a661,purchase_ticket,2026-05-21T23:41:22.690342+00:00,2026-05-21T17:41:22.906031+00:00
a843bdaf-4612-41e7-b203-be77e454112b,2026-05-21T23:41:22.690342+00:00,1cedb64a-6f1d-44fc-8469-b5fef4fa8be6,True,,81531,f2a76ec4-5a0b-45f2-8701-d932f489b129,purchase_ticket,2026-05-21T23:41:22.690342+00:00,2026-05-21T17:41:22.906031+00:00
a843bdaf-4612-41e7-b203-be77e454112b,2026-05-21T23:41:22.690342+00:00,f8902503-2107-45d4-a883-6211c84b430c,True,,81532-A,3aa3d8e0-2f94-4f2d-9ee1-d4e744d77770,purchase_ticket,2026-05-21T23:41:22.690342+00:00,2026-05-21T17:41:22.906031+00:00
a843bdaf-4612-41e7-b203-be77e454112b,2026-05-21T23:41:22.690342+00:00,0cd8db42-e8d2-4b29-be66-b3deae29249e,True,,81532-B,09dda452-b86e-4043-a598-3b664276123a,purchase_ticket,2026-05-21T23:41:22.690342+00:00,2026-05-21T17:41:22.906031+00:00
a843bdaf-4612-41e7-b203-be77e454112b,2026-05-21T23:41:22.690342+00:00,f695b49b-b6e8-48e2-9860-7dd4a2e58438,True,,81534,c19729ca-4d4f-4da7-a406-5d762aa66d6c,purchase_ticket,2026-05-21T23:41:22.690342+00:00,2026-05-21T17:41:22.906031+00:00
a843bdaf-4612-41e7-b203-be77e454112b,2026-05-21T23:41:22.690342+00:00,de980b61-040a-45c7-a713-8a43ac1826cf,True,,81536,ecdf92f6-e495-4a4c-a78f-152ea6510baf,purchase_ticket,2026-05-21T23:41:22.690342+00:00,2026-05-21T17:41:22.906031+00:00
a843bdaf-4612-41e7-b203-be77e454112b,2026-05-21T23:41:22.690342+00:00,2f89661d-0130-44a4-a225-38da95019229,True,,232,047506a3-884e-47a9-a5b5-b86045ff8174,sale_ticket,2026-05-21T23:41:22.690342+00:00,2026-05-21T17:41:22.906031+00:00
fb340114-8fad-4c30-9b0d-15f8e8e953ff,2026-06-29T23:56:45.457948+00:00,21451cc4-1cdd-4f84-b111-e140099be050,True,,19161,178fb544-a6ea-45dd-8613-6efa827ee420,expense_voucher,2026-06-29T23:56:45.457948+00:00,2026-06-29T17:56:45.77596+00:00
29838b1d-f7b1-4289-b217-96528d959592,2026-05-27T14:09:55.869242+00:00,acdac09d-81c6-4aca-b223-4c1db90fbf17,True,,56596,f66c917e-e904-441b-b65e-46f31ea89100,purchase_ticket,2026-05-27T14:09:55.869242+00:00,2026-05-27T08:09:56.034986+00:00
29838b1d-f7b1-4289-b217-96528d959592,2026-05-27T14:09:55.869242+00:00,336faf13-5dc2-40b7-aed3-ad385e95e501,True,,56597,0dedb0c9-1614-45e9-8294-232879978b98,purchase_ticket,2026-05-27T14:09:55.869242+00:00,2026-05-27T08:09:56.034986+00:00
29838b1d-f7b1-4289-b217-96528d959592,2026-05-27T14:09:55.869242+00:00,dde93d70-1634-4c28-970a-892712d8b531,True,,56598,9f280169-0343-442f-a5f7-21688c0c528e,purchase_ticket,2026-05-27T14:09:55.869242+00:00,2026-05-27T08:09:56.034986+00:00
29838b1d-f7b1-4289-b217-96528d959592,2026-05-27T14:09:55.869242+00:00,042836d3-0e57-4b1e-8e9a-c184d1b74bb9,True,,56599,5ce7d0fc-87b3-45a6-8424-17da6c88fe7f,purchase_ticket,2026-05-27T14:09:55.869242+00:00,2026-05-27T08:09:56.034986+00:00
29838b1d-f7b1-4289-b217-96528d959592,2026-05-27T14:09:55.869242+00:00,c6f9caf5-a361-4cee-b8b0-c01b1e933650,True,,56600,248dbb1d-0ec9-4f0c-9c06-b4052c223420,purchase_ticket,2026-05-27T14:09:55.869242+00:00,2026-05-27T08:09:56.034986+00:00
29838b1d-f7b1-4289-b217-96528d959592,2026-05-27T14:09:55.869242+00:00,78da385c-81a8-4860-8959-c5d06305b602,True,,56602,54c6765b-3202-45a4-9cd9-9bbdee9d08ea,purchase_ticket,2026-05-27T14:09:55.869242+00:00,2026-05-27T08:09:56.034986+00:00
29838b1d-f7b1-4289-b217-96528d959592,2026-05-27T14:09:55.869242+00:00,2fb35aa8-61cf-42b8-812a-30198656181d,True,,81194,df23ca8d-5a52-4e7e-a67d-42a4dfec7da1,purchase_ticket,2026-05-27T14:09:55.869242+00:00,2026-05-27T08:09:56.034986+00:00
29838b1d-f7b1-4289-b217-96528d959592,2026-05-27T14:09:55.869242+00:00,f810594d-b356-4459-85c2-e80ebb493bf8,True,,81336,cfb66509-08fc-478b-aab1-5911f21b298a,purchase_ticket,2026-05-27T14:09:55.869242+00:00,2026-05-27T08:09:56.034986+00:00
29838b1d-f7b1-4289-b217-96528d959592,2026-05-27T14:09:55.869242+00:00,b17954e4-8e3c-49bc-902a-504ac5ce1827,True,,81626,d2b39d65-84cd-4b4b-a698-19ff65c0e0f4,purchase_ticket,2026-05-27T14:09:55.869242+00:00,2026-05-27T08:09:56.034986+00:00
29838b1d-f7b1-4289-b217-96528d959592,2026-05-27T14:09:55.869242+00:00,3f771b5d-aa0d-4913-bb74-14511649702a,True,,81629,b5c66b3f-0405-4de4-b220-a737a6df3e0b,purchase_ticket,2026-05-27T14:09:55.869242+00:00,2026-05-27T08:09:56.034986+00:00
29838b1d-f7b1-4289-b217-96528d959592,2026-05-27T14:09:55.869242+00:00,42129324-e3f5-4820-9f53-0b7cc8575af1,True,,81632,3a00148c-aa05-4de4-8da2-45a242eb85e5,purchase_ticket,2026-05-27T14:09:55.869242+00:00,2026-05-27T08:09:56.034986+00:00
29838b1d-f7b1-4289-b217-96528d959592,2026-05-27T14:09:55.869242+00:00,131bc5d4-c159-429c-ac8d-5a311867b6fc,True,,81633,3e44420c-d481-4cf2-9a11-e9b51c5928c9,purchase_ticket,2026-05-27T14:09:55.869242+00:00,2026-05-27T08:09:56.034986+00:00
29838b1d-f7b1-4289-b217-96528d959592,2026-05-27T14:09:55.869242+00:00,1f010e7c-16d1-413c-bd94-cac8d6c77646,True,,81635,832de1b8-1c48-4465-a5d5-0ca21c1a0b08,purchase_ticket,2026-05-27T14:09:55.869242+00:00,2026-05-27T08:09:56.034986+00:00
29838b1d-f7b1-4289-b217-96528d959592,2026-05-27T14:09:55.869242+00:00,1df2fcd5-f56f-4626-9030-0e7505725371,True,,81636,b7ad8438-be62-4011-a56c-f18bf0f71c27,purchase_ticket,2026-05-27T14:09:55.869242+00:00,2026-05-27T08:09:56.035983+00:00
29838b1d-f7b1-4289-b217-96528d959592,2026-05-27T14:09:55.869242+00:00,97f84995-1b81-4e03-9afa-52fdc2d17c01,True,,81638,345ab14e-2f1c-4b0e-a76d-91c80e681993,purchase_ticket,2026-05-27T14:09:55.869242+00:00,2026-05-27T08:09:56.035983+00:00
29838b1d-f7b1-4289-b217-96528d959592,2026-05-27T14:09:55.869242+00:00,6e9301a5-e22d-44d3-9b5f-ef047d5df72c,True,,81639,cebbd6d8-3c71-4088-a4fc-72bc89ca7d2a,purchase_ticket,2026-05-27T14:09:55.869242+00:00,2026-05-27T08:09:56.035983+00:00
29838b1d-f7b1-4289-b217-96528d959592,2026-05-27T14:09:55.869242+00:00,f2beb840-1da8-424f-88a7-3d748f10dac5,True,,81640,b57989fb-5916-4e36-a5d7-1da86acd2a2f,purchase_ticket,2026-05-27T14:09:55.869242+00:00,2026-05-27T08:09:56.035983+00:00
29838b1d-f7b1-4289-b217-96528d959592,2026-05-27T14:09:55.869242+00:00,bce72f7e-0bdd-4b1e-a1de-7244ac53e65f,True,,81642,8b5cd05f-3c48-4952-b3d1-1647c9dc4f02,purchase_ticket,2026-05-27T14:09:55.869242+00:00,2026-05-27T08:09:56.035983+00:00
29838b1d-f7b1-4289-b217-96528d959592,2026-05-27T14:09:55.869242+00:00,3c1fe7dc-a9d3-4f4f-a0e9-5f0bc464f63e,True,,81646,93cdea3c-4c62-4f0e-ba19-00139a008a77,purchase_ticket,2026-05-27T14:09:55.869242+00:00,2026-05-27T08:09:56.035983+00:00
29838b1d-f7b1-4289-b217-96528d959592,2026-05-27T14:09:55.869242+00:00,e3b337b5-6e17-4db4-bcca-006e09f0648f,True,,81647,179f1417-13d6-4464-b681-c536812311af,purchase_ticket,2026-05-27T14:09:55.869242+00:00,2026-05-27T08:09:56.035983+00:00
29838b1d-f7b1-4289-b217-96528d959592,2026-05-27T14:09:55.869242+00:00,8d1673ac-f2a9-4099-964e-260fd47284fd,True,,81648,a26ebce4-9942-4fd9-b7bb-8e159ad1fd3d,purchase_ticket,2026-05-27T14:09:55.869242+00:00,2026-05-27T08:09:56.035983+00:00
29838b1d-f7b1-4289-b217-96528d959592,2026-05-27T14:09:55.869242+00:00,e34ecae7-ead3-43d9-92a6-641cc118711c,True,,81653,005c6877-9089-481f-994b-611e5fd4377f,purchase_ticket,2026-05-27T14:09:55.869242+00:00,2026-05-27T08:09:56.035983+00:00
29838b1d-f7b1-4289-b217-96528d959592,2026-05-27T14:09:55.869242+00:00,262b75eb-b5e7-44a7-a982-d8b102b007a4,True,,81654,0e16afb3-12ac-466b-8d35-82e78842ff6a,purchase_ticket,2026-05-27T14:09:55.869242+00:00,2026-05-27T08:09:56.035983+00:00
29838b1d-f7b1-4289-b217-96528d959592,2026-05-27T14:09:55.869242+00:00,e61a6dfc-8ea3-4d3c-972e-2218d2785099,True,,81655,2a6b132d-3e6d-4e7c-b65d-59f61207c318,purchase_ticket,2026-05-27T14:09:55.869242+00:00,2026-05-27T08:09:56.035983+00:00
70adcde0-1440-4654-aafa-939fb0fbcd7e,2026-05-25T23:57:12.501938+00:00,3ec88895-c9e2-4e85-8c4e-6289a7ed5be0,True,COMPROBAR,18736,dce8c4aa-3cca-4c1d-993b-d177ec3fe6b9,deposit_voucher,2026-05-27T14:10:16.656817+00:00,2026-05-27T08:10:16.678193+00:00
70adcde0-1440-4654-aafa-939fb0fbcd7e,2026-05-25T23:57:12.501938+00:00,9fb85753-93d1-4bc2-b748-d4ecba089794,True,COMPROBAR,18831,c600f1f7-a528-4c96-b380-b440c7d1f007,expense_voucher,2026-05-27T14:10:16.656817+00:00,2026-05-27T08:10:16.678193+00:00
70adcde0-1440-4654-aafa-939fb0fbcd7e,2026-05-25T23:57:12.501938+00:00,97d2b41d-cd7b-47a0-9e73-728a7e9d25ac,True,COMPROBAR,18841,7b8d89f6-c65e-4412-881c-59cdea728755,expense_voucher,2026-05-27T14:10:16.656817+00:00,2026-05-27T08:10:16.678193+00:00
c5127541-854d-4171-bef0-6a00b7120465,2026-05-27T23:54:29.736288+00:00,e90f52e0-4b3f-4af3-a51a-b789c68c2eb8,True,,18844,0b6c1723-0e78-4324-a90c-e4e7b0626ce5,expense_voucher,2026-05-27T23:54:29.736288+00:00,2026-05-27T17:54:30.518718+00:00
fb340114-8fad-4c30-9b0d-15f8e8e953ff,2026-06-29T23:56:45.457948+00:00,a112c94f-e250-470a-9299-54de88afcdcb,True,,19226,9400ddad-8e3f-4f69-8ca8-e419b993fa65,expense_voucher,2026-06-29T23:56:45.457948+00:00,2026-06-29T17:56:45.77596+00:00
c5127541-854d-4171-bef0-6a00b7120465,2026-05-27T23:54:29.736288+00:00,70f8b252-c2ed-4e3f-8509-637d62dea271,True,,18421,e2d3f5f9-6787-4caa-b8b4-7a2f350dddc1,expense_voucher,2026-05-27T23:54:29.736288+00:00,2026-05-27T17:54:30.518718+00:00
c5127541-854d-4171-bef0-6a00b7120465,2026-05-27T23:54:29.736288+00:00,011cf423-b67e-4b4c-9a8c-a32fb04b25e6,True,,18421,6d278467-dbd4-4210-b073-b135c91a2ffa,expense_voucher,2026-05-27T23:54:29.736288+00:00,2026-05-27T17:54:30.518718+00:00
c5127541-854d-4171-bef0-6a00b7120465,2026-05-27T23:54:29.736288+00:00,500c8ea3-1f16-4e9e-8fd8-3921f154b67c,True,,18857,d7fc5f6e-d5a4-41d7-b59c-8d4587de2040,expense_voucher,2026-05-27T23:54:29.736288+00:00,2026-05-27T17:54:30.518718+00:00
c5127541-854d-4171-bef0-6a00b7120465,2026-05-27T23:54:29.736288+00:00,a2d2c511-cbbd-4db1-84b8-74933993b11f,True,,18858,350b970a-e549-42aa-b87e-d17ce9a00fb5,expense_voucher,2026-05-27T23:54:29.736288+00:00,2026-05-27T17:54:30.518718+00:00
c5127541-854d-4171-bef0-6a00b7120465,2026-05-27T23:54:29.736288+00:00,8a955a58-9c71-4d61-aea8-be83ff7b3e92,True,,18859,fa5e1602-2bb7-4de4-bf4c-93b5d6006a45,expense_voucher,2026-05-27T23:54:29.736288+00:00,2026-05-27T17:54:30.518718+00:00
c5127541-854d-4171-bef0-6a00b7120465,2026-05-27T23:54:29.736288+00:00,02a2a6d4-45c2-4c57-a55c-a53cae25a47a,True,,18860,42f35888-f955-4476-80d4-1a75330d41c8,expense_voucher,2026-05-27T23:54:29.736288+00:00,2026-05-27T17:54:30.518718+00:00
c5127541-854d-4171-bef0-6a00b7120465,2026-05-27T23:54:29.736288+00:00,ce9bf3dd-aac7-410e-be2b-cb18bcb7ff39,True,,18861,82a68f9c-51bd-44d7-b50b-7374b8b1eade,expense_voucher,2026-05-27T23:54:29.736288+00:00,2026-05-27T17:54:30.518718+00:00
c5127541-854d-4171-bef0-6a00b7120465,2026-05-27T23:54:29.736288+00:00,150d0cec-cf3e-462f-a32f-5c4f66d3fc02,True,,18862,de07263b-e840-45c4-9bdb-873621239c2f,expense_voucher,2026-05-27T23:54:29.736288+00:00,2026-05-27T17:54:30.518718+00:00
c5127541-854d-4171-bef0-6a00b7120465,2026-05-27T23:54:29.736288+00:00,0b76b615-9b7a-4f1b-b1bb-a05c7db453c9,True,,18863,fda6035c-99a2-4c9f-b139-3a2b018cca0a,expense_voucher,2026-05-27T23:54:29.736288+00:00,2026-05-27T17:54:30.518718+00:00
c5127541-854d-4171-bef0-6a00b7120465,2026-05-27T23:54:29.736288+00:00,dc7fe946-ec86-4f57-b214-92a95e03f3d3,True,,18864,60bd9c78-7f25-41c7-b118-059141ad1bfd,expense_voucher,2026-05-27T23:54:29.736288+00:00,2026-05-27T17:54:30.518718+00:00
c5127541-854d-4171-bef0-6a00b7120465,2026-05-27T23:54:29.736288+00:00,0f252afa-2b3b-4b17-af8d-76968bcac7ee,True,,18865,dfb78595-6a72-4dc8-a75b-309082e62178,expense_voucher,2026-05-27T23:54:29.736288+00:00,2026-05-27T17:54:30.518718+00:00
c5127541-854d-4171-bef0-6a00b7120465,2026-05-27T23:54:29.736288+00:00,075378b2-b9f4-4807-9932-f419565da78d,True,,18866,4a02f99c-1758-4c74-a5dd-5aacf648b81a,expense_voucher,2026-05-27T23:54:29.736288+00:00,2026-05-27T17:54:30.518718+00:00
c5127541-854d-4171-bef0-6a00b7120465,2026-05-27T23:54:29.736288+00:00,7e3ddc68-c6ea-449a-a9ce-56e9132fc1e7,True,,18867,41711cdb-d333-49c0-bb72-9f037d4afcce,expense_voucher,2026-05-27T23:54:29.736288+00:00,2026-05-27T17:54:30.518718+00:00
c5127541-854d-4171-bef0-6a00b7120465,2026-05-27T23:54:29.736288+00:00,749e4ed7-eca8-4545-9701-367bde5994ce,True,,18868,9bb6032b-4d68-443e-b77b-efec16e2d12f,expense_voucher,2026-05-27T23:54:29.736288+00:00,2026-05-27T17:54:30.518718+00:00
c5127541-854d-4171-bef0-6a00b7120465,2026-05-27T23:54:29.736288+00:00,223ae1dc-32d9-4482-ab9c-0c4e0d8a4d15,True,,18869,0d677fdb-e1e8-45e5-9564-5883c2e7c0a0,expense_voucher,2026-05-27T23:54:29.736288+00:00,2026-05-27T17:54:30.518718+00:00
c5127541-854d-4171-bef0-6a00b7120465,2026-05-27T23:54:29.736288+00:00,9827cf01-d759-4167-a5a0-64e9a74dec65,True,,18870,9d611b89-54e5-477c-b52b-8f14da8d28ab,expense_voucher,2026-05-27T23:54:29.736288+00:00,2026-05-27T17:54:30.518718+00:00
c5127541-854d-4171-bef0-6a00b7120465,2026-05-27T23:54:29.736288+00:00,a5b3f83f-a3f0-4847-a205-b291f0ba36bd,True,,18871,cdd8bdef-7910-4eae-be54-d1c57e18d325,expense_voucher,2026-05-27T23:54:29.736288+00:00,2026-05-27T17:54:30.518718+00:00
c5127541-854d-4171-bef0-6a00b7120465,2026-05-27T23:54:29.736288+00:00,6d81721f-d3d3-4b17-a9de-b1b2aa7ccd04,True,,251,730cebfd-30ec-42a6-a0e1-45ec7fc9583d,deposit_voucher,2026-05-27T23:54:29.736288+00:00,2026-05-27T17:54:30.518718+00:00
c5127541-854d-4171-bef0-6a00b7120465,2026-05-27T23:54:29.736288+00:00,aa03ffc3-591e-4256-9876-4fd4fae18042,True,,269,bd4429fd-f198-4e40-9cc7-fc85458d2777,deposit_voucher,2026-05-27T23:54:29.736288+00:00,2026-05-27T17:54:30.518718+00:00
c5127541-854d-4171-bef0-6a00b7120465,2026-05-27T23:54:29.736288+00:00,9d7d87b6-7d09-4891-81fb-ea6d2321288e,True,,270,3349c340-35c5-4094-9128-11ccf0cfc185,deposit_voucher,2026-05-27T23:54:29.736288+00:00,2026-05-27T17:54:30.519714+00:00
c5127541-854d-4171-bef0-6a00b7120465,2026-05-27T23:54:29.736288+00:00,916cd9fb-184f-4ea1-8e1d-ea0cd155c9a9,True,,271,2e86d580-90b8-4cab-9781-e5f989a5f5f1,deposit_voucher,2026-05-27T23:54:29.736288+00:00,2026-05-27T17:54:30.519714+00:00
c5127541-854d-4171-bef0-6a00b7120465,2026-05-27T23:54:29.736288+00:00,2bf9d467-9250-407d-9be9-7c8c96802fcd,True,,1108,ff95af04-8bdc-4561-b2dc-2535d3bfcd78,sale_ticket,2026-05-27T23:54:29.736288+00:00,2026-05-27T17:54:30.519714+00:00
c5127541-854d-4171-bef0-6a00b7120465,2026-05-27T23:54:29.736288+00:00,6783b25d-f986-4169-bfbe-b7dedc284c73,True,,257,18cf842b-53a1-4c6b-a66e-9d18bf011640,sale_ticket,2026-05-27T23:54:29.736288+00:00,2026-05-27T17:54:30.519714+00:00
c5127541-854d-4171-bef0-6a00b7120465,2026-05-27T23:54:29.736288+00:00,dc1fd941-6b25-46e4-a760-c3c8d078392a,True,,78882,0013c61a-7b35-45f8-a32c-3f0a71e5d732,sale_ticket,2026-05-27T23:54:29.736288+00:00,2026-05-27T17:54:30.519714+00:00
c5127541-854d-4171-bef0-6a00b7120465,2026-05-27T23:54:29.736288+00:00,440c4080-097f-4261-bc41-6fb2318d534e,True,,78886,37e9f5c8-48c3-416f-9ef7-f255cc8143b9,sale_ticket,2026-05-27T23:54:29.736288+00:00,2026-05-27T17:54:30.519714+00:00
c5127541-854d-4171-bef0-6a00b7120465,2026-05-27T23:54:29.736288+00:00,d67b5224-a90d-4fa0-8e98-372f5d4781f2,True,,78887,e8a0cb2e-f193-43fc-bda9-200107a58701,sale_ticket,2026-05-27T23:54:29.736288+00:00,2026-05-27T17:54:30.519714+00:00
c5127541-854d-4171-bef0-6a00b7120465,2026-05-27T23:54:29.736288+00:00,32419180-7b52-4374-9bf9-24dc3a381fa5,True,,56584,0beb5ab7-db4c-444c-810d-37e50c188109,purchase_ticket,2026-05-27T23:54:29.736288+00:00,2026-05-27T17:54:30.519714+00:00
c5127541-854d-4171-bef0-6a00b7120465,2026-05-27T23:54:29.736288+00:00,4a198a93-1c89-4cd7-9146-4616c9142a71,True,,56586,91b39360-76bf-43dc-a8c8-986d8fd9e6cd,purchase_ticket,2026-05-27T23:54:29.736288+00:00,2026-05-27T17:54:30.519714+00:00
c5127541-854d-4171-bef0-6a00b7120465,2026-05-27T23:54:29.736288+00:00,f1c68fd9-2f51-4376-a91d-480319cb094a,True,,56603,455f403a-9d8a-4438-ad2b-85dbecdccbd6,purchase_ticket,2026-05-27T23:54:29.736288+00:00,2026-05-27T17:54:30.519714+00:00
c5127541-854d-4171-bef0-6a00b7120465,2026-05-27T23:54:29.736288+00:00,66468ba7-84c6-43da-8ab2-1db56a9066f0,True,,56604,43cd31a3-8307-4010-a4c6-697618c2aed5,purchase_ticket,2026-05-27T23:54:29.736288+00:00,2026-05-27T17:54:30.519714+00:00
c5127541-854d-4171-bef0-6a00b7120465,2026-05-27T23:54:29.736288+00:00,6ee37b2c-d015-4c56-995f-57f79e497fd7,True,,56605,9acb06cd-4103-4ad1-a555-0b26438a8714,purchase_ticket,2026-05-27T23:54:29.736288+00:00,2026-05-27T17:54:30.519714+00:00
c5127541-854d-4171-bef0-6a00b7120465,2026-05-27T23:54:29.736288+00:00,8b572471-cfde-4a94-9baf-e9c87b95ea70,True,,56606,5e126032-d5cd-4768-8517-ad83e4569754,purchase_ticket,2026-05-27T23:54:29.736288+00:00,2026-05-27T17:54:30.519714+00:00
c5127541-854d-4171-bef0-6a00b7120465,2026-05-27T23:54:29.736288+00:00,56278dd7-44da-4c0c-ad63-7d1e3f77f93c,True,,56607,cb125ace-9560-476a-9295-e1cb13253e7e,purchase_ticket,2026-05-27T23:54:29.736288+00:00,2026-05-27T17:54:30.519714+00:00
c5127541-854d-4171-bef0-6a00b7120465,2026-05-27T23:54:29.736288+00:00,7ee2a59c-212f-40ad-af6e-cd80b60dad3e,True,,56608,82ff2eef-bc76-4b46-9240-0c6e50e0de37,purchase_ticket,2026-05-27T23:54:29.736288+00:00,2026-05-27T17:54:30.519714+00:00
c5127541-854d-4171-bef0-6a00b7120465,2026-05-27T23:54:29.736288+00:00,1c72a7c2-cbf5-462e-a348-23fcf364da4c,True,,56609,137c07e1-5906-4dfd-b376-a30db9df3406,purchase_ticket,2026-05-27T23:54:29.736288+00:00,2026-05-27T17:54:30.519714+00:00
c5127541-854d-4171-bef0-6a00b7120465,2026-05-27T23:54:29.736288+00:00,0c5f51bf-40d9-425f-b696-6deba0a9b979,True,,56610,1762469e-d3fd-4b30-a654-d64bd1aba597,purchase_ticket,2026-05-27T23:54:29.736288+00:00,2026-05-27T17:54:30.519714+00:00
c5127541-854d-4171-bef0-6a00b7120465,2026-05-27T23:54:29.736288+00:00,e5b4e13d-8b01-4078-931b-15a640802404,True,,56611,826471b4-8725-44e0-875d-f885086d1a2c,purchase_ticket,2026-05-27T23:54:29.736288+00:00,2026-05-27T17:54:30.519714+00:00
c5127541-854d-4171-bef0-6a00b7120465,2026-05-27T23:54:29.736288+00:00,e535ff03-6e93-4323-aa93-25aeac908853,True,,56612,86b2e0a3-bff8-406f-8d91-62a585f465e7,purchase_ticket,2026-05-27T23:54:29.736288+00:00,2026-05-27T17:54:30.519714+00:00
c5127541-854d-4171-bef0-6a00b7120465,2026-05-27T23:54:29.736288+00:00,a1bc2f48-b1e8-4e97-b15a-262b577381fd,True,,56613,9efc9d34-dcd3-4c49-94ca-a018a209a8d7,purchase_ticket,2026-05-27T23:54:29.736288+00:00,2026-05-27T17:54:30.519714+00:00
c5127541-854d-4171-bef0-6a00b7120465,2026-05-27T23:54:29.736288+00:00,ac0c3ee1-d880-421d-a91c-35408bec697f,True,,56614,b96ea611-74c9-433b-90d7-5ac0234121b3,purchase_ticket,2026-05-27T23:54:29.736288+00:00,2026-05-27T17:54:30.519714+00:00
c5127541-854d-4171-bef0-6a00b7120465,2026-05-27T23:54:29.736288+00:00,620b5589-596c-4f2f-803b-df3d174be4f2,True,,56615,8b9159d2-4300-401e-881c-8e52ddc988d7,purchase_ticket,2026-05-27T23:54:29.736288+00:00,2026-05-27T17:54:30.519714+00:00
c5127541-854d-4171-bef0-6a00b7120465,2026-05-27T23:54:29.736288+00:00,21ec70f5-a7bf-496f-a255-69223eaeda92,True,,56616,86f6d932-9642-499b-80de-1176ad9523ba,purchase_ticket,2026-05-27T23:54:29.736288+00:00,2026-05-27T17:54:30.519714+00:00
c5127541-854d-4171-bef0-6a00b7120465,2026-05-27T23:54:29.736288+00:00,a8f41918-a86f-4c75-8576-48bd54a48882,True,,56617,4e127797-c9d4-42c3-8d00-f480b1476231,purchase_ticket,2026-05-27T23:54:29.736288+00:00,2026-05-27T17:54:30.519714+00:00
c5127541-854d-4171-bef0-6a00b7120465,2026-05-27T23:54:29.736288+00:00,b0e33975-d6fa-4572-9375-2d0924f02e24,True,,56618,969fb87a-1867-4627-8b77-31c772e401e8,purchase_ticket,2026-05-27T23:54:29.736288+00:00,2026-05-27T17:54:30.519714+00:00
c5127541-854d-4171-bef0-6a00b7120465,2026-05-27T23:54:29.736288+00:00,44609c13-66eb-497f-9f1d-863077c7bc67,True,,56619,1e225001-594e-41ec-99a3-efa5c3022fe0,purchase_ticket,2026-05-27T23:54:29.736288+00:00,2026-05-27T17:54:30.519714+00:00
c5127541-854d-4171-bef0-6a00b7120465,2026-05-27T23:54:29.736288+00:00,f50e6ffc-3dc8-45ab-b5b6-27045558d80e,True,,56620,982fb9fd-bfef-4b10-b204-297f7e606b91,purchase_ticket,2026-05-27T23:54:29.736288+00:00,2026-05-27T17:54:30.519714+00:00
c5127541-854d-4171-bef0-6a00b7120465,2026-05-27T23:54:29.736288+00:00,e702284d-d63e-47ad-a438-709a3a2f542b,True,,56621,78755dd4-0eae-4531-b592-88fc54134cff,purchase_ticket,2026-05-27T23:54:29.736288+00:00,2026-05-27T17:54:30.519714+00:00
c5127541-854d-4171-bef0-6a00b7120465,2026-05-27T23:54:29.736288+00:00,01833df0-00dd-4a7b-bda2-37b8ab79bbb3,True,,56622,76c5b0c5-7050-4f4d-973a-00f28c5e8b03,purchase_ticket,2026-05-27T23:54:29.736288+00:00,2026-05-27T17:54:30.519714+00:00
c5127541-854d-4171-bef0-6a00b7120465,2026-05-27T23:54:29.736288+00:00,730858f7-3353-41a7-84c2-59700b2ca5a5,True,,56623,b0135542-e0b3-4008-97c1-c796188285ec,purchase_ticket,2026-05-27T23:54:29.736288+00:00,2026-05-27T17:54:30.519714+00:00
c5127541-854d-4171-bef0-6a00b7120465,2026-05-27T23:54:29.736288+00:00,441f1400-f892-437b-bc60-fea4f8e7497b,True,,56624,bab6dc8b-9158-431b-9d75-f55f3480f1a9,purchase_ticket,2026-05-27T23:54:29.736288+00:00,2026-05-27T17:54:30.519714+00:00
c5127541-854d-4171-bef0-6a00b7120465,2026-05-27T23:54:29.736288+00:00,0ab7fec6-ed4b-48b8-91a4-4fb0d595e5ea,True,,59959,5941a2ee-7366-4ea5-84a2-ec8b25b554e2,purchase_ticket,2026-05-27T23:54:29.736288+00:00,2026-05-27T17:54:30.519714+00:00
c5127541-854d-4171-bef0-6a00b7120465,2026-05-27T23:54:29.736288+00:00,b09e5e78-f8ee-49c1-9d33-a37cb69a55f6,True,,80291,e15bc11d-91dd-422c-98fc-f041488e0b0a,purchase_ticket,2026-05-27T23:54:29.736288+00:00,2026-05-27T17:54:30.519714+00:00
c5127541-854d-4171-bef0-6a00b7120465,2026-05-27T23:54:29.736288+00:00,22334d36-18cc-4587-95b4-cb5592a41f9f,True,,80520,87cd0347-3077-4936-8ec6-0eed95d328f0,purchase_ticket,2026-05-27T23:54:29.736288+00:00,2026-05-27T17:54:30.519714+00:00
c5127541-854d-4171-bef0-6a00b7120465,2026-05-27T23:54:29.736288+00:00,59c71e3f-31cc-43ee-a16b-6d79aa057b16,True,,80521,b49719b8-1239-4a45-ad01-112283a7d87d,purchase_ticket,2026-05-27T23:54:29.736288+00:00,2026-05-27T17:54:30.519714+00:00
c5127541-854d-4171-bef0-6a00b7120465,2026-05-27T23:54:29.736288+00:00,e781feb4-4506-4a13-a0b9-bfd9a1145c6b,True,,80796,13a1717b-58ce-47c0-860b-c2c40456bae3,purchase_ticket,2026-05-27T23:54:29.736288+00:00,2026-05-27T17:54:30.519714+00:00
c5127541-854d-4171-bef0-6a00b7120465,2026-05-27T23:54:29.736288+00:00,689ede51-4ff0-41fe-bb67-a8b59dbd94f7,True,,80985,5cc5b0ef-93b2-4dd9-82de-3e96f2826e22,purchase_ticket,2026-05-27T23:54:29.736288+00:00,2026-05-27T17:54:30.519714+00:00
c5127541-854d-4171-bef0-6a00b7120465,2026-05-27T23:54:29.736288+00:00,88a7d6cc-f444-4a2a-9c86-24a82c6d704d,True,,81117,2be98433-0715-442f-a646-05d89f45d4b1,purchase_ticket,2026-05-27T23:54:29.736288+00:00,2026-05-27T17:54:30.519714+00:00
c5127541-854d-4171-bef0-6a00b7120465,2026-05-27T23:54:29.736288+00:00,42338142-bf55-4eed-a242-4e6489f7a888,True,,81437,41e4e4fe-5376-4d43-a759-ae5f95a0ffcf,purchase_ticket,2026-05-27T23:54:29.736288+00:00,2026-05-27T17:54:30.519714+00:00
c5127541-854d-4171-bef0-6a00b7120465,2026-05-27T23:54:29.736288+00:00,e671cb8d-726d-43ad-86a3-d6a21572dd23,True,,81506,3b318128-803a-4ac2-9ccd-858118e2f688,purchase_ticket,2026-05-27T23:54:29.736288+00:00,2026-05-27T17:54:30.520712+00:00
c5127541-854d-4171-bef0-6a00b7120465,2026-05-27T23:54:29.736288+00:00,a79ce92d-213e-4c6b-b70d-9be834a16cd1,True,,81577,2d4e5a0c-8c30-42f8-99e8-10726fe39dca,purchase_ticket,2026-05-27T23:54:29.736288+00:00,2026-05-27T17:54:30.520712+00:00
c5127541-854d-4171-bef0-6a00b7120465,2026-05-27T23:54:29.736288+00:00,ee1bd251-1315-4bf1-9884-c77686e96a3a,True,,81578,aef0920d-c12d-4f78-9c71-8259ac44b7bf,purchase_ticket,2026-05-27T23:54:29.736288+00:00,2026-05-27T17:54:30.520712+00:00
c5127541-854d-4171-bef0-6a00b7120465,2026-05-27T23:54:29.736288+00:00,05f0d483-ddef-48bb-80ad-9fe2793dcbaf,True,,81624,3a241594-9743-4ed6-b4bd-9269e31b19e5,purchase_ticket,2026-05-27T23:54:29.736288+00:00,2026-05-27T17:54:30.520712+00:00
c5127541-854d-4171-bef0-6a00b7120465,2026-05-27T23:54:29.736288+00:00,3a1a32c7-80f1-4b55-8700-a9d5095ca88a,True,,81625,02495cd3-4560-45b5-9cd1-a9184138a504,purchase_ticket,2026-05-27T23:54:29.736288+00:00,2026-05-27T17:54:30.520712+00:00
c5127541-854d-4171-bef0-6a00b7120465,2026-05-27T23:54:29.736288+00:00,fdec7fef-7baf-4865-9b13-c6ecff4eb10b,True,,81658,b020d401-bb55-461e-a3cf-393ab035ce50,purchase_ticket,2026-05-27T23:54:29.736288+00:00,2026-05-27T17:54:30.520712+00:00
c5127541-854d-4171-bef0-6a00b7120465,2026-05-27T23:54:29.736288+00:00,581e0338-6b06-48b0-86fe-2a35ed5af0b6,True,,81660-A,4bdac4b9-72bd-4d71-b0f5-ab5590bc8a3c,purchase_ticket,2026-05-27T23:54:29.736288+00:00,2026-05-27T17:54:30.520712+00:00
c5127541-854d-4171-bef0-6a00b7120465,2026-05-27T23:54:29.736288+00:00,2c58b5a6-baa7-4879-b649-ac8d68edc10d,True,,81660-B,3225505b-96ca-4500-bdfd-f994446ef4f8,purchase_ticket,2026-05-27T23:54:29.736288+00:00,2026-05-27T17:54:30.520712+00:00
c5127541-854d-4171-bef0-6a00b7120465,2026-05-27T23:54:29.736288+00:00,eee473f1-db9e-46c3-9580-88b7dc7ddca9,True,,81665,f3ba2216-3fb9-465e-9f8b-7e96c6590f88,purchase_ticket,2026-05-27T23:54:29.736288+00:00,2026-05-27T17:54:30.520712+00:00
c5127541-854d-4171-bef0-6a00b7120465,2026-05-27T23:54:29.736288+00:00,f35d6103-1ede-4d98-99ab-6e0a51025a2c,True,,81667,573df3d2-3ba8-4615-aea0-90dfcc60ae2f,purchase_ticket,2026-05-27T23:54:29.736288+00:00,2026-05-27T17:54:30.520712+00:00
c5127541-854d-4171-bef0-6a00b7120465,2026-05-27T23:54:29.736288+00:00,6207845f-bfc4-4f85-b9f5-15b9e0673f87,True,,81668,250e2f5e-796f-4f0d-9a19-d31f0b223902,purchase_ticket,2026-05-27T23:54:29.736288+00:00,2026-05-27T17:54:30.520712+00:00
c5127541-854d-4171-bef0-6a00b7120465,2026-05-27T23:54:29.736288+00:00,087099a7-c3a1-4a05-b4bd-2a2fb76fbe12,True,,81670,93761e79-0cd9-4d55-bb85-f9ad84b671bc,purchase_ticket,2026-05-27T23:54:29.736288+00:00,2026-05-27T17:54:30.520712+00:00
c5127541-854d-4171-bef0-6a00b7120465,2026-05-27T23:54:29.736288+00:00,c6987abc-b7ef-42cc-8bcc-a07b10165984,True,,81672,ef0ba5b9-ab4f-44ff-a6db-f821f699f487,purchase_ticket,2026-05-27T23:54:29.736288+00:00,2026-05-27T17:54:30.520712+00:00
c5127541-854d-4171-bef0-6a00b7120465,2026-05-27T23:54:29.736288+00:00,f2071785-81cf-4001-b52f-fbd8923ab49b,True,,81675,162935c5-38c7-4cba-a13c-f5d8f598f813,purchase_ticket,2026-05-27T23:54:29.736288+00:00,2026-05-27T17:54:30.520712+00:00
c5127541-854d-4171-bef0-6a00b7120465,2026-05-27T23:54:29.736288+00:00,4acec7bb-20f1-4c95-8b71-38ad1d500924,True,,81678,5d9f68c9-3c49-45ee-b47f-6df6dd2b94eb,purchase_ticket,2026-05-27T23:54:29.736288+00:00,2026-05-27T17:54:30.520712+00:00
c5127541-854d-4171-bef0-6a00b7120465,2026-05-27T23:54:29.736288+00:00,aecce26e-d59e-4415-a891-cf5768351800,True,,81679,7e25539d-b46c-4191-9783-8c441d2db987,purchase_ticket,2026-05-27T23:54:29.736288+00:00,2026-05-27T17:54:30.520712+00:00
c5127541-854d-4171-bef0-6a00b7120465,2026-05-27T23:54:29.736288+00:00,b7f3da7d-c857-4591-9591-442616456144,True,,81680,4e152a97-cf02-4a97-b70d-7c47b43c7cb6,purchase_ticket,2026-05-27T23:54:29.736288+00:00,2026-05-27T17:54:30.520712+00:00
c5127541-854d-4171-bef0-6a00b7120465,2026-05-27T23:54:29.736288+00:00,df4be858-9a40-492a-9ce4-22ef37ccc56f,True,,81681,70af4cbb-7094-4058-a055-f03ea7659d40,purchase_ticket,2026-05-27T23:54:29.736288+00:00,2026-05-27T17:54:30.520712+00:00
c5127541-854d-4171-bef0-6a00b7120465,2026-05-27T23:54:29.736288+00:00,abd08a29-17a1-4adb-9072-4a3d0a51b318,True,,81682,feb7999d-57f2-4e14-8ba0-6b74b789e176,purchase_ticket,2026-05-27T23:54:29.736288+00:00,2026-05-27T17:54:30.520712+00:00
c5127541-854d-4171-bef0-6a00b7120465,2026-05-27T23:54:29.736288+00:00,6b0b32e7-6d0e-44bd-81c0-7041e649bc58,True,,81684,dec5ff24-d8f9-4c2b-83e2-b557da6076b6,purchase_ticket,2026-05-27T23:54:29.736288+00:00,2026-05-27T17:54:30.520712+00:00
c5127541-854d-4171-bef0-6a00b7120465,2026-05-27T23:54:29.736288+00:00,fd16f14d-67a8-4203-ac12-e76a0ec40f31,True,,81688,928c518e-f5a8-433b-b387-e52c01c6091b,purchase_ticket,2026-05-27T23:54:29.736288+00:00,2026-05-27T17:54:30.520712+00:00
c5127541-854d-4171-bef0-6a00b7120465,2026-05-27T23:54:29.736288+00:00,8699b634-1795-48c5-8725-5bef75aecb3c,True,,81689,ffbc0790-84f8-48cc-aada-ee6b11328f93,purchase_ticket,2026-05-27T23:54:29.736288+00:00,2026-05-27T17:54:30.520712+00:00
c5127541-854d-4171-bef0-6a00b7120465,2026-05-27T23:54:29.736288+00:00,ee08d7c3-5581-42c3-86b3-12a670a5cb5c,True,,81691,4cc16fc9-3e64-4933-879a-967cc2109efb,purchase_ticket,2026-05-27T23:54:29.736288+00:00,2026-05-27T17:54:30.520712+00:00
c5127541-854d-4171-bef0-6a00b7120465,2026-05-27T23:54:29.736288+00:00,6793c1ba-eaea-430f-b2a5-fd44cca234df,True,,81692,c8509246-264b-4d6d-9694-58557bd6e907,purchase_ticket,2026-05-27T23:54:29.736288+00:00,2026-05-27T17:54:30.520712+00:00
c5127541-854d-4171-bef0-6a00b7120465,2026-05-27T23:54:29.736288+00:00,ea43056b-4e93-4d56-aa8e-16e65f2d508e,True,,81693,485e51d9-edd7-411d-8bc3-3367bc3de325,purchase_ticket,2026-05-27T23:54:29.736288+00:00,2026-05-27T17:54:30.520712+00:00
c5127541-854d-4171-bef0-6a00b7120465,2026-05-27T23:54:29.736288+00:00,a17455f0-418b-464d-8b5d-8097bd420f60,True,,81694,ef98ca7d-6542-49ab-8670-2b9ceb65de33,purchase_ticket,2026-05-27T23:54:29.736288+00:00,2026-05-27T17:54:30.520712+00:00
fb340114-8fad-4c30-9b0d-15f8e8e953ff,2026-06-29T23:56:45.457948+00:00,143a7f7b-16dd-431f-a6f8-c18beeaa0b69,True,,406,656ea32d-d092-43a3-ae97-8704deb99c8a,purchase_ticket,2026-06-29T23:56:45.457948+00:00,2026-06-29T17:56:45.77596+00:00
fb340114-8fad-4c30-9b0d-15f8e8e953ff,2026-06-29T23:56:45.457948+00:00,c59f6ad5-62ef-42f2-a28b-eeb5722d9591,True,,82338,e4cc32e2-d0bc-442c-b955-27826ca4b8df,purchase_ticket,2026-06-29T23:56:45.457948+00:00,2026-06-29T17:56:45.77596+00:00
20ab4918-ce87-4399-95a3-23bffd250374,2026-05-28T23:55:56.60596+00:00,e9f99cf3-0d53-4a5a-bd7c-4715536093d6,True,,18421,f6c58892-3e1e-4813-a3ab-24c5175037bd,expense_voucher,2026-05-28T23:55:56.60596+00:00,2026-05-28T17:55:56.328614+00:00
fb340114-8fad-4c30-9b0d-15f8e8e953ff,2026-06-29T23:56:45.457948+00:00,3656287b-6974-48a3-b951-770a840fc04b,True,,19227,d1e58b80-c58f-4449-8249-a18caf3bbd24,expense_voucher,2026-06-29T23:56:45.457948+00:00,2026-06-29T17:56:45.77596+00:00
fb340114-8fad-4c30-9b0d-15f8e8e953ff,2026-06-29T23:56:45.457948+00:00,71a26e42-9cab-480c-9879-c51fc660abb0,True,,19228,89e40447-1bdc-4fe3-8548-5db9dd828bb9,expense_voucher,2026-06-29T23:56:45.457948+00:00,2026-06-29T17:56:45.776965+00:00
20ab4918-ce87-4399-95a3-23bffd250374,2026-05-28T23:55:56.60596+00:00,f906090f-6a93-4420-bf4a-7ede8fa44305,True,,18874,21d85db6-bae0-415c-88e6-a4585c09f14b,expense_voucher,2026-05-28T23:55:56.60596+00:00,2026-05-28T17:55:56.328614+00:00
fb340114-8fad-4c30-9b0d-15f8e8e953ff,2026-06-29T23:56:45.457948+00:00,4a04ff00-8cd1-4fa4-aa33-ad0879a61e2f,True,,19229,af3b95dd-24d5-4956-8bec-a039641d4b91,expense_voucher,2026-06-29T23:56:45.457948+00:00,2026-06-29T17:56:45.776965+00:00
20ab4918-ce87-4399-95a3-23bffd250374,2026-05-28T23:55:56.60596+00:00,93ab5e25-ba9b-4a83-888e-8f418f0e0940,True,,18876,3cf122d4-e7c4-4c58-ac9e-302de4ed51b2,expense_voucher,2026-05-28T23:55:56.60596+00:00,2026-05-28T17:55:56.328614+00:00
20ab4918-ce87-4399-95a3-23bffd250374,2026-05-28T23:55:56.60596+00:00,28abb7e8-c62f-45fe-8e5b-d284200671f7,True,,18877,900da3ed-aaf5-436d-88be-593568d19d7d,expense_voucher,2026-05-28T23:55:56.60596+00:00,2026-05-28T17:55:56.328614+00:00
fb340114-8fad-4c30-9b0d-15f8e8e953ff,2026-06-29T23:56:45.457948+00:00,3c6bd475-6b4e-48db-b2cb-bdbd713e0d42,True,,19230,8463f093-afe5-4969-8a1d-a11810c77760,expense_voucher,2026-06-29T23:56:45.457948+00:00,2026-06-29T17:56:45.776965+00:00
20ab4918-ce87-4399-95a3-23bffd250374,2026-05-28T23:55:56.60596+00:00,10474802-9814-4c11-82ad-d16777eb2d49,True,,18879,44a6a289-aee6-4c29-b942-ba35d56c0bac,expense_voucher,2026-05-28T23:55:56.60596+00:00,2026-05-28T17:55:56.328614+00:00
20ab4918-ce87-4399-95a3-23bffd250374,2026-05-28T23:55:56.60596+00:00,76d27c3a-1037-476c-8689-e5c58908bf70,True,,18880,f7d1f041-cd8f-4a2d-b457-e5d06bb229e1,expense_voucher,2026-05-28T23:55:56.60596+00:00,2026-05-28T17:55:56.328614+00:00
20ab4918-ce87-4399-95a3-23bffd250374,2026-05-28T23:55:56.60596+00:00,f818154f-ceff-40d1-9baf-dee06328b58e,True,,18881,e6d26c84-c1ec-4e7a-8443-fb5cfd97055f,expense_voucher,2026-05-28T23:55:56.60596+00:00,2026-05-28T17:55:56.328614+00:00
20ab4918-ce87-4399-95a3-23bffd250374,2026-05-28T23:55:56.60596+00:00,b8003418-d944-4b61-955f-4d0f48f57554,True,,18882,ed213475-ee9f-4ce6-9a46-fbf45ee910de,expense_voucher,2026-05-28T23:55:56.60596+00:00,2026-05-28T17:55:56.328614+00:00
20ab4918-ce87-4399-95a3-23bffd250374,2026-05-28T23:55:56.60596+00:00,330c23ff-c705-40d8-913c-989131cf466e,True,,272,0c745797-bff8-432a-be98-b4ffe57a6b4f,deposit_voucher,2026-05-28T23:55:56.60596+00:00,2026-05-28T17:55:56.328614+00:00
20ab4918-ce87-4399-95a3-23bffd250374,2026-05-28T23:55:56.60596+00:00,37f400dc-f731-422c-a2a5-f0726cfd5ba5,True,,273,48952144-e0c7-463b-912b-7a45ab39f9bb,deposit_voucher,2026-05-28T23:55:56.60596+00:00,2026-05-28T17:55:56.328614+00:00
20ab4918-ce87-4399-95a3-23bffd250374,2026-05-28T23:55:56.60596+00:00,45d065a6-be7a-4a7d-810e-3b05f1b41960,True,,274,dfafe819-2fdd-46ff-9cbc-c45f3646ecc9,deposit_voucher,2026-05-28T23:55:56.60596+00:00,2026-05-28T17:55:56.328614+00:00
20ab4918-ce87-4399-95a3-23bffd250374,2026-05-28T23:55:56.60596+00:00,1f3430df-e8b9-44ef-883e-c3c3a73cbb74,True,,275,586ead1d-ea5b-473d-a519-320106f44483,deposit_voucher,2026-05-28T23:55:56.60596+00:00,2026-05-28T17:55:56.328614+00:00
20ab4918-ce87-4399-95a3-23bffd250374,2026-05-28T23:55:56.60596+00:00,36785246-cabc-4cee-a5f9-0773d3b9ea66,True,,0266,1556d0e0-e4df-4bc4-a728-cd1501e0a4f1,sale_ticket,2026-05-28T23:55:56.60596+00:00,2026-05-28T17:55:56.328614+00:00
20ab4918-ce87-4399-95a3-23bffd250374,2026-05-28T23:55:56.60596+00:00,18fe557d-f16a-4389-ab70-fd412b96ac40,True,,56626,6e926439-c353-407f-9be7-817848ade242,purchase_ticket,2026-05-28T23:55:56.60596+00:00,2026-05-28T17:55:56.328614+00:00
20ab4918-ce87-4399-95a3-23bffd250374,2026-05-28T23:55:56.60596+00:00,3e39fc2c-4bb0-4fe7-a181-dcacf36362b2,True,,56627,c8e86f9d-1270-4f1c-bb9e-07824a478602,purchase_ticket,2026-05-28T23:55:56.60596+00:00,2026-05-28T17:55:56.328614+00:00
20ab4918-ce87-4399-95a3-23bffd250374,2026-05-28T23:55:56.60596+00:00,21cb5565-0e3a-4c5c-ae75-7af52292c5a0,True,,56628,310f6cd7-2ea0-4240-a029-0900549bf2a1,purchase_ticket,2026-05-28T23:55:56.60596+00:00,2026-05-28T17:55:56.328614+00:00
20ab4918-ce87-4399-95a3-23bffd250374,2026-05-28T23:55:56.60596+00:00,71fa305b-2df8-4a3d-93fe-2f77e7801a3e,True,,56629,37f68f45-55e7-4925-b70d-face79e603e3,purchase_ticket,2026-05-28T23:55:56.60596+00:00,2026-05-28T17:55:56.329619+00:00
20ab4918-ce87-4399-95a3-23bffd250374,2026-05-28T23:55:56.60596+00:00,ff35a1b0-11ee-4359-8617-a5cd328866fc,True,,56630,bf02e69c-e74c-489d-ba1a-63d4b01d9d22,purchase_ticket,2026-05-28T23:55:56.60596+00:00,2026-05-28T17:55:56.329619+00:00
20ab4918-ce87-4399-95a3-23bffd250374,2026-05-28T23:55:56.60596+00:00,d175db9f-b8cf-4cf9-b58f-41d56d4b51b2,True,,56631,6b317a40-b76f-4e64-9ad5-20b63004b6db,purchase_ticket,2026-05-28T23:55:56.60596+00:00,2026-05-28T17:55:56.329619+00:00
20ab4918-ce87-4399-95a3-23bffd250374,2026-05-28T23:55:56.60596+00:00,d1171419-6b83-4681-ba51-3f07d82395b2,True,,56632,a9b5d854-ca3f-4c60-8035-a222b3b62c27,purchase_ticket,2026-05-28T23:55:56.60596+00:00,2026-05-28T17:55:56.329619+00:00
20ab4918-ce87-4399-95a3-23bffd250374,2026-05-28T23:55:56.60596+00:00,df2f90a0-127f-407a-a1b6-568c980e457f,True,,56633,de1f286d-4586-43d9-b9b6-daacaf527853,purchase_ticket,2026-05-28T23:55:56.60596+00:00,2026-05-28T17:55:56.329619+00:00
20ab4918-ce87-4399-95a3-23bffd250374,2026-05-28T23:55:56.60596+00:00,9281c503-d8d7-44f7-a3be-c9b91e7c58cb,True,,56634,dd6aaddf-2b24-464f-955f-8fde888cc4e2,purchase_ticket,2026-05-28T23:55:56.60596+00:00,2026-05-28T17:55:56.329619+00:00
20ab4918-ce87-4399-95a3-23bffd250374,2026-05-28T23:55:56.60596+00:00,0231e1dd-a56d-4e53-a3ce-c85b04952f89,True,,56635,61cb5ce7-c921-406f-8cfe-d692c0899d33,purchase_ticket,2026-05-28T23:55:56.60596+00:00,2026-05-28T17:55:56.329619+00:00
20ab4918-ce87-4399-95a3-23bffd250374,2026-05-28T23:55:56.60596+00:00,d51404ed-f4ba-42c8-b453-57bbb32e5925,True,,56636,194ea6f6-c5cb-4b12-9057-6563ba1f6aaf,purchase_ticket,2026-05-28T23:55:56.60596+00:00,2026-05-28T17:55:56.329619+00:00
20ab4918-ce87-4399-95a3-23bffd250374,2026-05-28T23:55:56.60596+00:00,036cd455-69ee-45a0-bb25-98cf9c38825a,True,,56637,7ddd58c9-55cb-461b-aa54-dad1007822ac,purchase_ticket,2026-05-28T23:55:56.60596+00:00,2026-05-28T17:55:56.329619+00:00
20ab4918-ce87-4399-95a3-23bffd250374,2026-05-28T23:55:56.60596+00:00,1748b07f-96bc-434a-8dc5-a7796aba7ed9,True,,56638,f45f7365-9eac-4451-ae75-bc15df4220ed,purchase_ticket,2026-05-28T23:55:56.60596+00:00,2026-05-28T17:55:56.329619+00:00
20ab4918-ce87-4399-95a3-23bffd250374,2026-05-28T23:55:56.60596+00:00,3188f5e9-d117-452f-a3ab-97d4c5e3e6a3,True,,56639,93846c76-56f6-40d7-9dbf-4a8d9e42d54f,purchase_ticket,2026-05-28T23:55:56.60596+00:00,2026-05-28T17:55:56.329619+00:00
20ab4918-ce87-4399-95a3-23bffd250374,2026-05-28T23:55:56.60596+00:00,5d05046b-eac3-4df4-987a-fda1fb3779a3,True,,56640,ffc4c4cf-89e3-4a85-a788-bdc992d26842,purchase_ticket,2026-05-28T23:55:56.60596+00:00,2026-05-28T17:55:56.329619+00:00
20ab4918-ce87-4399-95a3-23bffd250374,2026-05-28T23:55:56.60596+00:00,2c2ddf1c-8065-4461-a746-f290851d20ca,True,,56641,fb2b2efd-ec3c-424b-8710-231d365fea90,purchase_ticket,2026-05-28T23:55:56.60596+00:00,2026-05-28T17:55:56.329619+00:00
20ab4918-ce87-4399-95a3-23bffd250374,2026-05-28T23:55:56.60596+00:00,1b956137-e068-4f08-ae18-ce23407de209,True,,56642,34c0e98d-a848-44c4-a5ab-e8f20366acac,purchase_ticket,2026-05-28T23:55:56.60596+00:00,2026-05-28T17:55:56.329619+00:00
20ab4918-ce87-4399-95a3-23bffd250374,2026-05-28T23:55:56.60596+00:00,023c2ede-bc26-4b41-a5ca-19d996a9d32e,True,,56643,bafa3bc6-852b-4cc0-80be-f0d86763ecf5,purchase_ticket,2026-05-28T23:55:56.60596+00:00,2026-05-28T17:55:56.329619+00:00
20ab4918-ce87-4399-95a3-23bffd250374,2026-05-28T23:55:56.60596+00:00,e236e627-6326-4b3b-84d7-0e175e38e510,True,,56644,0d3d9f1e-0baa-4f64-920b-ddb1c0c336a5,purchase_ticket,2026-05-28T23:55:56.60596+00:00,2026-05-28T17:55:56.329619+00:00
20ab4918-ce87-4399-95a3-23bffd250374,2026-05-28T23:55:56.60596+00:00,240de7af-bb9b-4ae4-acbd-4e21b27564fb,True,,56645,f770fda5-de24-4e30-9ef5-c77c43f3b2b0,purchase_ticket,2026-05-28T23:55:56.60596+00:00,2026-05-28T17:55:56.329619+00:00
20ab4918-ce87-4399-95a3-23bffd250374,2026-05-28T23:55:56.60596+00:00,68f689e8-64c5-4415-97ef-3cdfa9045f76,True,,81218,f909dfbb-aa4a-4efb-a28e-a613bb41fa84,purchase_ticket,2026-05-28T23:55:56.60596+00:00,2026-05-28T17:55:56.329619+00:00
20ab4918-ce87-4399-95a3-23bffd250374,2026-05-28T23:55:56.60596+00:00,55e30c89-aa50-4852-a7c5-35c0353935ce,True,,81416,f1111e4e-5c27-4cdc-b121-57f609b0d210,purchase_ticket,2026-05-28T23:55:56.60596+00:00,2026-05-28T17:55:56.329619+00:00
20ab4918-ce87-4399-95a3-23bffd250374,2026-05-28T23:55:56.60596+00:00,32958840-6f5f-442b-a6e4-c7ac0a733af8,True,,81606,009feac3-bc52-4c52-8b3a-ac838dffdab9,purchase_ticket,2026-05-28T23:55:56.60596+00:00,2026-05-28T17:55:56.329619+00:00
20ab4918-ce87-4399-95a3-23bffd250374,2026-05-28T23:55:56.60596+00:00,717a9697-736b-4a5e-aaa5-f9483420e647,True,,81663,c449e295-497e-490c-ae8c-03e56ae7e524,purchase_ticket,2026-05-28T23:55:56.60596+00:00,2026-05-28T17:55:56.329619+00:00
20ab4918-ce87-4399-95a3-23bffd250374,2026-05-28T23:55:56.60596+00:00,3a7e993f-b3f3-411a-807f-9a56ca3d1b12,True,,81701,45622426-daed-48be-9136-47c0c087958d,purchase_ticket,2026-05-28T23:55:56.60596+00:00,2026-05-28T17:55:56.329619+00:00
20ab4918-ce87-4399-95a3-23bffd250374,2026-05-28T23:55:56.60596+00:00,2f67d3af-558d-48d9-82b4-c5077cbd132c,True,,81707,fee289f4-1013-4ef6-a303-bda57efcbd7d,purchase_ticket,2026-05-28T23:55:56.60596+00:00,2026-05-28T17:55:56.329619+00:00
20ab4918-ce87-4399-95a3-23bffd250374,2026-05-28T23:55:56.60596+00:00,ea13fc05-b886-4e27-b61a-037db76fcc48,True,,81709,e304d55a-b5e2-4a2d-91bf-d0bc383a1471,purchase_ticket,2026-05-28T23:55:56.60596+00:00,2026-05-28T17:55:56.329619+00:00
20ab4918-ce87-4399-95a3-23bffd250374,2026-05-28T23:55:56.60596+00:00,49bf1a44-0c4a-456d-8821-a99f329b0408,True,,81711,18ee9c50-a2dd-460f-93f3-578f61072a4f,purchase_ticket,2026-05-28T23:55:56.60596+00:00,2026-05-28T17:55:56.329619+00:00
20ab4918-ce87-4399-95a3-23bffd250374,2026-05-28T23:55:56.60596+00:00,6886a657-7747-441d-846e-c154c6bed7ba,True,,81715,262dbd1c-3d22-416c-8890-aaf095484ca6,purchase_ticket,2026-05-28T23:55:56.60596+00:00,2026-05-28T17:55:56.329619+00:00
20ab4918-ce87-4399-95a3-23bffd250374,2026-05-28T23:55:56.60596+00:00,732e95da-cc2a-4d34-90de-61c08ef5680c,True,,81717,cc262c03-dcca-4536-9bd4-71009656c10b,purchase_ticket,2026-05-28T23:55:56.60596+00:00,2026-05-28T17:55:56.329619+00:00
20ab4918-ce87-4399-95a3-23bffd250374,2026-05-28T23:55:56.60596+00:00,29a5b8b0-7254-4f57-a394-7e305e465f16,True,,81718,38a15457-cd3a-4c62-b924-21f12402917c,purchase_ticket,2026-05-28T23:55:56.60596+00:00,2026-05-28T17:55:56.329619+00:00
20ab4918-ce87-4399-95a3-23bffd250374,2026-05-28T23:55:56.60596+00:00,8aa440bc-cb28-46d9-bb1b-5d57e55d3981,True,,81721,6a90b76d-e9b9-44fd-906d-24fde7d37f51,purchase_ticket,2026-05-28T23:55:56.60596+00:00,2026-05-28T17:55:56.329619+00:00
20ab4918-ce87-4399-95a3-23bffd250374,2026-05-28T23:55:56.60596+00:00,c43cc3c4-07d3-4b01-a43b-c0c99f0f549c,True,,81723,9aa6d369-191d-4146-b054-bd3f5a0d7b72,purchase_ticket,2026-05-28T23:55:56.60596+00:00,2026-05-28T17:55:56.329619+00:00
20ab4918-ce87-4399-95a3-23bffd250374,2026-05-28T23:55:56.60596+00:00,31bd2ad3-3d96-485a-81ca-eaf08cc5dae0,True,,81727,58133c40-73e8-403f-a6a4-5619348bbc42,purchase_ticket,2026-05-28T23:55:56.60596+00:00,2026-05-28T17:55:56.329619+00:00
20ab4918-ce87-4399-95a3-23bffd250374,2026-05-28T23:55:56.60596+00:00,6caa5320-2632-4c30-b4d3-f0c5297ef065,True,,81728,a30e43c0-2702-469d-b5b3-3fdeeae1ab24,purchase_ticket,2026-05-28T23:55:56.60596+00:00,2026-05-28T17:55:56.329619+00:00
29838b1d-f7b1-4289-b217-96528d959592,2026-05-27T14:09:55.869242+00:00,e8eb8b22-a7c4-4bb8-96aa-d5b7342564a4,True,COMPROBAR,18736,dce8c4aa-3cca-4c1d-993b-d177ec3fe6b9,deposit_voucher,2026-05-29T14:24:38.401698+00:00,2026-05-29T08:24:38.639277+00:00
29838b1d-f7b1-4289-b217-96528d959592,2026-05-27T14:09:55.869242+00:00,6e40eea4-3e5c-470c-8bda-203f51b14f96,True,COMPROBAR,18844,0b6c1723-0e78-4324-a90c-e4e7b0626ce5,expense_voucher,2026-05-29T14:24:38.401698+00:00,2026-05-29T08:24:38.639277+00:00
c5127541-854d-4171-bef0-6a00b7120465,2026-05-27T23:54:29.736288+00:00,b5fe7e42-d04e-4b93-9ee2-6c1e2869ad19,True,COMPROBAR,18736,dce8c4aa-3cca-4c1d-993b-d177ec3fe6b9,deposit_voucher,2026-05-29T14:24:38.401698+00:00,2026-05-29T08:24:38.639277+00:00
20ab4918-ce87-4399-95a3-23bffd250374,2026-05-28T23:55:56.60596+00:00,9a10c70f-6ffa-4c4a-bb25-fc9c9b2c4c62,True,COMPROBAR,18844,0b6c1723-0e78-4324-a90c-e4e7b0626ce5,expense_voucher,2026-06-01T22:41:58.858256+00:00,2026-06-01T16:41:58.664799+00:00
20ab4918-ce87-4399-95a3-23bffd250374,2026-05-28T23:55:56.60596+00:00,e50512bc-fa40-4b00-afb3-89eaec84d1f1,True,COMPROBAR,18736,dce8c4aa-3cca-4c1d-993b-d177ec3fe6b9,deposit_voucher,2026-06-01T22:41:58.858256+00:00,2026-06-01T16:41:58.664799+00:00
20ab4918-ce87-4399-95a3-23bffd250374,2026-05-28T23:55:56.60596+00:00,9ffe56f6-0fed-469c-94fa-9ab15c180d7b,True,COMPROBAR,18872,e09bf2e9-c6ec-406a-ba9c-27fa92e117c5,expense_voucher,2026-06-01T22:41:58.858256+00:00,2026-06-01T16:41:58.664799+00:00
20ab4918-ce87-4399-95a3-23bffd250374,2026-05-28T23:55:56.60596+00:00,b2cf0656-5e86-4432-81d7-a57f9b6712aa,True,COMPROBAR,18873,86e533cb-75d7-450a-8e61-cff62924ff70,expense_voucher,2026-06-01T22:41:58.858256+00:00,2026-06-01T16:41:58.664799+00:00
20ab4918-ce87-4399-95a3-23bffd250374,2026-05-28T23:55:56.60596+00:00,0ebe7274-b5d3-468c-a38c-52509cd59410,True,COMPROBAR,18875,04b09f7e-fea5-4bbd-85c3-c50ac099129b,expense_voucher,2026-06-01T22:41:58.858256+00:00,2026-06-01T16:41:58.664799+00:00
20ab4918-ce87-4399-95a3-23bffd250374,2026-05-28T23:55:56.60596+00:00,0f1f7db3-1791-44e2-8a4a-9ead26e5b57a,True,COMPROBAR,18878,56239231-d6da-4fcc-b379-ce41328beeb6,expense_voucher,2026-06-01T22:41:58.858256+00:00,2026-06-01T16:41:58.664799+00:00
20ab4918-ce87-4399-95a3-23bffd250374,2026-05-28T23:55:56.60596+00:00,e8c1f790-7014-4b49-8177-c47b0491290f,True,COMPROBAR,265,8bbc9c50-e1b6-43ee-9e37-f1fee1597ab6,sale_ticket,2026-06-01T22:41:58.858256+00:00,2026-06-01T16:41:58.664799+00:00
a3fa8008-49a2-4572-bdca-5556738ec1cc,2026-06-02T00:22:46.880712+00:00,84018e6a-b792-4418-b2be-909768136804,True,,18883,aae2ee96-0866-47f3-b7cd-ade525a81c29,expense_voucher,2026-06-02T00:22:46.880712+00:00,2026-06-01T18:22:46.880864+00:00
fb340114-8fad-4c30-9b0d-15f8e8e953ff,2026-06-29T23:56:45.457948+00:00,ed6396cf-6960-4812-9dcb-a16a599919ae,True,,19232,47c17bc0-d1f5-4dd3-9234-ba09eaf8f915,expense_voucher,2026-06-29T23:56:45.457948+00:00,2026-06-29T17:56:45.776965+00:00
a3fa8008-49a2-4572-bdca-5556738ec1cc,2026-06-02T00:22:46.880712+00:00,49ea359d-1634-4294-adca-545cd77670f1,True,,18885,f6a8753e-7463-4030-9a93-ccd69ddec781,expense_voucher,2026-06-02T00:22:46.880712+00:00,2026-06-01T18:22:46.880864+00:00
a3fa8008-49a2-4572-bdca-5556738ec1cc,2026-06-02T00:22:46.880712+00:00,0f38f218-603e-4f67-be19-3dc6ce0c7248,True,,18886,6d827934-d08a-41cd-96ff-9c3a3e23ee63,expense_voucher,2026-06-02T00:22:46.880712+00:00,2026-06-01T18:22:46.880864+00:00
a3fa8008-49a2-4572-bdca-5556738ec1cc,2026-06-02T00:22:46.880712+00:00,224613bb-e3d2-4089-83fc-71b17697ecb4,True,,18887,05617f40-7a06-4da7-9d3e-579ea80542c9,expense_voucher,2026-06-02T00:22:46.880712+00:00,2026-06-01T18:22:46.880864+00:00
a3fa8008-49a2-4572-bdca-5556738ec1cc,2026-06-02T00:22:46.880712+00:00,a96b7511-8550-43b1-98e3-1170d2f4e055,True,,18888,380ff091-1659-4436-b1a5-f99d9b5a0677,expense_voucher,2026-06-02T00:22:46.880712+00:00,2026-06-01T18:22:46.880864+00:00
a3fa8008-49a2-4572-bdca-5556738ec1cc,2026-06-02T00:22:46.880712+00:00,96299285-76d0-4e72-9f46-eab57f13bf1b,True,,18889,25b636c0-c956-449e-aacf-97766c571432,expense_voucher,2026-06-02T00:22:46.880712+00:00,2026-06-01T18:22:46.880864+00:00
a3fa8008-49a2-4572-bdca-5556738ec1cc,2026-06-02T00:22:46.880712+00:00,27d4cc47-c28c-4c03-9302-1aa62787d53d,True,,18890,2476b5ed-21d0-4eeb-8351-9e3242dfbc77,expense_voucher,2026-06-02T00:22:46.880712+00:00,2026-06-01T18:22:46.880864+00:00
a3fa8008-49a2-4572-bdca-5556738ec1cc,2026-06-02T00:22:46.880712+00:00,44ac11c6-9c44-4dec-8ecd-6d7fc42b5d0d,True,,18891,9567eb8c-315d-4c7c-b1c8-2dbc1c051752,expense_voucher,2026-06-02T00:22:46.880712+00:00,2026-06-01T18:22:46.880864+00:00
a3fa8008-49a2-4572-bdca-5556738ec1cc,2026-06-02T00:22:46.880712+00:00,5ad6a249-c6f2-4305-81de-0075a792ca07,True,,18892,42add2b7-1376-4ab0-93e1-ee5ca2bac113,expense_voucher,2026-06-02T00:22:46.880712+00:00,2026-06-01T18:22:46.880864+00:00
fb340114-8fad-4c30-9b0d-15f8e8e953ff,2026-06-29T23:56:45.457948+00:00,40a4cb54-d6ab-402b-8790-6517d048348a,True,,19233,ba0c03f7-f595-45e6-9628-460f78762220,expense_voucher,2026-06-29T23:56:45.457948+00:00,2026-06-29T17:56:45.776965+00:00
a3fa8008-49a2-4572-bdca-5556738ec1cc,2026-06-02T00:22:46.880712+00:00,870d1945-83df-4971-a0c1-146b602e07a6,True,,18894,76d8c7a8-7e35-422a-bae5-beca3afbfc0c,expense_voucher,2026-06-02T00:22:46.880712+00:00,2026-06-01T18:22:46.880864+00:00
a3fa8008-49a2-4572-bdca-5556738ec1cc,2026-06-02T00:22:46.880712+00:00,027a44bf-6a75-4c11-920e-281b48c530de,True,,18895,4b1f6dff-7823-46d9-9014-5fd4ed9575eb,expense_voucher,2026-06-02T00:22:46.880712+00:00,2026-06-01T18:22:46.880864+00:00
a3fa8008-49a2-4572-bdca-5556738ec1cc,2026-06-02T00:22:46.880712+00:00,2efe0548-32b2-4637-964f-e7540678d17a,True,,18896,61bd3a09-c05c-46af-9e67-0575597d177b,expense_voucher,2026-06-02T00:22:46.880712+00:00,2026-06-01T18:22:46.880864+00:00
fb340114-8fad-4c30-9b0d-15f8e8e953ff,2026-06-29T23:56:45.457948+00:00,82641ade-bf44-4714-88f5-fa42d9fe4828,True,,19234,af147a0b-0f74-420d-a646-100c89528ab7,expense_voucher,2026-06-29T23:56:45.457948+00:00,2026-06-29T17:56:45.776965+00:00
a3fa8008-49a2-4572-bdca-5556738ec1cc,2026-06-02T00:22:46.880712+00:00,46eb876d-9362-4fa4-94d7-29042cdca785,True,,18898,2cdc244a-dada-4a9c-a2cc-3462ed8c905c,expense_voucher,2026-06-02T00:22:46.880712+00:00,2026-06-01T18:22:46.880864+00:00
a3fa8008-49a2-4572-bdca-5556738ec1cc,2026-06-02T00:22:46.880712+00:00,c53839b4-c8de-4cbb-b4c8-a01c7397bb58,True,,18899,0be60f27-2b3b-4360-8215-c8944135b730,expense_voucher,2026-06-02T00:22:46.880712+00:00,2026-06-01T18:22:46.880864+00:00
a3fa8008-49a2-4572-bdca-5556738ec1cc,2026-06-02T00:22:46.880712+00:00,2ad46fb7-3b45-4d9b-a506-f67c8b4100e4,True,,18900,39c933db-bd37-4dcb-909e-34d321d3a944,expense_voucher,2026-06-02T00:22:46.880712+00:00,2026-06-01T18:22:46.880864+00:00
a3fa8008-49a2-4572-bdca-5556738ec1cc,2026-06-02T00:22:46.880712+00:00,39160b0f-93f3-4960-b392-22a88fc101ca,True,,18901,1243445b-ad58-45a7-a942-61057ce9da10,expense_voucher,2026-06-02T00:22:46.880712+00:00,2026-06-01T18:22:46.880864+00:00
a3fa8008-49a2-4572-bdca-5556738ec1cc,2026-06-02T00:22:46.880712+00:00,86fdd75b-250e-4c95-93d8-5d3cb11e5d01,True,,18902,b0b13a28-d108-4080-bd28-b6cfeb6190c1,expense_voucher,2026-06-02T00:22:46.880712+00:00,2026-06-01T18:22:46.880864+00:00
a3fa8008-49a2-4572-bdca-5556738ec1cc,2026-06-02T00:22:46.880712+00:00,fe7d6f84-617e-4a65-8d62-e576a1a2941d,True,,18903,6320d21d-c1fd-4e55-a7ef-9a32b40c36cf,expense_voucher,2026-06-02T00:22:46.880712+00:00,2026-06-01T18:22:46.880864+00:00
a3fa8008-49a2-4572-bdca-5556738ec1cc,2026-06-02T00:22:46.880712+00:00,316357d9-3cce-4993-8dc8-5399caeb3940,True,,18904,a998488d-9559-49b7-90db-ed724481208f,expense_voucher,2026-06-02T00:22:46.880712+00:00,2026-06-01T18:22:46.880864+00:00
a3fa8008-49a2-4572-bdca-5556738ec1cc,2026-06-02T00:22:46.880712+00:00,fc712d91-dd94-45cb-957a-754529986e53,True,,18905,89f7051a-0551-4121-8d87-811316aefc73,expense_voucher,2026-06-02T00:22:46.880712+00:00,2026-06-01T18:22:46.880864+00:00
a3fa8008-49a2-4572-bdca-5556738ec1cc,2026-06-02T00:22:46.880712+00:00,6cf7e245-8ac5-4ace-a2fd-2944b83cda0c,True,,18906,9ae64d7f-e400-443b-a7cd-15a0752f2af8,expense_voucher,2026-06-02T00:22:46.880712+00:00,2026-06-01T18:22:46.880864+00:00
a3fa8008-49a2-4572-bdca-5556738ec1cc,2026-06-02T00:22:46.880712+00:00,d603c9f2-0436-4fa5-a500-6357f9d1ed66,True,,18907,81423581-1831-4296-9432-1eaceac18018,expense_voucher,2026-06-02T00:22:46.880712+00:00,2026-06-01T18:22:46.880864+00:00
a3fa8008-49a2-4572-bdca-5556738ec1cc,2026-06-02T00:22:46.880712+00:00,fe2ab33c-55d1-4bdc-9498-938aa4f688f8,True,,18908,7ac2bb5c-f104-4eae-85e5-79b350bd9e87,expense_voucher,2026-06-02T00:22:46.880712+00:00,2026-06-01T18:22:46.880864+00:00
a3fa8008-49a2-4572-bdca-5556738ec1cc,2026-06-02T00:22:46.880712+00:00,64582f82-bb53-4221-83d7-525531b943be,True,,18909,26c217be-e7dc-4f69-8177-7ddd69bd61c3,expense_voucher,2026-06-02T00:22:46.880712+00:00,2026-06-01T18:22:46.880864+00:00
a3fa8008-49a2-4572-bdca-5556738ec1cc,2026-06-02T00:22:46.880712+00:00,43c866bd-37e3-4eb9-b802-a2eaca7eda23,True,,18910,dbbb9a9d-e5f0-4410-b57c-870c1b925363,expense_voucher,2026-06-02T00:22:46.880712+00:00,2026-06-01T18:22:46.880864+00:00
a3fa8008-49a2-4572-bdca-5556738ec1cc,2026-06-02T00:22:46.880712+00:00,212a131c-a012-49be-b105-6bbb9b559b47,True,,18911,1b83a991-9682-4d0d-9b0a-a208fe0f68ed,expense_voucher,2026-06-02T00:22:46.880712+00:00,2026-06-01T18:22:46.880864+00:00
fb340114-8fad-4c30-9b0d-15f8e8e953ff,2026-06-29T23:56:45.457948+00:00,a30f7f00-a76f-475e-91a0-65d73bf5873b,True,,19235,ca320b41-a1e1-4a6d-9ab6-1367ef1d69db,expense_voucher,2026-06-29T23:56:45.457948+00:00,2026-06-29T17:56:45.776965+00:00
a3fa8008-49a2-4572-bdca-5556738ec1cc,2026-06-02T00:22:46.880712+00:00,d1be4734-7671-4f6b-ab87-f6b55bad3f73,True,,18913,654718f7-d303-497e-a88f-46763300946a,expense_voucher,2026-06-02T00:22:46.880712+00:00,2026-06-01T18:22:46.880864+00:00
a3fa8008-49a2-4572-bdca-5556738ec1cc,2026-06-02T00:22:46.880712+00:00,0d1f6282-43ef-442e-a57a-91231f23bed9,True,,18913,ebe0fb37-bcfe-4851-95d7-86a92401a6ab,expense_voucher,2026-06-02T00:22:46.880712+00:00,2026-06-01T18:22:46.880864+00:00
a3fa8008-49a2-4572-bdca-5556738ec1cc,2026-06-02T00:22:46.880712+00:00,5bad6a3b-4e55-446d-b4ed-787eefd0db78,True,,18914,a753cab2-a0ab-47e9-91bd-f754595a14ae,expense_voucher,2026-06-02T00:22:46.880712+00:00,2026-06-01T18:22:46.880864+00:00
a3fa8008-49a2-4572-bdca-5556738ec1cc,2026-06-02T00:22:46.880712+00:00,f6c93a55-20ac-4543-aba9-537b613d994e,True,,18915,1b1c2326-801f-477e-b55d-cd57c2734179,expense_voucher,2026-06-02T00:22:46.880712+00:00,2026-06-01T18:22:46.880864+00:00
a3fa8008-49a2-4572-bdca-5556738ec1cc,2026-06-02T00:22:46.880712+00:00,11e9168a-4afb-4ebf-b804-8b0294aba8a8,True,,18916,b4a750cf-e886-4010-84c6-e099a3aa235d,expense_voucher,2026-06-02T00:22:46.880712+00:00,2026-06-01T18:22:46.881859+00:00
fb340114-8fad-4c30-9b0d-15f8e8e953ff,2026-06-29T23:56:45.457948+00:00,66dc11f5-b961-46da-a690-a4c36eba1572,True,,352,71b5930d-067b-49f3-8688-cb3b4712bb32,deposit_voucher,2026-06-29T23:56:45.457948+00:00,2026-06-29T17:56:45.776965+00:00
fb340114-8fad-4c30-9b0d-15f8e8e953ff,2026-06-29T23:56:45.457948+00:00,fd4f6c21-736a-492c-84e6-dbc198204e3c,True,,353,823f47c7-ed4f-4d6b-a41d-f0ae2c254f86,deposit_voucher,2026-06-29T23:56:45.457948+00:00,2026-06-29T17:56:45.776965+00:00
fb340114-8fad-4c30-9b0d-15f8e8e953ff,2026-06-29T23:56:45.457948+00:00,e541f968-fa76-4a0e-b1f0-b1f8aebaef08,True,,354,3e8ba6f2-fb19-4b5d-9105-d120bf46fbfa,deposit_voucher,2026-06-29T23:56:45.457948+00:00,2026-06-29T17:56:45.776965+00:00
a3fa8008-49a2-4572-bdca-5556738ec1cc,2026-06-02T00:22:46.880712+00:00,598bc58f-cde9-4e6f-9c9a-76f0720d75f4,True,,18920,422ac896-d1a2-42a3-9027-6e9d3b7fbba3,expense_voucher,2026-06-02T00:22:46.880712+00:00,2026-06-01T18:22:46.881859+00:00
a3fa8008-49a2-4572-bdca-5556738ec1cc,2026-06-02T00:22:46.880712+00:00,4dcea8c3-e445-4cde-8d42-b5248a33452c,True,,18921,b6da0db2-2133-40d4-9702-d442ee310f57,expense_voucher,2026-06-02T00:22:46.880712+00:00,2026-06-01T18:22:46.881859+00:00
a3fa8008-49a2-4572-bdca-5556738ec1cc,2026-06-02T00:22:46.880712+00:00,952c9aee-34db-4b90-af01-f3af777346fb,True,,18922,e14c8aa8-17af-4991-9416-45528861ab4d,expense_voucher,2026-06-02T00:22:46.880712+00:00,2026-06-01T18:22:46.881859+00:00
a3fa8008-49a2-4572-bdca-5556738ec1cc,2026-06-02T00:22:46.880712+00:00,24c5ca53-5b63-45c5-9117-a91a2890f6b4,True,,18923,14821102-3a09-4bdd-bffd-37dbb7226b6f,expense_voucher,2026-06-02T00:22:46.880712+00:00,2026-06-01T18:22:46.881859+00:00
fb340114-8fad-4c30-9b0d-15f8e8e953ff,2026-06-29T23:56:45.457948+00:00,f3092399-9abb-4a67-ae03-6f311203f7b3,True,,355,c641c22c-4a85-41ac-84e7-b5e829bade89,deposit_voucher,2026-06-29T23:56:45.457948+00:00,2026-06-29T17:56:45.776965+00:00
a3fa8008-49a2-4572-bdca-5556738ec1cc,2026-06-02T00:22:46.880712+00:00,1e45e433-028b-4e8c-b169-0b87fb5e8961,True,,18925,c5f942ca-5fd1-4cc9-b94f-a488656477c9,expense_voucher,2026-06-02T00:22:46.880712+00:00,2026-06-01T18:22:46.881859+00:00
a3fa8008-49a2-4572-bdca-5556738ec1cc,2026-06-02T00:22:46.880712+00:00,fe0b8896-3f8e-48d4-87c5-bff915b8e22b,True,,18926,6d414ec1-321d-40cf-8376-ccb358610b15,expense_voucher,2026-06-02T00:22:46.880712+00:00,2026-06-01T18:22:46.881859+00:00
a3fa8008-49a2-4572-bdca-5556738ec1cc,2026-06-02T00:22:46.880712+00:00,1e8ae705-8a2f-479d-865d-0f286518f3df,True,,18927,b6e9d201-4920-4d2a-a2ca-43ffd4734880,expense_voucher,2026-06-02T00:22:46.880712+00:00,2026-06-01T18:22:46.881859+00:00
a3fa8008-49a2-4572-bdca-5556738ec1cc,2026-06-02T00:22:46.880712+00:00,8ee968b2-589c-4c82-9133-9e18e4e7bd36,True,,06,461881c2-bcee-4012-8e16-a4360a7b7912,deposit_voucher,2026-06-02T00:22:46.880712+00:00,2026-06-01T18:22:46.881859+00:00
a3fa8008-49a2-4572-bdca-5556738ec1cc,2026-06-02T00:22:46.880712+00:00,6482e1c0-1168-4b26-b87c-21ed3433b0db,True,,276,a5485d74-8fda-4731-8500-5972fb487099,deposit_voucher,2026-06-02T00:22:46.880712+00:00,2026-06-01T18:22:46.881859+00:00
a3fa8008-49a2-4572-bdca-5556738ec1cc,2026-06-02T00:22:46.880712+00:00,cc52cd66-b469-4821-ac25-5eca92830f61,True,,277,827d15ca-a160-4bf4-9702-788d4f063466,deposit_voucher,2026-06-02T00:22:46.880712+00:00,2026-06-01T18:22:46.881859+00:00
a3fa8008-49a2-4572-bdca-5556738ec1cc,2026-06-02T00:22:46.880712+00:00,bbfb2ac0-55fe-4e41-b54a-202dd4073474,True,,278,11e83a3c-e2ed-46c0-ba3a-b309185fefe8,deposit_voucher,2026-06-02T00:22:46.880712+00:00,2026-06-01T18:22:46.881859+00:00
a3fa8008-49a2-4572-bdca-5556738ec1cc,2026-06-02T00:22:46.880712+00:00,2b41beff-b1ae-49d2-8d65-80b47b7ce52d,True,,279,01e1c127-5717-4dd9-a4f3-c7d59e0f3e0c,deposit_voucher,2026-06-02T00:22:46.880712+00:00,2026-06-01T18:22:46.881859+00:00
a3fa8008-49a2-4572-bdca-5556738ec1cc,2026-06-02T00:22:46.880712+00:00,e112b79d-c99f-4cc0-b7f7-f18300cc23eb,True,,280,61999d4e-07dc-4b80-b720-9af8b813ca42,deposit_voucher,2026-06-02T00:22:46.880712+00:00,2026-06-01T18:22:46.881859+00:00
a3fa8008-49a2-4572-bdca-5556738ec1cc,2026-06-02T00:22:46.880712+00:00,b64de5e8-47c5-4dba-828f-c980aed6148b,True,,281,e496f1ce-96bc-4ba1-b45e-92f0a99d2611,deposit_voucher,2026-06-02T00:22:46.880712+00:00,2026-06-01T18:22:46.881859+00:00
a3fa8008-49a2-4572-bdca-5556738ec1cc,2026-06-02T00:22:46.880712+00:00,63f77588-3630-494a-bc9e-8160b6deb235,True,,282,60e4d009-d405-4771-ba6d-5e3183ff55be,deposit_voucher,2026-06-02T00:22:46.880712+00:00,2026-06-01T18:22:46.881859+00:00
a3fa8008-49a2-4572-bdca-5556738ec1cc,2026-06-02T00:22:46.880712+00:00,75afe04c-bc6a-4eca-b0ef-0eaddb88c481,True,,283,ca3b1a69-24db-4499-9ae1-7fc3e9085651,deposit_voucher,2026-06-02T00:22:46.880712+00:00,2026-06-01T18:22:46.881859+00:00
fb340114-8fad-4c30-9b0d-15f8e8e953ff,2026-06-29T23:56:45.457948+00:00,eb9314cc-96d4-4625-9cb9-17725b77b7af,True,,57293,bf183cf4-861d-4b4e-a5e5-54ee59a5769f,purchase_ticket,2026-06-29T23:56:45.457948+00:00,2026-06-29T17:56:45.776965+00:00
fb340114-8fad-4c30-9b0d-15f8e8e953ff,2026-06-29T23:56:45.457948+00:00,b7a8cf23-5745-4997-af87-15382cd5e87c,True,,57294,86b5ec03-2880-4b59-9c11-8e19e2eaea06,purchase_ticket,2026-06-29T23:56:45.457948+00:00,2026-06-29T17:56:45.776965+00:00
fb340114-8fad-4c30-9b0d-15f8e8e953ff,2026-06-29T23:56:45.457948+00:00,12ea23c8-41da-48e7-87a7-58bbe7a297ee,True,,57295,2be4a541-7c3b-44cf-93c6-2c8dd43f2d47,purchase_ticket,2026-06-29T23:56:45.457948+00:00,2026-06-29T17:56:45.776965+00:00
a3fa8008-49a2-4572-bdca-5556738ec1cc,2026-06-02T00:22:46.880712+00:00,46a95fa7-b207-4e53-aa33-f30ec12691ec,True,,78900,837393fa-8680-44fe-8e4b-11daf55925ac,sale_ticket,2026-06-02T00:22:46.880712+00:00,2026-06-01T18:22:46.881859+00:00
a3fa8008-49a2-4572-bdca-5556738ec1cc,2026-06-02T00:22:46.880712+00:00,b9521268-9ded-41d5-b7d7-0b6e4b092965,True,,78901,7ea89448-0e87-4cd0-8843-301e43c2a80a,sale_ticket,2026-06-02T00:22:46.880712+00:00,2026-06-01T18:22:46.881859+00:00
a3fa8008-49a2-4572-bdca-5556738ec1cc,2026-06-02T00:22:46.880712+00:00,eebfa052-4776-451b-8d43-4af75aeabd50,True,,56625,a539e772-066c-4084-a1a2-95963dc727bd,purchase_ticket,2026-06-02T00:22:46.880712+00:00,2026-06-01T18:22:46.881859+00:00
a3fa8008-49a2-4572-bdca-5556738ec1cc,2026-06-02T00:22:46.880712+00:00,7d592655-2340-45f6-ac73-30df798e28ae,True,,56646,9d5851e9-93a1-4e59-a168-43365de8f7dd,purchase_ticket,2026-06-02T00:22:46.880712+00:00,2026-06-01T18:22:46.881859+00:00
a3fa8008-49a2-4572-bdca-5556738ec1cc,2026-06-02T00:22:46.880712+00:00,12caf0fa-46d8-468a-ba52-b2a27c5518cf,True,,56647,52764c5c-75d8-4db3-a65f-c56c1d747ce5,purchase_ticket,2026-06-02T00:22:46.880712+00:00,2026-06-01T18:22:46.881859+00:00
a3fa8008-49a2-4572-bdca-5556738ec1cc,2026-06-02T00:22:46.880712+00:00,913820d3-da36-488c-8259-579b4ba8ad8f,True,,56648,ff5a3852-7165-4769-b35c-a2e253212b1a,purchase_ticket,2026-06-02T00:22:46.880712+00:00,2026-06-01T18:22:46.881859+00:00
a3fa8008-49a2-4572-bdca-5556738ec1cc,2026-06-02T00:22:46.880712+00:00,2f42ae5b-ee3a-4269-8800-9540c5625656,True,,56649,a693b366-07a2-4f48-a821-3a5aa07c11ae,purchase_ticket,2026-06-02T00:22:46.880712+00:00,2026-06-01T18:22:46.881859+00:00
a3fa8008-49a2-4572-bdca-5556738ec1cc,2026-06-02T00:22:46.880712+00:00,673eedef-c6db-4c6d-9dc8-c5ef0ec75ba7,True,,56650,ff8f1290-075f-4ea1-8bfe-d3fe095c0b6e,purchase_ticket,2026-06-02T00:22:46.880712+00:00,2026-06-01T18:22:46.881859+00:00
a3fa8008-49a2-4572-bdca-5556738ec1cc,2026-06-02T00:22:46.880712+00:00,1a4a21e4-b395-4c86-956d-35cdb91722aa,True,,56652,88f8073d-4339-416b-be20-0f2180007085,purchase_ticket,2026-06-02T00:22:46.880712+00:00,2026-06-01T18:22:46.881859+00:00
a3fa8008-49a2-4572-bdca-5556738ec1cc,2026-06-02T00:22:46.880712+00:00,04415fd7-3e02-43c9-b2cb-169640e48d2f,True,,56653,a51a7a29-9f4a-4afa-8021-a7e62877288a,purchase_ticket,2026-06-02T00:22:46.880712+00:00,2026-06-01T18:22:46.881859+00:00
a3fa8008-49a2-4572-bdca-5556738ec1cc,2026-06-02T00:22:46.880712+00:00,8309cf2f-e35e-4a29-b20c-e6de09e37089,True,,56654,cd543968-7c54-495f-98ab-7f223d9d570e,purchase_ticket,2026-06-02T00:22:46.880712+00:00,2026-06-01T18:22:46.881859+00:00
a3fa8008-49a2-4572-bdca-5556738ec1cc,2026-06-02T00:22:46.880712+00:00,d5997adc-9e77-47c9-a8a0-2611973a6dda,True,,56655,d342ede3-8049-4bd5-8eb3-3421afd5fb27,purchase_ticket,2026-06-02T00:22:46.880712+00:00,2026-06-01T18:22:46.881859+00:00
a3fa8008-49a2-4572-bdca-5556738ec1cc,2026-06-02T00:22:46.880712+00:00,98dddf55-34bb-4a1e-8d32-189a739e79f6,True,,56656,3e9a8214-0b49-409a-89a2-9311e22e785d,purchase_ticket,2026-06-02T00:22:46.880712+00:00,2026-06-01T18:22:46.881859+00:00
a3fa8008-49a2-4572-bdca-5556738ec1cc,2026-06-02T00:22:46.880712+00:00,50b7b5b1-c780-4070-8576-a8c704a390e4,True,,56657,b05b3490-f821-405c-a25e-653fe01b5d33,purchase_ticket,2026-06-02T00:22:46.880712+00:00,2026-06-01T18:22:46.881859+00:00
a3fa8008-49a2-4572-bdca-5556738ec1cc,2026-06-02T00:22:46.880712+00:00,4871e65d-77ef-4cab-9c49-ca9b2b80e607,True,,56658,3ba1a547-c3dd-4807-82b5-992a0d494680,purchase_ticket,2026-06-02T00:22:46.880712+00:00,2026-06-01T18:22:46.881859+00:00
a3fa8008-49a2-4572-bdca-5556738ec1cc,2026-06-02T00:22:46.880712+00:00,2234d20b-4a05-433c-b749-735249913dcb,True,,56659,ecebf9d3-5dd0-4cbd-b408-dc5527d07f6a,purchase_ticket,2026-06-02T00:22:46.880712+00:00,2026-06-01T18:22:46.881859+00:00
a3fa8008-49a2-4572-bdca-5556738ec1cc,2026-06-02T00:22:46.880712+00:00,d40d0305-a256-4606-9c8b-e19c4fad951e,True,,56660,49d7c85a-a531-4106-be4b-c033b262aec4,purchase_ticket,2026-06-02T00:22:46.880712+00:00,2026-06-01T18:22:46.881859+00:00
a3fa8008-49a2-4572-bdca-5556738ec1cc,2026-06-02T00:22:46.880712+00:00,44fff1d2-4d34-4cf1-9d72-44e314d321eb,True,,56661,46ce6c70-5472-4e7a-b2c6-09765b48cb7e,purchase_ticket,2026-06-02T00:22:46.880712+00:00,2026-06-01T18:22:46.881859+00:00
a3fa8008-49a2-4572-bdca-5556738ec1cc,2026-06-02T00:22:46.880712+00:00,72632c7c-a635-47c0-a343-230d3fc93dfe,True,,56662,66cee1ab-990f-41c9-8441-9f0079772e37,purchase_ticket,2026-06-02T00:22:46.880712+00:00,2026-06-01T18:22:46.882856+00:00
a3fa8008-49a2-4572-bdca-5556738ec1cc,2026-06-02T00:22:46.880712+00:00,d4aefb5c-7aaa-4fec-badc-d83aef04bd9a,True,,56663,5a4ea64b-3685-4131-95b4-f1d767d13f4c,purchase_ticket,2026-06-02T00:22:46.880712+00:00,2026-06-01T18:22:46.882856+00:00
a3fa8008-49a2-4572-bdca-5556738ec1cc,2026-06-02T00:22:46.880712+00:00,9b35c77a-0378-408e-9bd7-055f4610a1f6,True,,56664,bfd9fc4b-4b2f-48cf-9613-712fb023dd86,purchase_ticket,2026-06-02T00:22:46.880712+00:00,2026-06-01T18:22:46.882856+00:00
a3fa8008-49a2-4572-bdca-5556738ec1cc,2026-06-02T00:22:46.880712+00:00,62bed649-e527-4e77-bdb5-02d76bfbb28d,True,,56665,764ec900-ff7f-42cc-8f60-5d4dacdd5791,purchase_ticket,2026-06-02T00:22:46.880712+00:00,2026-06-01T18:22:46.882856+00:00
a3fa8008-49a2-4572-bdca-5556738ec1cc,2026-06-02T00:22:46.880712+00:00,c809a36e-b8ca-4b2b-af4b-8d0fad4db14c,True,,56667,5e7f07fa-6c90-4b81-8059-d95fb1f20dbc,purchase_ticket,2026-06-02T00:22:46.880712+00:00,2026-06-01T18:22:46.882856+00:00
a3fa8008-49a2-4572-bdca-5556738ec1cc,2026-06-02T00:22:46.880712+00:00,cbe0ec03-5663-43cf-9b1a-264586f403b6,True,,56668,8111ab89-32b2-432f-9c46-b43d559c67a1,purchase_ticket,2026-06-02T00:22:46.880712+00:00,2026-06-01T18:22:46.882856+00:00
a3fa8008-49a2-4572-bdca-5556738ec1cc,2026-06-02T00:22:46.880712+00:00,a31176da-3a1b-4b0d-87ca-e64bffe2f046,True,,56669,df81388c-0029-479b-9b2f-8edbaceaf0cf,purchase_ticket,2026-06-02T00:22:46.880712+00:00,2026-06-01T18:22:46.882856+00:00
a3fa8008-49a2-4572-bdca-5556738ec1cc,2026-06-02T00:22:46.880712+00:00,062b47c8-aead-4421-8d74-3544828d7805,True,,56670,9812a7dd-4002-494a-b00a-645ca133c415,purchase_ticket,2026-06-02T00:22:46.880712+00:00,2026-06-01T18:22:46.882856+00:00
a3fa8008-49a2-4572-bdca-5556738ec1cc,2026-06-02T00:22:46.880712+00:00,1d9777a6-cc4d-4a3d-889d-1e840599762b,True,,56671,41a3b02c-6a2a-4675-904d-cbd2f6c3d6e9,purchase_ticket,2026-06-02T00:22:46.880712+00:00,2026-06-01T18:22:46.882856+00:00
a3fa8008-49a2-4572-bdca-5556738ec1cc,2026-06-02T00:22:46.880712+00:00,4f99f8e2-f0d0-49c8-b967-72ddb91cc9e4,True,,56672,b32c8dd1-b55c-491b-833a-ca273f767168,purchase_ticket,2026-06-02T00:22:46.880712+00:00,2026-06-01T18:22:46.882856+00:00
a3fa8008-49a2-4572-bdca-5556738ec1cc,2026-06-02T00:22:46.880712+00:00,706b46f9-7a4d-42f5-b086-193c826a3ca9,True,,56673,79adec09-3bcb-43c4-9f85-a8b03c9e47bc,purchase_ticket,2026-06-02T00:22:46.880712+00:00,2026-06-01T18:22:46.882856+00:00
a3fa8008-49a2-4572-bdca-5556738ec1cc,2026-06-02T00:22:46.880712+00:00,f1271feb-cdc7-49b1-b1b9-88c02738789d,True,,56674,ec5af2f4-f1e0-47e2-b4b9-ea2d9440f91c,purchase_ticket,2026-06-02T00:22:46.880712+00:00,2026-06-01T18:22:46.882856+00:00
a3fa8008-49a2-4572-bdca-5556738ec1cc,2026-06-02T00:22:46.880712+00:00,b5166ee9-9cbb-49c3-80a5-2b06fc4ea8d2,True,,56675,c760c60e-78c2-4e82-ba5c-cd78249e12f0,purchase_ticket,2026-06-02T00:22:46.880712+00:00,2026-06-01T18:22:46.882856+00:00
a3fa8008-49a2-4572-bdca-5556738ec1cc,2026-06-02T00:22:46.880712+00:00,5529413a-4a1e-4ff8-8770-ad2845e2968f,True,,56676,04ab56c7-1bcf-44be-945b-ced0ba887569,purchase_ticket,2026-06-02T00:22:46.880712+00:00,2026-06-01T18:22:46.882856+00:00
a3fa8008-49a2-4572-bdca-5556738ec1cc,2026-06-02T00:22:46.880712+00:00,7bb37af8-cedc-45a2-b993-52fa8c9e9cb8,True,,56677,72c079c4-0d8b-44d9-b439-e90e045cb7a4,purchase_ticket,2026-06-02T00:22:46.880712+00:00,2026-06-01T18:22:46.882856+00:00
a3fa8008-49a2-4572-bdca-5556738ec1cc,2026-06-02T00:22:46.880712+00:00,a5be6065-aa03-4d76-9495-436e8ef86d8a,True,,56678,1ab58961-7dec-40f7-9f47-7fdd768213ff,purchase_ticket,2026-06-02T00:22:46.880712+00:00,2026-06-01T18:22:46.882856+00:00
a3fa8008-49a2-4572-bdca-5556738ec1cc,2026-06-02T00:22:46.880712+00:00,cc44787b-2c55-4863-99a7-aae01794c7e4,True,,56679,d4ed98e2-1df7-4eef-98b3-78ab18ca1593,purchase_ticket,2026-06-02T00:22:46.880712+00:00,2026-06-01T18:22:46.882856+00:00
a3fa8008-49a2-4572-bdca-5556738ec1cc,2026-06-02T00:22:46.880712+00:00,54c9443d-d66e-4f01-8407-76dfcee629db,True,,56680,a742130d-ab5c-4ea1-9454-a66bfe923eec,purchase_ticket,2026-06-02T00:22:46.880712+00:00,2026-06-01T18:22:46.882856+00:00
a3fa8008-49a2-4572-bdca-5556738ec1cc,2026-06-02T00:22:46.880712+00:00,524cdac6-7b84-492e-b2d7-f867e5c4520a,True,,56681,f9def162-7069-4b25-b8bd-48a9f2b922ad,purchase_ticket,2026-06-02T00:22:46.880712+00:00,2026-06-01T18:22:46.882856+00:00
a3fa8008-49a2-4572-bdca-5556738ec1cc,2026-06-02T00:22:46.880712+00:00,11b79c42-f99b-43bf-b13a-26c9694ac5d6,True,,56682,d99c90bd-92bf-4a95-8219-e78fed34a84a,purchase_ticket,2026-06-02T00:22:46.880712+00:00,2026-06-01T18:22:46.882856+00:00
a3fa8008-49a2-4572-bdca-5556738ec1cc,2026-06-02T00:22:46.880712+00:00,877688d7-8e55-444e-b785-68ac2d786c21,True,,56683,ef7848ae-ab07-4fa9-bbee-1ec08e00d637,purchase_ticket,2026-06-02T00:22:46.880712+00:00,2026-06-01T18:22:46.882856+00:00
a3fa8008-49a2-4572-bdca-5556738ec1cc,2026-06-02T00:22:46.880712+00:00,24326091-6ab1-479c-b5e6-c88603a08b50,True,,56684,fe2ad4dd-8011-4ff7-8fb2-8e75cf8aa6ac,purchase_ticket,2026-06-02T00:22:46.880712+00:00,2026-06-01T18:22:46.882856+00:00
a3fa8008-49a2-4572-bdca-5556738ec1cc,2026-06-02T00:22:46.880712+00:00,a64ba05b-7ded-4ffd-b56b-c774be291919,True,,56685,7efc6ef6-1f55-439f-a67a-3f3067c05e1e,purchase_ticket,2026-06-02T00:22:46.880712+00:00,2026-06-01T18:22:46.882856+00:00
a3fa8008-49a2-4572-bdca-5556738ec1cc,2026-06-02T00:22:46.880712+00:00,98d2b2ed-2e31-4e9e-afc3-72b3dd93d746,True,,56686,933f119c-9fe4-458a-a8ef-182957eaae5f,purchase_ticket,2026-06-02T00:22:46.880712+00:00,2026-06-01T18:22:46.882856+00:00
a3fa8008-49a2-4572-bdca-5556738ec1cc,2026-06-02T00:22:46.880712+00:00,205e5b8f-d97b-411b-88f5-edfbf25add3c,True,,56687,ba01bfb9-b66c-4710-b436-3bef9df94543,purchase_ticket,2026-06-02T00:22:46.880712+00:00,2026-06-01T18:22:46.882856+00:00
a3fa8008-49a2-4572-bdca-5556738ec1cc,2026-06-02T00:22:46.880712+00:00,81a10bfb-ef09-4b83-9854-65260f1f7671,True,,56688,260db523-b450-46e6-9b55-a86386a26848,purchase_ticket,2026-06-02T00:22:46.880712+00:00,2026-06-01T18:22:46.882856+00:00
a3fa8008-49a2-4572-bdca-5556738ec1cc,2026-06-02T00:22:46.880712+00:00,b21a1379-02a1-45b1-a830-6fcfa29b13ab,True,,56690,0dd9b260-421d-4ee6-aa0f-3c890422ce7b,purchase_ticket,2026-06-02T00:22:46.880712+00:00,2026-06-01T18:22:46.882856+00:00
a3fa8008-49a2-4572-bdca-5556738ec1cc,2026-06-02T00:22:46.880712+00:00,6b46faf7-f715-40a5-9988-de3d65ebb4c9,True,,56691,6fc08a11-bc0e-480c-8dae-4d0b21252812,purchase_ticket,2026-06-02T00:22:46.880712+00:00,2026-06-01T18:22:46.882856+00:00
a3fa8008-49a2-4572-bdca-5556738ec1cc,2026-06-02T00:22:46.880712+00:00,a6628827-f800-40b1-b2cd-513376db478a,True,,56692,5e51a191-a67c-4bd2-b5a5-4395ac05565e,purchase_ticket,2026-06-02T00:22:46.880712+00:00,2026-06-01T18:22:46.882856+00:00
a3fa8008-49a2-4572-bdca-5556738ec1cc,2026-06-02T00:22:46.880712+00:00,0989e999-84e5-4c73-a975-a1c91939a08c,True,,56693,2bd087d9-1d03-4452-a1ab-678049113dac,purchase_ticket,2026-06-02T00:22:46.880712+00:00,2026-06-01T18:22:46.882856+00:00
a3fa8008-49a2-4572-bdca-5556738ec1cc,2026-06-02T00:22:46.880712+00:00,8e074479-2e22-4b47-b9ff-313f5f9657f4,True,,56694,8030a1d4-8d64-41f4-8864-4616c5ba9181,purchase_ticket,2026-06-02T00:22:46.880712+00:00,2026-06-01T18:22:46.882856+00:00
a3fa8008-49a2-4572-bdca-5556738ec1cc,2026-06-02T00:22:46.880712+00:00,1537b786-e919-434e-a00e-3955f80bc5bf,True,,56695,0e00e4fa-1236-4a17-ba1e-651b10fae21e,purchase_ticket,2026-06-02T00:22:46.880712+00:00,2026-06-01T18:22:46.882856+00:00
a3fa8008-49a2-4572-bdca-5556738ec1cc,2026-06-02T00:22:46.880712+00:00,9bfabd30-b3d0-41d3-9652-6648ee87d475,True,,56696,a73c8931-653e-4647-be5b-bccb9089e013,purchase_ticket,2026-06-02T00:22:46.880712+00:00,2026-06-01T18:22:46.882856+00:00
a3fa8008-49a2-4572-bdca-5556738ec1cc,2026-06-02T00:22:46.880712+00:00,9fec0699-33f0-49f9-ae1c-8a883aa6c212,True,,56698,6a6ee26c-59cb-4a14-9efb-0c0d306c228d,purchase_ticket,2026-06-02T00:22:46.880712+00:00,2026-06-01T18:22:46.882856+00:00
a3fa8008-49a2-4572-bdca-5556738ec1cc,2026-06-02T00:22:46.880712+00:00,de53281b-4344-4536-9fb0-32c3284c2c55,True,,56699,99fcd1e2-d2ec-4105-9bbf-5b99b13aaa7a,purchase_ticket,2026-06-02T00:22:46.880712+00:00,2026-06-01T18:22:46.882856+00:00
a3fa8008-49a2-4572-bdca-5556738ec1cc,2026-06-02T00:22:46.880712+00:00,4002d649-b11c-4122-b71e-28c5c1dc977f,True,,56700,f82a140c-4d4f-4335-9f49-eb4fbdb6529e,purchase_ticket,2026-06-02T00:22:46.880712+00:00,2026-06-01T18:22:46.883854+00:00
a3fa8008-49a2-4572-bdca-5556738ec1cc,2026-06-02T00:22:46.880712+00:00,ac16ee68-23d6-479c-9aab-dd7d35f5cfc1,True,,56701,e6e19502-9f15-459e-bbba-f7227d78c746,purchase_ticket,2026-06-02T00:22:46.880712+00:00,2026-06-01T18:22:46.883854+00:00
a3fa8008-49a2-4572-bdca-5556738ec1cc,2026-06-02T00:22:46.880712+00:00,5c18c1b2-b2fa-4160-9de6-254f71a1221a,True,,56702,cdd1c4bc-ed03-403c-9698-06400c366c6e,purchase_ticket,2026-06-02T00:22:46.880712+00:00,2026-06-01T18:22:46.883854+00:00
a3fa8008-49a2-4572-bdca-5556738ec1cc,2026-06-02T00:22:46.880712+00:00,d217a3cc-15c4-40d1-b800-eca7fdf5217b,True,,56703,7d6f5886-8621-4598-95ec-30a90acdf734,purchase_ticket,2026-06-02T00:22:46.880712+00:00,2026-06-01T18:22:46.883854+00:00
a3fa8008-49a2-4572-bdca-5556738ec1cc,2026-06-02T00:22:46.880712+00:00,1cbfd5fc-d8f4-4da2-ae30-0901f1c571f8,True,,56704,806119f5-984b-4000-85aa-f09f96ff6143,purchase_ticket,2026-06-02T00:22:46.880712+00:00,2026-06-01T18:22:46.883854+00:00
a3fa8008-49a2-4572-bdca-5556738ec1cc,2026-06-02T00:22:46.880712+00:00,1d5b48ad-581b-420d-a7a0-4996184d9f10,True,,56707,d84a47ec-17f5-4c47-bee7-d6afaa4f536f,purchase_ticket,2026-06-02T00:22:46.880712+00:00,2026-06-01T18:22:46.883854+00:00
a3fa8008-49a2-4572-bdca-5556738ec1cc,2026-06-02T00:22:46.880712+00:00,e0fc9966-cdfb-46e9-b3d9-26a579d7d5f0,True,,80873,5ebc7390-0448-4f58-8df7-ac23c37e7cf5,purchase_ticket,2026-06-02T00:22:46.880712+00:00,2026-06-01T18:22:46.883854+00:00
a3fa8008-49a2-4572-bdca-5556738ec1cc,2026-06-02T00:22:46.880712+00:00,c8cf1e70-ec2f-43cb-969f-1e17c72de776,True,,81530,ef25e648-a98d-4065-b113-9b8ee3b0766b,purchase_ticket,2026-06-02T00:22:46.880712+00:00,2026-06-01T18:22:46.883854+00:00
a3fa8008-49a2-4572-bdca-5556738ec1cc,2026-06-02T00:22:46.880712+00:00,e3ecd0dd-a573-4906-bce2-8e02571e8871,True,,81563,efec3c2a-f88d-45b4-b512-af5a94e0882b,purchase_ticket,2026-06-02T00:22:46.880712+00:00,2026-06-01T18:22:46.883854+00:00
a3fa8008-49a2-4572-bdca-5556738ec1cc,2026-06-02T00:22:46.880712+00:00,fc35f781-0805-47fd-bda8-bf7bf12a94a4,True,,81676,f9ceddf7-7747-419e-bc75-590e7f84b3b3,purchase_ticket,2026-06-02T00:22:46.880712+00:00,2026-06-01T18:22:46.883854+00:00
a3fa8008-49a2-4572-bdca-5556738ec1cc,2026-06-02T00:22:46.880712+00:00,1ff4a812-747f-45f6-8e52-23d83eea1bf3,True,,81690,a0957d8c-eb17-4b2d-8e9e-1af2f28f86e8,purchase_ticket,2026-06-02T00:22:46.880712+00:00,2026-06-01T18:22:46.883854+00:00
a3fa8008-49a2-4572-bdca-5556738ec1cc,2026-06-02T00:22:46.880712+00:00,29993591-0f33-4182-baaa-e85f3bc68872,True,,81695-A,e41c12bf-9468-4c89-a989-330a502a4d88,purchase_ticket,2026-06-02T00:22:46.880712+00:00,2026-06-01T18:22:46.883854+00:00
a3fa8008-49a2-4572-bdca-5556738ec1cc,2026-06-02T00:22:46.880712+00:00,527a2894-ebe4-4ab2-ae9a-bf0925e8b226,True,,81695-B,6e656071-ebd8-4165-862f-c9b394932639,purchase_ticket,2026-06-02T00:22:46.880712+00:00,2026-06-01T18:22:46.883854+00:00
a3fa8008-49a2-4572-bdca-5556738ec1cc,2026-06-02T00:22:46.880712+00:00,df16a39d-d916-4f06-b551-9544357d6e0b,True,,81696,dba016ff-ae7f-4de5-b411-078e00828e5d,purchase_ticket,2026-06-02T00:22:46.880712+00:00,2026-06-01T18:22:46.883854+00:00
a3fa8008-49a2-4572-bdca-5556738ec1cc,2026-06-02T00:22:46.880712+00:00,8bc2eb8f-9e92-4e43-a22c-1c0f8f86b7ab,True,,81720,a0603b84-3e47-4563-8af3-c48edc95b939,purchase_ticket,2026-06-02T00:22:46.880712+00:00,2026-06-01T18:22:46.883854+00:00
a3fa8008-49a2-4572-bdca-5556738ec1cc,2026-06-02T00:22:46.880712+00:00,02be3d96-d2a4-46da-b2a8-35d8a7ff8cc6,True,,81725,ba32b394-373e-49d7-b6d2-e0fcd1e7d3d5,purchase_ticket,2026-06-02T00:22:46.880712+00:00,2026-06-01T18:22:46.883854+00:00
a3fa8008-49a2-4572-bdca-5556738ec1cc,2026-06-02T00:22:46.880712+00:00,f6121940-b2f7-4ea7-9a4c-98b9c4b1f380,True,,81726,708abb6e-729b-40a9-8c46-1002cf1c5624,purchase_ticket,2026-06-02T00:22:46.880712+00:00,2026-06-01T18:22:46.883854+00:00
a3fa8008-49a2-4572-bdca-5556738ec1cc,2026-06-02T00:22:46.880712+00:00,96d95440-21b6-4011-a57b-821ab0a497a9,True,,81731,ab529872-c115-435d-b17a-f33429bcc926,purchase_ticket,2026-06-02T00:22:46.880712+00:00,2026-06-01T18:22:46.883854+00:00
a3fa8008-49a2-4572-bdca-5556738ec1cc,2026-06-02T00:22:46.880712+00:00,d37e4098-8250-4cb8-b7f3-375fe27e6c2a,True,,81734,48759ca9-0ff9-42c1-80c0-2929c9bc72df,purchase_ticket,2026-06-02T00:22:46.880712+00:00,2026-06-01T18:22:46.883854+00:00
a3fa8008-49a2-4572-bdca-5556738ec1cc,2026-06-02T00:22:46.880712+00:00,966b0ea0-23a2-43ab-909a-26c29d4a0320,True,,81738,8bc07661-081d-4505-bd5e-c59f0bd1adc5,purchase_ticket,2026-06-02T00:22:46.880712+00:00,2026-06-01T18:22:46.883854+00:00
a3fa8008-49a2-4572-bdca-5556738ec1cc,2026-06-02T00:22:46.880712+00:00,9b790384-f77c-47d3-a1fa-096285e8776f,True,,81739,f1ebc227-c80e-487f-bbfb-747282f60428,purchase_ticket,2026-06-02T00:22:46.880712+00:00,2026-06-01T18:22:46.883854+00:00
a3fa8008-49a2-4572-bdca-5556738ec1cc,2026-06-02T00:22:46.880712+00:00,7cc6e3bf-4886-413f-b10b-0c9a5b7a7102,True,,81742,1b14b4e0-cd3f-491f-b811-cba4aaf52547,purchase_ticket,2026-06-02T00:22:46.880712+00:00,2026-06-01T18:22:46.883854+00:00
a3fa8008-49a2-4572-bdca-5556738ec1cc,2026-06-02T00:22:46.880712+00:00,3b9cadcf-0359-4cab-9ed5-bac5bd71fe22,True,,81744,d0d2fa27-407a-43a9-a714-e1817d3d0552,purchase_ticket,2026-06-02T00:22:46.880712+00:00,2026-06-01T18:22:46.883854+00:00
a3fa8008-49a2-4572-bdca-5556738ec1cc,2026-06-02T00:22:46.880712+00:00,3a1c17f2-8298-4544-8b01-30285b304b86,True,,81745,67556880-6d02-4b5d-8c0c-928e1746afcc,purchase_ticket,2026-06-02T00:22:46.880712+00:00,2026-06-01T18:22:46.883854+00:00
a3fa8008-49a2-4572-bdca-5556738ec1cc,2026-06-02T00:22:46.880712+00:00,127ad99d-7abe-4e0e-b9ae-2e888622147f,True,,81749,741164ba-6b01-4da2-b224-9e99649f43a7,purchase_ticket,2026-06-02T00:22:46.880712+00:00,2026-06-01T18:22:46.883854+00:00
a3fa8008-49a2-4572-bdca-5556738ec1cc,2026-06-02T00:22:46.880712+00:00,aefd212c-4c1c-40e6-8b6e-0579d0726cf5,True,,81750,3c811ab6-bb2c-45c3-b08d-02eb82471924,purchase_ticket,2026-06-02T00:22:46.880712+00:00,2026-06-01T18:22:46.883854+00:00
a3fa8008-49a2-4572-bdca-5556738ec1cc,2026-06-02T00:22:46.880712+00:00,8357911f-be1f-4f8b-8b40-0de02994b829,True,,81751,421eaf24-3dd5-4e6c-8981-ded94273d6de,purchase_ticket,2026-06-02T00:22:46.880712+00:00,2026-06-01T18:22:46.883854+00:00
a3fa8008-49a2-4572-bdca-5556738ec1cc,2026-06-02T00:22:46.880712+00:00,deca82ab-ace4-4deb-9942-105b0ba9d18a,True,,81753,4e02af96-9db6-4c48-9f19-b673bc8cf810,purchase_ticket,2026-06-02T00:22:46.880712+00:00,2026-06-01T18:22:46.883854+00:00
a3fa8008-49a2-4572-bdca-5556738ec1cc,2026-06-02T00:22:46.880712+00:00,db90a6d8-f4f4-40e8-b463-6812da334332,True,,81755,b08ece77-b9be-42b6-b177-7f398f9d8247,purchase_ticket,2026-06-02T00:22:46.880712+00:00,2026-06-01T18:22:46.883854+00:00
a3fa8008-49a2-4572-bdca-5556738ec1cc,2026-06-02T00:22:46.880712+00:00,7f1635c5-7baf-4a5a-b9d1-e87b6f764cb7,True,,81756,4a750125-edcc-41b5-908e-80c833f1a18c,purchase_ticket,2026-06-02T00:22:46.880712+00:00,2026-06-01T18:22:46.883854+00:00
a3fa8008-49a2-4572-bdca-5556738ec1cc,2026-06-02T00:22:46.880712+00:00,ec9b56a2-fb15-4862-bfd5-b319be20c0f3,True,,81757,a6334467-1e00-426a-993f-b4e5a2af8735,purchase_ticket,2026-06-02T00:22:46.880712+00:00,2026-06-01T18:22:46.883854+00:00
a3fa8008-49a2-4572-bdca-5556738ec1cc,2026-06-02T00:22:46.880712+00:00,6cfe9ee6-36f5-45a0-81fd-46f1489b06ed,True,,81758,5e11ca85-0d00-4048-b2a4-226b87af8a1f,purchase_ticket,2026-06-02T00:22:46.880712+00:00,2026-06-01T18:22:46.883854+00:00
a3fa8008-49a2-4572-bdca-5556738ec1cc,2026-06-02T00:22:46.880712+00:00,f195a778-364f-4be0-9906-e3b99fb8aa15,True,,81760,e8c0e69f-1379-442c-95d6-ce8e3098702d,purchase_ticket,2026-06-02T00:22:46.880712+00:00,2026-06-01T18:22:46.883854+00:00
a3fa8008-49a2-4572-bdca-5556738ec1cc,2026-06-02T00:22:46.880712+00:00,7be96914-3cb4-4bd6-bfcf-32608e73b230,True,,81761,ec892872-d757-4ff8-b8a5-5e93071828c5,purchase_ticket,2026-06-02T00:22:46.880712+00:00,2026-06-01T18:22:46.884851+00:00
a3fa8008-49a2-4572-bdca-5556738ec1cc,2026-06-02T00:22:46.880712+00:00,1e2ed5c5-b0ef-45cd-a67d-02e72cb27aec,True,,81763,13648201-73ae-4370-ae5a-5ee80a79094d,purchase_ticket,2026-06-02T00:22:46.880712+00:00,2026-06-01T18:22:46.884851+00:00
a3fa8008-49a2-4572-bdca-5556738ec1cc,2026-06-02T00:22:46.880712+00:00,c1780e2e-f1bc-454d-a9b4-ca1064bb2db7,True,,81770,44e13f73-1123-437e-a006-c3ea2a892353,purchase_ticket,2026-06-02T00:22:46.880712+00:00,2026-06-01T18:22:46.884851+00:00
a3fa8008-49a2-4572-bdca-5556738ec1cc,2026-06-02T00:22:46.880712+00:00,8f7d2c42-c5ba-4bfb-81ea-bb0bd7902239,True,,81780,4f8c088c-72de-4725-92cb-c916e38fd6ef,purchase_ticket,2026-06-02T00:22:46.880712+00:00,2026-06-01T18:22:46.884851+00:00
a3fa8008-49a2-4572-bdca-5556738ec1cc,2026-06-02T00:22:46.880712+00:00,c529e702-deb1-403c-be14-23d69ae7ef77,True,,81799,924fdab7-da31-4ec3-95d2-fffc598a75ef,purchase_ticket,2026-06-02T00:22:46.880712+00:00,2026-06-01T18:22:46.884851+00:00
a3fa8008-49a2-4572-bdca-5556738ec1cc,2026-06-02T00:22:46.880712+00:00,b945eae7-31de-4197-beb2-f7e0f5ce406c,True,comprobar,18884,b9e9f817-22e8-42fb-a6a0-41903e53c2f5,expense_voucher,2026-06-02T15:01:17.80904+00:00,2026-06-02T09:01:17.616172+00:00
a3fa8008-49a2-4572-bdca-5556738ec1cc,2026-06-02T00:22:46.880712+00:00,4107be75-fea6-4e26-9b3f-a4cecd52b4b0,True,cambiar,18893,598c3efe-302a-4973-ae98-722993ac1d44,expense_voucher,2026-06-02T15:01:17.80904+00:00,2026-06-02T09:01:17.616172+00:00
a3fa8008-49a2-4572-bdca-5556738ec1cc,2026-06-02T00:22:46.880712+00:00,2bcd4d7d-2339-48aa-966e-24d5da83098a,True,comprobar talacha,18897,bee60b1c-9d51-4e24-b96f-79dd20303f52,expense_voucher,2026-06-02T15:01:17.80904+00:00,2026-06-02T09:01:17.616172+00:00
a3fa8008-49a2-4572-bdca-5556738ec1cc,2026-06-02T00:22:46.880712+00:00,8b22db29-8510-476d-b80a-3ea04936dd83,True,comprobar,18912,266a1c0d-c563-4b88-9abf-605b5d4c73b0,expense_voucher,2026-06-02T15:01:17.80904+00:00,2026-06-02T09:01:17.616172+00:00
a3fa8008-49a2-4572-bdca-5556738ec1cc,2026-06-02T00:22:46.880712+00:00,6f92722f-f28c-4806-8d9a-e691184df1d0,True,imprimir,18917,849ac370-80e0-40c0-9eb2-6b74c2b0f5bc,expense_voucher,2026-06-02T15:01:17.80904+00:00,2026-06-02T09:01:17.616172+00:00
a3fa8008-49a2-4572-bdca-5556738ec1cc,2026-06-02T00:22:46.880712+00:00,d6d2e635-f5be-4e0e-b913-c50c1cc96ed0,True,imrpimir,18918,801635fc-af8d-4cb0-ba52-93e96b9aa7fe,expense_voucher,2026-06-02T15:01:17.80904+00:00,2026-06-02T09:01:17.616172+00:00
a3fa8008-49a2-4572-bdca-5556738ec1cc,2026-06-02T00:22:46.880712+00:00,5a3ffb16-557f-4762-81c1-bd08117f1500,True,cambiar chofer,18919,84c63929-9a3b-493c-8b87-1c10869fc1d6,expense_voucher,2026-06-02T15:01:17.80904+00:00,2026-06-02T09:01:17.616172+00:00
a3fa8008-49a2-4572-bdca-5556738ec1cc,2026-06-02T00:22:46.880712+00:00,6678e35f-c513-4159-b492-88b3a57c74b3,True,reimprimir y comprobar,18924,99cef701-40a0-4b2c-8f88-770eb1ff249a,expense_voucher,2026-06-02T15:01:17.80904+00:00,2026-06-02T09:01:17.616172+00:00
a3fa8008-49a2-4572-bdca-5556738ec1cc,2026-06-02T00:22:46.880712+00:00,83e969b1-70f2-44e9-8e5a-37cf1023522e,True,comprobar,270,bbc80414-826e-4f0c-9976-b7a6bc589483,sale_ticket,2026-06-02T15:01:17.80904+00:00,2026-06-02T09:01:17.616172+00:00
a3fa8008-49a2-4572-bdca-5556738ec1cc,2026-06-02T00:22:46.880712+00:00,8902e7e8-03b7-4075-b235-f335007b7098,True,comprobar,278,a2fd8caf-abcc-451e-b9f2-2be724676104,sale_ticket,2026-06-02T15:01:17.80904+00:00,2026-06-02T09:01:17.616172+00:00
a3fa8008-49a2-4572-bdca-5556738ec1cc,2026-06-02T00:22:46.880712+00:00,7e0b70ee-c804-4300-b3fa-eaeb30369194,True,comprobar,280,a854e1b6-623c-41d8-b03b-205aa0065f4e,sale_ticket,2026-06-02T15:01:17.80904+00:00,2026-06-02T09:01:17.616172+00:00
fb340114-8fad-4c30-9b0d-15f8e8e953ff,2026-06-29T23:56:45.457948+00:00,0b83973e-0f80-4d44-9467-f55aa9401bf2,True,,57296,484f2a75-9470-4ebb-8cef-b73d57ff6a02,purchase_ticket,2026-06-29T23:56:45.457948+00:00,2026-06-29T17:56:45.776965+00:00
fb340114-8fad-4c30-9b0d-15f8e8e953ff,2026-06-29T23:56:45.457948+00:00,49ff13f0-06b8-4399-9d16-ab9eafdad9d4,True,,57297,a7841186-f223-4484-8c6b-da5ed39c674f,purchase_ticket,2026-06-29T23:56:45.457948+00:00,2026-06-29T17:56:45.776965+00:00
fb340114-8fad-4c30-9b0d-15f8e8e953ff,2026-06-29T23:56:45.457948+00:00,08bc06de-6714-4f40-a51e-1ec2832add36,True,,57298,1add0e83-6a90-435a-997e-cff95c8c6e7e,purchase_ticket,2026-06-29T23:56:45.457948+00:00,2026-06-29T17:56:45.776965+00:00
fb340114-8fad-4c30-9b0d-15f8e8e953ff,2026-06-29T23:56:45.457948+00:00,38bb8fb5-2856-4242-82c1-5ce795c579bd,True,,57301,f51fe4aa-9a73-4be4-9211-0591d9bb83e4,purchase_ticket,2026-06-29T23:56:45.457948+00:00,2026-06-29T17:56:45.776965+00:00
fb340114-8fad-4c30-9b0d-15f8e8e953ff,2026-06-29T23:56:45.457948+00:00,e4b084e6-e501-4a7e-8f41-3d905466a3b8,True,,57302,d61eff7c-e3a2-4850-ae4c-c4d5f0c25d31,purchase_ticket,2026-06-29T23:56:45.457948+00:00,2026-06-29T17:56:45.776965+00:00
fb340114-8fad-4c30-9b0d-15f8e8e953ff,2026-06-29T23:56:45.457948+00:00,2f740e52-2af8-4f71-870d-03ccdd5240ad,True,,57303,b30cc543-afac-4a7e-9a25-4b1f9754d73d,purchase_ticket,2026-06-29T23:56:45.457948+00:00,2026-06-29T17:56:45.776965+00:00
fb340114-8fad-4c30-9b0d-15f8e8e953ff,2026-06-29T23:56:45.457948+00:00,63e4f915-0db3-42f6-b624-54521f922fef,True,,57304,d21bbcd5-3e0c-4b59-9ec1-775e1275a7ad,purchase_ticket,2026-06-29T23:56:45.457948+00:00,2026-06-29T17:56:45.776965+00:00
fb340114-8fad-4c30-9b0d-15f8e8e953ff,2026-06-29T23:56:45.457948+00:00,292c28ab-fa43-4ac6-8e5c-63674f508c86,True,,57305,616cf178-1ef2-47b9-8b05-5c2d78664959,purchase_ticket,2026-06-29T23:56:45.457948+00:00,2026-06-29T17:56:45.776965+00:00
fb340114-8fad-4c30-9b0d-15f8e8e953ff,2026-06-29T23:56:45.457948+00:00,f83065d7-f2c6-44a3-b65a-004d24aeb01b,True,,57306,8d247ef2-14a4-426e-8348-bc91d32df3b5,purchase_ticket,2026-06-29T23:56:45.457948+00:00,2026-06-29T17:56:45.776965+00:00
fb340114-8fad-4c30-9b0d-15f8e8e953ff,2026-06-29T23:56:45.457948+00:00,5e263b97-bc3c-440d-9dac-c1771c87a6db,True,,57307,d2ff2670-4881-4b5a-b7ee-56511a2b4f9d,purchase_ticket,2026-06-29T23:56:45.457948+00:00,2026-06-29T17:56:45.776965+00:00
fb340114-8fad-4c30-9b0d-15f8e8e953ff,2026-06-29T23:56:45.457948+00:00,3894f9ae-a1de-4fac-b1c2-bcd905f5f15b,True,,57308,2a3328fc-afc3-4ed5-9277-3cf4ed542c25,purchase_ticket,2026-06-29T23:56:45.457948+00:00,2026-06-29T17:56:45.776965+00:00
fb340114-8fad-4c30-9b0d-15f8e8e953ff,2026-06-29T23:56:45.457948+00:00,1ce56a01-76cf-47df-b9b6-fdcfbb322560,True,,57309,0d3ab73d-9988-47fc-b8bc-5308d6d09b4c,purchase_ticket,2026-06-29T23:56:45.457948+00:00,2026-06-29T17:56:45.776965+00:00
fb340114-8fad-4c30-9b0d-15f8e8e953ff,2026-06-29T23:56:45.457948+00:00,7b38c533-2a78-4a9b-9a01-16e0338decbb,True,,57310,c51145c3-167e-43c9-a3bb-fed3ee3ccb0d,purchase_ticket,2026-06-29T23:56:45.457948+00:00,2026-06-29T17:56:45.776965+00:00
fb340114-8fad-4c30-9b0d-15f8e8e953ff,2026-06-29T23:56:45.457948+00:00,18b41de9-faf1-47a7-85b8-458f68b45a91,True,,57311,cb6bfca9-3fea-48a4-9581-e81ebd86b61d,purchase_ticket,2026-06-29T23:56:45.457948+00:00,2026-06-29T17:56:45.776965+00:00
cc727957-5ce8-4c4c-801a-2c978779f751,2026-06-02T20:14:45.660972+00:00,24327529-994f-4739-bc8d-39de96d8b392,True,,18947,278faa00-939d-4224-a22c-69474acb3664,expense_voucher,2026-06-02T20:14:45.660972+00:00,2026-06-02T14:14:45.912898+00:00
fb340114-8fad-4c30-9b0d-15f8e8e953ff,2026-06-29T23:56:45.457948+00:00,c60468ef-2e86-4a47-8949-f6aa08746f90,True,,57312,e0b3e1f1-9ec2-40ce-a48a-76b97c60c406,purchase_ticket,2026-06-29T23:56:45.457948+00:00,2026-06-29T17:56:45.776965+00:00
fb340114-8fad-4c30-9b0d-15f8e8e953ff,2026-06-29T23:56:45.457948+00:00,7f6f300e-268a-46b1-8351-a38d9932a04b,True,,57313,4c8a2306-c18d-4e2e-8ffc-00f8c5ebb200,purchase_ticket,2026-06-29T23:56:45.457948+00:00,2026-06-29T17:56:45.776965+00:00
fb340114-8fad-4c30-9b0d-15f8e8e953ff,2026-06-29T23:56:45.457948+00:00,ca94e49d-92d6-4e10-aa0b-fc5d89a1a07b,True,,57314,c9ecb9b8-01f7-4430-8ca5-6eaaac120c9c,purchase_ticket,2026-06-29T23:56:45.457948+00:00,2026-06-29T17:56:45.776965+00:00
fb340114-8fad-4c30-9b0d-15f8e8e953ff,2026-06-29T23:56:45.457948+00:00,933fbbf1-e6e2-48af-8ccf-ac1de40b7686,True,,57315,33cb194e-462f-4e98-b24a-ba5b8837103e,purchase_ticket,2026-06-29T23:56:45.457948+00:00,2026-06-29T17:56:45.776965+00:00
fb340114-8fad-4c30-9b0d-15f8e8e953ff,2026-06-29T23:56:45.457948+00:00,7754af0c-f02c-4627-b3e0-420a931b5c79,True,,57316,fcb72a98-45b8-40ae-9421-3524e698493b,purchase_ticket,2026-06-29T23:56:45.457948+00:00,2026-06-29T17:56:45.776965+00:00
cc727957-5ce8-4c4c-801a-2c978779f751,2026-06-02T20:14:45.660972+00:00,7fe2390f-95a5-408b-8f80-df8478982971,True,,56710,becdeffb-286b-424d-85ea-159a4471c4b5,purchase_ticket,2026-06-02T20:14:45.660972+00:00,2026-06-02T14:14:45.912898+00:00
cc727957-5ce8-4c4c-801a-2c978779f751,2026-06-02T20:14:45.660972+00:00,86533787-a908-468c-a8f0-b04104049130,True,,56711,578817d6-bb4d-44e4-9dd0-b9546638009b,purchase_ticket,2026-06-02T20:14:45.660972+00:00,2026-06-02T14:14:45.912898+00:00
cc727957-5ce8-4c4c-801a-2c978779f751,2026-06-02T20:14:45.660972+00:00,ac3a3b1b-b541-4c58-b6d9-c8ab6071e5fb,True,,56712,1a1fd3d0-2e2c-420b-acf9-e9a7dc4a18d6,purchase_ticket,2026-06-02T20:14:45.660972+00:00,2026-06-02T14:14:45.912898+00:00
cc727957-5ce8-4c4c-801a-2c978779f751,2026-06-02T20:14:45.660972+00:00,f69c4f4e-d9e7-4b73-8f2f-d598c9a7416c,True,,56713,37203978-e7ae-4701-872f-4eda18aeb7cc,purchase_ticket,2026-06-02T20:14:45.660972+00:00,2026-06-02T14:14:45.912898+00:00
cc727957-5ce8-4c4c-801a-2c978779f751,2026-06-02T20:14:45.660972+00:00,b54e4086-60d8-40a8-b6e8-a46cb9f54b40,True,,56714,373ad851-407c-473f-a318-d3f8e0071d51,purchase_ticket,2026-06-02T20:14:45.660972+00:00,2026-06-02T14:14:45.912898+00:00
cc727957-5ce8-4c4c-801a-2c978779f751,2026-06-02T20:14:45.660972+00:00,ec14e8c3-755c-48b0-87e5-5010975b25a7,True,,56715,c0030af9-ef77-4335-9196-ea2a5e3a4f92,purchase_ticket,2026-06-02T20:14:45.660972+00:00,2026-06-02T14:14:45.912898+00:00
cc727957-5ce8-4c4c-801a-2c978779f751,2026-06-02T20:14:45.660972+00:00,87324b15-c690-4d5c-96cf-2b46aea1862e,True,,56716,1bef9252-d7c8-43a6-ae5b-634806c3bac5,purchase_ticket,2026-06-02T20:14:45.660972+00:00,2026-06-02T14:14:45.912898+00:00
cc727957-5ce8-4c4c-801a-2c978779f751,2026-06-02T20:14:45.660972+00:00,bc57fccb-cead-458a-bb01-4c0fbf712369,True,,56717,3a1685ff-c6c2-466d-ab0d-0bf96dada415,purchase_ticket,2026-06-02T20:14:45.660972+00:00,2026-06-02T14:14:45.912898+00:00
cc727957-5ce8-4c4c-801a-2c978779f751,2026-06-02T20:14:45.660972+00:00,1c289fe6-0634-4073-9a3b-74d4f76b2304,True,,56718,5270ff6a-bfa9-4a5e-a0a8-9b1303f77609,purchase_ticket,2026-06-02T20:14:45.660972+00:00,2026-06-02T14:14:45.912898+00:00
cc727957-5ce8-4c4c-801a-2c978779f751,2026-06-02T20:14:45.660972+00:00,811be25a-44d4-4e09-ac4f-1922eb2294f3,True,,81548,8df466c2-492a-4aed-b256-85aa1ec881a3,purchase_ticket,2026-06-02T20:14:45.660972+00:00,2026-06-02T14:14:45.912898+00:00
cc727957-5ce8-4c4c-801a-2c978779f751,2026-06-02T20:14:45.660972+00:00,f1903a5a-d7b1-4bca-8679-e6b1b8b5e303,True,,81637,0faf2c45-2106-4392-a256-757aef18855a,purchase_ticket,2026-06-02T20:14:45.660972+00:00,2026-06-02T14:14:45.912898+00:00
cc727957-5ce8-4c4c-801a-2c978779f751,2026-06-02T20:14:45.660972+00:00,d0c36d4f-d2f7-4121-b4bd-205f88b41fbe,True,,81651,2ff0019b-77f9-4378-9aef-90e13ca51c73,purchase_ticket,2026-06-02T20:14:45.660972+00:00,2026-06-02T14:14:45.912898+00:00
cc727957-5ce8-4c4c-801a-2c978779f751,2026-06-02T20:14:45.660972+00:00,304e5f3e-5513-4e46-9348-30df2bfa1fe5,True,,81671,6c6fb402-a89a-46c2-ad7b-1313799b2802,purchase_ticket,2026-06-02T20:14:45.660972+00:00,2026-06-02T14:14:45.912898+00:00
cc727957-5ce8-4c4c-801a-2c978779f751,2026-06-02T20:14:45.660972+00:00,090fa3b2-c6bc-43aa-8fac-d799c9fe7386,True,,81712,156d36f1-2526-4cab-8ed3-80d601ee2ea2,purchase_ticket,2026-06-02T20:14:45.660972+00:00,2026-06-02T14:14:45.912898+00:00
cc727957-5ce8-4c4c-801a-2c978779f751,2026-06-02T20:14:45.660972+00:00,4810e3f3-29ec-4fbd-a599-9586121379c6,True,,81773,903c03aa-c0a1-4856-b678-0bb7260bfa4a,purchase_ticket,2026-06-02T20:14:45.660972+00:00,2026-06-02T14:14:45.912898+00:00
cc727957-5ce8-4c4c-801a-2c978779f751,2026-06-02T20:14:45.660972+00:00,4f2e9b6c-7c1b-4321-9da3-47443cfcadda,True,,81779,418d7877-4945-4ace-adfa-5cc327373d15,purchase_ticket,2026-06-02T20:14:45.660972+00:00,2026-06-02T14:14:45.912898+00:00
cc727957-5ce8-4c4c-801a-2c978779f751,2026-06-02T20:14:45.660972+00:00,42a8a5bf-bfb0-46d2-b072-18efe1c577bf,True,,81782-A,273b2f88-f83a-475a-98dd-e11a59b1c61b,purchase_ticket,2026-06-02T20:14:45.660972+00:00,2026-06-02T14:14:45.912898+00:00
cc727957-5ce8-4c4c-801a-2c978779f751,2026-06-02T20:14:45.660972+00:00,de048d9b-4eea-45f7-b428-fbe32c5d620d,True,,81782-B,528b6438-b00c-4c56-8527-dd44971421c4,purchase_ticket,2026-06-02T20:14:45.660972+00:00,2026-06-02T14:14:45.912898+00:00
cc727957-5ce8-4c4c-801a-2c978779f751,2026-06-02T20:14:45.660972+00:00,e67dd4ee-5498-411f-b840-0c7832f908b2,True,,81785,cb9292f5-96d1-48cc-bc41-5c1dc682f6a6,purchase_ticket,2026-06-02T20:14:45.660972+00:00,2026-06-02T14:14:45.912898+00:00
cc727957-5ce8-4c4c-801a-2c978779f751,2026-06-02T20:14:45.660972+00:00,50f51a78-bfcb-4c83-956a-4f54e0446cd8,True,,81791,346efbf0-f7bd-4421-9223-f7060a55c191,purchase_ticket,2026-06-02T20:14:45.660972+00:00,2026-06-02T14:14:45.912898+00:00
cc727957-5ce8-4c4c-801a-2c978779f751,2026-06-02T20:14:45.660972+00:00,692ea555-3edb-427c-8ff6-c9b356b2bffe,True,,81804,e7f0587b-6dcd-4f8c-8e00-a7ff7fa3aacc,purchase_ticket,2026-06-02T20:14:45.660972+00:00,2026-06-02T14:14:45.912898+00:00
cc727957-5ce8-4c4c-801a-2c978779f751,2026-06-02T20:14:45.660972+00:00,f8553a3e-60cd-4571-aaa8-aad9b9be8cc1,True,,81806,5b906757-52f1-4546-b280-0511030f3e5d,purchase_ticket,2026-06-02T20:14:45.660972+00:00,2026-06-02T14:14:45.912898+00:00
cc727957-5ce8-4c4c-801a-2c978779f751,2026-06-02T20:14:45.660972+00:00,cd8fa36f-8a80-4575-b582-755a1b3b049e,True,,81808,aa4167c0-920c-4045-8409-d91e674cb6bd,purchase_ticket,2026-06-02T20:14:45.660972+00:00,2026-06-02T14:14:45.912898+00:00
cc727957-5ce8-4c4c-801a-2c978779f751,2026-06-02T20:14:45.660972+00:00,f5589b3c-4690-4393-bae3-6d1819dd9236,True,,81810,3cd7142e-d6f9-464a-84c3-3908955f4995,purchase_ticket,2026-06-02T20:14:45.660972+00:00,2026-06-02T14:14:45.912898+00:00
cc727957-5ce8-4c4c-801a-2c978779f751,2026-06-02T20:14:45.660972+00:00,67d0cc70-ce81-4805-98c4-e80625661caa,True,,81811,d3eb30c1-f2f8-4078-8a96-5b013407a496,purchase_ticket,2026-06-02T20:14:45.660972+00:00,2026-06-02T14:14:45.912898+00:00
cc727957-5ce8-4c4c-801a-2c978779f751,2026-06-02T20:14:45.660972+00:00,766c4be8-563f-4852-9990-ccb232529d9f,True,,81813,ee942c9f-20e0-45e0-97cc-99c6f2cd5c86,purchase_ticket,2026-06-02T20:14:45.660972+00:00,2026-06-02T14:14:45.912898+00:00
cc727957-5ce8-4c4c-801a-2c978779f751,2026-06-02T20:14:45.660972+00:00,884a2733-a371-4168-b2cb-1544c61c1229,True,comprobar,18933,d755e1d3-158d-4406-b2c5-b49b9eb4ee91,expense_voucher,2026-06-02T20:44:45.254786+00:00,2026-06-02T14:44:45.375087+00:00
cc727957-5ce8-4c4c-801a-2c978779f751,2026-06-02T20:14:45.660972+00:00,477c1685-2be0-4093-b923-0fc75aace9e8,True,comprobar,18934,9ce336ea-984a-4c04-89ef-9bf5941c0308,expense_voucher,2026-06-02T20:44:45.254786+00:00,2026-06-02T14:44:45.375087+00:00
cc727957-5ce8-4c4c-801a-2c978779f751,2026-06-02T20:14:45.660972+00:00,66690d5d-f07a-4979-8248-652490873541,True,comprobar,18935,418b5d4a-f412-4fe7-ba11-38d8d47b3986,expense_voucher,2026-06-02T20:44:45.254786+00:00,2026-06-02T14:44:45.375087+00:00
cc727957-5ce8-4c4c-801a-2c978779f751,2026-06-02T20:14:45.660972+00:00,d89c3464-0a23-49ba-ac48-a5c45377be65,True,comprobar,18936,36120faf-efc4-4cee-abb7-10c21b2bbf61,expense_voucher,2026-06-02T20:44:45.254786+00:00,2026-06-02T14:44:45.375087+00:00
cc727957-5ce8-4c4c-801a-2c978779f751,2026-06-02T20:14:45.660972+00:00,de5d614e-4eaf-4215-8f65-b34f2ecfa945,True,comprobar,18937,adadf370-0b58-434b-b2e6-855cc2d54afe,expense_voucher,2026-06-02T20:44:45.254786+00:00,2026-06-02T14:44:45.375087+00:00
cc727957-5ce8-4c4c-801a-2c978779f751,2026-06-02T20:14:45.660972+00:00,4e8b3cea-dc93-4553-a72e-3ee273f7d79f,True,comprobar,18938,14528c3a-552d-40ac-ba4b-49fb5a2451a1,expense_voucher,2026-06-02T20:44:45.254786+00:00,2026-06-02T14:44:45.375087+00:00
cc727957-5ce8-4c4c-801a-2c978779f751,2026-06-02T20:14:45.660972+00:00,264cf122-4eb3-4a4e-9517-a65dd0f42118,True,comprobar,18939,be09dda5-181c-477b-8311-fc2c44e451e2,expense_voucher,2026-06-02T20:44:45.254786+00:00,2026-06-02T14:44:45.375087+00:00
cc727957-5ce8-4c4c-801a-2c978779f751,2026-06-02T20:14:45.660972+00:00,377d4ca1-338f-4c26-b148-33426b361a12,True,comprobar,18940,770e1111-9104-4081-aa96-4bcf3d026c13,expense_voucher,2026-06-02T20:44:45.254786+00:00,2026-06-02T14:44:45.375087+00:00
cc727957-5ce8-4c4c-801a-2c978779f751,2026-06-02T20:14:45.660972+00:00,62f2195e-5a9a-4a35-9beb-0b4d2329cac9,True,comprobar,18941,d40b6acf-a832-42f6-a0fb-cc384aa29e8f,expense_voucher,2026-06-02T20:44:45.254786+00:00,2026-06-02T14:44:45.375087+00:00
cc727957-5ce8-4c4c-801a-2c978779f751,2026-06-02T20:14:45.660972+00:00,26b1b294-e185-42d0-8051-071edb4e468d,True,comprobar,18942,03de934a-1947-4280-a106-79b4e3cfc95d,expense_voucher,2026-06-02T20:44:45.254786+00:00,2026-06-02T14:44:45.375087+00:00
cc727957-5ce8-4c4c-801a-2c978779f751,2026-06-02T20:14:45.660972+00:00,5db896a1-747d-4e74-96b6-e73cade0d8cc,True,comprobar,18943,2fcd4fff-aaf5-42be-9ecd-321223fbac49,expense_voucher,2026-06-02T20:44:45.254786+00:00,2026-06-02T14:44:45.375087+00:00
fb340114-8fad-4c30-9b0d-15f8e8e953ff,2026-06-29T23:56:45.457948+00:00,e436fa68-c673-4a3e-a207-e71b2da23b3f,True,,57317,5bb8be24-49ca-4a38-9b85-7a232b13c054,purchase_ticket,2026-06-29T23:56:45.457948+00:00,2026-06-29T17:56:45.776965+00:00
cc727957-5ce8-4c4c-801a-2c978779f751,2026-06-02T20:14:45.660972+00:00,6d538bd7-7a48-4b30-991c-db7e4ac012c1,True,comprobar,18944,eb98b297-44b2-4e02-ad8f-4dbfae4e1c0a,expense_voucher,2026-06-02T20:44:45.254786+00:00,2026-06-02T14:44:45.375087+00:00
cc727957-5ce8-4c4c-801a-2c978779f751,2026-06-02T20:14:45.660972+00:00,34d948e3-4956-4d38-a153-57c25c9160d8,True,comprobar,18945,495b1020-3302-4ffd-8ec8-5dcba6a75590,expense_voucher,2026-06-02T20:44:45.254786+00:00,2026-06-02T14:44:45.375087+00:00
cc727957-5ce8-4c4c-801a-2c978779f751,2026-06-02T20:14:45.660972+00:00,da5b76a1-cc02-48ca-871c-66ad6c139357,True,comprobar,18946,c7553839-5317-496b-bc43-ace3a056edf6,expense_voucher,2026-06-02T20:44:45.254786+00:00,2026-06-02T14:44:45.375087+00:00
cc727957-5ce8-4c4c-801a-2c978779f751,2026-06-02T20:14:45.660972+00:00,5840e6e7-404c-41a3-8edd-261e3c24a4ca,True,comprobar,18948,c7a97507-808e-4789-a802-c4d0d8a58315,expense_voucher,2026-06-02T20:44:45.254786+00:00,2026-06-02T14:44:45.375087+00:00
cc727957-5ce8-4c4c-801a-2c978779f751,2026-06-02T20:14:45.660972+00:00,8ac44c55-c5f4-4def-902e-944dea25d46c,True,comprobar,284,049a1eb4-274d-4c78-9d2e-feb0c8db21b3,deposit_voucher,2026-06-02T20:44:45.254786+00:00,2026-06-02T14:44:45.375087+00:00
cc727957-5ce8-4c4c-801a-2c978779f751,2026-06-02T20:14:45.660972+00:00,02a1a3a9-9708-4ad0-8102-e53ee228dfa9,True,comprobar,1117,e88cddc8-dade-4820-ad05-cfa39c1ab526,sale_ticket,2026-06-02T20:44:45.254786+00:00,2026-06-02T14:44:45.375087+00:00
cc727957-5ce8-4c4c-801a-2c978779f751,2026-06-02T20:14:45.660972+00:00,de35d8d6-4709-4a49-ac57-58ea4d7399d1,True,comprobar,1213,2471df00-0e48-4697-82b7-71f6981e30a5,sale_ticket,2026-06-02T20:44:45.254786+00:00,2026-06-02T14:44:45.375087+00:00
cc727957-5ce8-4c4c-801a-2c978779f751,2026-06-02T20:14:45.660972+00:00,974b79e5-3993-41b5-8be5-823a9d97935c,True,comprobar,56708,6773ee05-ca8e-4453-9352-2983c959662b,purchase_ticket,2026-06-02T20:44:45.254786+00:00,2026-06-02T14:44:45.375087+00:00
484db62c-bcdb-4b99-9ba4-c5f38323f82d,2026-06-02T23:37:40.036265+00:00,c71b1716-97f5-4133-b6ee-ebcee75212f6,True,,18949,7cc8ad4f-483d-4fe9-9ff0-e7cd82909061,expense_voucher,2026-06-02T23:37:40.036265+00:00,2026-06-02T17:37:40.387135+00:00
484db62c-bcdb-4b99-9ba4-c5f38323f82d,2026-06-02T23:37:40.036265+00:00,e97686dd-22b6-4b62-be1c-c2caf76ffdbc,True,,18950,63c1d5ca-7620-4b2d-9401-c829aac94833,expense_voucher,2026-06-02T23:37:40.036265+00:00,2026-06-02T17:37:40.387135+00:00
484db62c-bcdb-4b99-9ba4-c5f38323f82d,2026-06-02T23:37:40.036265+00:00,87ead4a8-95b8-461e-8ded-81890bec0b7c,True,,18951,77331687-a0d9-4272-9d7e-35b063de217f,expense_voucher,2026-06-02T23:37:40.036265+00:00,2026-06-02T17:37:40.387135+00:00
fb340114-8fad-4c30-9b0d-15f8e8e953ff,2026-06-29T23:56:45.457948+00:00,ebf912c1-0d50-429f-835e-a014b4f40ac2,True,,57319,8d9159f1-a3a3-41c8-9e61-82730e5aa654,purchase_ticket,2026-06-29T23:56:45.457948+00:00,2026-06-29T17:56:45.776965+00:00
484db62c-bcdb-4b99-9ba4-c5f38323f82d,2026-06-02T23:37:40.036265+00:00,650c692d-389e-4155-88a1-a5af48bac6bd,True,,18953,91a462db-bcd2-4695-821b-27c60ead1c45,expense_voucher,2026-06-02T23:37:40.036265+00:00,2026-06-02T17:37:40.387135+00:00
484db62c-bcdb-4b99-9ba4-c5f38323f82d,2026-06-02T23:37:40.036265+00:00,4d37d7c5-b91b-484f-9bdd-059c976bc0b2,True,,285,63f7d7e0-46f5-4cc5-bcee-c916301b636e,deposit_voucher,2026-06-02T23:37:40.036265+00:00,2026-06-02T17:37:40.387135+00:00
484db62c-bcdb-4b99-9ba4-c5f38323f82d,2026-06-02T23:37:40.036265+00:00,a82c70e6-a74a-488a-ab45-cfbced271eea,True,,286,83a40058-d43b-4ff8-af07-a8cce2ef1daf,deposit_voucher,2026-06-02T23:37:40.036265+00:00,2026-06-02T17:37:40.387135+00:00
484db62c-bcdb-4b99-9ba4-c5f38323f82d,2026-06-02T23:37:40.036265+00:00,aa2da9cc-a550-4ab5-91fd-e5336b4ba6c9,True,,0286,87e612cf-89ce-46d5-9b74-27223a468be2,sale_ticket,2026-06-02T23:37:40.036265+00:00,2026-06-02T17:37:40.387135+00:00
484db62c-bcdb-4b99-9ba4-c5f38323f82d,2026-06-02T23:37:40.036265+00:00,1a233fa4-73cc-4f2b-9b02-adaf1013e1d4,True,,287,5a31a109-2ba6-4590-a490-757a1c287215,sale_ticket,2026-06-02T23:37:40.036265+00:00,2026-06-02T17:37:40.387135+00:00
484db62c-bcdb-4b99-9ba4-c5f38323f82d,2026-06-02T23:37:40.036265+00:00,747d271c-1a15-4134-8614-fd5f9fa2916c,True,,78630,7a0311c5-8d56-44cc-821f-93948df387c1,sale_ticket,2026-06-02T23:37:40.036265+00:00,2026-06-02T17:37:40.387135+00:00
484db62c-bcdb-4b99-9ba4-c5f38323f82d,2026-06-02T23:37:40.036265+00:00,ffdc1b74-dee7-425b-bcf5-2409d0dd7df2,True,,78765,628dec7f-3a65-42cc-a331-48846650a440,sale_ticket,2026-06-02T23:37:40.036265+00:00,2026-06-02T17:37:40.387135+00:00
484db62c-bcdb-4b99-9ba4-c5f38323f82d,2026-06-02T23:37:40.036265+00:00,bec40bb7-5a9f-428d-a661-8cd525d842a4,True,,78774,be75bccb-18f5-4afd-86a1-0ac3c07cc879,sale_ticket,2026-06-02T23:37:40.036265+00:00,2026-06-02T17:37:40.387135+00:00
484db62c-bcdb-4b99-9ba4-c5f38323f82d,2026-06-02T23:37:40.036265+00:00,51fe89c4-b1dc-4f14-8818-b2383e8261a2,True,,78815,9d1a6d9e-bbea-4004-856d-f7a1625c47b9,sale_ticket,2026-06-02T23:37:40.036265+00:00,2026-06-02T17:37:40.387135+00:00
484db62c-bcdb-4b99-9ba4-c5f38323f82d,2026-06-02T23:37:40.036265+00:00,2059f5fe-a8a5-4da9-906f-23f2b332b07d,True,,5413,8d78c11f-f05e-4f51-86df-7a09d96f236f,purchase_ticket,2026-06-02T23:37:40.036265+00:00,2026-06-02T17:37:40.387135+00:00
484db62c-bcdb-4b99-9ba4-c5f38323f82d,2026-06-02T23:37:40.036265+00:00,a4616ba4-7afd-4788-9699-5ddce1c48e79,True,,56705,ab995a34-e8f4-47d5-a57f-ef2b2766ae15,purchase_ticket,2026-06-02T23:37:40.036265+00:00,2026-06-02T17:37:40.387135+00:00
484db62c-bcdb-4b99-9ba4-c5f38323f82d,2026-06-02T23:37:40.036265+00:00,724eb7ce-1462-4e2a-80d8-c3b33925d729,True,,56719,f0fec7bb-390e-4371-a724-3fac2c1a4ec4,purchase_ticket,2026-06-02T23:37:40.036265+00:00,2026-06-02T17:37:40.387135+00:00
484db62c-bcdb-4b99-9ba4-c5f38323f82d,2026-06-02T23:37:40.036265+00:00,10f45c89-7977-4378-91d1-6e7c05436657,True,,56720,841973fd-077a-470c-b912-5587dfdbe5a9,purchase_ticket,2026-06-02T23:37:40.036265+00:00,2026-06-02T17:37:40.387135+00:00
484db62c-bcdb-4b99-9ba4-c5f38323f82d,2026-06-02T23:37:40.036265+00:00,70741bd2-a983-4c6e-ba98-06c4856b698d,True,,56721,6c34769d-996b-43c9-a495-7dc4434d5532,purchase_ticket,2026-06-02T23:37:40.036265+00:00,2026-06-02T17:37:40.387135+00:00
484db62c-bcdb-4b99-9ba4-c5f38323f82d,2026-06-02T23:37:40.036265+00:00,4752bf1c-b389-4f59-981b-49fb805ca444,True,,56722,926656ac-9d2e-45da-8113-614b75a13510,purchase_ticket,2026-06-02T23:37:40.036265+00:00,2026-06-02T17:37:40.387135+00:00
484db62c-bcdb-4b99-9ba4-c5f38323f82d,2026-06-02T23:37:40.036265+00:00,23a88a17-377e-4d4d-ad9e-68217effb910,True,,56723,ee70cbba-dcd7-4c41-a7c2-e36aa0523f27,purchase_ticket,2026-06-02T23:37:40.036265+00:00,2026-06-02T17:37:40.387135+00:00
484db62c-bcdb-4b99-9ba4-c5f38323f82d,2026-06-02T23:37:40.036265+00:00,b0597ab3-4c43-4c2e-9451-94addba70cb4,True,,56724,6e8001c8-696c-4ce4-8d5a-f1b927da302d,purchase_ticket,2026-06-02T23:37:40.036265+00:00,2026-06-02T17:37:40.387135+00:00
484db62c-bcdb-4b99-9ba4-c5f38323f82d,2026-06-02T23:37:40.036265+00:00,15f7b046-7b03-4ef6-8176-134ced087fbc,True,,56725,05f6ba3d-479d-4891-af83-ca74610bf8d0,purchase_ticket,2026-06-02T23:37:40.036265+00:00,2026-06-02T17:37:40.387135+00:00
484db62c-bcdb-4b99-9ba4-c5f38323f82d,2026-06-02T23:37:40.036265+00:00,aa13b38b-6b5c-4448-b31a-2a3cfe8aa77f,True,,56726,35cf1f85-3fb1-4587-b3f9-4271a37c90c5,purchase_ticket,2026-06-02T23:37:40.036265+00:00,2026-06-02T17:37:40.387135+00:00
484db62c-bcdb-4b99-9ba4-c5f38323f82d,2026-06-02T23:37:40.036265+00:00,86fa8c11-cf49-47b5-9e27-07651101a1a0,True,,56727,26b1db64-e67d-4ebe-82f6-162e528cb544,purchase_ticket,2026-06-02T23:37:40.036265+00:00,2026-06-02T17:37:40.387135+00:00
484db62c-bcdb-4b99-9ba4-c5f38323f82d,2026-06-02T23:37:40.036265+00:00,6ff84504-c786-45ab-be6b-3b0381665c96,True,,56728,8e94a91e-04bf-471e-8cd4-bc36c30f217d,purchase_ticket,2026-06-02T23:37:40.036265+00:00,2026-06-02T17:37:40.387135+00:00
484db62c-bcdb-4b99-9ba4-c5f38323f82d,2026-06-02T23:37:40.036265+00:00,233b20cb-9ecd-4582-9598-8c82521d6aea,True,,81771,4e5732d5-78fb-47c1-9878-51df1cfd13f7,purchase_ticket,2026-06-02T23:37:40.036265+00:00,2026-06-02T17:37:40.387135+00:00
484db62c-bcdb-4b99-9ba4-c5f38323f82d,2026-06-02T23:37:40.036265+00:00,ff857de8-ec6c-4f2d-ad61-150cd8f6cdf4,True,,81783,c16e4e74-af08-4932-9887-65ae704a61fa,purchase_ticket,2026-06-02T23:37:40.036265+00:00,2026-06-02T17:37:40.388132+00:00
484db62c-bcdb-4b99-9ba4-c5f38323f82d,2026-06-02T23:37:40.036265+00:00,fdcabfa7-3169-4c74-898f-15b27567eafb,True,,81795,4212edc0-65a4-4ce3-81d0-eb0efad078e4,purchase_ticket,2026-06-02T23:37:40.036265+00:00,2026-06-02T17:37:40.388132+00:00
484db62c-bcdb-4b99-9ba4-c5f38323f82d,2026-06-02T23:37:40.036265+00:00,29ec0fae-9ed3-4752-a6a1-68df8d3d41e3,True,,81798,7e9ca0e9-57a8-4425-a284-448b5f8de901,purchase_ticket,2026-06-02T23:37:40.036265+00:00,2026-06-02T17:37:40.388132+00:00
484db62c-bcdb-4b99-9ba4-c5f38323f82d,2026-06-02T23:37:40.036265+00:00,046ef664-53c2-469d-bf99-af49bac2eba1,True,,81816,a0b9f237-32d8-4238-a132-17765cdbec3b,purchase_ticket,2026-06-02T23:37:40.036265+00:00,2026-06-02T17:37:40.388132+00:00
484db62c-bcdb-4b99-9ba4-c5f38323f82d,2026-06-02T23:37:40.036265+00:00,14c03373-3539-427c-bcab-181b5fdd2e18,True,,81821,b0958ee8-e17b-46d6-b0c0-23d7ff871345,purchase_ticket,2026-06-02T23:37:40.036265+00:00,2026-06-02T17:37:40.388132+00:00
484db62c-bcdb-4b99-9ba4-c5f38323f82d,2026-06-02T23:37:40.036265+00:00,bf222a5f-1f87-4499-b18d-201b77e2a00b,True,,81823-A,3780d3a0-ac0c-4526-88f7-969909b8966d,purchase_ticket,2026-06-02T23:37:40.036265+00:00,2026-06-02T17:37:40.388132+00:00
484db62c-bcdb-4b99-9ba4-c5f38323f82d,2026-06-02T23:37:40.036265+00:00,2869a2d0-06ab-4280-bdb2-507229a25909,True,,81823-B,e15c7f34-3c9e-49d7-9f81-f78bc0d807bb,purchase_ticket,2026-06-02T23:37:40.036265+00:00,2026-06-02T17:37:40.388132+00:00
484db62c-bcdb-4b99-9ba4-c5f38323f82d,2026-06-02T23:37:40.036265+00:00,0323ced8-2534-496e-a7ee-c5752ad807da,True,,81824,1d08474b-86db-43ee-87c1-b90cff3564bf,purchase_ticket,2026-06-02T23:37:40.036265+00:00,2026-06-02T17:37:40.388132+00:00
fb340114-8fad-4c30-9b0d-15f8e8e953ff,2026-06-29T23:56:45.457948+00:00,04ca35d5-0122-487e-8df1-9d6e6f2f031e,True,,57321,bf97a841-f297-4359-9c89-1eb39261e84e,purchase_ticket,2026-06-29T23:56:45.457948+00:00,2026-06-29T17:56:45.776965+00:00
7fd36d36-7813-45a2-83bb-88b7291e4305,2026-06-03T23:56:23.813715+00:00,d14ea773-0952-48e9-84ed-c1d45654942d,True,,18954,6e72c069-405f-4263-bdfd-8ff670fe270c,expense_voucher,2026-06-03T23:56:23.813715+00:00,2026-06-03T17:56:24.694422+00:00
7fd36d36-7813-45a2-83bb-88b7291e4305,2026-06-03T23:56:23.813715+00:00,7ab45900-afd6-42ea-a7e3-2cfee60f624e,True,,18955,227b0cd7-8b8a-446e-9516-695074a57482,expense_voucher,2026-06-03T23:56:23.813715+00:00,2026-06-03T17:56:24.694422+00:00
7fd36d36-7813-45a2-83bb-88b7291e4305,2026-06-03T23:56:23.813715+00:00,c18e06ca-d7ac-4c72-9b7d-638d1c6b7abf,True,,18956,102ab842-8e07-4612-bae2-2c151e451d48,expense_voucher,2026-06-03T23:56:23.813715+00:00,2026-06-03T17:56:24.694422+00:00
7fd36d36-7813-45a2-83bb-88b7291e4305,2026-06-03T23:56:23.813715+00:00,9448bd78-0957-43ff-9b0a-096ad553a876,True,,18957,5ddedc99-9917-48a7-9ba7-061c608f542f,expense_voucher,2026-06-03T23:56:23.813715+00:00,2026-06-03T17:56:24.694422+00:00
7fd36d36-7813-45a2-83bb-88b7291e4305,2026-06-03T23:56:23.813715+00:00,2fca567c-4486-4171-892c-526fc3f05cd3,True,,18958,8427e46f-db0e-49c1-a94c-e9340f62388a,expense_voucher,2026-06-03T23:56:23.813715+00:00,2026-06-03T17:56:24.694422+00:00
7fd36d36-7813-45a2-83bb-88b7291e4305,2026-06-03T23:56:23.813715+00:00,1d5ce6bb-7377-4af0-96eb-4a2e13ccee2c,True,,18959,044ab1e1-387e-492b-b4e3-39acf18f238c,expense_voucher,2026-06-03T23:56:23.813715+00:00,2026-06-03T17:56:24.694422+00:00
7fd36d36-7813-45a2-83bb-88b7291e4305,2026-06-03T23:56:23.813715+00:00,2762974d-abfa-444b-933f-b0a25d42dde1,True,,18960,4797965b-c525-4205-843d-15d1b9fdc74a,expense_voucher,2026-06-03T23:56:23.813715+00:00,2026-06-03T17:56:24.694422+00:00
7fd36d36-7813-45a2-83bb-88b7291e4305,2026-06-03T23:56:23.813715+00:00,90591491-4666-4d62-a6d1-6b0212ad1419,True,,18961,08794064-f1b6-4e9d-bf04-da9a3541be12,expense_voucher,2026-06-03T23:56:23.813715+00:00,2026-06-03T17:56:24.695423+00:00
7fd36d36-7813-45a2-83bb-88b7291e4305,2026-06-03T23:56:23.813715+00:00,20a2d84c-8542-4187-a052-6d9337337c53,True,,18962,425b0683-9f5c-4a1e-bd08-6abb885ecde9,expense_voucher,2026-06-03T23:56:23.813715+00:00,2026-06-03T17:56:24.695423+00:00
7fd36d36-7813-45a2-83bb-88b7291e4305,2026-06-03T23:56:23.813715+00:00,722c9f22-f79a-4b76-a59f-48ba0aca3861,True,,18963,78cb26e0-075e-4721-8e63-3066d59d1327,expense_voucher,2026-06-03T23:56:23.813715+00:00,2026-06-03T17:56:24.695423+00:00
7fd36d36-7813-45a2-83bb-88b7291e4305,2026-06-03T23:56:23.813715+00:00,5bb2d8aa-a828-45b9-b976-e66b5c41d27d,True,,18964,e788e9c5-6a9e-49b7-908a-4daf168e5d46,expense_voucher,2026-06-03T23:56:23.813715+00:00,2026-06-03T17:56:24.695423+00:00
7fd36d36-7813-45a2-83bb-88b7291e4305,2026-06-03T23:56:23.813715+00:00,7a2711f6-4515-484c-b9b9-29277d448b13,True,,18965,199ff04c-207b-4ec8-95ec-5272544738f7,expense_voucher,2026-06-03T23:56:23.813715+00:00,2026-06-03T17:56:24.695423+00:00
7fd36d36-7813-45a2-83bb-88b7291e4305,2026-06-03T23:56:23.813715+00:00,32861be4-d635-4c44-abe0-fdb951574a41,True,,18966,1b7fc9d9-5ed5-407d-909d-bcaec52dd9b1,expense_voucher,2026-06-03T23:56:23.813715+00:00,2026-06-03T17:56:24.695423+00:00
7fd36d36-7813-45a2-83bb-88b7291e4305,2026-06-03T23:56:23.813715+00:00,dea47334-4568-4914-891f-f52d5ea25162,True,,18967,310a285c-1bb6-4239-b2bf-3f0ecf57cadd,expense_voucher,2026-06-03T23:56:23.813715+00:00,2026-06-03T17:56:24.695423+00:00
7fd36d36-7813-45a2-83bb-88b7291e4305,2026-06-03T23:56:23.813715+00:00,4696b61b-ff85-4f1a-b821-2ce97d13970f,True,,287,f5906e91-8afa-4a5c-a916-1885c174278f,deposit_voucher,2026-06-03T23:56:23.813715+00:00,2026-06-03T17:56:24.695423+00:00
7fd36d36-7813-45a2-83bb-88b7291e4305,2026-06-03T23:56:23.813715+00:00,152c34e4-d1ac-4a70-a614-a2c4b2865196,True,,288,113f69af-36a2-48c3-8a24-06fe1b4e9d8f,deposit_voucher,2026-06-03T23:56:23.813715+00:00,2026-06-03T17:56:24.695423+00:00
7fd36d36-7813-45a2-83bb-88b7291e4305,2026-06-03T23:56:23.813715+00:00,ca162ebe-af60-4fdb-8677-c810c0004b9c,True,,0291,fe90b117-0c1a-4285-b4f1-b39fbaaeecae,sale_ticket,2026-06-03T23:56:23.813715+00:00,2026-06-03T17:56:24.695423+00:00
7fd36d36-7813-45a2-83bb-88b7291e4305,2026-06-03T23:56:23.813715+00:00,660de3b4-e89f-4727-949c-93d4ffe0574f,True,,1664,44a3b22a-c5c6-4aa7-9200-7787ddec9eff,sale_ticket,2026-06-03T23:56:23.813715+00:00,2026-06-03T17:56:24.695423+00:00
7fd36d36-7813-45a2-83bb-88b7291e4305,2026-06-03T23:56:23.813715+00:00,11c3e9b7-ed38-4f20-81f2-788c3c933ecf,True,,78917,9dff5575-7293-4048-a4d1-f134cdc3d2f7,sale_ticket,2026-06-03T23:56:23.813715+00:00,2026-06-03T17:56:24.695423+00:00
7fd36d36-7813-45a2-83bb-88b7291e4305,2026-06-03T23:56:23.813715+00:00,ce35a4f2-e652-442a-87ef-3aa6ad48b984,True,,789170,37a797d9-848b-4974-be85-46d5c52918d1,sale_ticket,2026-06-03T23:56:23.813715+00:00,2026-06-03T17:56:24.695423+00:00
7fd36d36-7813-45a2-83bb-88b7291e4305,2026-06-03T23:56:23.813715+00:00,37648e2e-8e90-4ede-8d61-8139fb8a8996,True,,56697,1c7afb6a-96f4-4bcf-a636-f628c7eb0a7a,purchase_ticket,2026-06-03T23:56:23.813715+00:00,2026-06-03T17:56:24.695423+00:00
7fd36d36-7813-45a2-83bb-88b7291e4305,2026-06-03T23:56:23.813715+00:00,4e174b56-cf73-45eb-bb75-e11604f57a38,True,,56729,72d3f406-24ba-4bc8-98ad-b926934069e2,purchase_ticket,2026-06-03T23:56:23.813715+00:00,2026-06-03T17:56:24.695423+00:00
7fd36d36-7813-45a2-83bb-88b7291e4305,2026-06-03T23:56:23.813715+00:00,8f23cba8-136e-41da-b849-6f5679b19469,True,,56730,56638245-b14f-4e5c-bf22-057c97f9b33a,purchase_ticket,2026-06-03T23:56:23.813715+00:00,2026-06-03T17:56:24.695423+00:00
7fd36d36-7813-45a2-83bb-88b7291e4305,2026-06-03T23:56:23.813715+00:00,7483c057-bf0c-44ad-b6c5-fc5721d554ee,True,,56731,09b70401-d832-441a-a15e-abcf7aadfdb4,purchase_ticket,2026-06-03T23:56:23.813715+00:00,2026-06-03T17:56:24.695423+00:00
7fd36d36-7813-45a2-83bb-88b7291e4305,2026-06-03T23:56:23.813715+00:00,2bcaf5c0-3ab5-45dc-9b51-e77a347042c4,True,,56732,92f83d1c-679f-47be-b167-eb5294d1f1d4,purchase_ticket,2026-06-03T23:56:23.813715+00:00,2026-06-03T17:56:24.695423+00:00
7fd36d36-7813-45a2-83bb-88b7291e4305,2026-06-03T23:56:23.813715+00:00,34a5d012-da2c-4ffa-892a-ddcea6968eb0,True,,56733,204496be-9bb6-4248-b31b-ef50ec9f9e45,purchase_ticket,2026-06-03T23:56:23.813715+00:00,2026-06-03T17:56:24.695423+00:00
7fd36d36-7813-45a2-83bb-88b7291e4305,2026-06-03T23:56:23.813715+00:00,21ed7f87-ad49-425f-b879-2c01bafda7b0,True,,56734,3c0eded3-b0cc-4557-8bc6-06a569ddfb93,purchase_ticket,2026-06-03T23:56:23.813715+00:00,2026-06-03T17:56:24.695423+00:00
7fd36d36-7813-45a2-83bb-88b7291e4305,2026-06-03T23:56:23.813715+00:00,95c15581-924c-43e6-afb6-f364d676b525,True,,56735,ef46ab73-a2e0-4ef8-bc7d-80af324edb48,purchase_ticket,2026-06-03T23:56:23.813715+00:00,2026-06-03T17:56:24.695423+00:00
7fd36d36-7813-45a2-83bb-88b7291e4305,2026-06-03T23:56:23.813715+00:00,0b137aa2-8a6d-48e0-a556-fcf1b7ec23f8,True,,56736,55eae531-0fc0-42e5-bcee-6fea15b68d56,purchase_ticket,2026-06-03T23:56:23.813715+00:00,2026-06-03T17:56:24.695423+00:00
7fd36d36-7813-45a2-83bb-88b7291e4305,2026-06-03T23:56:23.813715+00:00,d0a83005-6e23-4a3e-a9d4-60207cea89e3,True,,56737,810e3c4e-7608-4d16-8165-e1d134ce9449,purchase_ticket,2026-06-03T23:56:23.813715+00:00,2026-06-03T17:56:24.695423+00:00
7fd36d36-7813-45a2-83bb-88b7291e4305,2026-06-03T23:56:23.813715+00:00,5bc605ea-f3cb-460f-92d6-e9b912892ea0,True,,56738,e921c218-e719-4fe4-ac4c-4fcbace2a547,purchase_ticket,2026-06-03T23:56:23.813715+00:00,2026-06-03T17:56:24.695423+00:00
7fd36d36-7813-45a2-83bb-88b7291e4305,2026-06-03T23:56:23.813715+00:00,b7378392-e165-4373-9337-1f9e1d017270,True,,56739,7e35f5af-1b3f-4fd0-8dd4-ac16889ac497,purchase_ticket,2026-06-03T23:56:23.813715+00:00,2026-06-03T17:56:24.695423+00:00
7fd36d36-7813-45a2-83bb-88b7291e4305,2026-06-03T23:56:23.813715+00:00,9e2fe501-3523-47ec-94a3-c650afc1c8ab,True,,56740,fbee4200-d2bf-4db7-93f9-fe7264e24b97,purchase_ticket,2026-06-03T23:56:23.813715+00:00,2026-06-03T17:56:24.695423+00:00
7fd36d36-7813-45a2-83bb-88b7291e4305,2026-06-03T23:56:23.813715+00:00,416f8bd1-4284-4632-91e9-7ba165235c0e,True,,56741,cedfb53d-4d70-44f3-a392-097d25f2d874,purchase_ticket,2026-06-03T23:56:23.813715+00:00,2026-06-03T17:56:24.695423+00:00
7fd36d36-7813-45a2-83bb-88b7291e4305,2026-06-03T23:56:23.813715+00:00,0b50556c-8e73-431b-9fbf-bfc53547ac5d,True,,56742,05594fd6-b378-4ced-be1f-66c7512bcc92,purchase_ticket,2026-06-03T23:56:23.813715+00:00,2026-06-03T17:56:24.695423+00:00
7fd36d36-7813-45a2-83bb-88b7291e4305,2026-06-03T23:56:23.813715+00:00,bd8826dc-85fd-4e49-bb4e-a69682a4eacd,True,,56743,15af6919-aa59-44f6-981a-322a58c0c2f6,purchase_ticket,2026-06-03T23:56:23.813715+00:00,2026-06-03T17:56:24.695423+00:00
7fd36d36-7813-45a2-83bb-88b7291e4305,2026-06-03T23:56:23.813715+00:00,dd3185cf-c82a-4e82-a3c3-6d4063cabd36,True,,56744,d52ca7ef-b47b-4928-8743-1aa1f00cb663,purchase_ticket,2026-06-03T23:56:23.813715+00:00,2026-06-03T17:56:24.695423+00:00
7fd36d36-7813-45a2-83bb-88b7291e4305,2026-06-03T23:56:23.813715+00:00,e2373fa2-72f8-4ccd-bea2-95ac03383f8c,True,,56745,1cc585dc-38c9-4df2-9239-33c05825d8f5,purchase_ticket,2026-06-03T23:56:23.813715+00:00,2026-06-03T17:56:24.695423+00:00
7fd36d36-7813-45a2-83bb-88b7291e4305,2026-06-03T23:56:23.813715+00:00,421c6f85-5a7d-4331-ab4d-0ac861961751,True,,56746,2ee6f05f-a78d-4582-a680-746dd719cb3b,purchase_ticket,2026-06-03T23:56:23.813715+00:00,2026-06-03T17:56:24.695423+00:00
7fd36d36-7813-45a2-83bb-88b7291e4305,2026-06-03T23:56:23.813715+00:00,986f7318-e451-4757-8f10-0408893dcdee,True,,56747,53f0abdc-087f-4493-9a17-021a4f409bc0,purchase_ticket,2026-06-03T23:56:23.813715+00:00,2026-06-03T17:56:24.695423+00:00
7fd36d36-7813-45a2-83bb-88b7291e4305,2026-06-03T23:56:23.813715+00:00,68170a2b-a2ba-46a5-9c17-09e23753b789,True,,56748,c0986ad3-b98d-4a86-b3d3-0596b306e787,purchase_ticket,2026-06-03T23:56:23.813715+00:00,2026-06-03T17:56:24.695423+00:00
7fd36d36-7813-45a2-83bb-88b7291e4305,2026-06-03T23:56:23.813715+00:00,322c32fc-330e-452b-8ad9-efbf75b2b6b8,True,,56749,6242d67c-58b7-46ce-9c31-62833e45d5a9,purchase_ticket,2026-06-03T23:56:23.813715+00:00,2026-06-03T17:56:24.695423+00:00
7fd36d36-7813-45a2-83bb-88b7291e4305,2026-06-03T23:56:23.813715+00:00,522a22d6-6ec8-48fa-81f2-bced22a371a0,True,,56750,740b5f76-c538-4a32-afa6-721bbb3e2b37,purchase_ticket,2026-06-03T23:56:23.813715+00:00,2026-06-03T17:56:24.695423+00:00
7fd36d36-7813-45a2-83bb-88b7291e4305,2026-06-03T23:56:23.813715+00:00,ada57e6e-7a78-4fe4-98e4-be42b7639fb9,True,,81398,3c99bd62-e907-4ec6-beed-a6d412c80009,purchase_ticket,2026-06-03T23:56:23.813715+00:00,2026-06-03T17:56:24.695423+00:00
7fd36d36-7813-45a2-83bb-88b7291e4305,2026-06-03T23:56:23.813715+00:00,8783529b-1ff3-4416-ad9f-d547e47b07ab,True,,81796,6cde2a04-53f5-47c1-9201-fbe9fb626e65,purchase_ticket,2026-06-03T23:56:23.813715+00:00,2026-06-03T17:56:24.695423+00:00
7fd36d36-7813-45a2-83bb-88b7291e4305,2026-06-03T23:56:23.813715+00:00,cd9daaee-da17-4229-9532-3840f47f7697,True,,81818,243042ee-add0-42a8-aa7e-0ed1f2e3a4d7,purchase_ticket,2026-06-03T23:56:23.813715+00:00,2026-06-03T17:56:24.695423+00:00
7fd36d36-7813-45a2-83bb-88b7291e4305,2026-06-03T23:56:23.813715+00:00,f8da5e9c-331b-4e8a-9e0d-da44d91b78c1,True,,81832,c56c59c3-edf5-415c-8f1e-dd692447a32a,purchase_ticket,2026-06-03T23:56:23.813715+00:00,2026-06-03T17:56:24.695423+00:00
7fd36d36-7813-45a2-83bb-88b7291e4305,2026-06-03T23:56:23.813715+00:00,587888ff-2577-463f-a482-a93c5d9381ac,True,,81835,d81b38bc-e469-49ac-a4e4-436c391d7064,purchase_ticket,2026-06-03T23:56:23.813715+00:00,2026-06-03T17:56:24.695423+00:00
7fd36d36-7813-45a2-83bb-88b7291e4305,2026-06-03T23:56:23.813715+00:00,39aa9c5c-a1ff-42c6-ba1d-2138f29c2401,True,,81836,a74b46c3-74aa-451b-90c0-4270188ce436,purchase_ticket,2026-06-03T23:56:23.813715+00:00,2026-06-03T17:56:24.695423+00:00
7fd36d36-7813-45a2-83bb-88b7291e4305,2026-06-03T23:56:23.813715+00:00,5d7e1c69-3dfa-4388-b065-4a72ba972bf3,True,,81837,b3de850a-4fbb-4941-b1ed-9b58b1578626,purchase_ticket,2026-06-03T23:56:23.813715+00:00,2026-06-03T17:56:24.695423+00:00
7fd36d36-7813-45a2-83bb-88b7291e4305,2026-06-03T23:56:23.813715+00:00,82de73e2-7924-4771-9d99-da9d796317d8,True,,81838,543ba796-7dbb-4cf5-8c00-facef83cf6de,purchase_ticket,2026-06-03T23:56:23.813715+00:00,2026-06-03T17:56:24.695423+00:00
7fd36d36-7813-45a2-83bb-88b7291e4305,2026-06-03T23:56:23.813715+00:00,ca4fcabd-4675-4630-858b-2e30f5bb80a0,True,,81844,d762e680-89ac-437e-b098-7f99ece79bd2,purchase_ticket,2026-06-03T23:56:23.813715+00:00,2026-06-03T17:56:24.695423+00:00
7fd36d36-7813-45a2-83bb-88b7291e4305,2026-06-03T23:56:23.813715+00:00,059233cb-00f3-4258-95fa-0ddb2309938c,True,,81845,ba67cc74-49b0-4ac1-b98d-50f9f1c59782,purchase_ticket,2026-06-03T23:56:23.813715+00:00,2026-06-03T17:56:24.695423+00:00
7fd36d36-7813-45a2-83bb-88b7291e4305,2026-06-03T23:56:23.813715+00:00,496d27e7-29c8-4a83-8b85-95ac05eca576,True,,81848,822b9503-9d51-4fb6-be37-aba594edd765,purchase_ticket,2026-06-03T23:56:23.813715+00:00,2026-06-03T17:56:24.695423+00:00
7fd36d36-7813-45a2-83bb-88b7291e4305,2026-06-03T23:56:23.813715+00:00,1a8ea4d6-b61d-4adb-891f-ac029f796c65,True,,81849,b2ad54a6-de88-450c-b96d-f9db39c6f7d9,purchase_ticket,2026-06-03T23:56:23.813715+00:00,2026-06-03T17:56:24.695423+00:00
7fd36d36-7813-45a2-83bb-88b7291e4305,2026-06-03T23:56:23.813715+00:00,c249f80f-e652-4911-9801-ac3d04e201b8,True,,81853,950dc055-acb0-42ff-aa34-e338c0634218,purchase_ticket,2026-06-03T23:56:23.813715+00:00,2026-06-03T17:56:24.695423+00:00
7fd36d36-7813-45a2-83bb-88b7291e4305,2026-06-03T23:56:23.813715+00:00,1e3d1651-74cb-40ad-b6c5-e740efbac408,True,,81855,5f44cf34-df47-4127-8d3f-71f8d4876577,purchase_ticket,2026-06-03T23:56:23.813715+00:00,2026-06-03T17:56:24.695423+00:00
7fd36d36-7813-45a2-83bb-88b7291e4305,2026-06-03T23:56:23.813715+00:00,a61a9534-f22b-4349-be5b-1ad138c04b5c,True,,81856,15958941-f01b-4119-8ed7-7eac03ca9708,purchase_ticket,2026-06-03T23:56:23.813715+00:00,2026-06-03T17:56:24.695423+00:00
7fd36d36-7813-45a2-83bb-88b7291e4305,2026-06-03T23:56:23.813715+00:00,82c5af22-00cf-4c0f-b49d-eac77dcd75c6,True,,81862,366c2382-ea80-4ec2-8fee-91f058722a80,purchase_ticket,2026-06-03T23:56:23.813715+00:00,2026-06-03T17:56:24.695423+00:00
7fd36d36-7813-45a2-83bb-88b7291e4305,2026-06-03T23:56:23.813715+00:00,1bf2958e-f741-4126-aa7e-72727bf65a87,True,,81865,d91ed43a-176b-4caf-8b9e-94923eb8219f,purchase_ticket,2026-06-03T23:56:23.813715+00:00,2026-06-03T17:56:24.695423+00:00
fb340114-8fad-4c30-9b0d-15f8e8e953ff,2026-06-29T23:56:45.457948+00:00,d7b35921-e118-4b60-9c92-1746a798e8f2,True,,57323,72349bff-b1d6-4017-babe-a41da7ab2fa4,purchase_ticket,2026-06-29T23:56:45.457948+00:00,2026-06-29T17:56:45.776965+00:00
8b527da9-cfbf-48ee-bd0c-947b8816e334,2026-06-04T23:53:30.574816+00:00,2fb3c2e6-d090-4a8c-abaf-0fff7056f9bb,True,,18968,72515863-66d3-4827-84ff-559399bfda79,expense_voucher,2026-06-04T23:53:30.574816+00:00,2026-06-04T17:53:30.230484+00:00
8b527da9-cfbf-48ee-bd0c-947b8816e334,2026-06-04T23:53:30.574816+00:00,0617e394-fd5d-4ccb-939c-08bc083df384,True,,18969,bbcae2e3-1ab0-43e7-a6e1-50dd5a5449a6,expense_voucher,2026-06-04T23:53:30.574816+00:00,2026-06-04T17:53:30.230484+00:00
8b527da9-cfbf-48ee-bd0c-947b8816e334,2026-06-04T23:53:30.574816+00:00,55fd8f9f-2a67-4eac-b7af-7fb1dcb560ee,True,,18970,84d19b86-9fed-4383-8e9c-240217fa38ea,expense_voucher,2026-06-04T23:53:30.574816+00:00,2026-06-04T17:53:30.230484+00:00
8b527da9-cfbf-48ee-bd0c-947b8816e334,2026-06-04T23:53:30.574816+00:00,fa9179e6-a961-45b6-8c31-f45482339055,True,,18971,a1412523-efb8-4aea-86d0-38c3cfbc9f72,expense_voucher,2026-06-04T23:53:30.574816+00:00,2026-06-04T17:53:30.230484+00:00
8b527da9-cfbf-48ee-bd0c-947b8816e334,2026-06-04T23:53:30.574816+00:00,af86e539-8a16-4b54-85b6-0cb7b9034b23,True,,18972,017591ed-2d19-41bf-adac-63f60cc5506c,expense_voucher,2026-06-04T23:53:30.574816+00:00,2026-06-04T17:53:30.230484+00:00
8b527da9-cfbf-48ee-bd0c-947b8816e334,2026-06-04T23:53:30.574816+00:00,baf5f592-7be5-40be-b2cd-44e54c11167c,True,,18973,dffc37c9-c778-4780-ade9-c013e8567abb,expense_voucher,2026-06-04T23:53:30.574816+00:00,2026-06-04T17:53:30.230484+00:00
8b527da9-cfbf-48ee-bd0c-947b8816e334,2026-06-04T23:53:30.574816+00:00,e2117922-5685-4dd9-9e4c-d86161b709c7,True,,18974,a3874cd3-6660-4870-96fc-19bbc47e0716,expense_voucher,2026-06-04T23:53:30.574816+00:00,2026-06-04T17:53:30.230484+00:00
8b527da9-cfbf-48ee-bd0c-947b8816e334,2026-06-04T23:53:30.574816+00:00,532ccf83-a1f7-40b8-8278-b6ed75235d27,True,,18975,0837c8ac-86b9-4f65-b4b7-b9c432b4b734,expense_voucher,2026-06-04T23:53:30.574816+00:00,2026-06-04T17:53:30.230484+00:00
8b527da9-cfbf-48ee-bd0c-947b8816e334,2026-06-04T23:53:30.574816+00:00,7c1d46ea-92aa-412d-a3f3-1f0db844b384,True,,18976,31e3694b-6f17-4b61-8e6e-43f216da3b73,expense_voucher,2026-06-04T23:53:30.574816+00:00,2026-06-04T17:53:30.230484+00:00
8b527da9-cfbf-48ee-bd0c-947b8816e334,2026-06-04T23:53:30.574816+00:00,4ae67105-1b16-425a-b247-cf7e39b097e6,True,,18977,9690de24-abcf-41a4-a079-08ee3ef4c9f1,expense_voucher,2026-06-04T23:53:30.574816+00:00,2026-06-04T17:53:30.230484+00:00
fb340114-8fad-4c30-9b0d-15f8e8e953ff,2026-06-29T23:56:45.457948+00:00,d81a16ed-78c1-4725-81d5-8c108e550649,True,,81454,a2741c39-f232-48d0-8713-092e24132952,purchase_ticket,2026-06-29T23:56:45.457948+00:00,2026-06-29T17:56:45.777961+00:00
8b527da9-cfbf-48ee-bd0c-947b8816e334,2026-06-04T23:53:30.574816+00:00,5ae1b517-6162-4d1b-87fe-5d39bf32cc48,True,,18979,dc4b65c8-c0cb-455d-b54e-c3b110fdc969,expense_voucher,2026-06-04T23:53:30.574816+00:00,2026-06-04T17:53:30.230484+00:00
8b527da9-cfbf-48ee-bd0c-947b8816e334,2026-06-04T23:53:30.574816+00:00,03c561ec-914c-4945-8ef1-b8fcf972d0f1,True,,18980,3cdc6a6e-7ebe-4b71-81bc-7f709801a83a,expense_voucher,2026-06-04T23:53:30.574816+00:00,2026-06-04T17:53:30.230484+00:00
8b527da9-cfbf-48ee-bd0c-947b8816e334,2026-06-04T23:53:30.574816+00:00,b5ba5c20-35ca-4087-bfb1-19142a0df603,True,,18981,d2207091-e234-4b94-8400-8f49db76739b,expense_voucher,2026-06-04T23:53:30.574816+00:00,2026-06-04T17:53:30.230484+00:00
8b527da9-cfbf-48ee-bd0c-947b8816e334,2026-06-04T23:53:30.574816+00:00,8b27d7f7-ed51-43d9-998b-d834da0ae8c0,True,,18982,be0dcfe0-b032-45e1-b7f1-5e7e6ead5bf5,expense_voucher,2026-06-04T23:53:30.574816+00:00,2026-06-04T17:53:30.230484+00:00
8b527da9-cfbf-48ee-bd0c-947b8816e334,2026-06-04T23:53:30.574816+00:00,00dcaccc-168f-4942-8d32-faa91b3092e7,True,,289,7d871f02-cd72-40f8-aae0-f02dd8fc62bf,deposit_voucher,2026-06-04T23:53:30.574816+00:00,2026-06-04T17:53:30.230484+00:00
8b527da9-cfbf-48ee-bd0c-947b8816e334,2026-06-04T23:53:30.574816+00:00,06436efd-d492-4402-a22c-0d0140ba3798,True,,290,d29cfeec-7c38-479c-8333-55452fbc1a00,deposit_voucher,2026-06-04T23:53:30.574816+00:00,2026-06-04T17:53:30.230484+00:00
8b527da9-cfbf-48ee-bd0c-947b8816e334,2026-06-04T23:53:30.574816+00:00,5cb812cb-1b3c-4d16-91be-cf358b4a149c,True,,0297,690daf60-b523-40cd-8a28-ba17b84212f8,sale_ticket,2026-06-04T23:53:30.574816+00:00,2026-06-04T17:53:30.230484+00:00
8b527da9-cfbf-48ee-bd0c-947b8816e334,2026-06-04T23:53:30.574816+00:00,1c6dbe07-ddcd-4454-8712-117efa7956c4,True,,12420,e16b9d5c-79c3-4b38-b8b4-7e36843c8815,sale_ticket,2026-06-04T23:53:30.574816+00:00,2026-06-04T17:53:30.230484+00:00
8b527da9-cfbf-48ee-bd0c-947b8816e334,2026-06-04T23:53:30.574816+00:00,33fb83be-fa34-44cc-849e-bf55e1685246,True,,56751,8083deaf-9867-45fa-91c8-6dae1705c913,purchase_ticket,2026-06-04T23:53:30.574816+00:00,2026-06-04T17:53:30.230484+00:00
8b527da9-cfbf-48ee-bd0c-947b8816e334,2026-06-04T23:53:30.574816+00:00,91362dcb-3da4-4b1a-a32e-ad33f6acdc8a,True,,56752,3070aaf1-0e66-4c82-961e-f697ae6c6311,purchase_ticket,2026-06-04T23:53:30.574816+00:00,2026-06-04T17:53:30.230484+00:00
8b527da9-cfbf-48ee-bd0c-947b8816e334,2026-06-04T23:53:30.574816+00:00,6ea6ac1a-844e-4d1b-b55d-2fe6fa721812,True,,56753,51cf8141-a7be-4ca2-8bd6-be5d1f786ba1,purchase_ticket,2026-06-04T23:53:30.574816+00:00,2026-06-04T17:53:30.230484+00:00
8b527da9-cfbf-48ee-bd0c-947b8816e334,2026-06-04T23:53:30.574816+00:00,6ce259d8-9ac3-43a9-95ef-29fb896be218,True,,56754,4e20508e-afd6-43c4-ad04-4df7b5c154e2,purchase_ticket,2026-06-04T23:53:30.574816+00:00,2026-06-04T17:53:30.230484+00:00
8b527da9-cfbf-48ee-bd0c-947b8816e334,2026-06-04T23:53:30.574816+00:00,71453a9d-23c7-40cc-b58f-18cc7e7f26be,True,,56755,44f3c484-7056-4e02-a303-8321a6c9ef70,purchase_ticket,2026-06-04T23:53:30.574816+00:00,2026-06-04T17:53:30.230484+00:00
8b527da9-cfbf-48ee-bd0c-947b8816e334,2026-06-04T23:53:30.574816+00:00,8f6aa40d-20ec-40f5-907c-fc6c6bc94660,True,,56756,65339f6f-42f3-4b17-9ff4-7a8f1961e9e2,purchase_ticket,2026-06-04T23:53:30.574816+00:00,2026-06-04T17:53:30.230484+00:00
8b527da9-cfbf-48ee-bd0c-947b8816e334,2026-06-04T23:53:30.574816+00:00,d22bcc4b-bc5b-4208-afee-90c0ad970b0a,True,,56757,4b73727d-ee27-4f0b-8aec-76d3549fee6a,purchase_ticket,2026-06-04T23:53:30.574816+00:00,2026-06-04T17:53:30.230484+00:00
8b527da9-cfbf-48ee-bd0c-947b8816e334,2026-06-04T23:53:30.574816+00:00,2dc97444-e515-478f-aea5-f0f5fc593e70,True,,56759,06c3df88-c71d-4c37-a06c-56a10ad41047,purchase_ticket,2026-06-04T23:53:30.574816+00:00,2026-06-04T17:53:30.230484+00:00
8b527da9-cfbf-48ee-bd0c-947b8816e334,2026-06-04T23:53:30.574816+00:00,e66184df-cc19-4a40-a4b8-59661d9a0d11,True,,56760,0db79be8-b0b0-4152-bf3a-754057f3923c,purchase_ticket,2026-06-04T23:53:30.574816+00:00,2026-06-04T17:53:30.230484+00:00
8b527da9-cfbf-48ee-bd0c-947b8816e334,2026-06-04T23:53:30.574816+00:00,fcd1a2a2-17e9-47e9-a5c1-e14f2ae86a2b,True,,56761,9d8bc4d4-84ab-4c43-8d7a-2295a20da465,purchase_ticket,2026-06-04T23:53:30.574816+00:00,2026-06-04T17:53:30.230484+00:00
8b527da9-cfbf-48ee-bd0c-947b8816e334,2026-06-04T23:53:30.574816+00:00,a7abb29b-2077-4cf2-bef2-db5e3f2c1d65,True,,56762,c4c75d51-071f-4041-8987-83aa3c519b01,purchase_ticket,2026-06-04T23:53:30.574816+00:00,2026-06-04T17:53:30.230484+00:00
8b527da9-cfbf-48ee-bd0c-947b8816e334,2026-06-04T23:53:30.574816+00:00,bf05a664-86f2-49f4-bdae-9f4a95df1be2,True,,56763,20fc0834-ad7c-40e7-b767-65183fee7c62,purchase_ticket,2026-06-04T23:53:30.574816+00:00,2026-06-04T17:53:30.230484+00:00
8b527da9-cfbf-48ee-bd0c-947b8816e334,2026-06-04T23:53:30.574816+00:00,7d8a0028-613e-4c23-a6b4-8e7b1fb7a94e,True,,56764,fba7c6fc-8ae2-4f6e-a30c-d79141c4553c,purchase_ticket,2026-06-04T23:53:30.574816+00:00,2026-06-04T17:53:30.230484+00:00
8b527da9-cfbf-48ee-bd0c-947b8816e334,2026-06-04T23:53:30.574816+00:00,fe977011-0830-4acb-88eb-fbfedc23295e,True,,56765,ed7732b2-dbba-4b54-9494-42c610dc9008,purchase_ticket,2026-06-04T23:53:30.574816+00:00,2026-06-04T17:53:30.231487+00:00
8b527da9-cfbf-48ee-bd0c-947b8816e334,2026-06-04T23:53:30.574816+00:00,78f98fa0-e5d6-4f49-bf77-b6d5b5ab88e3,True,,56766,6af0886a-65ce-4983-aff2-d4aa3471e110,purchase_ticket,2026-06-04T23:53:30.574816+00:00,2026-06-04T17:53:30.231487+00:00
8b527da9-cfbf-48ee-bd0c-947b8816e334,2026-06-04T23:53:30.574816+00:00,325e4f1d-1ba5-45df-8df3-dd57e350cec0,True,,56767,45a2066a-c5e5-471d-853a-11b100989f11,purchase_ticket,2026-06-04T23:53:30.574816+00:00,2026-06-04T17:53:30.231487+00:00
8b527da9-cfbf-48ee-bd0c-947b8816e334,2026-06-04T23:53:30.574816+00:00,4aa3eb60-95ef-4f49-99af-c6f4e410321c,True,,56768,fe21ac1c-434a-4d59-80a8-92b0247d8d7b,purchase_ticket,2026-06-04T23:53:30.574816+00:00,2026-06-04T17:53:30.231487+00:00
8b527da9-cfbf-48ee-bd0c-947b8816e334,2026-06-04T23:53:30.574816+00:00,9e840180-8894-416f-9999-55d63c477032,True,,56769,bb3fd72e-3c53-4946-a17b-0963ed21d45d,purchase_ticket,2026-06-04T23:53:30.574816+00:00,2026-06-04T17:53:30.231487+00:00
8b527da9-cfbf-48ee-bd0c-947b8816e334,2026-06-04T23:53:30.574816+00:00,df6b8fdd-6e72-4ac4-aba2-157a98fe91f5,True,,56770,108f1bfc-9c44-40cf-bb7c-77aaba923ae3,purchase_ticket,2026-06-04T23:53:30.574816+00:00,2026-06-04T17:53:30.231487+00:00
8b527da9-cfbf-48ee-bd0c-947b8816e334,2026-06-04T23:53:30.574816+00:00,4b20ddab-ed5e-4f10-904b-761f5040431c,True,,56771,12bc8a0b-d0af-48c2-a3b5-9bbbe4536ced,purchase_ticket,2026-06-04T23:53:30.574816+00:00,2026-06-04T17:53:30.231487+00:00
8b527da9-cfbf-48ee-bd0c-947b8816e334,2026-06-04T23:53:30.574816+00:00,25b0d500-612f-4fb0-99e0-9710aea90850,True,,81797,ff4b568f-4742-49b8-8207-44b5b1fd29b6,purchase_ticket,2026-06-04T23:53:30.574816+00:00,2026-06-04T17:53:30.231487+00:00
8b527da9-cfbf-48ee-bd0c-947b8816e334,2026-06-04T23:53:30.574816+00:00,6b54a1b9-c892-49c1-9343-d9cdc4213744,True,,81826,3aa120fd-aefb-4b11-8831-da811291c682,purchase_ticket,2026-06-04T23:53:30.574816+00:00,2026-06-04T17:53:30.231487+00:00
8b527da9-cfbf-48ee-bd0c-947b8816e334,2026-06-04T23:53:30.574816+00:00,8b7bf3ed-fb43-4a91-932e-7beba7a60615,True,,81864,d06b4891-f4e6-4869-a657-e5418b984ae2,purchase_ticket,2026-06-04T23:53:30.574816+00:00,2026-06-04T17:53:30.231487+00:00
8b527da9-cfbf-48ee-bd0c-947b8816e334,2026-06-04T23:53:30.574816+00:00,1ba35ca4-123b-4cab-ba8b-866c903d6c96,True,,81873,371ea73b-dacb-44a3-a00c-f8407c9aec45,purchase_ticket,2026-06-04T23:53:30.574816+00:00,2026-06-04T17:53:30.231487+00:00
8b527da9-cfbf-48ee-bd0c-947b8816e334,2026-06-04T23:53:30.574816+00:00,71533bf9-97fd-4dfa-932c-ce3d59f52372,True,,81875,9fde8347-e704-447a-8144-22d2b3ad6bab,purchase_ticket,2026-06-04T23:53:30.574816+00:00,2026-06-04T17:53:30.231487+00:00
8b527da9-cfbf-48ee-bd0c-947b8816e334,2026-06-04T23:53:30.574816+00:00,588435b7-2e79-4b2b-95c2-12a4693027e7,True,,81878,1d50b548-60c9-45ed-9bd7-d4d8cdd82606,purchase_ticket,2026-06-04T23:53:30.574816+00:00,2026-06-04T17:53:30.231487+00:00
8b527da9-cfbf-48ee-bd0c-947b8816e334,2026-06-04T23:53:30.574816+00:00,467ac7aa-80f2-4bea-bdc0-9505d5f4454f,True,,81879,4145fb1f-ec58-488e-a173-9a0a3425b722,purchase_ticket,2026-06-04T23:53:30.574816+00:00,2026-06-04T17:53:30.231487+00:00
8b527da9-cfbf-48ee-bd0c-947b8816e334,2026-06-04T23:53:30.574816+00:00,998b62cb-7c5b-463b-9ff5-fefba1549cc7,True,,81881,9c840e6a-2f3f-45f4-9efc-756cbaf096ce,purchase_ticket,2026-06-04T23:53:30.574816+00:00,2026-06-04T17:53:30.231487+00:00
8b527da9-cfbf-48ee-bd0c-947b8816e334,2026-06-04T23:53:30.574816+00:00,002fe8b5-ffdf-4423-970c-2dcfe5872133,True,,81884,ecae74bc-29d2-44ea-8e7e-f56009843328,purchase_ticket,2026-06-04T23:53:30.574816+00:00,2026-06-04T17:53:30.231487+00:00
8b527da9-cfbf-48ee-bd0c-947b8816e334,2026-06-04T23:53:30.574816+00:00,a5457025-2c38-45e9-806f-61cde0179537,True,,81885,a972d524-49ad-4224-9d3d-2a4b2c1d7911,purchase_ticket,2026-06-04T23:53:30.574816+00:00,2026-06-04T17:53:30.231487+00:00
8b527da9-cfbf-48ee-bd0c-947b8816e334,2026-06-04T23:53:30.574816+00:00,a79cf371-19ba-436e-b462-7ae046efbcae,True,,81889,8e9276ce-3244-4c3e-b13b-ae3fb207a147,purchase_ticket,2026-06-04T23:53:30.574816+00:00,2026-06-04T17:53:30.231487+00:00
8b527da9-cfbf-48ee-bd0c-947b8816e334,2026-06-04T23:53:30.574816+00:00,a73cf1b8-8c02-412e-902f-d7e2ce1ae1dc,True,,81891,633a4bbd-3ce3-4e1d-b6c1-0b09b6fff981,purchase_ticket,2026-06-04T23:53:30.574816+00:00,2026-06-04T17:53:30.231487+00:00
8b527da9-cfbf-48ee-bd0c-947b8816e334,2026-06-04T23:53:30.574816+00:00,435254be-a68c-49ca-898d-ddb5436e24ee,True,,81895,69dfe80a-41c8-4fec-b7c2-a717f69752f4,purchase_ticket,2026-06-04T23:53:30.574816+00:00,2026-06-04T17:53:30.231487+00:00
8b527da9-cfbf-48ee-bd0c-947b8816e334,2026-06-04T23:53:30.574816+00:00,4cee6341-0cd6-4e68-a786-6d62026a7be3,True,,81896,68356b77-a1fa-4ce4-a1b9-e3bbf9d4cc85,purchase_ticket,2026-06-04T23:53:30.574816+00:00,2026-06-04T17:53:30.231487+00:00
8b527da9-cfbf-48ee-bd0c-947b8816e334,2026-06-04T23:53:30.574816+00:00,ef0002ce-68d0-437c-8b8d-b303635ff869,True,,81897,c007cdda-97a9-4310-a46c-0e5699a2b385,purchase_ticket,2026-06-04T23:53:30.574816+00:00,2026-06-04T17:53:30.231487+00:00
8b527da9-cfbf-48ee-bd0c-947b8816e334,2026-06-04T23:53:30.574816+00:00,9a71ee03-a2a9-477b-8c31-0a3f468337e6,True,,81898-A,d581ec28-7add-4ed1-b664-aa51e20c5348,purchase_ticket,2026-06-04T23:53:30.574816+00:00,2026-06-04T17:53:30.231487+00:00
8b527da9-cfbf-48ee-bd0c-947b8816e334,2026-06-04T23:53:30.574816+00:00,b702227a-04aa-40f3-9f7d-5c4d47e03be2,True,,81898-B,3bd2c790-6d8d-4fff-9a9f-9d97b53d4a5a,purchase_ticket,2026-06-04T23:53:30.574816+00:00,2026-06-04T17:53:30.231487+00:00
4cf4f2f7-c950-4be9-88f7-1980b67fb144,2026-06-05T23:56:18.199062+00:00,e4ffca40-ec04-4880-9a5a-1898b55bb84c,True,,18978,8db8a02b-2aec-4862-ac6f-c99621335a8e,expense_voucher,2026-06-05T23:56:18.199062+00:00,2026-06-05T17:56:19.06586+00:00
4cf4f2f7-c950-4be9-88f7-1980b67fb144,2026-06-05T23:56:18.199062+00:00,b2b00742-4ba5-442c-a824-66103faa3c33,True,,18983,67a7b2a6-ae22-4571-a101-d4c219c4e23d,expense_voucher,2026-06-05T23:56:18.199062+00:00,2026-06-05T17:56:19.06586+00:00
4cf4f2f7-c950-4be9-88f7-1980b67fb144,2026-06-05T23:56:18.199062+00:00,c4a03a7a-47ef-4862-9945-c605ab1c9daf,True,,18984,dad73f1f-2c3e-4a6b-bf8c-a0c30e6156ff,expense_voucher,2026-06-05T23:56:18.199062+00:00,2026-06-05T17:56:19.06586+00:00
4cf4f2f7-c950-4be9-88f7-1980b67fb144,2026-06-05T23:56:18.199062+00:00,29139e8e-08c7-4146-a029-71715d450400,True,,18985,1c07e3ba-77b8-4a89-893a-58dd834ec553,expense_voucher,2026-06-05T23:56:18.199062+00:00,2026-06-05T17:56:19.06586+00:00
4cf4f2f7-c950-4be9-88f7-1980b67fb144,2026-06-05T23:56:18.199062+00:00,951e1691-5e17-480d-8b7f-4f6bb01c9465,True,,18986,d070ff39-9181-4182-8799-3c24286468de,expense_voucher,2026-06-05T23:56:18.199062+00:00,2026-06-05T17:56:19.06586+00:00
4cf4f2f7-c950-4be9-88f7-1980b67fb144,2026-06-05T23:56:18.199062+00:00,4ebb43b8-f7da-4e7a-b554-882aec669f67,True,,18987,c01a374b-e3c2-417c-ae0b-7df64f06ef8a,expense_voucher,2026-06-05T23:56:18.199062+00:00,2026-06-05T17:56:19.06586+00:00
4cf4f2f7-c950-4be9-88f7-1980b67fb144,2026-06-05T23:56:18.199062+00:00,b74d12c6-aef4-4fc7-ad45-b9b791ad8951,True,,18988,4eece218-4781-4e41-acd0-9c5569b8166c,expense_voucher,2026-06-05T23:56:18.199062+00:00,2026-06-05T17:56:19.06586+00:00
4cf4f2f7-c950-4be9-88f7-1980b67fb144,2026-06-05T23:56:18.199062+00:00,6c66f297-aa8c-4385-8913-3101ac21c0de,True,,18989,93d980cb-dde2-4a7a-a6b3-c6a4a3d8b7e0,expense_voucher,2026-06-05T23:56:18.199062+00:00,2026-06-05T17:56:19.06586+00:00
4cf4f2f7-c950-4be9-88f7-1980b67fb144,2026-06-05T23:56:18.199062+00:00,da93c225-4f23-44cd-bff6-9ad846e13051,True,,18990,a37d4ab9-7417-4df6-b863-03daab419ef2,expense_voucher,2026-06-05T23:56:18.199062+00:00,2026-06-05T17:56:19.06586+00:00
4cf4f2f7-c950-4be9-88f7-1980b67fb144,2026-06-05T23:56:18.199062+00:00,c96a09cb-7799-45f4-baad-df563d9a9a63,True,,18991,b7327d68-b932-48c6-aac0-9e69fe9b04a1,expense_voucher,2026-06-05T23:56:18.199062+00:00,2026-06-05T17:56:19.06586+00:00
4cf4f2f7-c950-4be9-88f7-1980b67fb144,2026-06-05T23:56:18.199062+00:00,76296884-6b1b-4656-a397-553392e3928c,True,,18992,4bb5d574-7e17-4b4d-81ef-472404ffc541,expense_voucher,2026-06-05T23:56:18.199062+00:00,2026-06-05T17:56:19.06586+00:00
4cf4f2f7-c950-4be9-88f7-1980b67fb144,2026-06-05T23:56:18.199062+00:00,f0f92be5-aa77-4593-868a-b4195167dab4,True,,18993,97189a0c-f2a5-4c2d-a55a-7d8be3b93361,expense_voucher,2026-06-05T23:56:18.199062+00:00,2026-06-05T17:56:19.06586+00:00
4cf4f2f7-c950-4be9-88f7-1980b67fb144,2026-06-05T23:56:18.199062+00:00,4d3924d7-b623-4b22-afd6-ba09516a9c90,True,,18994,00bd2ddf-03e5-4689-a9bb-81dd7f49f75e,expense_voucher,2026-06-05T23:56:18.199062+00:00,2026-06-05T17:56:19.06586+00:00
4cf4f2f7-c950-4be9-88f7-1980b67fb144,2026-06-05T23:56:18.199062+00:00,199a96d4-a849-478c-bfc5-96f00a53b39e,True,,18995,26685d29-0e05-4c50-b556-c4d54f4ce72d,expense_voucher,2026-06-05T23:56:18.199062+00:00,2026-06-05T17:56:19.06586+00:00
4cf4f2f7-c950-4be9-88f7-1980b67fb144,2026-06-05T23:56:18.199062+00:00,178443be-a9ab-40e1-9560-d2fc62a0dd9c,True,,18996,d9ebf950-e4d9-4c16-a92f-8e01e1edabc3,expense_voucher,2026-06-05T23:56:18.199062+00:00,2026-06-05T17:56:19.06586+00:00
4cf4f2f7-c950-4be9-88f7-1980b67fb144,2026-06-05T23:56:18.199062+00:00,b70972cc-c48a-488c-a9cc-37bdb7381e15,True,,18997,43680ba0-d3dd-432c-8a65-3837257d4994,expense_voucher,2026-06-05T23:56:18.199062+00:00,2026-06-05T17:56:19.06586+00:00
4cf4f2f7-c950-4be9-88f7-1980b67fb144,2026-06-05T23:56:18.199062+00:00,9a607f5e-e229-41c7-a6df-02a8e5cfbdd9,True,,18998,a160a511-561e-4bc4-94fd-40972837bf2c,expense_voucher,2026-06-05T23:56:18.199062+00:00,2026-06-05T17:56:19.06586+00:00
4cf4f2f7-c950-4be9-88f7-1980b67fb144,2026-06-05T23:56:18.199062+00:00,d7652e42-8670-4fe2-b055-f38dd9b5f5fc,True,,18999,c2f0cc74-d24d-4fed-91ca-4d8251bc8e3c,expense_voucher,2026-06-05T23:56:18.199062+00:00,2026-06-05T17:56:19.06586+00:00
4cf4f2f7-c950-4be9-88f7-1980b67fb144,2026-06-05T23:56:18.199062+00:00,9935e67b-47be-41b3-8c27-87580023c86f,True,,19000,dc1a38d7-8245-4538-817d-4ab9f84a29ee,expense_voucher,2026-06-05T23:56:18.199062+00:00,2026-06-05T17:56:19.06586+00:00
4cf4f2f7-c950-4be9-88f7-1980b67fb144,2026-06-05T23:56:18.199062+00:00,e85ed8bb-e927-4a7a-ad72-d540e6d4ddad,True,,19001,f7727b11-61a2-45c4-826f-8910c9b9d9b3,expense_voucher,2026-06-05T23:56:18.199062+00:00,2026-06-05T17:56:19.06586+00:00
4cf4f2f7-c950-4be9-88f7-1980b67fb144,2026-06-05T23:56:18.199062+00:00,46d4390b-3bb7-4abe-8c07-fa2c03862b4e,True,,19002,ffa1b235-63cb-49c5-b006-1cb520f6a3fc,expense_voucher,2026-06-05T23:56:18.199062+00:00,2026-06-05T17:56:19.06586+00:00
4cf4f2f7-c950-4be9-88f7-1980b67fb144,2026-06-05T23:56:18.199062+00:00,85a33d4c-2158-4c9a-a711-bfa3f1aab72d,True,,19003,116c5419-0bb8-448f-ab90-d1a193d34da7,expense_voucher,2026-06-05T23:56:18.199062+00:00,2026-06-05T17:56:19.06586+00:00
4cf4f2f7-c950-4be9-88f7-1980b67fb144,2026-06-05T23:56:18.199062+00:00,7a18f24d-bd0f-4eaa-98f6-b55146511b53,True,,19004,8f00e685-b378-406c-8df1-94c0c2b6db0b,expense_voucher,2026-06-05T23:56:18.199062+00:00,2026-06-05T17:56:19.06586+00:00
4cf4f2f7-c950-4be9-88f7-1980b67fb144,2026-06-05T23:56:18.199062+00:00,e5fead74-28ab-488a-a0db-ba45675e04b8,True,,07,99feabb6-9326-426c-a58b-3b1e40260a79,deposit_voucher,2026-06-05T23:56:18.199062+00:00,2026-06-05T17:56:19.06586+00:00
4cf4f2f7-c950-4be9-88f7-1980b67fb144,2026-06-05T23:56:18.199062+00:00,7e923b2a-3ff3-4c8f-a22b-4bba333461e1,True,,291,ef167e18-7499-445a-9500-24a16be55eb7,deposit_voucher,2026-06-05T23:56:18.199062+00:00,2026-06-05T17:56:19.06586+00:00
4cf4f2f7-c950-4be9-88f7-1980b67fb144,2026-06-05T23:56:18.199062+00:00,82725c03-755d-416e-bbe2-ed94f42f9968,True,,292,48b0d689-db97-469d-84fa-aaf63f31acc4,deposit_voucher,2026-06-05T23:56:18.199062+00:00,2026-06-05T17:56:19.06586+00:00
4cf4f2f7-c950-4be9-88f7-1980b67fb144,2026-06-05T23:56:18.199062+00:00,836367a2-57bf-4d26-9fd6-61ccb4233c66,True,,293,f1c3280b-4cbd-4e43-90fe-3a2ce63122cc,deposit_voucher,2026-06-05T23:56:18.199062+00:00,2026-06-05T17:56:19.06586+00:00
4cf4f2f7-c950-4be9-88f7-1980b67fb144,2026-06-05T23:56:18.199062+00:00,75dd1167-18c6-46ea-9e28-70cdcc260e69,True,,289,c76ff209-5be7-416c-a85b-310feee72a2c,sale_ticket,2026-06-05T23:56:18.199062+00:00,2026-06-05T17:56:19.06586+00:00
4cf4f2f7-c950-4be9-88f7-1980b67fb144,2026-06-05T23:56:18.199062+00:00,15903703-2a9d-4b49-b0d7-60f55a4a2ff3,True,,302,7379122c-d556-4e8f-b97f-4d0249520e46,sale_ticket,2026-06-05T23:56:18.199062+00:00,2026-06-05T17:56:19.06586+00:00
4cf4f2f7-c950-4be9-88f7-1980b67fb144,2026-06-05T23:56:18.199062+00:00,6a3d994b-8f36-4544-8a48-1d4595301656,True,,303,97580f79-c339-4e22-be14-af98021555b9,sale_ticket,2026-06-05T23:56:18.199062+00:00,2026-06-05T17:56:19.06586+00:00
4cf4f2f7-c950-4be9-88f7-1980b67fb144,2026-06-05T23:56:18.199062+00:00,1d5f5ce4-4701-41f3-a434-a43aaf3c1f48,True,,56774,299b85d9-415a-4182-9e0c-43d84bc8db99,purchase_ticket,2026-06-05T23:56:18.199062+00:00,2026-06-05T17:56:19.06586+00:00
4cf4f2f7-c950-4be9-88f7-1980b67fb144,2026-06-05T23:56:18.199062+00:00,9c312964-ffc3-476b-9198-1d99b4df54f4,True,,56775,2c236b78-59d3-4182-867c-21b78fd77a01,purchase_ticket,2026-06-05T23:56:18.199062+00:00,2026-06-05T17:56:19.06586+00:00
4cf4f2f7-c950-4be9-88f7-1980b67fb144,2026-06-05T23:56:18.199062+00:00,ac1db3ce-e38d-4af3-b101-25a90971b1b0,True,,56776,9383344b-2585-4299-90ee-3d8b49b98a74,purchase_ticket,2026-06-05T23:56:18.199062+00:00,2026-06-05T17:56:19.066862+00:00
4cf4f2f7-c950-4be9-88f7-1980b67fb144,2026-06-05T23:56:18.199062+00:00,d55acd77-94ce-4be3-9ed4-76a930c9de47,True,,56777,8b752e6b-77e2-4afd-93bb-c895f1adc95f,purchase_ticket,2026-06-05T23:56:18.199062+00:00,2026-06-05T17:56:19.066862+00:00
4cf4f2f7-c950-4be9-88f7-1980b67fb144,2026-06-05T23:56:18.199062+00:00,89ef8dbf-2670-47c8-b8fa-4c795d715652,True,,56779,77c8bd0b-4f66-49c7-b54a-e4cfe3d50d5e,purchase_ticket,2026-06-05T23:56:18.199062+00:00,2026-06-05T17:56:19.066862+00:00
4cf4f2f7-c950-4be9-88f7-1980b67fb144,2026-06-05T23:56:18.199062+00:00,be1e705c-a4bd-45b2-bb25-9cf22e5d64cb,True,,56780,74c3b5e6-563d-42aa-9c3e-3cd0a997e70a,purchase_ticket,2026-06-05T23:56:18.199062+00:00,2026-06-05T17:56:19.066862+00:00
4cf4f2f7-c950-4be9-88f7-1980b67fb144,2026-06-05T23:56:18.199062+00:00,3d112c4c-d837-4939-8896-4c843b5e5243,True,,56781,1b102880-73a4-4557-9a60-ff287ed13881,purchase_ticket,2026-06-05T23:56:18.199062+00:00,2026-06-05T17:56:19.066862+00:00
4cf4f2f7-c950-4be9-88f7-1980b67fb144,2026-06-05T23:56:18.199062+00:00,52e8c5f0-3b09-4899-8a8b-5bd0386855de,True,,56782,64f20f09-c66a-4ffc-a36a-0e71577553dd,purchase_ticket,2026-06-05T23:56:18.199062+00:00,2026-06-05T17:56:19.066862+00:00
4cf4f2f7-c950-4be9-88f7-1980b67fb144,2026-06-05T23:56:18.199062+00:00,5a91597e-2c8d-4a9e-8d7a-ae2bca980934,True,,56783,365c396f-a1fc-4c57-ba7c-60d2dda037ae,purchase_ticket,2026-06-05T23:56:18.199062+00:00,2026-06-05T17:56:19.066862+00:00
4cf4f2f7-c950-4be9-88f7-1980b67fb144,2026-06-05T23:56:18.199062+00:00,3fd83115-5de8-44b4-9201-c85c95c12fc1,True,,56784,648c86c9-f9f7-40d1-b4c4-ef67304094f3,purchase_ticket,2026-06-05T23:56:18.199062+00:00,2026-06-05T17:56:19.066862+00:00
4cf4f2f7-c950-4be9-88f7-1980b67fb144,2026-06-05T23:56:18.199062+00:00,285e518a-aaff-4bab-b033-60cb37e01d39,True,,56785,92375d24-cdd9-468a-aad9-559fe73c57ea,purchase_ticket,2026-06-05T23:56:18.199062+00:00,2026-06-05T17:56:19.066862+00:00
4cf4f2f7-c950-4be9-88f7-1980b67fb144,2026-06-05T23:56:18.199062+00:00,8d02246a-b599-48ec-90c3-1e3c07ed001a,True,,56786,6782b8ef-1b84-4786-8bae-9969a056b234,purchase_ticket,2026-06-05T23:56:18.199062+00:00,2026-06-05T17:56:19.066862+00:00
4cf4f2f7-c950-4be9-88f7-1980b67fb144,2026-06-05T23:56:18.199062+00:00,61056f69-7d10-4a80-b274-5343d326741c,True,,56787,d5f5f677-75d9-4be5-8e48-d7703a81c4fc,purchase_ticket,2026-06-05T23:56:18.199062+00:00,2026-06-05T17:56:19.066862+00:00
4cf4f2f7-c950-4be9-88f7-1980b67fb144,2026-06-05T23:56:18.199062+00:00,af0ea381-b67e-422e-8925-7e631a6c430b,True,,56788,5e5d2352-7c4b-4450-9734-f144f7daaab9,purchase_ticket,2026-06-05T23:56:18.199062+00:00,2026-06-05T17:56:19.066862+00:00
4cf4f2f7-c950-4be9-88f7-1980b67fb144,2026-06-05T23:56:18.199062+00:00,34a4046b-cc0a-47ef-8609-f837254fe618,True,,56789,f1b8adab-dff1-41d3-b796-482968230356,purchase_ticket,2026-06-05T23:56:18.199062+00:00,2026-06-05T17:56:19.066862+00:00
4cf4f2f7-c950-4be9-88f7-1980b67fb144,2026-06-05T23:56:18.199062+00:00,2eb966c8-9267-412d-beb6-d7e840c01249,True,,59805,4df7bc4d-bc24-48cd-aeb9-cb0f0ade5b3e,purchase_ticket,2026-06-05T23:56:18.199062+00:00,2026-06-05T17:56:19.066862+00:00
4cf4f2f7-c950-4be9-88f7-1980b67fb144,2026-06-05T23:56:18.199062+00:00,3242184a-640f-4786-9346-9ba355d684c4,True,,81649,9f4cba31-9330-405f-8c01-2a4fa5e2630f,purchase_ticket,2026-06-05T23:56:18.199062+00:00,2026-06-05T17:56:19.066862+00:00
4cf4f2f7-c950-4be9-88f7-1980b67fb144,2026-06-05T23:56:18.199062+00:00,72f5a502-c0a2-4713-94cc-59301e519009,True,,81828,98da94ba-b4f2-4310-a5b5-f5cd9b4fdb5f,purchase_ticket,2026-06-05T23:56:18.199062+00:00,2026-06-05T17:56:19.066862+00:00
4cf4f2f7-c950-4be9-88f7-1980b67fb144,2026-06-05T23:56:18.199062+00:00,5a1bee78-060d-48c5-b989-5caeaf728a83,True,,81852,9e747e58-3871-4e6d-a58b-3bb5de765730,purchase_ticket,2026-06-05T23:56:18.199062+00:00,2026-06-05T17:56:19.066862+00:00
4cf4f2f7-c950-4be9-88f7-1980b67fb144,2026-06-05T23:56:18.199062+00:00,f9f1e8a2-e293-4c09-93a3-9a2aa7f538be,True,,81955,7fee9e49-932b-4468-ac2c-530e3d601e23,purchase_ticket,2026-06-05T23:56:18.199062+00:00,2026-06-05T17:56:19.066862+00:00
4cf4f2f7-c950-4be9-88f7-1980b67fb144,2026-06-05T23:56:18.199062+00:00,20f54a8f-5b81-4e48-922a-e12ed896a5f4,True,,81957,f1b2263c-95b4-4ed1-8c2c-261d4b5077e8,purchase_ticket,2026-06-05T23:56:18.199062+00:00,2026-06-05T17:56:19.066862+00:00
4cf4f2f7-c950-4be9-88f7-1980b67fb144,2026-06-05T23:56:18.199062+00:00,1ff2e128-853c-4710-9c13-f9db9ab8743f,True,,81961,6b495a40-3998-42c6-a6f9-3989ecb2ddd7,purchase_ticket,2026-06-05T23:56:18.199062+00:00,2026-06-05T17:56:19.066862+00:00
4cf4f2f7-c950-4be9-88f7-1980b67fb144,2026-06-05T23:56:18.199062+00:00,dc45ab30-f4a0-4c35-9a6b-30da40e319fd,True,,81964,086440ba-373d-40e8-a2e1-3920902a1fe9,purchase_ticket,2026-06-05T23:56:18.199062+00:00,2026-06-05T17:56:19.066862+00:00
4cf4f2f7-c950-4be9-88f7-1980b67fb144,2026-06-05T23:56:18.199062+00:00,9a6f72d4-adc7-4012-9379-a5ae8f01cfc1,True,,81966,2c9e4a08-8243-4d20-9830-d036d825b8eb,purchase_ticket,2026-06-05T23:56:18.199062+00:00,2026-06-05T17:56:19.066862+00:00
4cf4f2f7-c950-4be9-88f7-1980b67fb144,2026-06-05T23:56:18.199062+00:00,53f42292-3ef7-4bd5-8c4a-e2ee27c7a52c,True,,81967,10bb47f8-0772-4dcc-8f60-86eb329d58a1,purchase_ticket,2026-06-05T23:56:18.199062+00:00,2026-06-05T17:56:19.066862+00:00
4cf4f2f7-c950-4be9-88f7-1980b67fb144,2026-06-05T23:56:18.199062+00:00,c4b98d9d-6d40-478e-b404-078c8a6346ea,True,,81969,ee6590ce-fe53-4118-8912-9cde8f2b4894,purchase_ticket,2026-06-05T23:56:18.199062+00:00,2026-06-05T17:56:19.066862+00:00
4cf4f2f7-c950-4be9-88f7-1980b67fb144,2026-06-05T23:56:18.199062+00:00,d2715f9d-a718-4ed5-9324-2d966ec63db2,True,,81970,46d687b6-b43f-4ea4-83db-c8b7fe874c29,purchase_ticket,2026-06-05T23:56:18.199062+00:00,2026-06-05T17:56:19.066862+00:00
4cf4f2f7-c950-4be9-88f7-1980b67fb144,2026-06-05T23:56:18.199062+00:00,1c09bc28-48df-40eb-9697-001cc75bdabc,True,,81972,6074f853-2e35-4d9d-bed3-6b605a1f0ef5,purchase_ticket,2026-06-05T23:56:18.199062+00:00,2026-06-05T17:56:19.066862+00:00
4cf4f2f7-c950-4be9-88f7-1980b67fb144,2026-06-05T23:56:18.199062+00:00,a5f44515-5fb4-4a03-9e5d-15b494a261a6,True,,81973,ebf468b5-2efa-4434-a608-d8cc69e0985a,purchase_ticket,2026-06-05T23:56:18.199062+00:00,2026-06-05T17:56:19.066862+00:00
4cf4f2f7-c950-4be9-88f7-1980b67fb144,2026-06-05T23:56:18.199062+00:00,071fa236-cb58-4be8-82d9-4bcb8c31839a,True,,81975,fc49c670-525f-40cb-a77b-053d3521e425,purchase_ticket,2026-06-05T23:56:18.199062+00:00,2026-06-05T17:56:19.066862+00:00
4cf4f2f7-c950-4be9-88f7-1980b67fb144,2026-06-05T23:56:18.199062+00:00,dbca2826-a1ec-4735-941d-33e412e9c82f,True,,81978,205ed179-2215-4958-894f-b194b78b1d9c,purchase_ticket,2026-06-05T23:56:18.199062+00:00,2026-06-05T17:56:19.066862+00:00
4cf4f2f7-c950-4be9-88f7-1980b67fb144,2026-06-05T23:56:18.199062+00:00,8c9cefd9-fa79-408f-a644-04b73c986b8e,True,,81981,e06f3a24-2268-41d5-b02b-fd9be6b2e5e0,purchase_ticket,2026-06-05T23:56:18.199062+00:00,2026-06-05T17:56:19.066862+00:00
4cf4f2f7-c950-4be9-88f7-1980b67fb144,2026-06-05T23:56:18.199062+00:00,8d387820-4e70-45bb-a5c7-8090e99056cd,True,,81982,293d7f2f-6141-441f-923c-961d6a7ba4d0,purchase_ticket,2026-06-05T23:56:18.199062+00:00,2026-06-05T17:56:19.066862+00:00
4cf4f2f7-c950-4be9-88f7-1980b67fb144,2026-06-05T23:56:18.199062+00:00,43720615-1fd7-4099-8d40-54ae16151b89,True,,81983,14c48684-92e9-4e31-8a1c-6c9d2222e352,purchase_ticket,2026-06-05T23:56:18.199062+00:00,2026-06-05T17:56:19.066862+00:00
484db62c-bcdb-4b99-9ba4-c5f38323f82d,2026-06-02T23:37:40.036265+00:00,6782fc70-ff74-4c27-82d3-19b161caee14,True,comprobar,18952,076602ec-fc58-4092-a62d-9e10f60c9b87,expense_voucher,2026-06-08T16:08:46.226494+00:00,2026-06-08T10:08:46.199753+00:00
7fd36d36-7813-45a2-83bb-88b7291e4305,2026-06-03T23:56:23.813715+00:00,df4c0072-e464-465a-832a-c0431ef072c3,True,comprobar,18952,076602ec-fc58-4092-a62d-9e10f60c9b87,expense_voucher,2026-06-08T16:08:46.226494+00:00,2026-06-08T10:08:46.199753+00:00
8b527da9-cfbf-48ee-bd0c-947b8816e334,2026-06-04T23:53:30.574816+00:00,7493708b-c0bd-43c6-b927-27070b3b6955,True,comprobar,18952,076602ec-fc58-4092-a62d-9e10f60c9b87,expense_voucher,2026-06-08T16:08:46.226494+00:00,2026-06-08T10:08:46.199753+00:00
8b527da9-cfbf-48ee-bd0c-947b8816e334,2026-06-04T23:53:30.574816+00:00,6e442527-3f41-4d57-bee1-a669e2cef91a,True,comprobar,18978,8db8a02b-2aec-4862-ac6f-c99621335a8e,expense_voucher,2026-06-08T16:08:46.226494+00:00,2026-06-08T10:08:46.199753+00:00
4cf4f2f7-c950-4be9-88f7-1980b67fb144,2026-06-05T23:56:18.199062+00:00,1e3c35a9-2549-453c-991a-4049810e3eca,True,comprobar,18952,076602ec-fc58-4092-a62d-9e10f60c9b87,expense_voucher,2026-06-08T16:08:46.226494+00:00,2026-06-08T10:08:46.199753+00:00
fb340114-8fad-4c30-9b0d-15f8e8e953ff,2026-06-29T23:56:45.457948+00:00,aab95be8-ceaf-4478-a1ae-e70f1ad583a0,True,,82410,fa78a293-c435-453d-9d28-58aff35079d3,purchase_ticket,2026-06-29T23:56:45.457948+00:00,2026-06-29T17:56:45.777961+00:00
07ecb773-ea1d-42f7-ad42-b18406d0fd9a,2026-06-08T23:46:07.499326+00:00,891b7244-30af-4744-8772-e112b6886c80,True,,19006,7da26da6-4acb-4e40-ad55-302252e0772f,expense_voucher,2026-06-08T23:46:07.499326+00:00,2026-06-08T17:46:06.895519+00:00
07ecb773-ea1d-42f7-ad42-b18406d0fd9a,2026-06-08T23:46:07.499326+00:00,87e12965-3a49-4b6e-890a-123a19309ddf,True,,19007,bc7cb225-d8d8-4914-9601-05d87b339c74,expense_voucher,2026-06-08T23:46:07.499326+00:00,2026-06-08T17:46:06.895519+00:00
07ecb773-ea1d-42f7-ad42-b18406d0fd9a,2026-06-08T23:46:07.499326+00:00,b36c6e76-1789-4111-8736-c4963ab30329,True,,19008,0bf32494-17f9-4126-97b6-4affe4a0541c,expense_voucher,2026-06-08T23:46:07.499326+00:00,2026-06-08T17:46:06.895519+00:00
07ecb773-ea1d-42f7-ad42-b18406d0fd9a,2026-06-08T23:46:07.499326+00:00,ee902740-802e-4f5f-ab19-0040a16511f0,True,,19009,29a974e5-6b75-421a-ab9b-ca682a100a94,expense_voucher,2026-06-08T23:46:07.499326+00:00,2026-06-08T17:46:06.895519+00:00
fb340114-8fad-4c30-9b0d-15f8e8e953ff,2026-06-29T23:56:45.457948+00:00,1a45acdc-d335-49e3-b0fd-6c8c1f9c72a9,True,,82417,1c1d2c46-1c08-431f-883c-55d9468a1bce,purchase_ticket,2026-06-29T23:56:45.457948+00:00,2026-06-29T17:56:45.777961+00:00
07ecb773-ea1d-42f7-ad42-b18406d0fd9a,2026-06-08T23:46:07.499326+00:00,9c4cc5dd-013a-465a-b821-494747759b64,True,,19011,2725da3d-9a01-4458-827a-ce6562091f82,expense_voucher,2026-06-08T23:46:07.499326+00:00,2026-06-08T17:46:06.895519+00:00
fb340114-8fad-4c30-9b0d-15f8e8e953ff,2026-06-29T23:56:45.457948+00:00,5796cf23-a03a-4fe1-9987-d4ff5bc90e87,True,,82419,73cf834c-5d83-4bb6-bf40-b3990a7116c3,purchase_ticket,2026-06-29T23:56:45.457948+00:00,2026-06-29T17:56:45.777961+00:00
07ecb773-ea1d-42f7-ad42-b18406d0fd9a,2026-06-08T23:46:07.499326+00:00,4ebb2d52-4bde-4b1c-a91b-2f9691fe7394,True,,19013,43ca8977-14fe-41bb-ab05-7d08cd3eb857,expense_voucher,2026-06-08T23:46:07.499326+00:00,2026-06-08T17:46:06.895519+00:00
07ecb773-ea1d-42f7-ad42-b18406d0fd9a,2026-06-08T23:46:07.499326+00:00,8a57709b-87e9-40f2-8c49-678e0fcb8576,True,,19014,cf812cab-af8b-41a1-921a-ebafb88e3fd7,expense_voucher,2026-06-08T23:46:07.499326+00:00,2026-06-08T17:46:06.895519+00:00
07ecb773-ea1d-42f7-ad42-b18406d0fd9a,2026-06-08T23:46:07.499326+00:00,165293b8-2a94-4235-8622-22caf445defe,True,,19015,b2ef6465-0b9f-4af9-9469-a4420d4b69f5,expense_voucher,2026-06-08T23:46:07.499326+00:00,2026-06-08T17:46:06.895519+00:00
07ecb773-ea1d-42f7-ad42-b18406d0fd9a,2026-06-08T23:46:07.499326+00:00,ff24d271-7b05-450b-9eb1-6eb81b7b4413,True,,19016,448e8bfa-a934-4416-a291-e383aa4f9443,expense_voucher,2026-06-08T23:46:07.499326+00:00,2026-06-08T17:46:06.895519+00:00
07ecb773-ea1d-42f7-ad42-b18406d0fd9a,2026-06-08T23:46:07.499326+00:00,79eabe48-be0a-4182-a9c2-acadb19ba137,True,,19017,72970f28-5fd0-4cc1-aa13-d913277a4798,expense_voucher,2026-06-08T23:46:07.499326+00:00,2026-06-08T17:46:06.895519+00:00
07ecb773-ea1d-42f7-ad42-b18406d0fd9a,2026-06-08T23:46:07.499326+00:00,f0db7125-4e21-4929-8a76-7b260711ca7f,True,,19018,5d9b38f7-5fa8-46f6-864d-f5daa3465174,expense_voucher,2026-06-08T23:46:07.499326+00:00,2026-06-08T17:46:06.895519+00:00
07ecb773-ea1d-42f7-ad42-b18406d0fd9a,2026-06-08T23:46:07.499326+00:00,267a778f-8e78-4932-8eb7-81e2a66f942e,True,,19019,3f1be3b2-781f-4cb6-8772-78728ec75032,expense_voucher,2026-06-08T23:46:07.499326+00:00,2026-06-08T17:46:06.895519+00:00
07ecb773-ea1d-42f7-ad42-b18406d0fd9a,2026-06-08T23:46:07.499326+00:00,8e1d8147-e8b1-4f27-825d-3575c970964b,True,,294,8b96d846-839d-4f23-bb88-2022a9d8e56e,deposit_voucher,2026-06-08T23:46:07.499326+00:00,2026-06-08T17:46:06.895519+00:00
07ecb773-ea1d-42f7-ad42-b18406d0fd9a,2026-06-08T23:46:07.499326+00:00,8a7b2109-f2cf-4164-b59a-e9e2993c9744,True,,295,4d1a9545-5a14-49b5-9f6f-67d1cab4cb76,deposit_voucher,2026-06-08T23:46:07.499326+00:00,2026-06-08T17:46:06.895519+00:00
07ecb773-ea1d-42f7-ad42-b18406d0fd9a,2026-06-08T23:46:07.499326+00:00,ba3cc23e-3a28-4ce7-9f72-05a3562c1ef7,True,,296,0611c251-4538-4363-a559-4d534d3b2d9d,deposit_voucher,2026-06-08T23:46:07.499326+00:00,2026-06-08T17:46:06.895519+00:00
07ecb773-ea1d-42f7-ad42-b18406d0fd9a,2026-06-08T23:46:07.499326+00:00,5f588489-dedd-4fa8-98bb-ba7f1b0c04ca,True,,297,0c2c70d4-c39e-4223-b713-3cbc2419bf46,deposit_voucher,2026-06-08T23:46:07.499326+00:00,2026-06-08T17:46:06.895519+00:00
07ecb773-ea1d-42f7-ad42-b18406d0fd9a,2026-06-08T23:46:07.499326+00:00,611f0b00-0fa6-49c9-b1f9-ccffa9fb3f73,True,,298,4810cdbf-9c6d-4e95-904c-1e2c68353a8f,deposit_voucher,2026-06-08T23:46:07.499326+00:00,2026-06-08T17:46:06.895519+00:00
07ecb773-ea1d-42f7-ad42-b18406d0fd9a,2026-06-08T23:46:07.499326+00:00,359258f2-8763-4466-a7bc-89291653aee0,True,,309,c9b35d71-b0f4-4443-ab10-6a7b8154e598,sale_ticket,2026-06-08T23:46:07.499326+00:00,2026-06-08T17:46:06.895519+00:00
07ecb773-ea1d-42f7-ad42-b18406d0fd9a,2026-06-08T23:46:07.499326+00:00,ef1a7e04-d562-4bbe-84c3-e516b7f5eb91,True,,78944,1e08181d-adc7-4b13-95de-7178eb9c0c9f,sale_ticket,2026-06-08T23:46:07.499326+00:00,2026-06-08T17:46:06.895519+00:00
07ecb773-ea1d-42f7-ad42-b18406d0fd9a,2026-06-08T23:46:07.499326+00:00,a7ee648e-e259-4a9b-b8d3-b230df1da0e4,True,,789440,7685a631-9ae1-42ac-8178-fdcec19086e3,sale_ticket,2026-06-08T23:46:07.499326+00:00,2026-06-08T17:46:06.895519+00:00
07ecb773-ea1d-42f7-ad42-b18406d0fd9a,2026-06-08T23:46:07.499326+00:00,48ec6bd8-e9d1-4a77-adb1-b42c5639e39c,True,,789441,498efd6d-a8b0-43d8-8668-985d47b800e5,sale_ticket,2026-06-08T23:46:07.499326+00:00,2026-06-08T17:46:06.895519+00:00
07ecb773-ea1d-42f7-ad42-b18406d0fd9a,2026-06-08T23:46:07.499326+00:00,99749dc9-9a3f-44de-992b-e6a11e455253,True,,789442,35f1ebc6-41bc-457d-b68d-f3056605cac1,sale_ticket,2026-06-08T23:46:07.499326+00:00,2026-06-08T17:46:06.895519+00:00
07ecb773-ea1d-42f7-ad42-b18406d0fd9a,2026-06-08T23:46:07.499326+00:00,d76e8919-d3ef-40c5-bfd7-ae695db680ff,True,,56790,930fd99e-4653-4fc9-9915-e8bd76752340,purchase_ticket,2026-06-08T23:46:07.499326+00:00,2026-06-08T17:46:06.895519+00:00
07ecb773-ea1d-42f7-ad42-b18406d0fd9a,2026-06-08T23:46:07.499326+00:00,f98f258b-90f2-4627-a625-62ae940ff721,True,,56791,01d922c4-61fd-4e61-b993-e604e33ccd80,purchase_ticket,2026-06-08T23:46:07.499326+00:00,2026-06-08T17:46:06.895519+00:00
07ecb773-ea1d-42f7-ad42-b18406d0fd9a,2026-06-08T23:46:07.499326+00:00,ec309d8c-1879-4962-a3dc-294798eb75e5,True,,56792,9e95a4fe-21f0-4c3e-a571-e88ccdfb3873,purchase_ticket,2026-06-08T23:46:07.499326+00:00,2026-06-08T17:46:06.895519+00:00
07ecb773-ea1d-42f7-ad42-b18406d0fd9a,2026-06-08T23:46:07.499326+00:00,ad849709-4bfd-462c-954a-fff243c42ecc,True,,56793,f544e96f-46ad-481f-8965-35ccc4379989,purchase_ticket,2026-06-08T23:46:07.499326+00:00,2026-06-08T17:46:06.896518+00:00
07ecb773-ea1d-42f7-ad42-b18406d0fd9a,2026-06-08T23:46:07.499326+00:00,5456ecb2-c69b-4268-9fca-7c57e0b4995f,True,,56794,9bade175-c7a1-471a-bd04-491353a90f18,purchase_ticket,2026-06-08T23:46:07.499326+00:00,2026-06-08T17:46:06.896518+00:00
07ecb773-ea1d-42f7-ad42-b18406d0fd9a,2026-06-08T23:46:07.499326+00:00,b8baace7-a986-4332-ac9d-bfb4ba958fe8,True,,56795,648fee63-4b6b-443b-a277-d72f3669331e,purchase_ticket,2026-06-08T23:46:07.499326+00:00,2026-06-08T17:46:06.896518+00:00
07ecb773-ea1d-42f7-ad42-b18406d0fd9a,2026-06-08T23:46:07.499326+00:00,86560e45-d648-45ab-bbba-4f8af106cabb,True,,56796,e142b580-90c8-4276-9e1d-8fa962e42f04,purchase_ticket,2026-06-08T23:46:07.499326+00:00,2026-06-08T17:46:06.896518+00:00
07ecb773-ea1d-42f7-ad42-b18406d0fd9a,2026-06-08T23:46:07.499326+00:00,f127c8e7-8034-481d-9ff8-02527588daba,True,,56797,903bb087-d01b-4dc2-b5cb-f08138bab715,purchase_ticket,2026-06-08T23:46:07.499326+00:00,2026-06-08T17:46:06.896518+00:00
07ecb773-ea1d-42f7-ad42-b18406d0fd9a,2026-06-08T23:46:07.499326+00:00,08afbbf7-2075-4c3c-a6b8-37e47e9d3f64,True,,56798,a4c15bbe-26f5-48c4-9f70-14a6ff1d0d4f,purchase_ticket,2026-06-08T23:46:07.499326+00:00,2026-06-08T17:46:06.896518+00:00
07ecb773-ea1d-42f7-ad42-b18406d0fd9a,2026-06-08T23:46:07.499326+00:00,8d4cdc2c-c903-45f7-afff-74e93fbb7d0c,True,,56799,69b43f0f-8585-494d-838c-2c73338add0a,purchase_ticket,2026-06-08T23:46:07.499326+00:00,2026-06-08T17:46:06.896518+00:00
07ecb773-ea1d-42f7-ad42-b18406d0fd9a,2026-06-08T23:46:07.499326+00:00,bd59f090-e2d5-4ba6-8c3a-22bc1cae2967,True,,56800,2a594c5d-7d6d-4a8a-81e2-8c43cab03b2c,purchase_ticket,2026-06-08T23:46:07.499326+00:00,2026-06-08T17:46:06.896518+00:00
07ecb773-ea1d-42f7-ad42-b18406d0fd9a,2026-06-08T23:46:07.499326+00:00,946f46d4-93e2-4877-a731-80aa2695147b,True,,56801,fad55475-304b-4c8b-b629-421ca19f16dc,purchase_ticket,2026-06-08T23:46:07.499326+00:00,2026-06-08T17:46:06.896518+00:00
07ecb773-ea1d-42f7-ad42-b18406d0fd9a,2026-06-08T23:46:07.499326+00:00,67aa4105-8cac-4434-8df2-b4cfa91f3bbd,True,,56802,00b11151-faef-4a56-8f59-c9dc9754a277,purchase_ticket,2026-06-08T23:46:07.499326+00:00,2026-06-08T17:46:06.896518+00:00
07ecb773-ea1d-42f7-ad42-b18406d0fd9a,2026-06-08T23:46:07.499326+00:00,cb87d6f2-f01f-4b8d-ab38-7fd038672316,True,,56804,4ec4e5d5-7ee4-4048-af15-fbd1a3588401,purchase_ticket,2026-06-08T23:46:07.499326+00:00,2026-06-08T17:46:06.896518+00:00
07ecb773-ea1d-42f7-ad42-b18406d0fd9a,2026-06-08T23:46:07.499326+00:00,8f6ee725-ddab-4168-8ecc-6485f96924c9,True,,56805,805a7c98-60d2-4989-992c-6991a4515678,purchase_ticket,2026-06-08T23:46:07.499326+00:00,2026-06-08T17:46:06.896518+00:00
07ecb773-ea1d-42f7-ad42-b18406d0fd9a,2026-06-08T23:46:07.499326+00:00,fb7e2c0e-3d74-416c-968d-6375060e342a,True,,56806,a8d65322-5a56-45e3-89ac-ecd8c3d37782,purchase_ticket,2026-06-08T23:46:07.499326+00:00,2026-06-08T17:46:06.896518+00:00
07ecb773-ea1d-42f7-ad42-b18406d0fd9a,2026-06-08T23:46:07.499326+00:00,f5761b80-79f2-4c7a-9b47-290c22ddfd9f,True,,56807,5d0f5294-769e-431b-83f3-e6fff1f8b3f4,purchase_ticket,2026-06-08T23:46:07.499326+00:00,2026-06-08T17:46:06.896518+00:00
07ecb773-ea1d-42f7-ad42-b18406d0fd9a,2026-06-08T23:46:07.499326+00:00,c2cc94b9-eefa-4e0c-bca0-8fb61f1214e5,True,,56808,2a8efd28-760d-4bcc-9faf-b8c85f506cf0,purchase_ticket,2026-06-08T23:46:07.499326+00:00,2026-06-08T17:46:06.896518+00:00
07ecb773-ea1d-42f7-ad42-b18406d0fd9a,2026-06-08T23:46:07.499326+00:00,23e7f824-8c5c-4f18-8eb4-fcc7c347ec5c,True,,56809,702eda95-528d-4e86-9e77-6fbb8074e159,purchase_ticket,2026-06-08T23:46:07.499326+00:00,2026-06-08T17:46:06.896518+00:00
07ecb773-ea1d-42f7-ad42-b18406d0fd9a,2026-06-08T23:46:07.499326+00:00,030c4d8a-ec48-4350-9d6b-5346c031ee3b,True,,56810,54689c8c-3786-45cf-add3-3859934f830c,purchase_ticket,2026-06-08T23:46:07.499326+00:00,2026-06-08T17:46:06.896518+00:00
07ecb773-ea1d-42f7-ad42-b18406d0fd9a,2026-06-08T23:46:07.499326+00:00,c6b1487f-22d0-4505-88e5-1a3fa89b8527,True,,56811,2f1b65fa-e3e4-4dd3-9148-5eb42846f143,purchase_ticket,2026-06-08T23:46:07.499326+00:00,2026-06-08T17:46:06.896518+00:00
07ecb773-ea1d-42f7-ad42-b18406d0fd9a,2026-06-08T23:46:07.499326+00:00,ffe99e55-2710-4ceb-8aab-e091de53deaf,True,,56812,7fe2ed68-f534-4aa0-94df-7df8de42f67c,purchase_ticket,2026-06-08T23:46:07.499326+00:00,2026-06-08T17:46:06.896518+00:00
07ecb773-ea1d-42f7-ad42-b18406d0fd9a,2026-06-08T23:46:07.499326+00:00,71f8f64b-7e2b-41f1-941f-b609be837a15,True,,568123,ad1d3b26-3feb-4616-b3dc-c2e149e534a2,purchase_ticket,2026-06-08T23:46:07.499326+00:00,2026-06-08T17:46:06.896518+00:00
07ecb773-ea1d-42f7-ad42-b18406d0fd9a,2026-06-08T23:46:07.499326+00:00,86b31413-79a3-4527-8c2b-4ca52d67892c,True,,56814,25820574-e44b-403f-905d-70853cb2130a,purchase_ticket,2026-06-08T23:46:07.499326+00:00,2026-06-08T17:46:06.896518+00:00
07ecb773-ea1d-42f7-ad42-b18406d0fd9a,2026-06-08T23:46:07.499326+00:00,f8f1da15-4e24-450b-a42a-d3d9e58d0d81,True,,56815,86582296-62b3-48a7-954c-1e599796b1c6,purchase_ticket,2026-06-08T23:46:07.499326+00:00,2026-06-08T17:46:06.896518+00:00
07ecb773-ea1d-42f7-ad42-b18406d0fd9a,2026-06-08T23:46:07.499326+00:00,b5de9eae-42c1-4636-ae75-054cd9dcc8c6,True,,81843,394bc720-4c45-4fc9-9e90-bb3de9a2c937,purchase_ticket,2026-06-08T23:46:07.499326+00:00,2026-06-08T17:46:06.896518+00:00
07ecb773-ea1d-42f7-ad42-b18406d0fd9a,2026-06-08T23:46:07.499326+00:00,cc1a5462-d6dc-44f2-a9b0-16d6850a853a,True,,81857,a58a6916-ff06-43ea-be3c-70c83f98d434,purchase_ticket,2026-06-08T23:46:07.499326+00:00,2026-06-08T17:46:06.896518+00:00
07ecb773-ea1d-42f7-ad42-b18406d0fd9a,2026-06-08T23:46:07.499326+00:00,2cb02d37-8f69-4e4f-b252-366a2b76dec1,True,,81867,11058d94-5339-4207-b450-7cd53b50b34a,purchase_ticket,2026-06-08T23:46:07.499326+00:00,2026-06-08T17:46:06.896518+00:00
07ecb773-ea1d-42f7-ad42-b18406d0fd9a,2026-06-08T23:46:07.499326+00:00,0f0d0933-1815-49e2-bb9d-f3132e0010b2,True,,81902,4e6726ff-a293-490e-a97d-cd3220a50474,purchase_ticket,2026-06-08T23:46:07.499326+00:00,2026-06-08T17:46:06.896518+00:00
07ecb773-ea1d-42f7-ad42-b18406d0fd9a,2026-06-08T23:46:07.499326+00:00,c0440a5e-d292-42fc-9727-b743c9c37c68,True,,81905,ee8c6798-1116-421c-a00f-e0c33e27965d,purchase_ticket,2026-06-08T23:46:07.499326+00:00,2026-06-08T17:46:06.896518+00:00
07ecb773-ea1d-42f7-ad42-b18406d0fd9a,2026-06-08T23:46:07.499326+00:00,630963de-edb7-456d-9b92-493b8e6ca914,True,,81906,f3bd5184-1612-4dd2-bc13-4ad8bbe75526,purchase_ticket,2026-06-08T23:46:07.499326+00:00,2026-06-08T17:46:06.896518+00:00
07ecb773-ea1d-42f7-ad42-b18406d0fd9a,2026-06-08T23:46:07.499326+00:00,07e64af1-72f9-4ca5-b735-97b11c9d2948,True,,81908,e6d86ef2-1054-4503-b160-c33c912c42bf,purchase_ticket,2026-06-08T23:46:07.499326+00:00,2026-06-08T17:46:06.896518+00:00
07ecb773-ea1d-42f7-ad42-b18406d0fd9a,2026-06-08T23:46:07.499326+00:00,b0f4e70a-be6f-46aa-ae8b-71628b3e544c,True,,81910,2890e38c-185e-4d2e-a83a-c7f83338fa58,purchase_ticket,2026-06-08T23:46:07.499326+00:00,2026-06-08T17:46:06.896518+00:00
07ecb773-ea1d-42f7-ad42-b18406d0fd9a,2026-06-08T23:46:07.499326+00:00,4a2c41fc-d198-47dc-86a0-bfb5cc3d99ca,True,,81911,61bf7417-2da4-4502-9529-c6e35f2fdd9e,purchase_ticket,2026-06-08T23:46:07.499326+00:00,2026-06-08T17:46:06.896518+00:00
07ecb773-ea1d-42f7-ad42-b18406d0fd9a,2026-06-08T23:46:07.499326+00:00,75cafbd3-a2c9-45b5-8e46-3f33ab03223c,True,,81912,f5ed9b95-8455-4c73-a31e-b028cb2339b6,purchase_ticket,2026-06-08T23:46:07.499326+00:00,2026-06-08T17:46:06.896518+00:00
07ecb773-ea1d-42f7-ad42-b18406d0fd9a,2026-06-08T23:46:07.499326+00:00,b856726a-9f6e-4fb6-843d-a9a73145cb86,True,,81914,3fd9f339-0f70-49df-aa79-065dc145bfda,purchase_ticket,2026-06-08T23:46:07.499326+00:00,2026-06-08T17:46:06.896518+00:00
07ecb773-ea1d-42f7-ad42-b18406d0fd9a,2026-06-08T23:46:07.499326+00:00,30cae105-e264-4af3-a348-844f39b901da,True,,81915,6b261360-06fe-4c3c-82c7-ff5c9ad30104,purchase_ticket,2026-06-08T23:46:07.499326+00:00,2026-06-08T17:46:06.896518+00:00
07ecb773-ea1d-42f7-ad42-b18406d0fd9a,2026-06-08T23:46:07.499326+00:00,70395a9b-17fd-4011-a0fe-60b36e977f53,True,,81916,6eac7395-18a6-423f-b4aa-f5c795ba74d8,purchase_ticket,2026-06-08T23:46:07.499326+00:00,2026-06-08T17:46:06.896518+00:00
07ecb773-ea1d-42f7-ad42-b18406d0fd9a,2026-06-08T23:46:07.499326+00:00,8d14290e-7caa-4803-8a90-6601cd5d3ced,True,,81919,1b93d128-157d-4add-a53a-298346bf5aae,purchase_ticket,2026-06-08T23:46:07.499326+00:00,2026-06-08T17:46:06.896518+00:00
07ecb773-ea1d-42f7-ad42-b18406d0fd9a,2026-06-08T23:46:07.499326+00:00,0c6dc9b0-5ce5-494d-afdf-90c0a9139406,True,,81920,c6c0e30d-88ed-4c59-a941-225b295cf98d,purchase_ticket,2026-06-08T23:46:07.499326+00:00,2026-06-08T17:46:06.896518+00:00
07ecb773-ea1d-42f7-ad42-b18406d0fd9a,2026-06-08T23:46:07.499326+00:00,dd1f0bca-bce8-4739-96e6-44abd31f7265,True,,81922,979c7031-9723-4697-9dfa-4cd87772add4,purchase_ticket,2026-06-08T23:46:07.499326+00:00,2026-06-08T17:46:06.896518+00:00
07ecb773-ea1d-42f7-ad42-b18406d0fd9a,2026-06-08T23:46:07.499326+00:00,a45a58d0-2af3-4424-86d6-3f7756908697,True,,81923,b2c0c9d0-3acc-4717-80be-93f556042fb4,purchase_ticket,2026-06-08T23:46:07.499326+00:00,2026-06-08T17:46:06.896518+00:00
07ecb773-ea1d-42f7-ad42-b18406d0fd9a,2026-06-08T23:46:07.499326+00:00,ec83c0a3-d3d5-411d-8b5d-caa788b4d735,True,,81984,3555afd6-0dbd-4854-9d35-6ccdc73b5551,purchase_ticket,2026-06-08T23:46:07.499326+00:00,2026-06-08T17:46:06.897514+00:00
07ecb773-ea1d-42f7-ad42-b18406d0fd9a,2026-06-08T23:46:07.499326+00:00,e918a1c5-be03-4541-99ef-2097fc427625,True,,81992,ca85b3b0-a67b-486e-970e-55517a74a481,purchase_ticket,2026-06-08T23:46:07.499326+00:00,2026-06-08T17:46:06.897514+00:00
07ecb773-ea1d-42f7-ad42-b18406d0fd9a,2026-06-08T23:46:07.499326+00:00,4d664a28-c04b-4f4a-a6d1-8fe5ea606133,True,,81997,b19971b2-d29d-4684-a41e-fbc61f6f18a2,purchase_ticket,2026-06-08T23:46:07.499326+00:00,2026-06-08T17:46:06.897514+00:00
07ecb773-ea1d-42f7-ad42-b18406d0fd9a,2026-06-08T23:46:07.499326+00:00,7686de26-6b10-4786-8a8d-1539876ecb28,True,,81998,6a971dec-0c19-4c70-9629-bd4cb45456d4,purchase_ticket,2026-06-08T23:46:07.499326+00:00,2026-06-08T17:46:06.897514+00:00
fb340114-8fad-4c30-9b0d-15f8e8e953ff,2026-06-29T23:56:45.457948+00:00,9b6b9463-eec7-4a31-afd4-24dcf665fcd3,True,,82427,bdb501a7-7b40-4aee-8867-edbdbb54020d,purchase_ticket,2026-06-29T23:56:45.457948+00:00,2026-06-29T17:56:45.777961+00:00
fb340114-8fad-4c30-9b0d-15f8e8e953ff,2026-06-29T23:56:45.457948+00:00,2cab3f4a-8969-4c13-b150-2bf8be5c765d,True,,82437,e4961e55-347d-4e31-8869-274f8e52bee4,purchase_ticket,2026-06-29T23:56:45.457948+00:00,2026-06-29T17:56:45.777961+00:00
fb340114-8fad-4c30-9b0d-15f8e8e953ff,2026-06-29T23:56:45.457948+00:00,0c68a72e-f058-486c-a5b2-6b801a5bf79a,True,,82439,f60b00d8-cacb-4fcf-a8da-7a5bc04e6c0c,purchase_ticket,2026-06-29T23:56:45.457948+00:00,2026-06-29T17:56:45.777961+00:00
23c06e34-367c-47fe-a465-021245396d02,2026-06-10T00:02:05.755153+00:00,23cca7ba-a1c9-4a7f-a6bb-6de9c9a10fb3,True,,19020,c4f74cee-879b-4438-998e-e330484dacdd,expense_voucher,2026-06-10T00:02:05.755153+00:00,2026-06-09T18:02:05.660303+00:00
23c06e34-367c-47fe-a465-021245396d02,2026-06-10T00:02:05.755153+00:00,f43960be-5d5b-47a6-9161-a2ba3540febd,True,,19021,cf2a864b-e054-4522-af9d-9e332182eee4,expense_voucher,2026-06-10T00:02:05.755153+00:00,2026-06-09T18:02:05.660303+00:00
23c06e34-367c-47fe-a465-021245396d02,2026-06-10T00:02:05.755153+00:00,66043235-b7f0-4545-b35f-267c65874869,True,,19022,7489a2ef-e24f-42dc-9142-4d9432d80759,expense_voucher,2026-06-10T00:02:05.755153+00:00,2026-06-09T18:02:05.660303+00:00
23c06e34-367c-47fe-a465-021245396d02,2026-06-10T00:02:05.755153+00:00,2ace886d-4705-4dfd-b098-c5aa847aeeda,True,,19023,22545b96-a5e6-41be-b8e1-8cc5b5647ab8,expense_voucher,2026-06-10T00:02:05.755153+00:00,2026-06-09T18:02:05.660303+00:00
23c06e34-367c-47fe-a465-021245396d02,2026-06-10T00:02:05.755153+00:00,346efd7b-c2ae-453a-ad9a-87e4cbd3c57a,True,,19024,967c351c-9da3-4704-87ff-7c7c36248372,expense_voucher,2026-06-10T00:02:05.755153+00:00,2026-06-09T18:02:05.660303+00:00
23c06e34-367c-47fe-a465-021245396d02,2026-06-10T00:02:05.755153+00:00,cb4e5817-ed04-4765-a656-f8ab666f096c,True,,19025,8269a5ee-926f-49da-a233-32005e360a66,expense_voucher,2026-06-10T00:02:05.755153+00:00,2026-06-09T18:02:05.660303+00:00
23c06e34-367c-47fe-a465-021245396d02,2026-06-10T00:02:05.755153+00:00,9e86a41d-63ab-4eed-9104-3bcece5d8602,True,,19026,96f6d740-6281-422a-854f-c7e53c838dab,expense_voucher,2026-06-10T00:02:05.755153+00:00,2026-06-09T18:02:05.660303+00:00
23c06e34-367c-47fe-a465-021245396d02,2026-06-10T00:02:05.755153+00:00,a605940b-2fc0-45c1-9411-5d29e047c99e,True,,19027,3e103959-6cd1-4bd0-8d97-e2231849ad6a,expense_voucher,2026-06-10T00:02:05.755153+00:00,2026-06-09T18:02:05.660303+00:00
23c06e34-367c-47fe-a465-021245396d02,2026-06-10T00:02:05.755153+00:00,e954f526-8c72-429b-a666-8eb50684f328,True,,19028,4a4f2506-eda8-4b52-9341-3f734caa577b,expense_voucher,2026-06-10T00:02:05.755153+00:00,2026-06-09T18:02:05.660303+00:00
23c06e34-367c-47fe-a465-021245396d02,2026-06-10T00:02:05.755153+00:00,c542a70c-0e81-4fd3-ad0a-89551827509b,True,,299,0cedcc49-7fc8-4197-80e0-4d8e9b30599e,deposit_voucher,2026-06-10T00:02:05.755153+00:00,2026-06-09T18:02:05.660303+00:00
23c06e34-367c-47fe-a465-021245396d02,2026-06-10T00:02:05.755153+00:00,b7ec83d2-43a9-4d0b-a802-2411fcccb04b,True,,300,5dd61c27-ef4b-4c34-ab95-5665d2b54ed5,deposit_voucher,2026-06-10T00:02:05.755153+00:00,2026-06-09T18:02:05.660303+00:00
23c06e34-367c-47fe-a465-021245396d02,2026-06-10T00:02:05.755153+00:00,5475900a-00ca-472d-88d4-8ed9ce44142d,True,,301,4f39dd29-d6ca-47a1-b9c7-9c8f78d8e5d8,deposit_voucher,2026-06-10T00:02:05.755153+00:00,2026-06-09T18:02:05.660303+00:00
23c06e34-367c-47fe-a465-021245396d02,2026-06-10T00:02:05.755153+00:00,67f1a8a0-cb56-40df-aef2-50ecc18aa195,True,,56772,2f608889-6103-48c3-9755-da0c7e58639b,purchase_ticket,2026-06-10T00:02:05.755153+00:00,2026-06-09T18:02:05.660303+00:00
23c06e34-367c-47fe-a465-021245396d02,2026-06-10T00:02:05.755153+00:00,9d09aa07-0d8e-4946-81df-ed4648ff45bf,True,,56816,5f47c441-90a0-46a3-a8e5-72a12a7d4c4a,purchase_ticket,2026-06-10T00:02:05.755153+00:00,2026-06-09T18:02:05.660303+00:00
23c06e34-367c-47fe-a465-021245396d02,2026-06-10T00:02:05.755153+00:00,3e091a2b-c806-4a21-b3bd-56be596ebc4f,True,,56817,e02dce92-3daa-466f-844a-7f9e1bd03031,purchase_ticket,2026-06-10T00:02:05.755153+00:00,2026-06-09T18:02:05.660303+00:00
23c06e34-367c-47fe-a465-021245396d02,2026-06-10T00:02:05.755153+00:00,41140850-6115-4054-b730-d015ee2f55e4,True,,56818,b376342c-df1b-4c48-8d9b-b5b059652e59,purchase_ticket,2026-06-10T00:02:05.755153+00:00,2026-06-09T18:02:05.660303+00:00
23c06e34-367c-47fe-a465-021245396d02,2026-06-10T00:02:05.755153+00:00,778b8cde-bc2f-41b2-81e5-6b7acb3f2bb3,True,,56819,156cb9f6-9cc0-46d3-8d48-719eebeb8346,purchase_ticket,2026-06-10T00:02:05.755153+00:00,2026-06-09T18:02:05.660303+00:00
23c06e34-367c-47fe-a465-021245396d02,2026-06-10T00:02:05.755153+00:00,f01ccb66-ad16-4065-bd4a-cd50e060bc10,True,,56820,3517c96c-a3ca-454c-ac6d-bd3a3a6b9b82,purchase_ticket,2026-06-10T00:02:05.755153+00:00,2026-06-09T18:02:05.660303+00:00
23c06e34-367c-47fe-a465-021245396d02,2026-06-10T00:02:05.755153+00:00,60b4a808-c39a-4004-8cc5-f5fb4268dde9,True,,56821,d3c205d8-9fe7-4277-bc42-9287fcf11607,purchase_ticket,2026-06-10T00:02:05.755153+00:00,2026-06-09T18:02:05.660303+00:00
23c06e34-367c-47fe-a465-021245396d02,2026-06-10T00:02:05.755153+00:00,26009831-d980-41be-8da6-6c2be7712752,True,,56822,4403f474-5ba6-4543-a44c-fece1441ad3b,purchase_ticket,2026-06-10T00:02:05.755153+00:00,2026-06-09T18:02:05.660303+00:00
23c06e34-367c-47fe-a465-021245396d02,2026-06-10T00:02:05.755153+00:00,5b906f80-32b1-415a-ab91-cc1f9529263c,True,,56823,25f03091-8b8f-4520-9bff-c49d4fa4c632,purchase_ticket,2026-06-10T00:02:05.755153+00:00,2026-06-09T18:02:05.661302+00:00
23c06e34-367c-47fe-a465-021245396d02,2026-06-10T00:02:05.755153+00:00,743ea614-1082-4abc-9a1f-14d179b598ce,True,,56824,6d38e293-a6f9-436c-bb6d-6cfc5278b4ce,purchase_ticket,2026-06-10T00:02:05.755153+00:00,2026-06-09T18:02:05.661302+00:00
23c06e34-367c-47fe-a465-021245396d02,2026-06-10T00:02:05.755153+00:00,cac832d6-20fd-4703-87c2-51fe21bfa660,True,,56825,ee7a22e4-b524-4cf9-a6c0-499f37f36945,purchase_ticket,2026-06-10T00:02:05.755153+00:00,2026-06-09T18:02:05.661302+00:00
23c06e34-367c-47fe-a465-021245396d02,2026-06-10T00:02:05.755153+00:00,6f1a3ec1-ecf1-4b0e-b4c8-d0e08fe05844,True,,56826,cc8ae578-0dca-4162-9507-e63b57d2f937,purchase_ticket,2026-06-10T00:02:05.755153+00:00,2026-06-09T18:02:05.661302+00:00
23c06e34-367c-47fe-a465-021245396d02,2026-06-10T00:02:05.755153+00:00,85177cb9-3af4-4cf5-ad5e-872edcaf682a,True,,56827,c07f6501-7ed0-468c-902f-edace699a6be,purchase_ticket,2026-06-10T00:02:05.755153+00:00,2026-06-09T18:02:05.661302+00:00
23c06e34-367c-47fe-a465-021245396d02,2026-06-10T00:02:05.755153+00:00,58df9238-524b-472b-a8ab-71d7ca954310,True,,56828,f41bc40b-e1d3-48ae-a6be-224bfc536add,purchase_ticket,2026-06-10T00:02:05.755153+00:00,2026-06-09T18:02:05.661302+00:00
23c06e34-367c-47fe-a465-021245396d02,2026-06-10T00:02:05.755153+00:00,8556fa35-b9a8-4c81-a306-5bb64d328ef3,True,,56829,9f361e1e-5ff5-45c9-84aa-a6b1f6ed946c,purchase_ticket,2026-06-10T00:02:05.755153+00:00,2026-06-09T18:02:05.661302+00:00
23c06e34-367c-47fe-a465-021245396d02,2026-06-10T00:02:05.755153+00:00,4d42a8f9-9418-40e4-985e-9c7d285ed75d,True,,56830,e9a425fa-d40e-4b01-aa0e-a41f80d6e06f,purchase_ticket,2026-06-10T00:02:05.755153+00:00,2026-06-09T18:02:05.661302+00:00
23c06e34-367c-47fe-a465-021245396d02,2026-06-10T00:02:05.755153+00:00,3dbf3d3d-c3da-448a-922c-abda9b5aa96d,True,,56831-A,3e567b24-f127-4a39-84da-28bdd7a88851,purchase_ticket,2026-06-10T00:02:05.755153+00:00,2026-06-09T18:02:05.661302+00:00
23c06e34-367c-47fe-a465-021245396d02,2026-06-10T00:02:05.755153+00:00,3d517e6f-8628-4f17-a3f7-f3027a9f8d5c,True,,56831-B,f3b8580d-9d4d-49eb-9037-f32f5289ab48,purchase_ticket,2026-06-10T00:02:05.755153+00:00,2026-06-09T18:02:05.661302+00:00
23c06e34-367c-47fe-a465-021245396d02,2026-06-10T00:02:05.755153+00:00,d6e8ec86-b278-4274-9f2e-939a22b36a46,True,,56832,e1ca6727-bbba-4253-8d28-0a1a1a542626,purchase_ticket,2026-06-10T00:02:05.755153+00:00,2026-06-09T18:02:05.661302+00:00
23c06e34-367c-47fe-a465-021245396d02,2026-06-10T00:02:05.755153+00:00,2e0cbacd-49dc-43e9-bb16-007bba4142b9,True,,56833,b19122a5-3126-46de-bf4e-253a4bce791b,purchase_ticket,2026-06-10T00:02:05.755153+00:00,2026-06-09T18:02:05.661302+00:00
23c06e34-367c-47fe-a465-021245396d02,2026-06-10T00:02:05.755153+00:00,653c1122-2709-4bad-960b-7a02fe3272ed,True,,56834,886263f7-1d4f-4334-a64f-c436715d4017,purchase_ticket,2026-06-10T00:02:05.755153+00:00,2026-06-09T18:02:05.661302+00:00
23c06e34-367c-47fe-a465-021245396d02,2026-06-10T00:02:05.755153+00:00,874ccdf7-48cd-43d9-9d09-46c05b373fd3,True,,56835,55d2cf9d-659f-43db-bb77-4649c9064326,purchase_ticket,2026-06-10T00:02:05.755153+00:00,2026-06-09T18:02:05.661302+00:00
23c06e34-367c-47fe-a465-021245396d02,2026-06-10T00:02:05.755153+00:00,e4a790ac-e38a-469b-a5da-5c877e8f19ed,True,,56836,017b9cad-dad4-4b25-afae-19e5d8f4640f,purchase_ticket,2026-06-10T00:02:05.755153+00:00,2026-06-09T18:02:05.661302+00:00
23c06e34-367c-47fe-a465-021245396d02,2026-06-10T00:02:05.755153+00:00,7016392b-bd4a-44b1-9349-b8d24a48323e,True,,56837,e3362de8-f42d-40d6-bf36-25c3e729b584,purchase_ticket,2026-06-10T00:02:05.755153+00:00,2026-06-09T18:02:05.661302+00:00
23c06e34-367c-47fe-a465-021245396d02,2026-06-10T00:02:05.755153+00:00,83e8f9c3-9ca0-4535-ba02-b32edde92faa,True,,56839,e8b02274-0b49-4975-91e8-c521a147f9b2,purchase_ticket,2026-06-10T00:02:05.755153+00:00,2026-06-09T18:02:05.661302+00:00
23c06e34-367c-47fe-a465-021245396d02,2026-06-10T00:02:05.755153+00:00,1b533db1-1d95-49d6-95fe-f7d689c34b95,True,,56841,6e11f8a1-8754-4049-89b6-bf2cfffdd6d8,purchase_ticket,2026-06-10T00:02:05.755153+00:00,2026-06-09T18:02:05.661302+00:00
23c06e34-367c-47fe-a465-021245396d02,2026-06-10T00:02:05.755153+00:00,79d10597-ec2b-46d4-a8fa-bdb006c12bb1,True,,56843,60d5950e-97be-42dc-9fe1-9074a3c72b34,purchase_ticket,2026-06-10T00:02:05.755153+00:00,2026-06-09T18:02:05.661302+00:00
23c06e34-367c-47fe-a465-021245396d02,2026-06-10T00:02:05.755153+00:00,7d9e4f4d-b94c-45d1-8410-33c70c4ea2f3,True,,81917,f97b74c2-b045-4c07-bbce-8f8fbe6e9b30,purchase_ticket,2026-06-10T00:02:05.755153+00:00,2026-06-09T18:02:05.661302+00:00
23c06e34-367c-47fe-a465-021245396d02,2026-06-10T00:02:05.755153+00:00,9e361b34-6493-48d5-9692-f3b4ba54dc12,True,,81926,508b9401-b46e-4857-b7c5-df203e1c65ee,purchase_ticket,2026-06-10T00:02:05.755153+00:00,2026-06-09T18:02:05.661302+00:00
23c06e34-367c-47fe-a465-021245396d02,2026-06-10T00:02:05.755153+00:00,d985bbd3-deff-4cf2-87fe-759b29a07e92,True,,81928,6d2bd16c-a5da-4d88-92bc-35beb6c768b1,purchase_ticket,2026-06-10T00:02:05.755153+00:00,2026-06-09T18:02:05.661302+00:00
23c06e34-367c-47fe-a465-021245396d02,2026-06-10T00:02:05.755153+00:00,80432210-64dd-42f1-ab2c-54d144397853,True,,81930,6217f7d0-685d-4705-ae15-65927a52f783,purchase_ticket,2026-06-10T00:02:05.755153+00:00,2026-06-09T18:02:05.661302+00:00
23c06e34-367c-47fe-a465-021245396d02,2026-06-10T00:02:05.755153+00:00,64b8f625-bb31-4e73-9684-64ff59eb1ab7,True,,81932,f02cb7fd-a24a-4df1-8752-f19d681297d2,purchase_ticket,2026-06-10T00:02:05.755153+00:00,2026-06-09T18:02:05.661302+00:00
23c06e34-367c-47fe-a465-021245396d02,2026-06-10T00:02:05.755153+00:00,cf8e4872-baaa-42ce-baa0-d0023abbc50e,True,,81936,3281690e-f1d8-4967-b2b4-334752ed0158,purchase_ticket,2026-06-10T00:02:05.755153+00:00,2026-06-09T18:02:05.661302+00:00
23c06e34-367c-47fe-a465-021245396d02,2026-06-10T00:02:05.755153+00:00,f630b0da-c2cc-4422-8fa2-6cad649cc21a,True,,81941,66f7dc5b-6603-4a61-9750-541d79119d7c,purchase_ticket,2026-06-10T00:02:05.755153+00:00,2026-06-09T18:02:05.661302+00:00
23c06e34-367c-47fe-a465-021245396d02,2026-06-10T00:02:05.755153+00:00,419a0f4d-a026-4593-9cbf-f9cf7bba24d5,True,,81987,6593f591-9b25-4fa3-a04d-88968f0ab6fa,purchase_ticket,2026-06-10T00:02:05.755153+00:00,2026-06-09T18:02:05.661302+00:00
23c06e34-367c-47fe-a465-021245396d02,2026-06-10T00:02:05.755153+00:00,1957a6d6-0c7b-4052-a49f-f2d9d04ee6ee,True,,81988,4dccc253-89dd-4aec-8a92-6a704e7410bd,purchase_ticket,2026-06-10T00:02:05.755153+00:00,2026-06-09T18:02:05.661302+00:00
fb340114-8fad-4c30-9b0d-15f8e8e953ff,2026-06-29T23:56:45.457948+00:00,978a1cac-6911-4e16-aa73-ff2ff86883a1,True,,82440,05e9e857-99a8-42d4-a8f6-63fb84c5c31d,purchase_ticket,2026-06-29T23:56:45.457948+00:00,2026-06-29T17:56:45.777961+00:00
fb340114-8fad-4c30-9b0d-15f8e8e953ff,2026-06-29T23:56:45.457948+00:00,d2f5b4c9-c6b3-48eb-99fb-628e7ba52b46,True,,82442,9fa73319-d1b0-445d-af49-9ecceec04f32,purchase_ticket,2026-06-29T23:56:45.457948+00:00,2026-06-29T17:56:45.777961+00:00
8da02079-2207-43e3-a5b5-7ecf967233ef,2026-07-03T23:52:29.239102+00:00,4d78fa7f-8d4e-41ef-8f25-4901f28443de,True,comprobar,463,49b30b08-2fef-402e-8fad-67b9259ab64d,sale_ticket,2026-07-06T14:10:36.32629+00:00,2026-07-06T08:10:39.082338+00:00
8da02079-2207-43e3-a5b5-7ecf967233ef,2026-07-03T23:52:29.239102+00:00,58a28bdc-004f-4163-a132-616b8d4aee51,True,comprobar,453,8e0d74df-7e2b-48d0-a2d7-019b61d32ee2,sale_ticket,2026-07-06T14:10:36.32629+00:00,2026-07-06T08:10:39.082338+00:00
8da02079-2207-43e3-a5b5-7ecf967233ef,2026-07-03T23:52:29.239102+00:00,ab1d5732-3108-46a8-a554-0b2c54fa432d,True,comprobar,406,656ea32d-d092-43a3-ae97-8704deb99c8a,purchase_ticket,2026-07-06T14:10:36.32629+00:00,2026-07-06T08:10:39.082338+00:00
8da02079-2207-43e3-a5b5-7ecf967233ef,2026-07-03T23:52:29.239102+00:00,b76223b9-e022-418d-a23f-ede8382f989b,True,comprobar,452,67e05bcd-0d86-44cc-acb3-31fa9a2579b1,sale_ticket,2026-07-06T14:10:36.32629+00:00,2026-07-06T08:10:39.082338+00:00
46a0eea6-47a2-4844-ae57-d8405454d55d,2026-06-10T23:54:18.295098+00:00,1d195f52-33d8-415f-abc2-0f2a2594a514,True,,19032,05877301-86c0-41e4-ad52-91cf03bd36af,expense_voucher,2026-06-10T23:54:18.295098+00:00,2026-06-10T17:54:19.175905+00:00
46a0eea6-47a2-4844-ae57-d8405454d55d,2026-06-10T23:54:18.295098+00:00,999820c8-8a8f-4740-901d-bf8c9f88ef63,True,,19033,b8f8cb5b-fb52-4088-a8b1-966a311d40b9,expense_voucher,2026-06-10T23:54:18.295098+00:00,2026-06-10T17:54:19.175905+00:00
29afde5d-2255-4158-a91b-30d6bd0fb95e,2026-07-07T23:53:35.635349+00:00,2e7ac872-ac53-42d8-b78f-de58e116bf90,True,,82656,f96eac78-e370-4133-ab2a-939553570530,purchase_ticket,2026-07-07T23:53:35.635349+00:00,2026-07-07T17:53:35.851268+00:00
46a0eea6-47a2-4844-ae57-d8405454d55d,2026-06-10T23:54:18.295098+00:00,ce2fdd21-3b06-438e-8bdb-ba10162260b7,True,,19035,2d2029ac-1eba-4ecd-817b-0072a766d0cd,expense_voucher,2026-06-10T23:54:18.295098+00:00,2026-06-10T17:54:19.175905+00:00
46a0eea6-47a2-4844-ae57-d8405454d55d,2026-06-10T23:54:18.295098+00:00,26e5ce0a-0e93-4d62-8aca-3fffea7de333,True,,19036,afda5396-3624-42b9-8442-4cef59b06a7d,expense_voucher,2026-06-10T23:54:18.295098+00:00,2026-06-10T17:54:19.175905+00:00
46a0eea6-47a2-4844-ae57-d8405454d55d,2026-06-10T23:54:18.295098+00:00,acb89082-813a-4f7d-8fd1-31f0c241f240,True,,19037,3bdca3dc-9b88-4809-815d-79ce3620fec9,expense_voucher,2026-06-10T23:54:18.295098+00:00,2026-06-10T17:54:19.175905+00:00
46a0eea6-47a2-4844-ae57-d8405454d55d,2026-06-10T23:54:18.295098+00:00,f283796f-6ef7-48d5-aa22-448bad82cc70,True,,19038,fa206091-1041-4b6d-accc-76526d4e75c0,expense_voucher,2026-06-10T23:54:18.295098+00:00,2026-06-10T17:54:19.175905+00:00
46a0eea6-47a2-4844-ae57-d8405454d55d,2026-06-10T23:54:18.295098+00:00,e9b4b8e9-9c86-4d02-ab09-69bb665e69a7,True,,19039,2bcc2ba2-b59f-4c31-b08b-ae07a243e2db,expense_voucher,2026-06-10T23:54:18.295098+00:00,2026-06-10T17:54:19.175905+00:00
46a0eea6-47a2-4844-ae57-d8405454d55d,2026-06-10T23:54:18.295098+00:00,bf3790c4-40e6-4072-8d82-85582879e822,True,,19040,69004247-73d7-4d0e-91a2-fad1ad105bce,expense_voucher,2026-06-10T23:54:18.295098+00:00,2026-06-10T17:54:19.175905+00:00
46a0eea6-47a2-4844-ae57-d8405454d55d,2026-06-10T23:54:18.295098+00:00,fa440290-22fd-4da2-aeb8-eab14712867b,True,,19041,7902c695-0cef-4b2f-b536-4e85286fc7e6,expense_voucher,2026-06-10T23:54:18.295098+00:00,2026-06-10T17:54:19.175905+00:00
46a0eea6-47a2-4844-ae57-d8405454d55d,2026-06-10T23:54:18.295098+00:00,4bad9fc6-1270-4e75-bf45-733717ec4f18,True,,19042,ba25e06b-d308-419b-a5c7-0b6b22178c79,expense_voucher,2026-06-10T23:54:18.295098+00:00,2026-06-10T17:54:19.175905+00:00
46a0eea6-47a2-4844-ae57-d8405454d55d,2026-06-10T23:54:18.295098+00:00,5af5542b-1f2f-482e-a0c6-018f6b04acfa,True,,19043,84810fd9-94e3-450f-845a-02c86e776bdb,expense_voucher,2026-06-10T23:54:18.295098+00:00,2026-06-10T17:54:19.175905+00:00
29afde5d-2255-4158-a91b-30d6bd0fb95e,2026-07-07T23:53:35.635349+00:00,9a05d4de-9a46-4739-82e8-f6aae593e181,True,,82660,d13c333c-e535-4d6b-a081-31892d81aab8,purchase_ticket,2026-07-07T23:53:35.635349+00:00,2026-07-07T17:53:35.851268+00:00
46a0eea6-47a2-4844-ae57-d8405454d55d,2026-06-10T23:54:18.295098+00:00,a55f8ec3-180e-46e3-b854-b297d644f8ce,True,,19045,8c28f32d-2852-43f1-a6e2-de6c576355ad,expense_voucher,2026-06-10T23:54:18.295098+00:00,2026-06-10T17:54:19.175905+00:00
46a0eea6-47a2-4844-ae57-d8405454d55d,2026-06-10T23:54:18.295098+00:00,af69ac83-ab1b-42bb-a4c8-7f8dad9fb85b,True,,19046,5e96eefc-cff9-45fc-9b5e-cf5396435b88,expense_voucher,2026-06-10T23:54:18.295098+00:00,2026-06-10T17:54:19.175905+00:00
46a0eea6-47a2-4844-ae57-d8405454d55d,2026-06-10T23:54:18.295098+00:00,6c1cfbc5-b9ca-4105-a094-319978bb6ba9,True,,19047,7d1c3a8c-e24a-4f71-93fb-ff72b8573f46,expense_voucher,2026-06-10T23:54:18.295098+00:00,2026-06-10T17:54:19.175905+00:00
46a0eea6-47a2-4844-ae57-d8405454d55d,2026-06-10T23:54:18.295098+00:00,a0ccbd42-7e46-45e0-9903-af13121e8e13,True,,302,2ce3c299-94c4-4041-8a2b-0b0a76d432b7,deposit_voucher,2026-06-10T23:54:18.295098+00:00,2026-06-10T17:54:19.175905+00:00
46a0eea6-47a2-4844-ae57-d8405454d55d,2026-06-10T23:54:18.295098+00:00,889b2853-5238-4594-b164-095a1f70cfbc,True,,303,346b83e9-f60b-4110-bc44-bc9e07b9e4dc,deposit_voucher,2026-06-10T23:54:18.295098+00:00,2026-06-10T17:54:19.175905+00:00
46a0eea6-47a2-4844-ae57-d8405454d55d,2026-06-10T23:54:18.295098+00:00,9bcec103-4fd7-4697-839b-dff2b6107117,True,,304,6a0c16c9-4981-4612-8245-c7a9c9e7ec59,deposit_voucher,2026-06-10T23:54:18.295098+00:00,2026-06-10T17:54:19.175905+00:00
46a0eea6-47a2-4844-ae57-d8405454d55d,2026-06-10T23:54:18.295098+00:00,9fdccafd-8bc5-436a-8c28-78fa354c110e,True,,305,03c19417-60c0-4750-93bc-f427968aae5e,deposit_voucher,2026-06-10T23:54:18.295098+00:00,2026-06-10T17:54:19.175905+00:00
46a0eea6-47a2-4844-ae57-d8405454d55d,2026-06-10T23:54:18.295098+00:00,09e7ba30-71f0-4f36-b176-1906f4e82fa2,True,,316,588ab8c4-770f-4eb1-b771-70278bbd1b2b,sale_ticket,2026-06-10T23:54:18.295098+00:00,2026-06-10T17:54:19.175905+00:00
46a0eea6-47a2-4844-ae57-d8405454d55d,2026-06-10T23:54:18.295098+00:00,cdb96069-2c60-400f-aa7e-21657c71e099,True,,56842-A,b6ad781a-dcfc-4a7f-aa14-0d1c756e8e29,purchase_ticket,2026-06-10T23:54:18.295098+00:00,2026-06-10T17:54:19.175905+00:00
46a0eea6-47a2-4844-ae57-d8405454d55d,2026-06-10T23:54:18.295098+00:00,bc7299d0-e492-42d1-a85f-9ccd65e64b87,True,,56842-B,d99d6f13-06f5-429b-a4bd-be9ad76b16b3,purchase_ticket,2026-06-10T23:54:18.295098+00:00,2026-06-10T17:54:19.175905+00:00
46a0eea6-47a2-4844-ae57-d8405454d55d,2026-06-10T23:54:18.295098+00:00,34b8f09c-9bb9-4c48-b404-f341c62f7670,True,,56844,291b1bdf-1817-4b11-b2cd-4c3664505bb3,purchase_ticket,2026-06-10T23:54:18.295098+00:00,2026-06-10T17:54:19.175905+00:00
29afde5d-2255-4158-a91b-30d6bd0fb95e,2026-07-07T23:53:35.635349+00:00,eff95397-9867-4830-be0d-dfea6be18280,True,,82661,599ae894-a4c5-4bf0-aec8-cf4e97ac9ba1,purchase_ticket,2026-07-07T23:53:35.635349+00:00,2026-07-07T17:53:35.851268+00:00
46a0eea6-47a2-4844-ae57-d8405454d55d,2026-06-10T23:54:18.295098+00:00,456fe840-5495-4490-83cf-650517b4092b,True,,56845,5fcc7c47-53d8-467b-b2a7-a1cbc3bb5d8f,purchase_ticket,2026-06-10T23:54:18.295098+00:00,2026-06-10T17:54:19.175905+00:00
46a0eea6-47a2-4844-ae57-d8405454d55d,2026-06-10T23:54:18.295098+00:00,dba6ecad-ac3e-4865-9b61-5bc6c53ebc63,True,,56846,4af63c4b-e8f8-4cc8-8e74-802061ab7ee8,purchase_ticket,2026-06-10T23:54:18.295098+00:00,2026-06-10T17:54:19.175905+00:00
46a0eea6-47a2-4844-ae57-d8405454d55d,2026-06-10T23:54:18.295098+00:00,bc57efb6-a0f5-41e6-a6ad-3552a09b4f85,True,,56847,3a87981b-e0ce-4f99-a251-5d0152dff02d,purchase_ticket,2026-06-10T23:54:18.295098+00:00,2026-06-10T17:54:19.175905+00:00
46a0eea6-47a2-4844-ae57-d8405454d55d,2026-06-10T23:54:18.295098+00:00,1a4222d6-3a5a-4e73-ba09-d4cbf5517ad1,True,,56848,bb22e3a4-786c-492f-9c8f-62fdefe2f86a,purchase_ticket,2026-06-10T23:54:18.295098+00:00,2026-06-10T17:54:19.175905+00:00
46a0eea6-47a2-4844-ae57-d8405454d55d,2026-06-10T23:54:18.295098+00:00,214436bf-2d43-490a-ad34-bb3c212cea35,True,,56849,a054afbf-7bae-4c14-bea0-e9e1e5204b9a,purchase_ticket,2026-06-10T23:54:18.295098+00:00,2026-06-10T17:54:19.176898+00:00
46a0eea6-47a2-4844-ae57-d8405454d55d,2026-06-10T23:54:18.295098+00:00,ed7d033f-c5b4-4798-ae29-a764c7855cb8,True,,56850,30dde03f-33f6-4c26-a5a7-99451d36858a,purchase_ticket,2026-06-10T23:54:18.295098+00:00,2026-06-10T17:54:19.176898+00:00
46a0eea6-47a2-4844-ae57-d8405454d55d,2026-06-10T23:54:18.295098+00:00,c5e4ed05-3014-4342-a065-da937ba2f283,True,,56852,d17aeec4-a6f5-46c0-8d30-bd302ba8be86,purchase_ticket,2026-06-10T23:54:18.295098+00:00,2026-06-10T17:54:19.176898+00:00
46a0eea6-47a2-4844-ae57-d8405454d55d,2026-06-10T23:54:18.295098+00:00,b407e95e-98fa-44e7-8c31-8027290c18f4,True,,56853,c180a562-48d1-4d60-9ea0-6dae9b7d8a22,purchase_ticket,2026-06-10T23:54:18.295098+00:00,2026-06-10T17:54:19.176898+00:00
46a0eea6-47a2-4844-ae57-d8405454d55d,2026-06-10T23:54:18.295098+00:00,05560460-5518-43de-b178-eb864039887c,True,,56854,1c1212df-1884-48d1-a228-d057c7f9d92e,purchase_ticket,2026-06-10T23:54:18.295098+00:00,2026-06-10T17:54:19.176898+00:00
46a0eea6-47a2-4844-ae57-d8405454d55d,2026-06-10T23:54:18.295098+00:00,d36fa34e-cf41-437d-b4ac-2958addd1d6a,True,,56856,9dc9883d-6b8f-4965-b9d4-a5b3e958a6ac,purchase_ticket,2026-06-10T23:54:18.295098+00:00,2026-06-10T17:54:19.176898+00:00
46a0eea6-47a2-4844-ae57-d8405454d55d,2026-06-10T23:54:18.295098+00:00,6b7bd0cb-0499-4c10-a511-b66b01ed538a,True,,56857,b095dc36-5b49-435a-9d63-6fd2744d273d,purchase_ticket,2026-06-10T23:54:18.295098+00:00,2026-06-10T17:54:19.176898+00:00
46a0eea6-47a2-4844-ae57-d8405454d55d,2026-06-10T23:54:18.295098+00:00,f6a87ce4-6fbd-411e-93c1-883b1436f972,True,,56858,e778ecc2-7626-4a62-b1ae-ce946ee7b7da,purchase_ticket,2026-06-10T23:54:18.295098+00:00,2026-06-10T17:54:19.176898+00:00
46a0eea6-47a2-4844-ae57-d8405454d55d,2026-06-10T23:54:18.295098+00:00,a4573447-8675-4e67-a656-0847b62e7484,True,,56859,097696a8-b35c-44d4-820a-800529b7ae06,purchase_ticket,2026-06-10T23:54:18.295098+00:00,2026-06-10T17:54:19.176898+00:00
46a0eea6-47a2-4844-ae57-d8405454d55d,2026-06-10T23:54:18.295098+00:00,b78a5845-7c5d-454e-8f31-c43e9091ac07,True,,56860,7e8e2e33-765d-49f1-9b04-8f7dbfc9ceb0,purchase_ticket,2026-06-10T23:54:18.295098+00:00,2026-06-10T17:54:19.176898+00:00
46a0eea6-47a2-4844-ae57-d8405454d55d,2026-06-10T23:54:18.295098+00:00,07f4cc37-b3bd-4e9e-b2d5-f57ff6eccbea,True,,56862,1e2d1dc3-d600-443b-900e-684267363fe3,purchase_ticket,2026-06-10T23:54:18.295098+00:00,2026-06-10T17:54:19.176898+00:00
46a0eea6-47a2-4844-ae57-d8405454d55d,2026-06-10T23:54:18.295098+00:00,90af2831-0e80-4474-bfae-bf8fa1a14cd7,True,,56863,860c32ee-5b6a-4352-b835-fe2b59d36d2d,purchase_ticket,2026-06-10T23:54:18.295098+00:00,2026-06-10T17:54:19.176898+00:00
46a0eea6-47a2-4844-ae57-d8405454d55d,2026-06-10T23:54:18.295098+00:00,58a40183-9215-4ee1-99bc-181a87dd3764,True,,56866,3df4b2e5-f919-4a72-b6f1-9a96bf0175bc,purchase_ticket,2026-06-10T23:54:18.295098+00:00,2026-06-10T17:54:19.176898+00:00
46a0eea6-47a2-4844-ae57-d8405454d55d,2026-06-10T23:54:18.295098+00:00,b20c0490-cc76-4719-a937-ad222f2d0080,True,,56867,68268d97-179d-4dd0-b512-da20041bcd85,purchase_ticket,2026-06-10T23:54:18.295098+00:00,2026-06-10T17:54:19.176898+00:00
46a0eea6-47a2-4844-ae57-d8405454d55d,2026-06-10T23:54:18.295098+00:00,a0c15790-449d-4523-a123-1a805e062e1f,True,,56871,07a66e62-7a38-49f8-9d8b-ceb968b6dd39,purchase_ticket,2026-06-10T23:54:18.295098+00:00,2026-06-10T17:54:19.176898+00:00
46a0eea6-47a2-4844-ae57-d8405454d55d,2026-06-10T23:54:18.295098+00:00,097b6019-7696-4f77-afb6-6a934a12c1f8,True,,56874,b07b5a88-9003-430e-b65b-e125060e8f1e,purchase_ticket,2026-06-10T23:54:18.295098+00:00,2026-06-10T17:54:19.176898+00:00
46a0eea6-47a2-4844-ae57-d8405454d55d,2026-06-10T23:54:18.295098+00:00,fdcd6d69-c629-4bf5-aac6-cc7b652debab,True,,56876,26ad1242-9fbe-4a64-9b4f-f19b7811926f,purchase_ticket,2026-06-10T23:54:18.295098+00:00,2026-06-10T17:54:19.176898+00:00
46a0eea6-47a2-4844-ae57-d8405454d55d,2026-06-10T23:54:18.295098+00:00,2b626d5d-d066-40ca-9603-5c6ceb340f4c,True,,56877,549e7534-e3ee-4d72-83af-0ce3c3d7788e,purchase_ticket,2026-06-10T23:54:18.295098+00:00,2026-06-10T17:54:19.176898+00:00
46a0eea6-47a2-4844-ae57-d8405454d55d,2026-06-10T23:54:18.295098+00:00,f7d4fd66-afeb-4a68-862d-4913ea038759,True,,56878,70a3cbab-67c0-411e-85f5-2c9cb6220538,purchase_ticket,2026-06-10T23:54:18.295098+00:00,2026-06-10T17:54:19.176898+00:00
46a0eea6-47a2-4844-ae57-d8405454d55d,2026-06-10T23:54:18.295098+00:00,95ee84fd-5833-4ef0-aa84-7c846f2c3314,True,,56879,a1360196-7873-473f-8e05-2d2d84de2524,purchase_ticket,2026-06-10T23:54:18.295098+00:00,2026-06-10T17:54:19.176898+00:00
46a0eea6-47a2-4844-ae57-d8405454d55d,2026-06-10T23:54:18.295098+00:00,1ddf43ce-481b-456b-a617-53a3fcd6854b,True,,56880,975160d9-89a6-43b9-826a-86ab6210cb11,purchase_ticket,2026-06-10T23:54:18.295098+00:00,2026-06-10T17:54:19.176898+00:00
46a0eea6-47a2-4844-ae57-d8405454d55d,2026-06-10T23:54:18.295098+00:00,773058ee-dd81-4a85-bb0a-ef2d0fcf8698,True,,56883,ad7f2c79-6a9f-44be-924d-e8911f097d9d,purchase_ticket,2026-06-10T23:54:18.295098+00:00,2026-06-10T17:54:19.176898+00:00
46a0eea6-47a2-4844-ae57-d8405454d55d,2026-06-10T23:54:18.295098+00:00,597cc64f-d3bc-41f8-b445-cdea21ed6b8c,True,,56884,404aeb57-6d04-46d5-a33b-12510de3dbb0,purchase_ticket,2026-06-10T23:54:18.295098+00:00,2026-06-10T17:54:19.176898+00:00
46a0eea6-47a2-4844-ae57-d8405454d55d,2026-06-10T23:54:18.295098+00:00,6f80e0ed-b4e0-462d-9f52-714cbe035e1c,True,,56885,ec4d597d-435b-4f68-8662-cef63e370576,purchase_ticket,2026-06-10T23:54:18.295098+00:00,2026-06-10T17:54:19.176898+00:00
46a0eea6-47a2-4844-ae57-d8405454d55d,2026-06-10T23:54:18.295098+00:00,5113d3dc-c7cb-4752-b4f3-c54863db0c26,True,,56886,76756cea-6f9e-43aa-972b-b97bc181a268,purchase_ticket,2026-06-10T23:54:18.295098+00:00,2026-06-10T17:54:19.176898+00:00
46a0eea6-47a2-4844-ae57-d8405454d55d,2026-06-10T23:54:18.295098+00:00,545c51db-eae2-4bed-a142-3e62f702cb42,True,,56887,bc53f549-a991-4d13-b8df-e1f59faf55d1,purchase_ticket,2026-06-10T23:54:18.295098+00:00,2026-06-10T17:54:19.176898+00:00
46a0eea6-47a2-4844-ae57-d8405454d55d,2026-06-10T23:54:18.295098+00:00,403ebb5b-1b08-4653-8d50-fc36c1fb2653,True,,56888,89d56aa6-eaf3-4a02-96d6-33f41860d15b,purchase_ticket,2026-06-10T23:54:18.295098+00:00,2026-06-10T17:54:19.176898+00:00
46a0eea6-47a2-4844-ae57-d8405454d55d,2026-06-10T23:54:18.295098+00:00,af44dc56-19eb-4ab0-9342-36742d7d7cbc,True,,56889,b5bf3f6a-be42-48a4-a9b3-03452b996505,purchase_ticket,2026-06-10T23:54:18.295098+00:00,2026-06-10T17:54:19.176898+00:00
46a0eea6-47a2-4844-ae57-d8405454d55d,2026-06-10T23:54:18.295098+00:00,4d0030fe-ae18-4a75-8d80-e350ea2b1abd,True,,56890,5e81c72d-ca4f-4725-92ba-94ddb7491239,purchase_ticket,2026-06-10T23:54:18.295098+00:00,2026-06-10T17:54:19.176898+00:00
46a0eea6-47a2-4844-ae57-d8405454d55d,2026-06-10T23:54:18.295098+00:00,c8fc06a9-e9f0-400e-ae51-2500c09f81d8,True,,56892,7287fff7-46cd-4501-a60e-68b47d8ac618,purchase_ticket,2026-06-10T23:54:18.295098+00:00,2026-06-10T17:54:19.176898+00:00
46a0eea6-47a2-4844-ae57-d8405454d55d,2026-06-10T23:54:18.295098+00:00,c8462b15-0e7c-40f1-8621-7defed7391e7,True,,56893,cae16162-2a2e-419e-bcfa-7cb9f9fe9024,purchase_ticket,2026-06-10T23:54:18.295098+00:00,2026-06-10T17:54:19.176898+00:00
46a0eea6-47a2-4844-ae57-d8405454d55d,2026-06-10T23:54:18.295098+00:00,8e2e5383-cf59-4a38-911b-9bd08c797509,True,,56895,acd3334b-287e-4940-abfa-f427999f47f8,purchase_ticket,2026-06-10T23:54:18.295098+00:00,2026-06-10T17:54:19.176898+00:00
46a0eea6-47a2-4844-ae57-d8405454d55d,2026-06-10T23:54:18.295098+00:00,92e68ccf-c0bb-4ae6-8555-2aafa416821f,True,,56896,4381caf8-6fd5-4b2d-859f-4d0c823fd4dc,purchase_ticket,2026-06-10T23:54:18.295098+00:00,2026-06-10T17:54:19.176898+00:00
46a0eea6-47a2-4844-ae57-d8405454d55d,2026-06-10T23:54:18.295098+00:00,f700722e-f23d-46d7-a2d9-6fc0a2bc44b9,True,,56897,72c4b1bb-b3ef-4431-9fc9-123a8251994c,purchase_ticket,2026-06-10T23:54:18.295098+00:00,2026-06-10T17:54:19.176898+00:00
46a0eea6-47a2-4844-ae57-d8405454d55d,2026-06-10T23:54:18.295098+00:00,0a55cd37-1ed3-4f8f-9a1a-161cb97d03da,True,,56900,0cbf0baa-9585-4254-8a5a-b18eef753c95,purchase_ticket,2026-06-10T23:54:18.295098+00:00,2026-06-10T17:54:19.176898+00:00
46a0eea6-47a2-4844-ae57-d8405454d55d,2026-06-10T23:54:18.295098+00:00,ea073768-0d6f-49ef-bc42-e09092a099f3,True,,81789,8ce7714e-3055-484b-acf0-c19327acb9d0,purchase_ticket,2026-06-10T23:54:18.295098+00:00,2026-06-10T17:54:19.176898+00:00
46a0eea6-47a2-4844-ae57-d8405454d55d,2026-06-10T23:54:18.295098+00:00,43892408-b044-434a-b464-d619bf772f00,True,,81933,cfc84d1a-6a7a-4062-90fa-593c9e04fc2d,purchase_ticket,2026-06-10T23:54:18.295098+00:00,2026-06-10T17:54:19.176898+00:00
46a0eea6-47a2-4844-ae57-d8405454d55d,2026-06-10T23:54:18.295098+00:00,c7d4f2a7-519b-4db6-bb6b-385369fddb53,True,,81952,a8e5ec3c-8bcb-45f1-aa24-1d3d4bbdb410,purchase_ticket,2026-06-10T23:54:18.295098+00:00,2026-06-10T17:54:19.176898+00:00
46a0eea6-47a2-4844-ae57-d8405454d55d,2026-06-10T23:54:18.295098+00:00,a1419150-b15d-43ed-ab88-a1a19dbf0346,True,,81954,96727f5a-00b6-494d-a6fb-e5b04a3a21cc,purchase_ticket,2026-06-10T23:54:18.295098+00:00,2026-06-10T17:54:19.177896+00:00
10323ff4-e2ad-4e4c-be31-59425a49d7e1,2026-06-11T21:22:11.009862+00:00,3838f826-cd5c-4ce7-bcc8-21e15b9d1702,True,,19044,bab66c4d-b7f8-46fc-a6da-a4a87c699894,expense_voucher,2026-06-11T21:22:11.009862+00:00,2026-06-11T15:22:12.159102+00:00
10323ff4-e2ad-4e4c-be31-59425a49d7e1,2026-06-11T21:22:11.009862+00:00,048c6a1e-fdd5-4694-a515-ec0839952011,True,,19010,4ddac877-e30b-4da4-b357-31143c097bac,expense_voucher,2026-06-11T21:22:11.009862+00:00,2026-06-11T15:22:12.159102+00:00
10323ff4-e2ad-4e4c-be31-59425a49d7e1,2026-06-11T21:22:11.009862+00:00,24f354df-b20c-48ce-9275-39be676e603d,True,,19012,2744b3ae-ccf2-4f38-93e1-79bc49f52878,expense_voucher,2026-06-11T21:22:11.009862+00:00,2026-06-11T15:22:12.159102+00:00
10323ff4-e2ad-4e4c-be31-59425a49d7e1,2026-06-11T21:22:11.009862+00:00,dba1984f-a0e5-404e-aaae-4e059e2ee82b,True,,19029,7a1786d8-aa1a-45ff-8065-4f6da32e8139,expense_voucher,2026-06-11T21:22:11.009862+00:00,2026-06-11T15:22:12.159102+00:00
10323ff4-e2ad-4e4c-be31-59425a49d7e1,2026-06-11T21:22:11.009862+00:00,fe385dc5-8a4b-4b87-819b-0664669712ad,True,,19030,fcfde219-ac89-402a-b6ee-71f1bf838fc4,expense_voucher,2026-06-11T21:22:11.009862+00:00,2026-06-11T15:22:12.159102+00:00
10323ff4-e2ad-4e4c-be31-59425a49d7e1,2026-06-11T21:22:11.009862+00:00,716a94b2-62fa-4310-baad-1a66f407890b,True,,19031,6abd5d13-fdc1-4606-b39c-c315ea787e03,expense_voucher,2026-06-11T21:22:11.009862+00:00,2026-06-11T15:22:12.159102+00:00
10323ff4-e2ad-4e4c-be31-59425a49d7e1,2026-06-11T21:22:11.009862+00:00,0400898f-8c25-4db9-9e26-396615bc05af,True,,19034,965ee695-f96d-4a55-9aa7-8c609527e794,expense_voucher,2026-06-11T21:22:11.009862+00:00,2026-06-11T15:22:12.159102+00:00
10323ff4-e2ad-4e4c-be31-59425a49d7e1,2026-06-11T21:22:11.009862+00:00,f528d49c-05d0-48e3-b774-b2ce3076bac0,True,,19005,d939c34a-f2f5-41ec-afe3-eaefb41448d1,expense_voucher,2026-06-11T21:22:11.009862+00:00,2026-06-11T15:22:12.159102+00:00
10323ff4-e2ad-4e4c-be31-59425a49d7e1,2026-06-11T21:22:11.009862+00:00,94f72fe5-fc99-4d89-bb71-d9b8b6ba48ca,True,,19048,1eeed431-afcd-4fa0-8e66-38946ce6f67e,expense_voucher,2026-06-11T21:22:11.009862+00:00,2026-06-11T15:22:12.160079+00:00
10323ff4-e2ad-4e4c-be31-59425a49d7e1,2026-06-11T21:22:11.009862+00:00,2824323b-a978-4513-9e01-a3bd2066eac6,True,,19049,898c0bc2-186e-4919-b5dd-0db98a0c95ca,expense_voucher,2026-06-11T21:22:11.009862+00:00,2026-06-11T15:22:12.160079+00:00
10323ff4-e2ad-4e4c-be31-59425a49d7e1,2026-06-11T21:22:11.009862+00:00,3cb1cb8e-a818-4f53-b015-5de832823e21,True,,19050,43c9df2c-13c0-45da-8fe2-0c3e62243aa3,expense_voucher,2026-06-11T21:22:11.009862+00:00,2026-06-11T15:22:12.160079+00:00
10323ff4-e2ad-4e4c-be31-59425a49d7e1,2026-06-11T21:22:11.009862+00:00,d5f7653c-01c0-422f-9d8d-dc5340b6a04d,True,,19051,8d678063-a3c2-4b60-a383-50de90f3c58f,expense_voucher,2026-06-11T21:22:11.009862+00:00,2026-06-11T15:22:12.160079+00:00
10323ff4-e2ad-4e4c-be31-59425a49d7e1,2026-06-11T21:22:11.009862+00:00,d894e4d7-7803-47cf-b509-f9af3a82be98,True,,306,4de24bf5-a15e-4828-9a66-d8d8ad038019,deposit_voucher,2026-06-11T21:22:11.009862+00:00,2026-06-11T15:22:12.160079+00:00
10323ff4-e2ad-4e4c-be31-59425a49d7e1,2026-06-11T21:22:11.009862+00:00,82553d75-0f09-4b27-b7ed-d162004d7fb9,True,,307,2fbd24ee-079b-46c6-b213-50c01cb8e2f0,deposit_voucher,2026-06-11T21:22:11.009862+00:00,2026-06-11T15:22:12.160079+00:00
10323ff4-e2ad-4e4c-be31-59425a49d7e1,2026-06-11T21:22:11.009862+00:00,1e03eb85-5449-4740-a671-b0e639e0c535,True,,0321,9429d9ef-4f77-4703-8812-61f352ad266c,sale_ticket,2026-06-11T21:22:11.009862+00:00,2026-06-11T15:22:12.160079+00:00
10323ff4-e2ad-4e4c-be31-59425a49d7e1,2026-06-11T21:22:11.009862+00:00,d5cb099a-ca86-4313-b0a6-2d46192867e2,True,,0322,e0e76c2b-d795-40d9-96ed-f940a2683603,sale_ticket,2026-06-11T21:22:11.009862+00:00,2026-06-11T15:22:12.160079+00:00
10323ff4-e2ad-4e4c-be31-59425a49d7e1,2026-06-11T21:22:11.009862+00:00,93c4bec8-0904-421c-8eb7-d1fcef273e73,True,,0324,d0973f91-3a62-4c3e-b848-1e6281693f44,sale_ticket,2026-06-11T21:22:11.009862+00:00,2026-06-11T15:22:12.160079+00:00
10323ff4-e2ad-4e4c-be31-59425a49d7e1,2026-06-11T21:22:11.009862+00:00,0b5851d6-6563-4bca-a2f3-ede634189ae0,True,,78968,457144bb-6896-49b5-a49b-9b8413966f1d,sale_ticket,2026-06-11T21:22:11.009862+00:00,2026-06-11T15:22:12.160079+00:00
10323ff4-e2ad-4e4c-be31-59425a49d7e1,2026-06-11T21:22:11.009862+00:00,fbbb9d03-f80f-46c9-894c-afe10d4462a8,True,,56882-A,2ccf9761-ded4-44a0-af4e-85f034e6a13e,purchase_ticket,2026-06-11T21:22:11.009862+00:00,2026-06-11T15:22:12.160079+00:00
10323ff4-e2ad-4e4c-be31-59425a49d7e1,2026-06-11T21:22:11.009862+00:00,144fdb59-e12e-44d6-87b3-7d6485044327,True,,56882-B,ef09f8e9-1258-4b29-a91e-f47a619d082a,purchase_ticket,2026-06-11T21:22:11.009862+00:00,2026-06-11T15:22:12.160079+00:00
10323ff4-e2ad-4e4c-be31-59425a49d7e1,2026-06-11T21:22:11.009862+00:00,c6d38a70-6d11-4b47-bd0f-375251373e9f,True,,56904,46f6b615-d842-436e-b4b3-3faf7eb9929f,purchase_ticket,2026-06-11T21:22:11.009862+00:00,2026-06-11T15:22:12.160079+00:00
10323ff4-e2ad-4e4c-be31-59425a49d7e1,2026-06-11T21:22:11.009862+00:00,ca97da96-ddfb-4569-8d38-80322c0316b8,True,,56908,1ec4debf-cf3e-481c-98ca-7ddfa694d269,purchase_ticket,2026-06-11T21:22:11.009862+00:00,2026-06-11T15:22:12.160079+00:00
10323ff4-e2ad-4e4c-be31-59425a49d7e1,2026-06-11T21:22:11.009862+00:00,17f5cd45-8ba5-428e-b591-dddfe150ae13,True,,56910,4db6e4d8-6d81-4981-99de-3cc8d99e3990,purchase_ticket,2026-06-11T21:22:11.009862+00:00,2026-06-11T15:22:12.160079+00:00
10323ff4-e2ad-4e4c-be31-59425a49d7e1,2026-06-11T21:22:11.009862+00:00,3d396b7d-241a-4cf6-bca2-d8a7f29894ad,True,,56911,4dade304-a853-43eb-973c-ed17e585ed1b,purchase_ticket,2026-06-11T21:22:11.009862+00:00,2026-06-11T15:22:12.160079+00:00
10323ff4-e2ad-4e4c-be31-59425a49d7e1,2026-06-11T21:22:11.009862+00:00,d2e531a3-e927-4a40-ad3c-088cff08021c,True,,56912,266eecb2-7e6c-492d-9315-159f9a604d49,purchase_ticket,2026-06-11T21:22:11.009862+00:00,2026-06-11T15:22:12.160079+00:00
10323ff4-e2ad-4e4c-be31-59425a49d7e1,2026-06-11T21:22:11.009862+00:00,f62ebd65-3bf0-4935-bad6-120a50413620,True,,56913,37a35683-b93c-4175-9c99-5462515b89e1,purchase_ticket,2026-06-11T21:22:11.009862+00:00,2026-06-11T15:22:12.160079+00:00
10323ff4-e2ad-4e4c-be31-59425a49d7e1,2026-06-11T21:22:11.009862+00:00,4e3fabf7-33ba-46bd-9a1a-058485912b68,True,,56914,bf9a4194-60fc-4ade-91ae-dbd6e67dc6d2,purchase_ticket,2026-06-11T21:22:11.009862+00:00,2026-06-11T15:22:12.160079+00:00
10323ff4-e2ad-4e4c-be31-59425a49d7e1,2026-06-11T21:22:11.009862+00:00,13b4c8e9-0d18-4c94-85ec-d84645c98407,True,,56915,6cdde9ad-e448-4ab6-8ff8-7280fbe3ec9a,purchase_ticket,2026-06-11T21:22:11.009862+00:00,2026-06-11T15:22:12.160079+00:00
10323ff4-e2ad-4e4c-be31-59425a49d7e1,2026-06-11T21:22:11.009862+00:00,d506012c-df85-4dec-a269-9e3db0cf4ad6,True,,56917,62304efa-1117-4fa0-bf8c-c80c5212bad4,purchase_ticket,2026-06-11T21:22:11.009862+00:00,2026-06-11T15:22:12.160079+00:00
10323ff4-e2ad-4e4c-be31-59425a49d7e1,2026-06-11T21:22:11.009862+00:00,b6a4088d-8613-4ff7-863b-b66f862588c3,True,,56918,ae7a95a9-cecd-4795-bc3a-d8f049a20173,purchase_ticket,2026-06-11T21:22:11.009862+00:00,2026-06-11T15:22:12.160079+00:00
10323ff4-e2ad-4e4c-be31-59425a49d7e1,2026-06-11T21:22:11.009862+00:00,86e1ae43-6ab3-4228-b8c5-3538cd7a51e3,True,,56920,ca33f2e9-1220-49e6-b017-1b2eaad73ce6,purchase_ticket,2026-06-11T21:22:11.009862+00:00,2026-06-11T15:22:12.160079+00:00
10323ff4-e2ad-4e4c-be31-59425a49d7e1,2026-06-11T21:22:11.009862+00:00,681b43bb-1447-4117-850e-addcbf4f2018,True,,56921,49988aca-20ce-4b5b-a838-ca0875f05a18,purchase_ticket,2026-06-11T21:22:11.009862+00:00,2026-06-11T15:22:12.160079+00:00
10323ff4-e2ad-4e4c-be31-59425a49d7e1,2026-06-11T21:22:11.009862+00:00,7abf800d-30dd-4a7c-8974-354f63e39a8b,True,,56923,76807930-0515-4b93-a9ab-75ed803ddbd2,purchase_ticket,2026-06-11T21:22:11.009862+00:00,2026-06-11T15:22:12.160079+00:00
10323ff4-e2ad-4e4c-be31-59425a49d7e1,2026-06-11T21:22:11.009862+00:00,30580f83-28e1-4d5c-a37a-18c421daa5df,True,,56924,614e1cca-cea0-42f9-9eb0-7fd34d639bc7,purchase_ticket,2026-06-11T21:22:11.009862+00:00,2026-06-11T15:22:12.160079+00:00
10323ff4-e2ad-4e4c-be31-59425a49d7e1,2026-06-11T21:22:11.009862+00:00,296d469a-9b5e-4fd9-9151-d9cb6415125b,True,,56927,9cf33182-aeaf-46e7-ab1f-afea26baae97,purchase_ticket,2026-06-11T21:22:11.009862+00:00,2026-06-11T15:22:12.160079+00:00
10323ff4-e2ad-4e4c-be31-59425a49d7e1,2026-06-11T21:22:11.009862+00:00,cba0d764-ce30-4520-92c2-6478ad4e14b6,True,,56930,52dfa6ff-5bc8-4345-be0a-db792c58ec7a,purchase_ticket,2026-06-11T21:22:11.009862+00:00,2026-06-11T15:22:12.160079+00:00
10323ff4-e2ad-4e4c-be31-59425a49d7e1,2026-06-11T21:22:11.009862+00:00,124bf459-31e4-426f-a0db-48730dd1de48,True,,56931,08ef70b4-ba4d-4b65-85e1-550991fdf2fe,purchase_ticket,2026-06-11T21:22:11.009862+00:00,2026-06-11T15:22:12.160079+00:00
10323ff4-e2ad-4e4c-be31-59425a49d7e1,2026-06-11T21:22:11.009862+00:00,02c00a99-587e-4e82-9aae-67d49f7f330e,True,,56932,c69b247a-f62e-4b89-86c3-2782b3222de4,purchase_ticket,2026-06-11T21:22:11.009862+00:00,2026-06-11T15:22:12.160079+00:00
10323ff4-e2ad-4e4c-be31-59425a49d7e1,2026-06-11T21:22:11.009862+00:00,3a17be36-b4f9-459c-93fd-3a839f2b8b36,True,,56933,d7e8b10b-3ace-495a-9dac-1adfeefd8965,purchase_ticket,2026-06-11T21:22:11.009862+00:00,2026-06-11T15:22:12.160079+00:00
10323ff4-e2ad-4e4c-be31-59425a49d7e1,2026-06-11T21:22:11.009862+00:00,39221bad-6797-4d17-8fb2-ec2b66ed52bf,True,,56934,60160114-d58d-4047-b70b-dcc321f17b20,purchase_ticket,2026-06-11T21:22:11.009862+00:00,2026-06-11T15:22:12.160079+00:00
10323ff4-e2ad-4e4c-be31-59425a49d7e1,2026-06-11T21:22:11.009862+00:00,9eab12c0-3697-4444-a148-8d78c50d2dbd,True,,56937,2479c6c4-591a-4e61-80c6-c859033b66b2,purchase_ticket,2026-06-11T21:22:11.009862+00:00,2026-06-11T15:22:12.160079+00:00
10323ff4-e2ad-4e4c-be31-59425a49d7e1,2026-06-11T21:22:11.009862+00:00,41bf5ab3-ed88-4bc3-93d6-44ae1e754b72,True,,56939,1e4ac557-9a4e-445c-b67a-d02b21ef430f,purchase_ticket,2026-06-11T21:22:11.009862+00:00,2026-06-11T15:22:12.160079+00:00
10323ff4-e2ad-4e4c-be31-59425a49d7e1,2026-06-11T21:22:11.009862+00:00,e1bf4ea7-df13-43dd-9de2-09bb6191fecd,True,,56940,91eaa26e-377a-4dae-876c-4448d4c6f20d,purchase_ticket,2026-06-11T21:22:11.009862+00:00,2026-06-11T15:22:12.160079+00:00
10323ff4-e2ad-4e4c-be31-59425a49d7e1,2026-06-11T21:22:11.009862+00:00,b3da775c-cc7b-43c4-9384-f023aece465d,True,,56941,e1ce8317-01e0-426f-9d98-62999e658ab8,purchase_ticket,2026-06-11T21:22:11.009862+00:00,2026-06-11T15:22:12.160079+00:00
10323ff4-e2ad-4e4c-be31-59425a49d7e1,2026-06-11T21:22:11.009862+00:00,6d1397da-451d-4b1d-a509-55cec0b1cfa9,True,,56942,2a6d381d-48f2-4350-a84c-45a9ea0917b0,purchase_ticket,2026-06-11T21:22:11.009862+00:00,2026-06-11T15:22:12.160079+00:00
10323ff4-e2ad-4e4c-be31-59425a49d7e1,2026-06-11T21:22:11.009862+00:00,59a910b6-74af-410b-99ad-ea1158a7c6ef,True,,56943,a6c4060c-07db-49dd-aa60-53829cb7784e,purchase_ticket,2026-06-11T21:22:11.009862+00:00,2026-06-11T15:22:12.160079+00:00
10323ff4-e2ad-4e4c-be31-59425a49d7e1,2026-06-11T21:22:11.009862+00:00,00cad21c-a698-4843-a2df-a0dcb1c52a27,True,,6064,0bbc2699-badb-431d-b987-07bdcead6b32,purchase_ticket,2026-06-11T21:22:11.009862+00:00,2026-06-11T15:22:12.160079+00:00
07ecb773-ea1d-42f7-ad42-b18406d0fd9a,2026-06-08T23:46:07.499326+00:00,95022c71-97ac-4b05-b7e2-a97d91728d96,True,COMPROBAR,19005,d939c34a-f2f5-41ec-afe3-eaefb41448d1,expense_voucher,2026-06-11T23:57:26.995624+00:00,2026-06-11T17:57:27.919719+00:00
07ecb773-ea1d-42f7-ad42-b18406d0fd9a,2026-06-08T23:46:07.499326+00:00,e80e14c0-c1b5-4575-b26f-cfafa5e2373d,True,COMPROBAR,19010,4ddac877-e30b-4da4-b357-31143c097bac,expense_voucher,2026-06-11T23:57:26.995624+00:00,2026-06-11T17:57:27.919719+00:00
07ecb773-ea1d-42f7-ad42-b18406d0fd9a,2026-06-08T23:46:07.499326+00:00,42ec2741-c452-48e0-8802-51bf857b6fed,True,COMPROBAR,19012,2744b3ae-ccf2-4f38-93e1-79bc49f52878,expense_voucher,2026-06-11T23:57:26.995624+00:00,2026-06-11T17:57:27.919719+00:00
23c06e34-367c-47fe-a465-021245396d02,2026-06-10T00:02:05.755153+00:00,bd33e5f2-f54b-4da6-9212-c8c5c0904618,True,comprobar,19005,d939c34a-f2f5-41ec-afe3-eaefb41448d1,expense_voucher,2026-06-11T23:57:26.995624+00:00,2026-06-11T17:57:27.919719+00:00
23c06e34-367c-47fe-a465-021245396d02,2026-06-10T00:02:05.755153+00:00,b02974d6-9e49-4d49-8d19-d78b25ffeae3,True,comprobar,19010,4ddac877-e30b-4da4-b357-31143c097bac,expense_voucher,2026-06-11T23:57:26.995624+00:00,2026-06-11T17:57:27.919719+00:00
23c06e34-367c-47fe-a465-021245396d02,2026-06-10T00:02:05.755153+00:00,ca8ae6ab-0e11-4002-8da7-790fa2842c46,True,comprobar,19012,2744b3ae-ccf2-4f38-93e1-79bc49f52878,expense_voucher,2026-06-11T23:57:26.995624+00:00,2026-06-11T17:57:27.919719+00:00
46a0eea6-47a2-4844-ae57-d8405454d55d,2026-06-10T23:54:18.295098+00:00,157014d5-7d60-4eea-b22e-6ccd2d7ae951,True,comprobar,19005,d939c34a-f2f5-41ec-afe3-eaefb41448d1,expense_voucher,2026-06-11T23:57:26.995624+00:00,2026-06-11T17:57:27.919719+00:00
46a0eea6-47a2-4844-ae57-d8405454d55d,2026-06-10T23:54:18.295098+00:00,f0887288-d3d5-45c9-99b5-82708ca59db5,True,comprobar,19010,4ddac877-e30b-4da4-b357-31143c097bac,expense_voucher,2026-06-11T23:57:26.995624+00:00,2026-06-11T17:57:27.919719+00:00
46a0eea6-47a2-4844-ae57-d8405454d55d,2026-06-10T23:54:18.295098+00:00,82c8c15c-ea44-4443-9eaa-ec859e8ed3d2,True,comprobar,19012,2744b3ae-ccf2-4f38-93e1-79bc49f52878,expense_voucher,2026-06-11T23:57:26.995624+00:00,2026-06-11T17:57:27.919719+00:00
46a0eea6-47a2-4844-ae57-d8405454d55d,2026-06-10T23:54:18.295098+00:00,f1a062ff-5096-4a1c-b137-291c408d0aa8,True,comprobar,19029,7a1786d8-aa1a-45ff-8065-4f6da32e8139,expense_voucher,2026-06-11T23:57:26.995624+00:00,2026-06-11T17:57:27.919719+00:00
46a0eea6-47a2-4844-ae57-d8405454d55d,2026-06-10T23:54:18.295098+00:00,40203eec-3251-4d0d-8fe7-2d0edbdd98b7,True,comprobar,19030,fcfde219-ac89-402a-b6ee-71f1bf838fc4,expense_voucher,2026-06-11T23:57:26.995624+00:00,2026-06-11T17:57:27.919719+00:00
46a0eea6-47a2-4844-ae57-d8405454d55d,2026-06-10T23:54:18.295098+00:00,22e0d36a-40fd-47f3-9c81-174f53dda6f4,True,comprobar,19031,6abd5d13-fdc1-4606-b39c-c315ea787e03,expense_voucher,2026-06-11T23:57:26.995624+00:00,2026-06-11T17:57:27.919719+00:00
46a0eea6-47a2-4844-ae57-d8405454d55d,2026-06-10T23:54:18.295098+00:00,064cb111-bb19-4724-b14c-4c87eb47351d,True,comprobar,19034,965ee695-f96d-4a55-9aa7-8c609527e794,expense_voucher,2026-06-11T23:57:26.995624+00:00,2026-06-11T17:57:27.919719+00:00
46a0eea6-47a2-4844-ae57-d8405454d55d,2026-06-10T23:54:18.295098+00:00,0ea44410-cd8f-4784-a567-904896bcdb22,True,comprobar,19044,bab66c4d-b7f8-46fc-a6da-a4a87c699894,expense_voucher,2026-06-11T23:57:26.995624+00:00,2026-06-11T17:57:27.919719+00:00
dd291677-6b18-46a9-b485-d6a67c8bab87,2026-06-30T23:49:42.231403+00:00,858d7ae8-895a-466c-80dc-1a7a4bb1792f,True,,19231,d937a706-ba85-4ddd-8b0c-d2cdd7a5f8c7,expense_voucher,2026-06-30T23:49:42.231403+00:00,2026-06-30T17:49:43.271842+00:00
dd291677-6b18-46a9-b485-d6a67c8bab87,2026-06-30T23:49:42.231403+00:00,ced6253c-6f3f-4b83-93d6-8e82e4b2f51a,True,,19226,9400ddad-8e3f-4f69-8ca8-e419b993fa65,expense_voucher,2026-06-30T23:49:42.231403+00:00,2026-06-30T17:49:43.271842+00:00
dd291677-6b18-46a9-b485-d6a67c8bab87,2026-06-30T23:49:42.231403+00:00,1e6f2868-78aa-47ad-a443-f5351d7b30d4,True,,19181,f4c9d5ad-6a73-4f4a-b5b9-e2774b3b9197,expense_voucher,2026-06-30T23:49:42.231403+00:00,2026-06-30T17:49:43.271842+00:00
dd291677-6b18-46a9-b485-d6a67c8bab87,2026-06-30T23:49:42.231403+00:00,b1f6f3c8-7277-4231-b601-52f56e98fc77,True,,19161,178fb544-a6ea-45dd-8613-6efa827ee420,expense_voucher,2026-06-30T23:49:42.231403+00:00,2026-06-30T17:49:43.271842+00:00
dd291677-6b18-46a9-b485-d6a67c8bab87,2026-06-30T23:49:42.231403+00:00,4ddc674a-7d9b-4f86-b5b0-a9f7d1a7caa7,True,,424,6e30adf7-84d9-47a3-993b-507468b8f6ae,sale_ticket,2026-06-30T23:49:42.231403+00:00,2026-06-30T17:49:43.271842+00:00
dd291677-6b18-46a9-b485-d6a67c8bab87,2026-06-30T23:49:42.231403+00:00,c7ae7cc1-9656-4b64-8d58-8813d700a1df,True,,82176,966708b0-14a3-49bd-acbe-6799514f05dd,purchase_ticket,2026-06-30T23:49:42.231403+00:00,2026-06-30T17:49:43.271842+00:00
dd291677-6b18-46a9-b485-d6a67c8bab87,2026-06-30T23:49:42.231403+00:00,d99d0486-622f-4f92-baa7-d9e19464839b,True,,406,656ea32d-d092-43a3-ae97-8704deb99c8a,purchase_ticket,2026-06-30T23:49:42.231403+00:00,2026-06-30T17:49:43.271842+00:00
dd291677-6b18-46a9-b485-d6a67c8bab87,2026-06-30T23:49:42.231403+00:00,46315bac-8198-42b0-bd0c-67609d176359,True,,82338,e4cc32e2-d0bc-442c-b955-27826ca4b8df,purchase_ticket,2026-06-30T23:49:42.231403+00:00,2026-06-30T17:49:43.271842+00:00
dd291677-6b18-46a9-b485-d6a67c8bab87,2026-06-30T23:49:42.231403+00:00,7543c10d-2f7b-4381-a04d-165dbdc62b12,True,,19236,24aa03c1-6508-4709-9891-1079a39023ed,expense_voucher,2026-06-30T23:49:42.231403+00:00,2026-06-30T17:49:43.271842+00:00
dd291677-6b18-46a9-b485-d6a67c8bab87,2026-06-30T23:49:42.231403+00:00,e5f47a3d-f5c6-4ae4-a7c8-f8c9df630df0,True,,19237,dc4f1c88-56c3-4b47-80f7-6fe1feb91e93,expense_voucher,2026-06-30T23:49:42.231403+00:00,2026-06-30T17:49:43.271842+00:00
dd291677-6b18-46a9-b485-d6a67c8bab87,2026-06-30T23:49:42.231403+00:00,c1fd45a2-625a-47ee-883e-c266ed5aaae3,True,,19239,f3b47318-c3f7-4ecc-ae06-b206626caa40,expense_voucher,2026-06-30T23:49:42.231403+00:00,2026-06-30T17:49:43.271842+00:00
dd291677-6b18-46a9-b485-d6a67c8bab87,2026-06-30T23:49:42.231403+00:00,b58a8d83-f97c-499c-966d-9ad87a9a6589,True,,19240,6067b02d-c61a-429d-af77-6712b202518d,expense_voucher,2026-06-30T23:49:42.231403+00:00,2026-06-30T17:49:43.271842+00:00
dd291677-6b18-46a9-b485-d6a67c8bab87,2026-06-30T23:49:42.231403+00:00,e15a4c06-3fe3-4614-a05d-d96ecfcc56ad,True,,19241,5b2d73ec-7d0e-4af3-a48d-57ba984e62ac,expense_voucher,2026-06-30T23:49:42.231403+00:00,2026-06-30T17:49:43.271842+00:00
cab8943a-08fe-416b-8494-113d8e865f63,2026-06-12T00:08:33.204504+00:00,f8e35b6d-eb65-4cb6-a527-b5a7d0902ea3,True,,002,3e2ca310-951b-4368-b03b-9f482cc68fa0,deposit_voucher,2026-06-12T00:08:33.204504+00:00,2026-06-11T18:08:34.281478+00:00
cab8943a-08fe-416b-8494-113d8e865f63,2026-06-12T00:08:33.204504+00:00,4e6c12e7-ffb3-47a7-872e-bc629f3a5af8,True,,308,0f0d772d-a94d-4577-b3ae-8a96715bb25f,deposit_voucher,2026-06-12T00:08:33.204504+00:00,2026-06-11T18:08:34.281478+00:00
cab8943a-08fe-416b-8494-113d8e865f63,2026-06-12T00:08:33.204504+00:00,6ebb1776-4ae2-4af4-952f-03d80d16a02f,True,,19052,bf142926-19b0-4aec-85d8-6878b5a0c0a5,expense_voucher,2026-06-12T00:08:33.204504+00:00,2026-06-11T18:08:34.281478+00:00
cab8943a-08fe-416b-8494-113d8e865f63,2026-06-12T00:08:33.204504+00:00,3f7b60db-635e-4089-8c9a-43976d8dd3b9,True,,19053,c243c1e6-6a54-4e44-a233-094e3d39da08,expense_voucher,2026-06-12T00:08:33.204504+00:00,2026-06-11T18:08:34.281478+00:00
cab8943a-08fe-416b-8494-113d8e865f63,2026-06-12T00:08:33.204504+00:00,e5177e49-2cab-4907-baf3-49413e197f55,True,,19054,60df21e1-02f0-450a-aa8e-232740fe1576,expense_voucher,2026-06-12T00:08:33.204504+00:00,2026-06-11T18:08:34.281478+00:00
cab8943a-08fe-416b-8494-113d8e865f63,2026-06-12T00:08:33.204504+00:00,fd940857-bcd0-4252-8292-be5ec66207ec,True,,56903,d2615822-5584-4528-9baa-b1aaf7b59577,purchase_ticket,2026-06-12T00:08:33.204504+00:00,2026-06-11T18:08:34.281478+00:00
cab8943a-08fe-416b-8494-113d8e865f63,2026-06-12T00:08:33.204504+00:00,164c26a3-ecab-4391-a8e2-7d212ebbf986,True,,56944,7b19b62b-54f8-4b80-a237-34d7ae204fd8,purchase_ticket,2026-06-12T00:08:33.204504+00:00,2026-06-11T18:08:34.281478+00:00
cab8943a-08fe-416b-8494-113d8e865f63,2026-06-12T00:08:33.204504+00:00,51b58091-a712-45c6-8888-df9093ad1dec,True,,56945,1a07541e-1a74-4058-8986-9678d22fd8ea,purchase_ticket,2026-06-12T00:08:33.204504+00:00,2026-06-11T18:08:34.281478+00:00
cab8943a-08fe-416b-8494-113d8e865f63,2026-06-12T00:08:33.204504+00:00,3ce10049-f335-4165-840b-791311a5da7d,True,,56946,a0395ca2-9ea3-4084-97ad-088263a2852d,purchase_ticket,2026-06-12T00:08:33.204504+00:00,2026-06-11T18:08:34.281478+00:00
cab8943a-08fe-416b-8494-113d8e865f63,2026-06-12T00:08:33.204504+00:00,de016506-e0d2-4568-86ce-01b688619619,True,,56949,99b0213a-a302-41ed-ac4b-aa57c2917253,purchase_ticket,2026-06-12T00:08:33.204504+00:00,2026-06-11T18:08:34.281478+00:00
cab8943a-08fe-416b-8494-113d8e865f63,2026-06-12T00:08:33.204504+00:00,84e712e3-46df-4f56-a95f-7bedccf5164d,True,,56956,63f6b8b1-8db6-4ce7-8ec1-27bcb7258640,purchase_ticket,2026-06-12T00:08:33.204504+00:00,2026-06-11T18:08:34.281478+00:00
cab8943a-08fe-416b-8494-113d8e865f63,2026-06-12T00:08:33.204504+00:00,6e8a6c73-ce22-49b5-a286-5edde0f5280b,True,,56958,714cd754-2a0a-459e-8815-3db875acb91e,purchase_ticket,2026-06-12T00:08:33.204504+00:00,2026-06-11T18:08:34.281478+00:00
cab8943a-08fe-416b-8494-113d8e865f63,2026-06-12T00:08:33.204504+00:00,7841e8ae-0191-4041-b851-36d790afd7d5,True,,56959,df8b29ed-ac6b-4537-9730-916709e4d445,purchase_ticket,2026-06-12T00:08:33.204504+00:00,2026-06-11T18:08:34.281478+00:00
cab8943a-08fe-416b-8494-113d8e865f63,2026-06-12T00:08:33.204504+00:00,7b6ebf8c-f77f-4803-8fdc-9ec7165afee8,True,,56963,ef9668c3-7044-434b-85fe-723f8a726d0b,purchase_ticket,2026-06-12T00:08:33.204504+00:00,2026-06-11T18:08:34.281478+00:00
54104f2e-f312-407c-ae36-03d94fc83ea9,2026-06-12T23:54:30.272099+00:00,4b064aba-5ee2-43ff-a254-96326c6afba4,True,,19055,f7331fa8-b5ee-4c02-86a6-fd8624b3f8f6,expense_voucher,2026-06-12T23:54:30.272099+00:00,2026-06-12T17:54:30.213331+00:00
54104f2e-f312-407c-ae36-03d94fc83ea9,2026-06-12T23:54:30.272099+00:00,c01c4181-0eee-46a3-9afb-e9335f7fd169,True,,19056,417f830f-3931-466c-8c71-5e5ee2ad4296,expense_voucher,2026-06-12T23:54:30.272099+00:00,2026-06-12T17:54:30.213331+00:00
54104f2e-f312-407c-ae36-03d94fc83ea9,2026-06-12T23:54:30.272099+00:00,5eafdc14-0f06-46f8-a25d-aa925772b199,True,,19057,0a185966-7e0e-44e5-9191-78d9f8598782,expense_voucher,2026-06-12T23:54:30.272099+00:00,2026-06-12T17:54:30.213331+00:00
54104f2e-f312-407c-ae36-03d94fc83ea9,2026-06-12T23:54:30.272099+00:00,62cbb034-c153-4020-bd70-ab0358d2d06f,True,,19058,88d0b085-c341-45e0-98e2-5744ad268a1a,expense_voucher,2026-06-12T23:54:30.272099+00:00,2026-06-12T17:54:30.214336+00:00
54104f2e-f312-407c-ae36-03d94fc83ea9,2026-06-12T23:54:30.272099+00:00,3221775b-eb26-46a3-be38-8047ab040c79,True,,19059,a025d43d-0e6c-438e-88d0-136f370dab77,expense_voucher,2026-06-12T23:54:30.272099+00:00,2026-06-12T17:54:30.214336+00:00
54104f2e-f312-407c-ae36-03d94fc83ea9,2026-06-12T23:54:30.272099+00:00,f9e001c6-4794-4cf2-a286-8999a8db8467,True,,19060,e5946f81-25a1-4929-a946-b75b955a621d,expense_voucher,2026-06-12T23:54:30.272099+00:00,2026-06-12T17:54:30.214336+00:00
54104f2e-f312-407c-ae36-03d94fc83ea9,2026-06-12T23:54:30.272099+00:00,2573ee99-0ad3-4331-9449-187000afab29,True,,19061,8f784648-2a55-49bb-9d50-e1e59bff3f23,expense_voucher,2026-06-12T23:54:30.272099+00:00,2026-06-12T17:54:30.214336+00:00
54104f2e-f312-407c-ae36-03d94fc83ea9,2026-06-12T23:54:30.272099+00:00,eea3a7b0-1311-4aee-b890-f64c882e90c4,True,,19062,805d873c-dd53-4675-827e-fff8196a2c9c,expense_voucher,2026-06-12T23:54:30.272099+00:00,2026-06-12T17:54:30.214336+00:00
54104f2e-f312-407c-ae36-03d94fc83ea9,2026-06-12T23:54:30.272099+00:00,7b711a79-ba64-4caa-9b16-32a5d68cc90e,True,,19063,45dd9a81-e899-402b-961f-d75f2c473c04,expense_voucher,2026-06-12T23:54:30.272099+00:00,2026-06-12T17:54:30.214336+00:00
54104f2e-f312-407c-ae36-03d94fc83ea9,2026-06-12T23:54:30.272099+00:00,40bb2d9c-e9d0-4451-836e-02eeda15da68,True,,19064,a2c83930-0fa1-4387-aa12-ca1b30dec7cf,expense_voucher,2026-06-12T23:54:30.272099+00:00,2026-06-12T17:54:30.214336+00:00
54104f2e-f312-407c-ae36-03d94fc83ea9,2026-06-12T23:54:30.272099+00:00,43dca1f4-32f0-4ba9-8c57-be22d9398232,True,,19065,c05083c7-7aaf-404a-a062-b91410b9e8e9,expense_voucher,2026-06-12T23:54:30.272099+00:00,2026-06-12T17:54:30.214336+00:00
54104f2e-f312-407c-ae36-03d94fc83ea9,2026-06-12T23:54:30.272099+00:00,e515a755-f22b-4129-9631-285de4157de8,True,,19066,a0464b26-1ee5-42dc-b584-9aea4536428f,expense_voucher,2026-06-12T23:54:30.272099+00:00,2026-06-12T17:54:30.214336+00:00
54104f2e-f312-407c-ae36-03d94fc83ea9,2026-06-12T23:54:30.272099+00:00,445b5535-03a9-4d1a-b7b5-ab09e55fdf56,True,,19067,74aca27f-eacd-4e12-bf03-e50ffccd132d,expense_voucher,2026-06-12T23:54:30.272099+00:00,2026-06-12T17:54:30.214336+00:00
54104f2e-f312-407c-ae36-03d94fc83ea9,2026-06-12T23:54:30.272099+00:00,9e66700a-b737-4547-b06b-4c3c59820fb0,True,,19068,31ecb758-ee43-4086-915b-114c599e6bc9,expense_voucher,2026-06-12T23:54:30.272099+00:00,2026-06-12T17:54:30.214336+00:00
54104f2e-f312-407c-ae36-03d94fc83ea9,2026-06-12T23:54:30.272099+00:00,5c5c1e82-9d3f-48dc-b304-81d23f9477b1,True,,19069,1a73d71a-81ff-4085-b498-c244031a671b,expense_voucher,2026-06-12T23:54:30.272099+00:00,2026-06-12T17:54:30.214336+00:00
54104f2e-f312-407c-ae36-03d94fc83ea9,2026-06-12T23:54:30.272099+00:00,0da26f73-8715-4c42-b47d-200f8082dd60,True,,19070,55f42439-2874-40e9-a2a2-4a4124f20ce6,expense_voucher,2026-06-12T23:54:30.272099+00:00,2026-06-12T17:54:30.214336+00:00
54104f2e-f312-407c-ae36-03d94fc83ea9,2026-06-12T23:54:30.272099+00:00,98280f9b-d04f-4eac-b6c7-00d6a4cb2b22,True,,19071,5a08630b-21c3-4ce4-809d-1b131260352d,expense_voucher,2026-06-12T23:54:30.272099+00:00,2026-06-12T17:54:30.214336+00:00
54104f2e-f312-407c-ae36-03d94fc83ea9,2026-06-12T23:54:30.272099+00:00,a90c81c0-64d9-4e7c-9772-3063117690c8,True,,19072,961aca7c-e8b0-45c0-8e16-21a682899ec2,expense_voucher,2026-06-12T23:54:30.272099+00:00,2026-06-12T17:54:30.214336+00:00
54104f2e-f312-407c-ae36-03d94fc83ea9,2026-06-12T23:54:30.272099+00:00,92acb484-49df-406f-a29a-89d8bd3724b2,True,,19073,c1072cab-77b3-4bd1-bbd1-4347f834857d,expense_voucher,2026-06-12T23:54:30.272099+00:00,2026-06-12T17:54:30.214336+00:00
54104f2e-f312-407c-ae36-03d94fc83ea9,2026-06-12T23:54:30.272099+00:00,7a5195d3-5aa8-4fb8-a475-921644031419,True,,19074,6901665c-d6cf-48a3-b67a-6fbcc0227ce6,expense_voucher,2026-06-12T23:54:30.272099+00:00,2026-06-12T17:54:30.214336+00:00
54104f2e-f312-407c-ae36-03d94fc83ea9,2026-06-12T23:54:30.272099+00:00,b0876a58-d077-4d55-90e9-72d95ad70f4f,True,,19075,7bcd295b-720d-4823-a950-ae356b588fac,expense_voucher,2026-06-12T23:54:30.272099+00:00,2026-06-12T17:54:30.214336+00:00
54104f2e-f312-407c-ae36-03d94fc83ea9,2026-06-12T23:54:30.272099+00:00,f8e3a80a-c701-4651-9e77-9db1a7b7f4b5,True,,19076,cb453b10-b712-4e11-b9c1-c2e17676bd2a,expense_voucher,2026-06-12T23:54:30.272099+00:00,2026-06-12T17:54:30.214336+00:00
54104f2e-f312-407c-ae36-03d94fc83ea9,2026-06-12T23:54:30.272099+00:00,fac5d418-f565-4fea-90f7-a3440ea058e1,True,,19077,abf70533-d4dd-44f4-be65-5c09bf77d590,expense_voucher,2026-06-12T23:54:30.272099+00:00,2026-06-12T17:54:30.214336+00:00
54104f2e-f312-407c-ae36-03d94fc83ea9,2026-06-12T23:54:30.272099+00:00,4fc8855a-4fa4-4441-9161-2ee13eb81fd6,True,,19078,79a7bb72-f54c-41b6-b6b1-2d936710d748,expense_voucher,2026-06-12T23:54:30.272099+00:00,2026-06-12T17:54:30.214336+00:00
54104f2e-f312-407c-ae36-03d94fc83ea9,2026-06-12T23:54:30.272099+00:00,29e2a10b-d72f-457d-a356-07db959ad6cb,True,,19079,fb64f997-d256-421c-b38a-c68b9ae2fda3,expense_voucher,2026-06-12T23:54:30.272099+00:00,2026-06-12T17:54:30.214336+00:00
54104f2e-f312-407c-ae36-03d94fc83ea9,2026-06-12T23:54:30.272099+00:00,375cf185-5986-4554-ae7c-a2ee7f4dcea8,True,,19080,b6575c49-fe38-4d5f-a711-2d5f0119f2f8,expense_voucher,2026-06-12T23:54:30.272099+00:00,2026-06-12T17:54:30.214336+00:00
54104f2e-f312-407c-ae36-03d94fc83ea9,2026-06-12T23:54:30.272099+00:00,10dd9017-e07b-4ec4-9bc2-9fa878f15351,True,,19081,8e0ae1da-af7f-4243-a866-958dce67f8ba,expense_voucher,2026-06-12T23:54:30.272099+00:00,2026-06-12T17:54:30.214336+00:00
54104f2e-f312-407c-ae36-03d94fc83ea9,2026-06-12T23:54:30.272099+00:00,737b3b6e-48ca-4dd6-b353-b3121f13ae71,True,,19082,e9f2ee15-4967-4261-828f-140d31f71b48,expense_voucher,2026-06-12T23:54:30.272099+00:00,2026-06-12T17:54:30.214336+00:00
54104f2e-f312-407c-ae36-03d94fc83ea9,2026-06-12T23:54:30.272099+00:00,2a29ddae-aaba-4fdd-9de2-756bec2d309a,True,,08,3f97e613-5ff0-42bd-b2f8-10175306873d,deposit_voucher,2026-06-12T23:54:30.272099+00:00,2026-06-12T17:54:30.214336+00:00
54104f2e-f312-407c-ae36-03d94fc83ea9,2026-06-12T23:54:30.272099+00:00,457674af-d07a-497c-9fec-209355fe9495,True,,309,e1f1f07f-a4e1-47e0-ab46-2f28671ee53c,deposit_voucher,2026-06-12T23:54:30.272099+00:00,2026-06-12T17:54:30.214336+00:00
54104f2e-f312-407c-ae36-03d94fc83ea9,2026-06-12T23:54:30.272099+00:00,a07085be-0c8c-4bdd-ab53-a4a33d20ac03,True,,310,db142a89-f734-411c-9f5a-b382637c8688,deposit_voucher,2026-06-12T23:54:30.272099+00:00,2026-06-12T17:54:30.214336+00:00
54104f2e-f312-407c-ae36-03d94fc83ea9,2026-06-12T23:54:30.272099+00:00,81fd63bb-13f4-4e14-96d6-14e0b824dc6d,True,,311,081933da-707a-4f81-8925-922d31a76b5a,deposit_voucher,2026-06-12T23:54:30.272099+00:00,2026-06-12T17:54:30.214336+00:00
54104f2e-f312-407c-ae36-03d94fc83ea9,2026-06-12T23:54:30.272099+00:00,8f49f637-f755-4d7f-95ea-8242ffe98065,True,,312,e49f1df3-c53c-40da-bc16-aa90ea0f5cea,deposit_voucher,2026-06-12T23:54:30.272099+00:00,2026-06-12T17:54:30.214336+00:00
54104f2e-f312-407c-ae36-03d94fc83ea9,2026-06-12T23:54:30.272099+00:00,68671fe1-679f-466f-8e18-846cf76314bd,True,,313,e71b2d76-bdd3-4cf2-815a-a5456a27fbf1,deposit_voucher,2026-06-12T23:54:30.272099+00:00,2026-06-12T17:54:30.214336+00:00
54104f2e-f312-407c-ae36-03d94fc83ea9,2026-06-12T23:54:30.272099+00:00,40758bb9-eafe-4e29-a609-6a852081191b,True,,6103,2ab9ba52-7615-4c77-8092-7aa0e20faf35,sale_ticket,2026-06-12T23:54:30.272099+00:00,2026-06-12T17:54:30.214336+00:00
54104f2e-f312-407c-ae36-03d94fc83ea9,2026-06-12T23:54:30.272099+00:00,2eae86b4-88c5-4adb-a70c-adfc3df12ac9,True,,56891,aa710020-fdf2-493f-8fa3-0a3035feb8f2,purchase_ticket,2026-06-12T23:54:30.272099+00:00,2026-06-12T17:54:30.214336+00:00
54104f2e-f312-407c-ae36-03d94fc83ea9,2026-06-12T23:54:30.272099+00:00,0c5735f1-bc8e-411c-b051-43da831bc42f,True,,56922,fafffedb-e57e-42b5-824f-3e46d504e07e,purchase_ticket,2026-06-12T23:54:30.272099+00:00,2026-06-12T17:54:30.214336+00:00
54104f2e-f312-407c-ae36-03d94fc83ea9,2026-06-12T23:54:30.272099+00:00,f05acb1c-f0ef-4f99-858a-a600e752e9ff,True,,56950,e9a3b287-e4d7-4775-b27e-609e73494f76,purchase_ticket,2026-06-12T23:54:30.272099+00:00,2026-06-12T17:54:30.214336+00:00
54104f2e-f312-407c-ae36-03d94fc83ea9,2026-06-12T23:54:30.272099+00:00,bcbfccec-20f0-4a93-9a95-f7ddec8147a3,True,,56951,c95ff3a6-d0c5-4fa5-b810-70bdb2c7a009,purchase_ticket,2026-06-12T23:54:30.272099+00:00,2026-06-12T17:54:30.214336+00:00
54104f2e-f312-407c-ae36-03d94fc83ea9,2026-06-12T23:54:30.272099+00:00,dba1c359-f379-4c58-9c3f-f7676738cd7c,True,,56952,e5a40d7c-107b-4a29-98ce-46682927c655,purchase_ticket,2026-06-12T23:54:30.272099+00:00,2026-06-12T17:54:30.215332+00:00
54104f2e-f312-407c-ae36-03d94fc83ea9,2026-06-12T23:54:30.272099+00:00,7a3bb155-7a02-4ed4-a454-792dffed496d,True,,56954-A,00de938d-1d3b-4cda-88dc-a7020d1e7b2e,purchase_ticket,2026-06-12T23:54:30.272099+00:00,2026-06-12T17:54:30.215332+00:00
54104f2e-f312-407c-ae36-03d94fc83ea9,2026-06-12T23:54:30.272099+00:00,4a6bcfa3-e992-40eb-9ee6-bf743240e4d7,True,,56954-B,95547c64-0b03-4963-8546-607f2095e23b,purchase_ticket,2026-06-12T23:54:30.272099+00:00,2026-06-12T17:54:30.215332+00:00
54104f2e-f312-407c-ae36-03d94fc83ea9,2026-06-12T23:54:30.272099+00:00,0a234f72-43bb-48fd-9912-112c8343fddc,True,,56961,9429e451-020b-45e0-a4da-e78e3a050c7f,purchase_ticket,2026-06-12T23:54:30.272099+00:00,2026-06-12T17:54:30.215332+00:00
54104f2e-f312-407c-ae36-03d94fc83ea9,2026-06-12T23:54:30.272099+00:00,c7e46ee0-ef2f-40b0-a95a-7a2d1dbb5778,True,,56962,20667b80-a9d1-42ca-abef-b181663885cc,purchase_ticket,2026-06-12T23:54:30.272099+00:00,2026-06-12T17:54:30.215332+00:00
54104f2e-f312-407c-ae36-03d94fc83ea9,2026-06-12T23:54:30.272099+00:00,5ba23ae1-6276-4e61-90fa-199ed6d90cc9,True,,56966,f03cc0af-59cf-48f0-a19a-92e21bdb9b55,purchase_ticket,2026-06-12T23:54:30.272099+00:00,2026-06-12T17:54:30.215332+00:00
54104f2e-f312-407c-ae36-03d94fc83ea9,2026-06-12T23:54:30.272099+00:00,d17040b2-54d6-4511-8bcc-1c7e86690917,True,,56968-A,759987c5-09b5-46e9-90c8-bd28fa2904a2,purchase_ticket,2026-06-12T23:54:30.272099+00:00,2026-06-12T17:54:30.215332+00:00
54104f2e-f312-407c-ae36-03d94fc83ea9,2026-06-12T23:54:30.272099+00:00,5cd54530-a68d-43ee-8dc7-d671dca81985,True,,56968-B,9bc08329-ee8a-4575-a7a3-21c1349b728a,purchase_ticket,2026-06-12T23:54:30.272099+00:00,2026-06-12T17:54:30.215332+00:00
54104f2e-f312-407c-ae36-03d94fc83ea9,2026-06-12T23:54:30.272099+00:00,afcc675a-d17e-484f-b186-b7a2dab8d933,True,,56970,586531f2-f25f-46fc-b30c-9b7a57637082,purchase_ticket,2026-06-12T23:54:30.272099+00:00,2026-06-12T17:54:30.215332+00:00
54104f2e-f312-407c-ae36-03d94fc83ea9,2026-06-12T23:54:30.272099+00:00,41c4d73b-9beb-4af4-86de-5c20b8685c5e,True,,56977,d73dfc2a-7b83-4c2b-97b0-1858bb053f2b,purchase_ticket,2026-06-12T23:54:30.272099+00:00,2026-06-12T17:54:30.215332+00:00
54104f2e-f312-407c-ae36-03d94fc83ea9,2026-06-12T23:54:30.272099+00:00,10b32885-6049-43ae-af2a-86c6fa47038d,True,,56979,f7962a22-0c45-46b7-a2b4-ade8b4783056,purchase_ticket,2026-06-12T23:54:30.272099+00:00,2026-06-12T17:54:30.215332+00:00
54104f2e-f312-407c-ae36-03d94fc83ea9,2026-06-12T23:54:30.272099+00:00,e8062731-51ee-4220-a295-29d90d5c3a7b,True,,56980,deeebb29-1d31-4eb6-bbfb-9e75d4eb1ef5,purchase_ticket,2026-06-12T23:54:30.272099+00:00,2026-06-12T17:54:30.215332+00:00
54104f2e-f312-407c-ae36-03d94fc83ea9,2026-06-12T23:54:30.272099+00:00,6086c19f-db54-4ba6-b70b-ad3319b67d25,True,,56981,d939f477-6051-45ab-9a6b-61210b04110f,purchase_ticket,2026-06-12T23:54:30.272099+00:00,2026-06-12T17:54:30.215332+00:00
54104f2e-f312-407c-ae36-03d94fc83ea9,2026-06-12T23:54:30.272099+00:00,27caa142-ff3e-40a7-948b-622b5cb9db34,True,,56982,c8fe1a28-26a4-44ff-a5c0-caeabfda89b3,purchase_ticket,2026-06-12T23:54:30.272099+00:00,2026-06-12T17:54:30.215332+00:00
54104f2e-f312-407c-ae36-03d94fc83ea9,2026-06-12T23:54:30.272099+00:00,99e3547f-997c-4321-9255-6fded2e952bb,True,,56984,6691946a-b55e-4899-82ae-71b42c5c8d94,purchase_ticket,2026-06-12T23:54:30.272099+00:00,2026-06-12T17:54:30.215332+00:00
54104f2e-f312-407c-ae36-03d94fc83ea9,2026-06-12T23:54:30.272099+00:00,43ea56f6-764f-4691-a94d-a9d4d84e5a6a,True,,56986,2501f55b-ebe1-45eb-8cdd-c94a4f4f913f,purchase_ticket,2026-06-12T23:54:30.272099+00:00,2026-06-12T17:54:30.215332+00:00
54104f2e-f312-407c-ae36-03d94fc83ea9,2026-06-12T23:54:30.272099+00:00,d516fe66-519b-418a-9692-8058a1d28fa3,True,,56988,a4e9ff25-b45e-4a60-bc2d-1141dd4dd47b,purchase_ticket,2026-06-12T23:54:30.272099+00:00,2026-06-12T17:54:30.215332+00:00
54104f2e-f312-407c-ae36-03d94fc83ea9,2026-06-12T23:54:30.272099+00:00,2ab00879-2b54-4079-b9dd-2b92c8b452aa,True,,56989,a0d65c2e-12de-4781-bfdb-1ac649d2fb6a,purchase_ticket,2026-06-12T23:54:30.272099+00:00,2026-06-12T17:54:30.215332+00:00
54104f2e-f312-407c-ae36-03d94fc83ea9,2026-06-12T23:54:30.272099+00:00,7c1b1fba-4218-4d04-be83-0356544425e5,True,,56990,098ed496-e80e-4688-afbf-9b9857ee4c89,purchase_ticket,2026-06-12T23:54:30.272099+00:00,2026-06-12T17:54:30.215332+00:00
54104f2e-f312-407c-ae36-03d94fc83ea9,2026-06-12T23:54:30.272099+00:00,2f3b772a-b0f8-4ca1-96af-296c8d91427b,True,,56991,50a94205-d5e1-4d2e-97c3-0ecd4d35f237,purchase_ticket,2026-06-12T23:54:30.272099+00:00,2026-06-12T17:54:30.215332+00:00
54104f2e-f312-407c-ae36-03d94fc83ea9,2026-06-12T23:54:30.272099+00:00,76d60583-60c1-4aeb-b0e8-3afa2b7ba746,True,,56992,0bb78344-0119-4436-8c53-ed889ddd9c66,purchase_ticket,2026-06-12T23:54:30.272099+00:00,2026-06-12T17:54:30.215332+00:00
54104f2e-f312-407c-ae36-03d94fc83ea9,2026-06-12T23:54:30.272099+00:00,a688f628-2154-4fc0-9a39-9b29ec5071f7,True,,56993,a7c6ab42-78dd-4db4-9683-a64cf0bcff7c,purchase_ticket,2026-06-12T23:54:30.272099+00:00,2026-06-12T17:54:30.215332+00:00
54104f2e-f312-407c-ae36-03d94fc83ea9,2026-06-12T23:54:30.272099+00:00,3ffda530-dede-4078-971c-39f9258a5e30,True,,56994,eff82337-2781-4ce3-85f7-442df4bd6022,purchase_ticket,2026-06-12T23:54:30.272099+00:00,2026-06-12T17:54:30.215332+00:00
54104f2e-f312-407c-ae36-03d94fc83ea9,2026-06-12T23:54:30.272099+00:00,9ac20bf7-527f-457b-bbf8-117de0f0f19d,True,,56995,7d1d61a7-0d18-402f-8fa0-60c86856a030,purchase_ticket,2026-06-12T23:54:30.272099+00:00,2026-06-12T17:54:30.215332+00:00
54104f2e-f312-407c-ae36-03d94fc83ea9,2026-06-12T23:54:30.272099+00:00,8e1b96a0-b162-4931-90f5-797a9d079695,True,,56996,15a83f2b-6dab-45b7-b33e-6a3bcc9706ea,purchase_ticket,2026-06-12T23:54:30.272099+00:00,2026-06-12T17:54:30.215332+00:00
54104f2e-f312-407c-ae36-03d94fc83ea9,2026-06-12T23:54:30.272099+00:00,160962ac-90c2-4914-9863-d17905d661f7,True,,56997,8f018d98-16e3-4ba3-af39-c48f87e36d97,purchase_ticket,2026-06-12T23:54:30.272099+00:00,2026-06-12T17:54:30.215332+00:00
54104f2e-f312-407c-ae36-03d94fc83ea9,2026-06-12T23:54:30.272099+00:00,cdd2f847-5746-40dc-a6c3-e3642647b44c,True,,56998,b465d2e0-d235-449e-9a18-596cb3a335e6,purchase_ticket,2026-06-12T23:54:30.272099+00:00,2026-06-12T17:54:30.215332+00:00
54104f2e-f312-407c-ae36-03d94fc83ea9,2026-06-12T23:54:30.272099+00:00,a8a6a8cb-c43e-455a-bb8e-934128186b27,True,,56999,995b8722-a633-4ef2-af05-ed3a6a054c97,purchase_ticket,2026-06-12T23:54:30.272099+00:00,2026-06-12T17:54:30.215332+00:00
54104f2e-f312-407c-ae36-03d94fc83ea9,2026-06-12T23:54:30.272099+00:00,eacf1423-c544-4766-a310-593b4d32a2a3,True,,57001,20d15900-661d-4032-8b04-2756a40fa855,purchase_ticket,2026-06-12T23:54:30.272099+00:00,2026-06-12T17:54:30.215332+00:00
54104f2e-f312-407c-ae36-03d94fc83ea9,2026-06-12T23:54:30.272099+00:00,b4bd300d-d571-4d16-a0ea-913f83282544,True,,57002,c465199e-cbcc-400a-9a36-e250c43a5bb7,purchase_ticket,2026-06-12T23:54:30.272099+00:00,2026-06-12T17:54:30.215332+00:00
54104f2e-f312-407c-ae36-03d94fc83ea9,2026-06-12T23:54:30.272099+00:00,ef445f0a-8dff-4eb7-af33-2f2228986e2d,True,,57003,a3b6f4d9-0950-4a1a-bc3c-2095db85709e,purchase_ticket,2026-06-12T23:54:30.272099+00:00,2026-06-12T17:54:30.215332+00:00
54104f2e-f312-407c-ae36-03d94fc83ea9,2026-06-12T23:54:30.272099+00:00,35ee942c-ec9d-48b2-95c1-978fd5019ec2,True,,57004,5449e4c0-349a-4db5-ab62-174c0aa147ca,purchase_ticket,2026-06-12T23:54:30.272099+00:00,2026-06-12T17:54:30.215332+00:00
54104f2e-f312-407c-ae36-03d94fc83ea9,2026-06-12T23:54:30.272099+00:00,db0076e8-9222-4706-96ac-659b06a6bb33,True,,57007,f6e011ec-d302-4afc-a07c-8037bf17d5c9,purchase_ticket,2026-06-12T23:54:30.272099+00:00,2026-06-12T17:54:30.215332+00:00
54104f2e-f312-407c-ae36-03d94fc83ea9,2026-06-12T23:54:30.272099+00:00,11fd0033-8621-4544-a46e-360b6a858ebb,True,,57009,ad8c45df-24b1-4c65-8322-25e74355e62e,purchase_ticket,2026-06-12T23:54:30.272099+00:00,2026-06-12T17:54:30.215332+00:00
54104f2e-f312-407c-ae36-03d94fc83ea9,2026-06-12T23:54:30.272099+00:00,8888b294-32e5-4564-861a-08f963fcebc8,True,,57010,45a10344-5728-4b60-9e08-03372d36e708,purchase_ticket,2026-06-12T23:54:30.272099+00:00,2026-06-12T17:54:30.215332+00:00
54104f2e-f312-407c-ae36-03d94fc83ea9,2026-06-12T23:54:30.272099+00:00,0401c125-5834-4ae6-83dd-f2d34f654fa7,True,,57011,fdc00bbe-b6ba-4694-93d3-98ef891d6aed,purchase_ticket,2026-06-12T23:54:30.272099+00:00,2026-06-12T17:54:30.215332+00:00
54104f2e-f312-407c-ae36-03d94fc83ea9,2026-06-12T23:54:30.272099+00:00,e56a2dad-0a3e-40f0-9bfa-776f344618bf,True,,57013,20d82f61-3336-4f36-aaf2-4671affdf29c,purchase_ticket,2026-06-12T23:54:30.272099+00:00,2026-06-12T17:54:30.215332+00:00
54104f2e-f312-407c-ae36-03d94fc83ea9,2026-06-12T23:54:30.272099+00:00,89f9a836-1604-4800-ab72-e3b5cbc8c6ec,True,,57014,8d436d15-010d-4d7b-b222-e45784eddb8c,purchase_ticket,2026-06-12T23:54:30.272099+00:00,2026-06-12T17:54:30.21633+00:00
54104f2e-f312-407c-ae36-03d94fc83ea9,2026-06-12T23:54:30.272099+00:00,b1d63e6c-9270-40a3-b58e-338d79ddf353,True,,57016,22444ccf-37f1-4666-a934-3ecd67199eb0,purchase_ticket,2026-06-12T23:54:30.272099+00:00,2026-06-12T17:54:30.21633+00:00
54104f2e-f312-407c-ae36-03d94fc83ea9,2026-06-12T23:54:30.272099+00:00,9c0c3d19-15bc-4115-8cda-65416a1efd61,True,,57017,631e87e3-bdd0-4de1-a0f7-cb073cb276b1,purchase_ticket,2026-06-12T23:54:30.272099+00:00,2026-06-12T17:54:30.21633+00:00
54104f2e-f312-407c-ae36-03d94fc83ea9,2026-06-12T23:54:30.272099+00:00,553f4b12-7fcb-40f6-9d0b-d09be604d4d1,True,,57018,c886a127-5871-4f5a-9528-a55baded086b,purchase_ticket,2026-06-12T23:54:30.272099+00:00,2026-06-12T17:54:30.21633+00:00
54104f2e-f312-407c-ae36-03d94fc83ea9,2026-06-12T23:54:30.272099+00:00,f5221f63-b88b-4c3e-9051-cdca57d20ade,True,,57019,d34c684d-ef52-4421-90db-1dc7236e3473,purchase_ticket,2026-06-12T23:54:30.272099+00:00,2026-06-12T17:54:30.21633+00:00
54104f2e-f312-407c-ae36-03d94fc83ea9,2026-06-12T23:54:30.272099+00:00,37abd535-7333-430c-aa7c-a5d5f4c0f5bd,True,,81956,6d559abf-2121-461d-9331-0db95581d200,purchase_ticket,2026-06-12T23:54:30.272099+00:00,2026-06-12T17:54:30.21633+00:00
54104f2e-f312-407c-ae36-03d94fc83ea9,2026-06-12T23:54:30.272099+00:00,c5e262ab-a20e-4111-b423-8e0e31d0adab,True,,81974,c16de168-36e2-4384-b4ec-964ed0a963d8,purchase_ticket,2026-06-12T23:54:30.272099+00:00,2026-06-12T17:54:30.21633+00:00
54104f2e-f312-407c-ae36-03d94fc83ea9,2026-06-12T23:54:30.272099+00:00,9eba2514-cfcc-4afa-8569-d6698cfe5cd8,True,,82000,5d4ab768-88ec-4312-9b02-b8cc0d4957a1,purchase_ticket,2026-06-12T23:54:30.272099+00:00,2026-06-12T17:54:30.21633+00:00
54104f2e-f312-407c-ae36-03d94fc83ea9,2026-06-12T23:54:30.272099+00:00,0d5a27fd-7130-43e2-a46a-7a862d437cda,True,,82004,cdb319c4-5aec-4465-931d-5c7e7c75d2b9,purchase_ticket,2026-06-12T23:54:30.272099+00:00,2026-06-12T17:54:30.21633+00:00
54104f2e-f312-407c-ae36-03d94fc83ea9,2026-06-12T23:54:30.272099+00:00,b64bed05-5bc7-4c03-9f21-c4a3149134c3,True,,82008,9f492a06-4e28-4dd6-9e24-33f180d91b42,purchase_ticket,2026-06-12T23:54:30.272099+00:00,2026-06-12T17:54:30.21633+00:00
54104f2e-f312-407c-ae36-03d94fc83ea9,2026-06-12T23:54:30.272099+00:00,7b4d9846-2b1a-4b47-94ad-f46b2ab60a5f,True,,82010,03fead10-4918-41e4-9e18-2086e124f60e,purchase_ticket,2026-06-12T23:54:30.272099+00:00,2026-06-12T17:54:30.21633+00:00
54104f2e-f312-407c-ae36-03d94fc83ea9,2026-06-12T23:54:30.272099+00:00,e42146c9-31bc-4905-8dd3-8a732bf0de17,True,,82011,9260f768-c066-49dd-8bbe-e5b387360512,purchase_ticket,2026-06-12T23:54:30.272099+00:00,2026-06-12T17:54:30.21633+00:00
54104f2e-f312-407c-ae36-03d94fc83ea9,2026-06-12T23:54:30.272099+00:00,51dd4e21-54f5-4db9-adfb-cf4e470fa4c4,True,,82013,20c1cea8-556f-4dd0-a9c7-e6060f8256e4,purchase_ticket,2026-06-12T23:54:30.272099+00:00,2026-06-12T17:54:30.21633+00:00
54104f2e-f312-407c-ae36-03d94fc83ea9,2026-06-12T23:54:30.272099+00:00,db869f89-d39e-4b59-b70b-d8acd20bb7c4,True,,82014,6acbff2d-38a8-4a36-b63e-e5919f8be4a1,purchase_ticket,2026-06-12T23:54:30.272099+00:00,2026-06-12T17:54:30.21633+00:00
54104f2e-f312-407c-ae36-03d94fc83ea9,2026-06-12T23:54:30.272099+00:00,77e3e311-9afa-464e-be28-f72331cb3b30,True,,82017,e6cfe6b8-b322-4b1a-85fd-751a31a15b87,purchase_ticket,2026-06-12T23:54:30.272099+00:00,2026-06-12T17:54:30.21633+00:00
54104f2e-f312-407c-ae36-03d94fc83ea9,2026-06-12T23:54:30.272099+00:00,6e1abd58-b83b-4421-9631-bf03ed555cdf,True,,82021,306d8576-5888-497a-a5fa-ca9c9a4e112d,purchase_ticket,2026-06-12T23:54:30.272099+00:00,2026-06-12T17:54:30.21633+00:00
54104f2e-f312-407c-ae36-03d94fc83ea9,2026-06-12T23:54:30.272099+00:00,ff4c5c07-eb2d-4b5f-9942-7181f8f2f243,True,,82023,3d6953a9-65c9-49ae-a81f-60440abd83db,purchase_ticket,2026-06-12T23:54:30.272099+00:00,2026-06-12T17:54:30.21633+00:00
dddce5b3-2d47-4801-b2cb-b0283b802933,2026-06-16T14:11:27.733986+00:00,6d65b119-9351-4d26-8718-474bd1ca6186,True,,19083,aed10087-d623-455c-be14-48f27a4329b0,expense_voucher,2026-06-16T14:11:27.733986+00:00,2026-06-16T08:11:28.586849+00:00
dddce5b3-2d47-4801-b2cb-b0283b802933,2026-06-16T14:11:27.733986+00:00,c0243cf6-f90b-4b38-ace0-202bc90b2d2c,True,,19084,d9fb5423-2767-40ec-b978-8ac0d40f05b5,expense_voucher,2026-06-16T14:11:27.733986+00:00,2026-06-16T08:11:28.586849+00:00
dddce5b3-2d47-4801-b2cb-b0283b802933,2026-06-16T14:11:27.733986+00:00,7ef85b19-b484-4901-9b1b-8c9adbac540f,True,,19085,a10e7b84-9574-42ff-83cb-65c6b8f6e17a,expense_voucher,2026-06-16T14:11:27.733986+00:00,2026-06-16T08:11:28.586849+00:00
dddce5b3-2d47-4801-b2cb-b0283b802933,2026-06-16T14:11:27.733986+00:00,afc22ec9-5ef6-4758-bc92-f9a543342990,True,,19086,7d972735-fde5-4fe8-96ed-72d828ef54da,expense_voucher,2026-06-16T14:11:27.733986+00:00,2026-06-16T08:11:28.586849+00:00
dddce5b3-2d47-4801-b2cb-b0283b802933,2026-06-16T14:11:27.733986+00:00,61ebb6ee-a3bc-4468-a07f-ea2d1440d0f9,True,,19087,8eac35c4-4a25-4f5b-a309-fa88eb541e9a,expense_voucher,2026-06-16T14:11:27.733986+00:00,2026-06-16T08:11:28.586849+00:00
dddce5b3-2d47-4801-b2cb-b0283b802933,2026-06-16T14:11:27.733986+00:00,f3a0c212-2eb4-49a2-8173-c5d0a3a13f94,True,,19088,3b1368a2-f62e-4b28-adfd-bc4db9211df7,expense_voucher,2026-06-16T14:11:27.733986+00:00,2026-06-16T08:11:28.586849+00:00
dddce5b3-2d47-4801-b2cb-b0283b802933,2026-06-16T14:11:27.733986+00:00,c5b87d1e-20f3-44e9-bfa3-e9df496a568e,True,,19089,59d6fb52-8d49-4e75-bc79-d749f3a0b0fb,expense_voucher,2026-06-16T14:11:27.733986+00:00,2026-06-16T08:11:28.586849+00:00
dddce5b3-2d47-4801-b2cb-b0283b802933,2026-06-16T14:11:27.733986+00:00,fd71d63a-02e0-47ee-b33e-8ba5d78866da,True,,19090,ce9a8373-744d-4641-9199-1ca8d5a9a44d,expense_voucher,2026-06-16T14:11:27.733986+00:00,2026-06-16T08:11:28.586849+00:00
dddce5b3-2d47-4801-b2cb-b0283b802933,2026-06-16T14:11:27.733986+00:00,cad8fb57-0754-4f38-9ddf-7f0aa104d788,True,,19091,dd21070c-4f3f-44cb-8076-0d6acdd00271,expense_voucher,2026-06-16T14:11:27.733986+00:00,2026-06-16T08:11:28.586849+00:00
dddce5b3-2d47-4801-b2cb-b0283b802933,2026-06-16T14:11:27.733986+00:00,c10d9a8d-8daf-4146-a313-d004f848e347,True,,19092,a58ac557-e6b6-456a-b0a4-7e7f550a1fa8,expense_voucher,2026-06-16T14:11:27.733986+00:00,2026-06-16T08:11:28.586849+00:00
dd291677-6b18-46a9-b485-d6a67c8bab87,2026-06-30T23:49:42.231403+00:00,d8d988ff-36b4-47b6-9bc4-62699d73fb4e,True,,19242,18d2be16-bf10-4bff-a368-271c6cb3c4af,expense_voucher,2026-06-30T23:49:42.231403+00:00,2026-06-30T17:49:43.271842+00:00
dddce5b3-2d47-4801-b2cb-b0283b802933,2026-06-16T14:11:27.733986+00:00,1063f35e-61b4-4cb1-90c4-1bac698b8623,True,,19094,dc9a2d97-7c10-45d9-a01d-084617d752bc,expense_voucher,2026-06-16T14:11:27.733986+00:00,2026-06-16T08:11:28.586849+00:00
dddce5b3-2d47-4801-b2cb-b0283b802933,2026-06-16T14:11:27.733986+00:00,e09d1bf5-b24b-4bfd-938e-3a0a4cc16ecc,True,,19095,a4e5f738-a545-4386-b8f7-592a986adfdf,expense_voucher,2026-06-16T14:11:27.733986+00:00,2026-06-16T08:11:28.586849+00:00
dddce5b3-2d47-4801-b2cb-b0283b802933,2026-06-16T14:11:27.733986+00:00,ebce05b4-bf59-44ad-a31d-fc718841b39b,True,,314,3b33ed1f-9ba2-4d38-accd-b32246d9dac0,deposit_voucher,2026-06-16T14:11:27.733986+00:00,2026-06-16T08:11:28.586849+00:00
dddce5b3-2d47-4801-b2cb-b0283b802933,2026-06-16T14:11:27.733986+00:00,49342434-2b19-4759-aeff-7c7d5d40e4c2,True,,315,e29d7f6c-acca-4530-b5c8-70d40aa658d4,deposit_voucher,2026-06-16T14:11:27.733986+00:00,2026-06-16T08:11:28.586849+00:00
dddce5b3-2d47-4801-b2cb-b0283b802933,2026-06-16T14:11:27.733986+00:00,9d27fb96-1ea2-494c-ba79-2b0a2355d211,True,,316,338793c7-a4f1-444e-aead-9096a4363f05,deposit_voucher,2026-06-16T14:11:27.733986+00:00,2026-06-16T08:11:28.586849+00:00
dddce5b3-2d47-4801-b2cb-b0283b802933,2026-06-16T14:11:27.733986+00:00,27dce072-b54b-4b34-ad5e-cff22107dc0c,True,,317,c5fed2d4-d107-47f8-bdca-20f8eae4d7ba,deposit_voucher,2026-06-16T14:11:27.733986+00:00,2026-06-16T08:11:28.586849+00:00
dddce5b3-2d47-4801-b2cb-b0283b802933,2026-06-16T14:11:27.733986+00:00,0e2a57fe-70f7-485d-a5b8-7a9f64d844a9,True,,318,94e4ad2d-4c2c-4a70-ad65-0ca34185126f,deposit_voucher,2026-06-16T14:11:27.733986+00:00,2026-06-16T08:11:28.586849+00:00
dddce5b3-2d47-4801-b2cb-b0283b802933,2026-06-16T14:11:27.733986+00:00,a7ca847e-f30e-44f6-9a0b-b888e4d6bb43,True,,342,572fb530-d897-4703-950f-4cc874f9345d,sale_ticket,2026-06-16T14:11:27.733986+00:00,2026-06-16T08:11:28.586849+00:00
dddce5b3-2d47-4801-b2cb-b0283b802933,2026-06-16T14:11:27.733986+00:00,e850ff9c-abf4-44b9-921d-07e9232212c6,True,,56948,cbe12652-a301-48e4-973f-83a447d3a086,purchase_ticket,2026-06-16T14:11:27.733986+00:00,2026-06-16T08:11:28.586849+00:00
dddce5b3-2d47-4801-b2cb-b0283b802933,2026-06-16T14:11:27.733986+00:00,1dbc375e-ae55-415b-9e3b-74652a9a881f,True,,56965,9cc9a939-e4e7-4224-b2fd-ea116441cb30,purchase_ticket,2026-06-16T14:11:27.733986+00:00,2026-06-16T08:11:28.586849+00:00
dddce5b3-2d47-4801-b2cb-b0283b802933,2026-06-16T14:11:27.733986+00:00,8d9e702c-34c0-432f-84e8-1431fe2bfaef,True,,56967,811d7753-c292-48a2-a173-2208a79e5745,purchase_ticket,2026-06-16T14:11:27.733986+00:00,2026-06-16T08:11:28.586849+00:00
dddce5b3-2d47-4801-b2cb-b0283b802933,2026-06-16T14:11:27.733986+00:00,fd1a3a21-7dd6-4e71-950c-1f247bd64dab,True,,56971,d405b6ed-cca5-4a43-92cf-0ca2ebad9199,purchase_ticket,2026-06-16T14:11:27.733986+00:00,2026-06-16T08:11:28.586849+00:00
dddce5b3-2d47-4801-b2cb-b0283b802933,2026-06-16T14:11:27.733986+00:00,56a90a6d-a54c-4a50-9f7f-a3ad8c39d570,True,,56973,8b371f45-5278-4d3d-acd8-ed1c96c864de,purchase_ticket,2026-06-16T14:11:27.733986+00:00,2026-06-16T08:11:28.586849+00:00
dddce5b3-2d47-4801-b2cb-b0283b802933,2026-06-16T14:11:27.733986+00:00,8aab041a-02cb-45ca-b717-6d43e8aefab7,True,,57000,19078cb9-ba97-4c6f-93a0-68fb6647e104,purchase_ticket,2026-06-16T14:11:27.733986+00:00,2026-06-16T08:11:28.586849+00:00
dddce5b3-2d47-4801-b2cb-b0283b802933,2026-06-16T14:11:27.733986+00:00,31585392-4073-4e72-b21f-6e4ede2567a9,True,,57006,57792d85-6b5c-4530-9461-9faf41cc3179,purchase_ticket,2026-06-16T14:11:27.733986+00:00,2026-06-16T08:11:28.586849+00:00
dddce5b3-2d47-4801-b2cb-b0283b802933,2026-06-16T14:11:27.733986+00:00,ed25a56b-c5de-41e1-a5a8-4f371f3d25aa,True,,57011,815ae3a5-1f4b-42a6-a4f3-40b218a49382,purchase_ticket,2026-06-16T14:11:27.733986+00:00,2026-06-16T08:11:28.586849+00:00
dddce5b3-2d47-4801-b2cb-b0283b802933,2026-06-16T14:11:27.733986+00:00,0753d956-80d7-4575-9e5a-8babfd7fffba,True,,57012,10c998ba-6050-48c2-a750-0fc24e5ae0ad,purchase_ticket,2026-06-16T14:11:27.733986+00:00,2026-06-16T08:11:28.586849+00:00
dddce5b3-2d47-4801-b2cb-b0283b802933,2026-06-16T14:11:27.733986+00:00,c6deada9-8251-4b1f-b604-86dd9c27a359,True,,57015,a429a7f3-1611-4970-a702-0be14d402e22,purchase_ticket,2026-06-16T14:11:27.733986+00:00,2026-06-16T08:11:28.586849+00:00
dddce5b3-2d47-4801-b2cb-b0283b802933,2026-06-16T14:11:27.733986+00:00,5fd07f67-c2f8-46ae-8070-43353fd408c9,True,,57021,4dfe6dce-68fc-40bb-b52a-9ef4b579f2d1,purchase_ticket,2026-06-16T14:11:27.733986+00:00,2026-06-16T08:11:28.586849+00:00
dddce5b3-2d47-4801-b2cb-b0283b802933,2026-06-16T14:11:27.733986+00:00,705a4dcd-584e-429c-bfcf-0c26d3de45b6,True,,57022,f858cdfb-aef7-49f1-be8a-61648cf84023,purchase_ticket,2026-06-16T14:11:27.733986+00:00,2026-06-16T08:11:28.587846+00:00
dddce5b3-2d47-4801-b2cb-b0283b802933,2026-06-16T14:11:27.733986+00:00,6b39da61-5bf0-4698-bcee-b82e8adfc3d2,True,,57023,2a165214-cc6d-4114-9abc-dde1b2465a16,purchase_ticket,2026-06-16T14:11:27.733986+00:00,2026-06-16T08:11:28.587846+00:00
dddce5b3-2d47-4801-b2cb-b0283b802933,2026-06-16T14:11:27.733986+00:00,981afcef-d821-49e3-8689-51435da07be3,True,,57024,bc2d0a94-0dba-4b2a-974a-f25beca432b5,purchase_ticket,2026-06-16T14:11:27.733986+00:00,2026-06-16T08:11:28.587846+00:00
dddce5b3-2d47-4801-b2cb-b0283b802933,2026-06-16T14:11:27.733986+00:00,fc3991b6-2d38-405a-9ed0-9456c472be05,True,,57026,0ed7dd83-a0ff-477e-9141-e10cb217cacd,purchase_ticket,2026-06-16T14:11:27.733986+00:00,2026-06-16T08:11:28.587846+00:00
dddce5b3-2d47-4801-b2cb-b0283b802933,2026-06-16T14:11:27.733986+00:00,7a5e8092-3ad0-4812-bca4-a8a599d08dff,True,,57027,8c77a7ab-23bc-482e-af65-18e8e8013a3b,purchase_ticket,2026-06-16T14:11:27.733986+00:00,2026-06-16T08:11:28.587846+00:00
dddce5b3-2d47-4801-b2cb-b0283b802933,2026-06-16T14:11:27.733986+00:00,b5e63aaf-75d7-4e51-a570-ce50766e5806,True,,57028,233d9d20-c4e4-426c-afbc-142e8af26da5,purchase_ticket,2026-06-16T14:11:27.733986+00:00,2026-06-16T08:11:28.587846+00:00
dddce5b3-2d47-4801-b2cb-b0283b802933,2026-06-16T14:11:27.733986+00:00,e3014dea-4537-4cd9-aad5-8110e408bdd2,True,,57029,60e5659e-f4ca-4a1e-a44b-0bc94a7a433c,purchase_ticket,2026-06-16T14:11:27.733986+00:00,2026-06-16T08:11:28.587846+00:00
dddce5b3-2d47-4801-b2cb-b0283b802933,2026-06-16T14:11:27.733986+00:00,5f1ffad5-2310-422d-a6d5-8279c8b6f53c,True,,57030,4a38731f-27b2-438d-92ab-5343ce7ce4c8,purchase_ticket,2026-06-16T14:11:27.733986+00:00,2026-06-16T08:11:28.587846+00:00
dddce5b3-2d47-4801-b2cb-b0283b802933,2026-06-16T14:11:27.733986+00:00,9c119275-a440-4f45-91a2-3b562d959bf9,True,,57031,91230710-50cc-4f29-bc35-70b9ca1daa41,purchase_ticket,2026-06-16T14:11:27.733986+00:00,2026-06-16T08:11:28.587846+00:00
dddce5b3-2d47-4801-b2cb-b0283b802933,2026-06-16T14:11:27.733986+00:00,0247e916-2c2b-4af2-aa44-96febc030494,True,,57032,27906f02-7dbc-4aad-b5a6-75e6fc26de18,purchase_ticket,2026-06-16T14:11:27.733986+00:00,2026-06-16T08:11:28.587846+00:00
dddce5b3-2d47-4801-b2cb-b0283b802933,2026-06-16T14:11:27.733986+00:00,f70af1f3-a1f1-4bd4-8047-4f61e9a89001,True,,57033,2616ac30-5281-4232-98bf-5efaffe47a7e,purchase_ticket,2026-06-16T14:11:27.733986+00:00,2026-06-16T08:11:28.587846+00:00
dddce5b3-2d47-4801-b2cb-b0283b802933,2026-06-16T14:11:27.733986+00:00,d201444f-3e97-4b56-833c-327d8c81e82b,True,,57034,807b12ed-6c38-4687-a956-768d680f499c,purchase_ticket,2026-06-16T14:11:27.733986+00:00,2026-06-16T08:11:28.587846+00:00
dddce5b3-2d47-4801-b2cb-b0283b802933,2026-06-16T14:11:27.733986+00:00,6299137b-d1e6-43ce-a07b-cd45b800763e,True,,57035,6bac0647-bc82-46f5-b867-3b5a9a263f44,purchase_ticket,2026-06-16T14:11:27.733986+00:00,2026-06-16T08:11:28.587846+00:00
dddce5b3-2d47-4801-b2cb-b0283b802933,2026-06-16T14:11:27.733986+00:00,48808d41-0688-4347-a340-0006629cefda,True,,57036,55554ea8-ee2d-4b97-b072-f9e016bf402e,purchase_ticket,2026-06-16T14:11:27.733986+00:00,2026-06-16T08:11:28.587846+00:00
dddce5b3-2d47-4801-b2cb-b0283b802933,2026-06-16T14:11:27.733986+00:00,423045e0-7df4-4599-a0fe-8b58efcdf4f5,True,,57037,842db50d-764d-44e9-bc3a-dfc4409de2c6,purchase_ticket,2026-06-16T14:11:27.733986+00:00,2026-06-16T08:11:28.587846+00:00
dddce5b3-2d47-4801-b2cb-b0283b802933,2026-06-16T14:11:27.733986+00:00,7cb00890-132f-4e3c-a281-1f450d27d318,True,,57038,efb38e78-eb6e-4daf-9d9b-f63bb28491a4,purchase_ticket,2026-06-16T14:11:27.733986+00:00,2026-06-16T08:11:28.587846+00:00
dddce5b3-2d47-4801-b2cb-b0283b802933,2026-06-16T14:11:27.733986+00:00,8cd96c12-93e0-44ad-a293-095c1d870e2c,True,,57039,480ae191-fe25-4480-a997-8527dca997bf,purchase_ticket,2026-06-16T14:11:27.733986+00:00,2026-06-16T08:11:28.587846+00:00
dddce5b3-2d47-4801-b2cb-b0283b802933,2026-06-16T14:11:27.733986+00:00,4afb05e7-c2fb-45ad-a054-ad94f2e23b4a,True,,57040,2bc71a10-e33e-4208-9407-6c95b5599d7a,purchase_ticket,2026-06-16T14:11:27.733986+00:00,2026-06-16T08:11:28.587846+00:00
dddce5b3-2d47-4801-b2cb-b0283b802933,2026-06-16T14:11:27.733986+00:00,ad96485f-401b-4c7d-b8a2-3583e659efe9,True,,57041,2aa6b54d-a7a2-40da-96a1-a02d633a4ea9,purchase_ticket,2026-06-16T14:11:27.733986+00:00,2026-06-16T08:11:28.587846+00:00
dddce5b3-2d47-4801-b2cb-b0283b802933,2026-06-16T14:11:27.733986+00:00,5f54fb3c-9313-4c9d-a70f-f30900b61b59,True,,57042,8c1a9b7a-a491-423b-8c16-1f5f6f00ace1,purchase_ticket,2026-06-16T14:11:27.733986+00:00,2026-06-16T08:11:28.587846+00:00
dddce5b3-2d47-4801-b2cb-b0283b802933,2026-06-16T14:11:27.733986+00:00,007ca605-a7af-446a-b5ac-a511d959a5a3,True,,57043,1760f7a9-333f-4545-9263-0949e1d3a8ee,purchase_ticket,2026-06-16T14:11:27.733986+00:00,2026-06-16T08:11:28.587846+00:00
dddce5b3-2d47-4801-b2cb-b0283b802933,2026-06-16T14:11:27.733986+00:00,2487106c-c869-4641-9b2f-c71a1ef5dec5,True,,57044,ab7dcf77-25e9-4351-a023-5bf3fc69efcf,purchase_ticket,2026-06-16T14:11:27.733986+00:00,2026-06-16T08:11:28.587846+00:00
dddce5b3-2d47-4801-b2cb-b0283b802933,2026-06-16T14:11:27.733986+00:00,0b863ea6-5633-4abf-adf0-f033e8c997b8,True,,82005,4a811acc-f01e-484b-9f81-166fcb2c45e4,purchase_ticket,2026-06-16T14:11:27.733986+00:00,2026-06-16T08:11:28.587846+00:00
dddce5b3-2d47-4801-b2cb-b0283b802933,2026-06-16T14:11:27.733986+00:00,c4aebf0b-2b5f-4f5d-9389-477b387ea9ca,True,,82015,e7ad8a34-33e7-4d87-a796-ec8b024e7835,purchase_ticket,2026-06-16T14:11:27.733986+00:00,2026-06-16T08:11:28.587846+00:00
dddce5b3-2d47-4801-b2cb-b0283b802933,2026-06-16T14:11:27.733986+00:00,b443a92f-b522-4a5b-8fa5-b35da0ecd262,True,,82020-A,e5dee0a1-3519-4f97-9dd4-8b2635378da4,purchase_ticket,2026-06-16T14:11:27.733986+00:00,2026-06-16T08:11:28.587846+00:00
dddce5b3-2d47-4801-b2cb-b0283b802933,2026-06-16T14:11:27.733986+00:00,8cde2065-9b09-4555-85dc-fa17c550f248,True,,82020-B,2cada658-b38d-4476-be7f-46e424da19e5,purchase_ticket,2026-06-16T14:11:27.733986+00:00,2026-06-16T08:11:28.587846+00:00
dddce5b3-2d47-4801-b2cb-b0283b802933,2026-06-16T14:11:27.733986+00:00,a7691927-9ecd-470a-b2fd-fc1cccacd6d5,True,,82022,d1794673-2311-462e-969f-ca27568b90d9,purchase_ticket,2026-06-16T14:11:27.733986+00:00,2026-06-16T08:11:28.587846+00:00
dddce5b3-2d47-4801-b2cb-b0283b802933,2026-06-16T14:11:27.733986+00:00,0c53d6a9-43d3-4921-bb11-07db9cf4c971,True,,82024,c18c897c-ad49-42e0-b5da-10c45f23b277,purchase_ticket,2026-06-16T14:11:27.733986+00:00,2026-06-16T08:11:28.587846+00:00
dddce5b3-2d47-4801-b2cb-b0283b802933,2026-06-16T14:11:27.733986+00:00,e06008ff-dc9b-49cf-a324-7f97d5a47fe2,True,,82029-A,5e830ccc-8466-426b-9c99-06ddcb3ce817,purchase_ticket,2026-06-16T14:11:27.733986+00:00,2026-06-16T08:11:28.587846+00:00
dddce5b3-2d47-4801-b2cb-b0283b802933,2026-06-16T14:11:27.733986+00:00,27e9b03f-8514-49da-97ae-e309b8689364,True,,82029-B,83fb79e5-c324-4ef4-9312-eeabf47676cb,purchase_ticket,2026-06-16T14:11:27.733986+00:00,2026-06-16T08:11:28.587846+00:00
dddce5b3-2d47-4801-b2cb-b0283b802933,2026-06-16T14:11:27.733986+00:00,2592ad1a-a69e-4b68-8cf8-10c593604f9e,True,,82030,b6821183-37f2-43c0-93bd-51fb55c7feb9,purchase_ticket,2026-06-16T14:11:27.733986+00:00,2026-06-16T08:11:28.587846+00:00
dddce5b3-2d47-4801-b2cb-b0283b802933,2026-06-16T14:11:27.733986+00:00,ecc85378-43ed-49f8-8df4-e104c89f7249,True,,82031,00b334db-fb33-4880-8c85-ccf42202c647,purchase_ticket,2026-06-16T14:11:27.733986+00:00,2026-06-16T08:11:28.587846+00:00
dddce5b3-2d47-4801-b2cb-b0283b802933,2026-06-16T14:11:27.733986+00:00,ba09772e-d1b3-4780-bac7-9c20c4cc07ff,True,,82032,3a29f985-746a-4524-ac92-3eead25d8f5b,purchase_ticket,2026-06-16T14:11:27.733986+00:00,2026-06-16T08:11:28.587846+00:00
dddce5b3-2d47-4801-b2cb-b0283b802933,2026-06-16T14:11:27.733986+00:00,90a8897f-4964-45f4-bc77-6e26f03565a0,True,,82039,d071f750-bc3b-4ac2-a276-cf724ae14675,purchase_ticket,2026-06-16T14:11:27.733986+00:00,2026-06-16T08:11:28.587846+00:00
dddce5b3-2d47-4801-b2cb-b0283b802933,2026-06-16T14:11:27.733986+00:00,9383a5d8-365d-41ee-a2be-05a5f8762e5f,True,,82041,5365f99a-a2bf-433f-af50-d872c5bb997b,purchase_ticket,2026-06-16T14:11:27.733986+00:00,2026-06-16T08:11:28.587846+00:00
dddce5b3-2d47-4801-b2cb-b0283b802933,2026-06-16T14:11:27.733986+00:00,f01f79f6-4002-4e03-8c4e-773dd772515a,True,,82048,9d3afc26-c47b-4897-8b60-c4697d324d43,purchase_ticket,2026-06-16T14:11:27.733986+00:00,2026-06-16T08:11:28.587846+00:00
dddce5b3-2d47-4801-b2cb-b0283b802933,2026-06-16T14:11:27.733986+00:00,417df41e-955d-4ac4-9a59-195f5c8821d3,True,,82049,8f20456e-62e3-42a3-b0af-8862980ae905,purchase_ticket,2026-06-16T14:11:27.733986+00:00,2026-06-16T08:11:28.587846+00:00
dddce5b3-2d47-4801-b2cb-b0283b802933,2026-06-16T14:11:27.733986+00:00,49818174-3c86-46d6-a669-7e8a8ca4e97d,True,,82050,345914eb-0943-477d-b7a1-5d4a2105943f,purchase_ticket,2026-06-16T14:11:27.733986+00:00,2026-06-16T08:11:28.587846+00:00
dddce5b3-2d47-4801-b2cb-b0283b802933,2026-06-16T14:11:27.733986+00:00,24c0db38-baeb-4aeb-9218-952b26bddc90,True,,82055,558aee3a-77c5-4723-8e11-c759e8a0830e,purchase_ticket,2026-06-16T14:11:27.733986+00:00,2026-06-16T08:11:28.587846+00:00
dd291677-6b18-46a9-b485-d6a67c8bab87,2026-06-30T23:49:42.231403+00:00,3470f1d9-6ef0-4842-a691-5308d3e3fd19,True,,19243,ee19b490-006d-4bcc-89e7-2678e40bdfd4,expense_voucher,2026-06-30T23:49:42.231403+00:00,2026-06-30T17:49:43.271842+00:00
468a83ba-afad-4f6c-a7d2-5bc83ef70183,2026-06-17T14:22:11.939212+00:00,b81dc071-e39b-429d-b705-5a8ccb471d3e,True,,19097,6adfcef6-c572-4d03-be3e-a9bd2e019f81,expense_voucher,2026-06-17T14:22:11.939212+00:00,2026-06-17T08:22:13.803067+00:00
468a83ba-afad-4f6c-a7d2-5bc83ef70183,2026-06-17T14:22:11.939212+00:00,4563d2ad-b6e8-48a8-b2b9-1df80152bdb3,True,,19098,03a09e3a-e2b4-4e4d-a40d-5302b7255b6b,expense_voucher,2026-06-17T14:22:11.939212+00:00,2026-06-17T08:22:13.804065+00:00
468a83ba-afad-4f6c-a7d2-5bc83ef70183,2026-06-17T14:22:11.939212+00:00,d63e4c3b-b193-4e56-9eba-301397006c07,True,,19099,1ce6086b-94aa-4b08-88fe-b449c53b8c78,expense_voucher,2026-06-17T14:22:11.939212+00:00,2026-06-17T08:22:13.804065+00:00
468a83ba-afad-4f6c-a7d2-5bc83ef70183,2026-06-17T14:22:11.939212+00:00,fe76ae06-3ae8-42c9-af1f-d78f42962daa,True,,19100,6244e1c6-2946-4a4e-8dac-a87e9f346143,expense_voucher,2026-06-17T14:22:11.939212+00:00,2026-06-17T08:22:13.804065+00:00
468a83ba-afad-4f6c-a7d2-5bc83ef70183,2026-06-17T14:22:11.939212+00:00,e5f9dcbb-0c15-4eeb-b5d6-20cd8d3d49bd,True,,19101,416faa1a-a491-4012-a796-a5a67f443e7f,expense_voucher,2026-06-17T14:22:11.939212+00:00,2026-06-17T08:22:13.804065+00:00
468a83ba-afad-4f6c-a7d2-5bc83ef70183,2026-06-17T14:22:11.939212+00:00,f491e52c-5256-4c59-acf4-5c70e68839c9,True,,19102,8a88dd4d-6c3a-4c70-ad34-337fa1ab94e1,expense_voucher,2026-06-17T14:22:11.939212+00:00,2026-06-17T08:22:13.804065+00:00
468a83ba-afad-4f6c-a7d2-5bc83ef70183,2026-06-17T14:22:11.939212+00:00,631383ab-7671-4a9c-be2c-37e5fca6cd87,True,,19103,f6f69f52-b77f-4dcd-a1eb-825908b4adf1,expense_voucher,2026-06-17T14:22:11.939212+00:00,2026-06-17T08:22:13.804065+00:00
468a83ba-afad-4f6c-a7d2-5bc83ef70183,2026-06-17T14:22:11.939212+00:00,b9cfb612-aa0a-4c60-a0b4-5ab03ce18acc,True,,19104,c1015a8d-3863-4642-a41d-b08ecd1450b9,expense_voucher,2026-06-17T14:22:11.939212+00:00,2026-06-17T08:22:13.804065+00:00
468a83ba-afad-4f6c-a7d2-5bc83ef70183,2026-06-17T14:22:11.939212+00:00,afb08aa3-3e8a-41a6-9df5-90cc62811f55,True,,19105,d13b44e6-d831-4523-a692-f903f8906518,expense_voucher,2026-06-17T14:22:11.939212+00:00,2026-06-17T08:22:13.804065+00:00
468a83ba-afad-4f6c-a7d2-5bc83ef70183,2026-06-17T14:22:11.939212+00:00,b28d776a-4ba7-4e62-b181-ed02b00b7528,True,,19106,874e5d7e-ed89-4492-86ec-aa64eb22c91b,expense_voucher,2026-06-17T14:22:11.939212+00:00,2026-06-17T08:22:13.804065+00:00
468a83ba-afad-4f6c-a7d2-5bc83ef70183,2026-06-17T14:22:11.939212+00:00,f1b0cf11-163d-4930-b693-ddeac3bd94b1,True,,19107,48ca1da2-7629-4ce9-a1f8-7852c07d4645,expense_voucher,2026-06-17T14:22:11.939212+00:00,2026-06-17T08:22:13.804065+00:00
468a83ba-afad-4f6c-a7d2-5bc83ef70183,2026-06-17T14:22:11.939212+00:00,b9cb51cf-7a6a-443b-bd74-b9054d2cbad4,True,,19108,71db93e1-916b-42f6-b2b3-2e0813912587,expense_voucher,2026-06-17T14:22:11.939212+00:00,2026-06-17T08:22:13.804065+00:00
468a83ba-afad-4f6c-a7d2-5bc83ef70183,2026-06-17T14:22:11.939212+00:00,8558fda2-82ee-46f0-81ce-0639eca56cec,True,,19109,fa5d2782-e62c-4f93-a928-8ba3a8b8139d,expense_voucher,2026-06-17T14:22:11.939212+00:00,2026-06-17T08:22:13.804065+00:00
468a83ba-afad-4f6c-a7d2-5bc83ef70183,2026-06-17T14:22:11.939212+00:00,01c2b57b-190b-413c-afba-9cd7cc171d79,True,,319,565625e8-88c4-45a5-b8d6-cde565464027,deposit_voucher,2026-06-17T14:22:11.939212+00:00,2026-06-17T08:22:13.804065+00:00
468a83ba-afad-4f6c-a7d2-5bc83ef70183,2026-06-17T14:22:11.939212+00:00,abc3b5c5-a7a4-4e14-a07d-89aede18535f,True,,320,f551cc81-2145-4a30-830e-9cfc1a26aef0,deposit_voucher,2026-06-17T14:22:11.939212+00:00,2026-06-17T08:22:13.804065+00:00
468a83ba-afad-4f6c-a7d2-5bc83ef70183,2026-06-17T14:22:11.939212+00:00,c03bf914-deb1-4f99-b475-172e0545a0c0,True,,0346 0347,842ea175-72fa-4453-9989-87b49de045c3,sale_ticket,2026-06-17T14:22:11.939212+00:00,2026-06-17T08:22:13.804065+00:00
468a83ba-afad-4f6c-a7d2-5bc83ef70183,2026-06-17T14:22:11.939212+00:00,33b355dd-c948-418f-9e81-dd89f1668106,True,,344,eede69d8-66b8-4daf-bbd6-5b6e28632125,sale_ticket,2026-06-17T14:22:11.939212+00:00,2026-06-17T08:22:13.804065+00:00
468a83ba-afad-4f6c-a7d2-5bc83ef70183,2026-06-17T14:22:11.939212+00:00,693c436a-8ef1-432e-ace1-751c22ceaa39,True,,56953,51b74a6d-423e-4074-b3bd-b20511270c52,purchase_ticket,2026-06-17T14:22:11.939212+00:00,2026-06-17T08:22:13.804065+00:00
468a83ba-afad-4f6c-a7d2-5bc83ef70183,2026-06-17T14:22:11.939212+00:00,791f6f57-98a3-4b9b-a41c-0b4c31c88dbe,True,,57025,f1f8c491-d556-4822-8bc3-fbc687763504,purchase_ticket,2026-06-17T14:22:11.939212+00:00,2026-06-17T08:22:13.804065+00:00
468a83ba-afad-4f6c-a7d2-5bc83ef70183,2026-06-17T14:22:11.939212+00:00,b5522003-109f-4b54-b746-8072d9c045ca,True,,57045,db39a673-9e4b-409a-b3b4-63b451fe26c8,purchase_ticket,2026-06-17T14:22:11.939212+00:00,2026-06-17T08:22:13.804065+00:00
468a83ba-afad-4f6c-a7d2-5bc83ef70183,2026-06-17T14:22:11.939212+00:00,f417ea03-a562-4f09-b41b-d1c7bd1c4eca,True,,57046,bba47dd3-54ab-4bfb-ae91-1de2d8a3b43e,purchase_ticket,2026-06-17T14:22:11.939212+00:00,2026-06-17T08:22:13.804065+00:00
468a83ba-afad-4f6c-a7d2-5bc83ef70183,2026-06-17T14:22:11.939212+00:00,86e98031-e848-4559-8417-dcba1212af3d,True,,57047,c381eb2d-092d-4b55-9887-cc5edd2e477d,purchase_ticket,2026-06-17T14:22:11.939212+00:00,2026-06-17T08:22:13.804065+00:00
468a83ba-afad-4f6c-a7d2-5bc83ef70183,2026-06-17T14:22:11.939212+00:00,dac242bc-57dd-422a-811d-0f9f58616949,True,,57049,38da8502-8e16-4c9e-b774-8c8ba13b1686,purchase_ticket,2026-06-17T14:22:11.939212+00:00,2026-06-17T08:22:13.804065+00:00
468a83ba-afad-4f6c-a7d2-5bc83ef70183,2026-06-17T14:22:11.939212+00:00,97af22e5-4dfc-4793-a71e-56f0c78b1edc,True,,57050,7ee39755-6ecd-4620-9608-77ca6f35bc4b,purchase_ticket,2026-06-17T14:22:11.939212+00:00,2026-06-17T08:22:13.804065+00:00
468a83ba-afad-4f6c-a7d2-5bc83ef70183,2026-06-17T14:22:11.939212+00:00,8ab8821f-0ab3-4b72-a88b-effeec39320e,True,,57052,6efd9000-b9a2-4c96-884d-f2cb9d0f9614,purchase_ticket,2026-06-17T14:22:11.939212+00:00,2026-06-17T08:22:13.804065+00:00
468a83ba-afad-4f6c-a7d2-5bc83ef70183,2026-06-17T14:22:11.939212+00:00,f357cd68-6d5e-46d7-848e-c053dea33c65,True,,57053,91dc482e-3b1d-426d-b6dd-8ab67a0db1ff,purchase_ticket,2026-06-17T14:22:11.939212+00:00,2026-06-17T08:22:13.804065+00:00
468a83ba-afad-4f6c-a7d2-5bc83ef70183,2026-06-17T14:22:11.939212+00:00,60fced8e-9cb2-41cc-af95-296a3d6ab0f8,True,,57054,23cc8367-772a-43bb-8c59-5bcb1ee3f1d4,purchase_ticket,2026-06-17T14:22:11.939212+00:00,2026-06-17T08:22:13.804065+00:00
468a83ba-afad-4f6c-a7d2-5bc83ef70183,2026-06-17T14:22:11.939212+00:00,4bb1a09c-a957-4c4a-886b-ea0007a708f0,True,,57055,8ec01944-6f7c-41d6-9d29-65652de3d0d8,purchase_ticket,2026-06-17T14:22:11.939212+00:00,2026-06-17T08:22:13.804065+00:00
468a83ba-afad-4f6c-a7d2-5bc83ef70183,2026-06-17T14:22:11.939212+00:00,9bd74a34-0360-4cc3-aa99-9b28efd26c4c,True,,57056,5c026940-3e8b-41f3-a023-a46713bc6b32,purchase_ticket,2026-06-17T14:22:11.939212+00:00,2026-06-17T08:22:13.804065+00:00
468a83ba-afad-4f6c-a7d2-5bc83ef70183,2026-06-17T14:22:11.939212+00:00,8349562e-d556-4eba-9f45-e0ee504858a1,True,,57057,0babaa1d-e293-4430-b82f-98dfa868c1a1,purchase_ticket,2026-06-17T14:22:11.939212+00:00,2026-06-17T08:22:13.804065+00:00
468a83ba-afad-4f6c-a7d2-5bc83ef70183,2026-06-17T14:22:11.939212+00:00,2f7406f3-710e-4f14-8166-c950b6816284,True,,57058,42dc405d-be91-40e0-a825-9a6a950a9d62,purchase_ticket,2026-06-17T14:22:11.939212+00:00,2026-06-17T08:22:13.804065+00:00
468a83ba-afad-4f6c-a7d2-5bc83ef70183,2026-06-17T14:22:11.939212+00:00,8ee5e840-b1f2-4ae7-9ca7-60f1b240c065,True,,57059,a655be12-412f-49f2-b15a-a4252d61aad0,purchase_ticket,2026-06-17T14:22:11.939212+00:00,2026-06-17T08:22:13.804065+00:00
468a83ba-afad-4f6c-a7d2-5bc83ef70183,2026-06-17T14:22:11.939212+00:00,328e5de2-9fcf-4b77-8a5a-aae0a1b23cc8,True,,57060,d73bea4e-f2b8-4546-86c3-ad8780860bab,purchase_ticket,2026-06-17T14:22:11.939212+00:00,2026-06-17T08:22:13.804065+00:00
468a83ba-afad-4f6c-a7d2-5bc83ef70183,2026-06-17T14:22:11.939212+00:00,cf585317-6dcc-40eb-a330-e7dfd09b2a66,True,,57061,69cf99b0-e08a-488d-a024-6b65e8fa9366,purchase_ticket,2026-06-17T14:22:11.939212+00:00,2026-06-17T08:22:13.804065+00:00
468a83ba-afad-4f6c-a7d2-5bc83ef70183,2026-06-17T14:22:11.939212+00:00,efb81d25-4e65-40db-abb3-aa27b0128127,True,,57062,84c4da53-863e-49de-bea0-5172135a82e3,purchase_ticket,2026-06-17T14:22:11.939212+00:00,2026-06-17T08:22:13.804065+00:00
468a83ba-afad-4f6c-a7d2-5bc83ef70183,2026-06-17T14:22:11.939212+00:00,decd1388-eac5-4992-8564-d498212c5b95,True,,57063,ceed4c68-2fc2-4de5-991a-5d811309a5c8,purchase_ticket,2026-06-17T14:22:11.939212+00:00,2026-06-17T08:22:13.804065+00:00
468a83ba-afad-4f6c-a7d2-5bc83ef70183,2026-06-17T14:22:11.939212+00:00,daa25f36-9029-48d4-bcfd-e4f8157c2b57,True,,57064,48e9e671-f1cf-403a-a048-e7b8915c7f35,purchase_ticket,2026-06-17T14:22:11.939212+00:00,2026-06-17T08:22:13.804065+00:00
468a83ba-afad-4f6c-a7d2-5bc83ef70183,2026-06-17T14:22:11.939212+00:00,7fbaa6c9-8ccb-4978-8032-b0ced62101db,True,,57065,fe0caae6-cf68-4ef5-be3a-08bb311307ce,purchase_ticket,2026-06-17T14:22:11.939212+00:00,2026-06-17T08:22:13.804065+00:00
468a83ba-afad-4f6c-a7d2-5bc83ef70183,2026-06-17T14:22:11.939212+00:00,784db8a4-4d7b-4451-8bef-ef3b42524e6b,True,,57067,9fb62af8-1fd4-4209-90fc-80344f8dc237,purchase_ticket,2026-06-17T14:22:11.939212+00:00,2026-06-17T08:22:13.804065+00:00
468a83ba-afad-4f6c-a7d2-5bc83ef70183,2026-06-17T14:22:11.939212+00:00,df05625a-4d29-4204-b9db-a9091deee43c,True,,57068,e4a1f9a2-8a79-4747-aef9-a1f1936134d2,purchase_ticket,2026-06-17T14:22:11.939212+00:00,2026-06-17T08:22:13.805061+00:00
468a83ba-afad-4f6c-a7d2-5bc83ef70183,2026-06-17T14:22:11.939212+00:00,83bad402-569d-4a36-baa2-26574bfcf63f,True,,81161,132b2f41-921f-4bcb-93b2-5f4a41da3c66,purchase_ticket,2026-06-17T14:22:11.939212+00:00,2026-06-17T08:22:13.805061+00:00
468a83ba-afad-4f6c-a7d2-5bc83ef70183,2026-06-17T14:22:11.939212+00:00,4d6d09af-997e-4d4c-a395-48f6e3c25c16,True,,81317,58b443e9-56db-4484-b9e3-9725e3bf9903,purchase_ticket,2026-06-17T14:22:11.939212+00:00,2026-06-17T08:22:13.805061+00:00
468a83ba-afad-4f6c-a7d2-5bc83ef70183,2026-06-17T14:22:11.939212+00:00,3042d043-53ad-4720-a717-a6ef416193f3,True,,81446,cbacbb2e-0302-47d4-9b64-53509ae53f7a,purchase_ticket,2026-06-17T14:22:11.939212+00:00,2026-06-17T08:22:13.805061+00:00
468a83ba-afad-4f6c-a7d2-5bc83ef70183,2026-06-17T14:22:11.939212+00:00,f69f8b1f-698e-46b8-9d95-bf30b1961a01,True,,81604,1ff21c6a-f999-416a-a9e8-d94eca31151f,purchase_ticket,2026-06-17T14:22:11.939212+00:00,2026-06-17T08:22:13.805061+00:00
468a83ba-afad-4f6c-a7d2-5bc83ef70183,2026-06-17T14:22:11.939212+00:00,d4e45836-1e2c-4edb-b778-706e5e9c5b1c,True,,81735,c9ce691f-a9fe-44f0-ae28-65710f0e9e76,purchase_ticket,2026-06-17T14:22:11.939212+00:00,2026-06-17T08:22:13.805061+00:00
468a83ba-afad-4f6c-a7d2-5bc83ef70183,2026-06-17T14:22:11.939212+00:00,ea4cd40b-418e-4a5c-8449-9ec3f1d38369,True,,82035,80e85a06-60de-48a7-8010-db52f790f30c,purchase_ticket,2026-06-17T14:22:11.939212+00:00,2026-06-17T08:22:13.805061+00:00
468a83ba-afad-4f6c-a7d2-5bc83ef70183,2026-06-17T14:22:11.939212+00:00,68cef7c6-c838-42be-9063-3e29cd6f348f,True,,82047,37137373-dc77-4ce5-8752-66bf7290ba1a,purchase_ticket,2026-06-17T14:22:11.939212+00:00,2026-06-17T08:22:13.805061+00:00
468a83ba-afad-4f6c-a7d2-5bc83ef70183,2026-06-17T14:22:11.939212+00:00,273ecda3-ed95-422d-8770-a8647a5980de,True,,82054,5484662c-d55d-433a-bc0a-5efac262283b,purchase_ticket,2026-06-17T14:22:11.939212+00:00,2026-06-17T08:22:13.805061+00:00
468a83ba-afad-4f6c-a7d2-5bc83ef70183,2026-06-17T14:22:11.939212+00:00,a67c2411-b124-457a-9338-b2332d2367b6,True,,82060,20f2662f-e0f3-4099-b747-b04481b52b22,purchase_ticket,2026-06-17T14:22:11.939212+00:00,2026-06-17T08:22:13.805061+00:00
468a83ba-afad-4f6c-a7d2-5bc83ef70183,2026-06-17T14:22:11.939212+00:00,b9c553e8-f3a8-4b1f-bd27-1f7f2f79fedf,True,,82069,c3026db4-ddfb-4983-84dd-1df3a0e65adf,purchase_ticket,2026-06-17T14:22:11.939212+00:00,2026-06-17T08:22:13.805061+00:00
468a83ba-afad-4f6c-a7d2-5bc83ef70183,2026-06-17T14:22:11.939212+00:00,81da1cdd-b806-4cd2-8930-ec87029e35f3,True,,82073,78eac4ed-ffc1-4605-af4a-564ebebcb9ed,purchase_ticket,2026-06-17T14:22:11.939212+00:00,2026-06-17T08:22:13.805061+00:00
468a83ba-afad-4f6c-a7d2-5bc83ef70183,2026-06-17T14:22:11.939212+00:00,9357d5e4-6aff-4168-896c-275ff43a344a,True,,82075,056b98fc-203b-4b77-9432-37a63f6498ad,purchase_ticket,2026-06-17T14:22:11.939212+00:00,2026-06-17T08:22:13.805061+00:00
468a83ba-afad-4f6c-a7d2-5bc83ef70183,2026-06-17T14:22:11.939212+00:00,bf89bf3b-3315-49e6-bcfa-75ce525bfa8d,True,,82079,69765e8e-8fc8-4789-b42b-95caba96c4a0,purchase_ticket,2026-06-17T14:22:11.939212+00:00,2026-06-17T08:22:13.805061+00:00
468a83ba-afad-4f6c-a7d2-5bc83ef70183,2026-06-17T14:22:11.939212+00:00,4f598c6e-7a42-4fee-a98c-386402fda2c1,True,,82080,41ef74d9-3222-425b-9c72-b05253d725e9,purchase_ticket,2026-06-17T14:22:11.939212+00:00,2026-06-17T08:22:13.805061+00:00
468a83ba-afad-4f6c-a7d2-5bc83ef70183,2026-06-17T14:22:11.939212+00:00,2079304f-5238-4e6d-a71d-210ab2a371dd,True,,82084,ff2d1264-4624-481d-86c1-c0417dbe57bd,purchase_ticket,2026-06-17T14:22:11.939212+00:00,2026-06-17T08:22:13.805061+00:00
468a83ba-afad-4f6c-a7d2-5bc83ef70183,2026-06-17T14:22:11.939212+00:00,4901bdb6-1c2c-4e72-99c3-a7a973961d59,True,,82085,11f2bcfb-095e-4919-88d2-bc6d31b9a671,purchase_ticket,2026-06-17T14:22:11.939212+00:00,2026-06-17T08:22:13.805061+00:00
468a83ba-afad-4f6c-a7d2-5bc83ef70183,2026-06-17T14:22:11.939212+00:00,1bcb5f6b-926e-49ba-81dc-a54b957f768c,True,,82086,d94feddc-3477-4754-8194-502885d467af,purchase_ticket,2026-06-17T14:22:11.939212+00:00,2026-06-17T08:22:13.805061+00:00
468a83ba-afad-4f6c-a7d2-5bc83ef70183,2026-06-17T14:22:11.939212+00:00,9fab3359-de2b-4b3f-bf23-e51c6fa8b432,True,,82087,bfc9fce4-5c46-473b-94ca-861c1bc5114b,purchase_ticket,2026-06-17T14:22:11.939212+00:00,2026-06-17T08:22:13.805061+00:00
468a83ba-afad-4f6c-a7d2-5bc83ef70183,2026-06-17T14:22:11.939212+00:00,d71a6ae2-ec9f-4e82-988d-12faa6aa7aa4,True,,82088,c427232f-dc5d-48dc-8506-0d5a878aab5b,purchase_ticket,2026-06-17T14:22:11.939212+00:00,2026-06-17T08:22:13.805061+00:00
468a83ba-afad-4f6c-a7d2-5bc83ef70183,2026-06-17T14:22:11.939212+00:00,1bd81fe2-db79-41ba-8af1-db1ca94bf557,True,,82089,28b11f35-ce0a-4c53-8257-ef68dc9ebb4c,purchase_ticket,2026-06-17T14:22:11.939212+00:00,2026-06-17T08:22:13.805061+00:00
e1bbc6b3-badf-453c-80aa-87281dfb549a,2026-06-25T00:00:48.68352+00:00,6e3269da-183c-48e4-a43c-200db18108ae,True,,57213,06239815-9595-493e-ba4c-9b655512b18f,purchase_ticket,2026-06-25T00:00:48.68352+00:00,2026-06-24T18:00:48.788726+00:00
e1bbc6b3-badf-453c-80aa-87281dfb549a,2026-06-25T00:00:48.68352+00:00,c576252a-844f-495a-b1a0-95f6dd1af897,True,,57214,380eae4b-cb0b-4581-8300-b48b6de1b36d,purchase_ticket,2026-06-25T00:00:48.68352+00:00,2026-06-24T18:00:48.788726+00:00
e1bbc6b3-badf-453c-80aa-87281dfb549a,2026-06-25T00:00:48.68352+00:00,472b12ef-dce6-4f58-945c-aff14c640244,True,,57215,fda705dd-bede-413b-ae04-c979ed2ec9c4,purchase_ticket,2026-06-25T00:00:48.68352+00:00,2026-06-24T18:00:48.788726+00:00
e1bbc6b3-badf-453c-80aa-87281dfb549a,2026-06-25T00:00:48.68352+00:00,0402829f-c35b-4285-b4dc-e8e8b3b65d75,True,,57216,9203271c-3fa4-4b14-ae30-1e4d8fdf8f58,purchase_ticket,2026-06-25T00:00:48.68352+00:00,2026-06-24T18:00:48.788726+00:00
e1bbc6b3-badf-453c-80aa-87281dfb549a,2026-06-25T00:00:48.68352+00:00,72a0baca-46bb-4672-8c72-03344dcad4e5,True,,57217,212acf80-f0f3-4fa9-87f8-8e3ad854d432,purchase_ticket,2026-06-25T00:00:48.68352+00:00,2026-06-24T18:00:48.788726+00:00
e1bbc6b3-badf-453c-80aa-87281dfb549a,2026-06-25T00:00:48.68352+00:00,ad641257-47eb-4e1e-a2f8-2779265c5bd3,True,,57218,294e3f61-3900-4933-8203-efe1b0450685,purchase_ticket,2026-06-25T00:00:48.68352+00:00,2026-06-24T18:00:48.788726+00:00
e1bbc6b3-badf-453c-80aa-87281dfb549a,2026-06-25T00:00:48.68352+00:00,655f37f3-324a-42e0-a99b-c7778da6465a,True,,57220,29dc1a66-d696-4c3a-93ff-dff3bbdf6181,purchase_ticket,2026-06-25T00:00:48.68352+00:00,2026-06-24T18:00:48.788726+00:00
e1bbc6b3-badf-453c-80aa-87281dfb549a,2026-06-25T00:00:48.68352+00:00,fe789a56-e87f-4902-ba42-0d1e9b743046,True,,57221,87387585-b2fd-4103-bd6a-02e5aaa5e8cf,purchase_ticket,2026-06-25T00:00:48.68352+00:00,2026-06-24T18:00:48.788726+00:00
e1bbc6b3-badf-453c-80aa-87281dfb549a,2026-06-25T00:00:48.68352+00:00,f5fad7eb-8f80-4ddd-afc3-b2250f1a67ed,True,,57227,55410659-8121-462e-adaf-41ef9a474d18,purchase_ticket,2026-06-25T00:00:48.68352+00:00,2026-06-24T18:00:48.788726+00:00
e1bbc6b3-badf-453c-80aa-87281dfb549a,2026-06-25T00:00:48.68352+00:00,8745161b-d85c-4631-a203-3b23aeea0301,True,,57228,c25c9a6b-cbb8-48e9-a26a-a618943fb9db,purchase_ticket,2026-06-25T00:00:48.68352+00:00,2026-06-24T18:00:48.788726+00:00
e1bbc6b3-badf-453c-80aa-87281dfb549a,2026-06-25T00:00:48.68352+00:00,fad81b4f-0821-45f9-bd7d-877f792674bb,True,,82278,f7e6d650-2265-44be-81ae-b3f8e3a4aed7,purchase_ticket,2026-06-25T00:00:48.68352+00:00,2026-06-24T18:00:48.788726+00:00
e1bbc6b3-badf-453c-80aa-87281dfb549a,2026-06-25T00:00:48.68352+00:00,3685620d-ae2c-4690-b6ee-5292968ee92a,True,,82282-A,5c59b588-7b1e-42b3-b4ad-1deefc03ad6e,purchase_ticket,2026-06-25T00:00:48.68352+00:00,2026-06-24T18:00:48.789722+00:00
e1bbc6b3-badf-453c-80aa-87281dfb549a,2026-06-25T00:00:48.68352+00:00,c1a45e41-02b9-421f-895a-0bec8d6cda8c,True,,82282-B,17add9b2-c427-47f2-951c-b8fb1fcea98c,purchase_ticket,2026-06-25T00:00:48.68352+00:00,2026-06-24T18:00:48.789722+00:00
e1bbc6b3-badf-453c-80aa-87281dfb549a,2026-06-25T00:00:48.68352+00:00,3656d0a6-183a-481c-92b2-d00bf838cc63,True,,82286,712a73a3-e631-4bf9-9487-c620df6006f3,purchase_ticket,2026-06-25T00:00:48.68352+00:00,2026-06-24T18:00:48.789722+00:00
e1bbc6b3-badf-453c-80aa-87281dfb549a,2026-06-25T00:00:48.68352+00:00,eb0d0660-c751-4648-88a1-9fee084992fe,True,,82287,c3242b50-8dda-461b-a50f-13b87b32d04f,purchase_ticket,2026-06-25T00:00:48.68352+00:00,2026-06-24T18:00:48.789722+00:00
e1bbc6b3-badf-453c-80aa-87281dfb549a,2026-06-25T00:00:48.68352+00:00,ce0ba3af-47f4-4ca7-b2ef-a2c5985b8f8d,True,,82289,886c1ab9-0ec8-49dc-9c85-1f31c6a8ae5b,purchase_ticket,2026-06-25T00:00:48.68352+00:00,2026-06-24T18:00:48.789722+00:00
e1bbc6b3-badf-453c-80aa-87281dfb549a,2026-06-25T00:00:48.68352+00:00,361a2580-52f0-4eca-a23d-54bd7c29c049,True,,82290,5fd46784-73f2-4916-b246-c54390569e81,purchase_ticket,2026-06-25T00:00:48.68352+00:00,2026-06-24T18:00:48.789722+00:00
e1bbc6b3-badf-453c-80aa-87281dfb549a,2026-06-25T00:00:48.68352+00:00,dbbce8bc-74b7-43c4-bb32-7c770a71218f,True,,82293,88958a9a-81d6-4045-8f09-93d618f1b194,purchase_ticket,2026-06-25T00:00:48.68352+00:00,2026-06-24T18:00:48.789722+00:00
e1bbc6b3-badf-453c-80aa-87281dfb549a,2026-06-25T00:00:48.68352+00:00,8feef8df-6f35-4fef-a43d-4e7c3cdb84b6,True,,82298-A,dbb6a02d-62a6-4efc-8c6c-476a34a30f20,purchase_ticket,2026-06-25T00:00:48.68352+00:00,2026-06-24T18:00:48.789722+00:00
e1bbc6b3-badf-453c-80aa-87281dfb549a,2026-06-25T00:00:48.68352+00:00,3aa583d8-8798-4c31-ad9e-72a36f6034e7,True,,82298-B,916a0d29-fe76-4230-8de4-dedfa12aeb90,purchase_ticket,2026-06-25T00:00:48.68352+00:00,2026-06-24T18:00:48.789722+00:00
e1bbc6b3-badf-453c-80aa-87281dfb549a,2026-06-25T00:00:48.68352+00:00,04ea0c99-c3d3-4b14-94ee-a89965978d38,True,,82303,65253c5a-5edf-414c-a520-906bf0ff1994,purchase_ticket,2026-06-25T00:00:48.68352+00:00,2026-06-24T18:00:48.789722+00:00
e1bbc6b3-badf-453c-80aa-87281dfb549a,2026-06-25T00:00:48.68352+00:00,034a3b97-8bb8-48a1-b0b1-fec5567348b0,True,,82305,913e4343-975c-469f-b562-f47582cdbb8c,purchase_ticket,2026-06-25T00:00:48.68352+00:00,2026-06-24T18:00:48.789722+00:00
e1bbc6b3-badf-453c-80aa-87281dfb549a,2026-06-25T00:00:48.68352+00:00,7c84753b-f863-4d40-b4ef-3d3c414f30c6,True,,82309,7e9a143d-d65d-448c-8751-171e4a7c1ca5,purchase_ticket,2026-06-25T00:00:48.68352+00:00,2026-06-24T18:00:48.789722+00:00
e1bbc6b3-badf-453c-80aa-87281dfb549a,2026-06-25T00:00:48.68352+00:00,2c5aadca-987c-46aa-8f02-efb40f43bae3,True,,82310,5c6a6082-21f8-45e4-987f-0f786a8e97fe,purchase_ticket,2026-06-25T00:00:48.68352+00:00,2026-06-24T18:00:48.789722+00:00
dbf0b3f7-e643-42c1-932f-bbb32efec97c,2026-06-25T23:48:38.296077+00:00,e9c642a9-5393-4d54-bc94-ecb4c4320d08,True,,19199,8742413c-798f-42f3-8d79-99c2db4d6dc2,expense_voucher,2026-06-25T23:48:38.296077+00:00,2026-06-25T17:48:38.750186+00:00
dbf0b3f7-e643-42c1-932f-bbb32efec97c,2026-06-25T23:48:38.296077+00:00,d23e2fe3-dd2e-455b-9f9a-25d84fa05c7a,True,,19200,547fdf89-4e9d-4e3d-a8bf-26d0bf0b36f9,expense_voucher,2026-06-25T23:48:38.296077+00:00,2026-06-25T17:48:38.750186+00:00
dbf0b3f7-e643-42c1-932f-bbb32efec97c,2026-06-25T23:48:38.296077+00:00,2c67fd37-31a9-4ebf-a2d8-12f24e924d06,True,,1,adf22da3-039c-4192-abfe-e4bd63b9e65b,deposit_voucher,2026-06-25T23:48:38.296077+00:00,2026-06-25T17:48:38.750186+00:00
dbf0b3f7-e643-42c1-932f-bbb32efec97c,2026-06-25T23:48:38.296077+00:00,9039b5fe-42e0-45aa-af25-3671b98378f0,True,,10,b08ad069-fb23-45bd-8ba5-e4fa72f9f77a,deposit_voucher,2026-06-25T23:48:38.296077+00:00,2026-06-25T17:48:38.750186+00:00
dbf0b3f7-e643-42c1-932f-bbb32efec97c,2026-06-25T23:48:38.296077+00:00,db986c32-b92c-450c-aa09-1b95c4e0827b,True,,345,cdce575d-d124-416b-8caa-0cf1be9d404d,deposit_voucher,2026-06-25T23:48:38.296077+00:00,2026-06-25T17:48:38.750186+00:00
2909e259-5fa7-4bff-86e7-d7691b5b46bc,2026-06-24T14:40:23.74927+00:00,1c7bb3ce-b5d7-44b2-b32c-8c4681379fa0,True,,338,5071edad-c30f-42dd-98b9-b9156ada6643,deposit_voucher,2026-06-24T14:40:23.74927+00:00,2026-06-24T08:40:23.715175+00:00
2909e259-5fa7-4bff-86e7-d7691b5b46bc,2026-06-24T14:40:23.74927+00:00,477ed50a-e694-40ac-9041-cf66a64b0b01,True,,339,c80cc0e2-7eba-4857-a8e2-b695a2c86cef,deposit_voucher,2026-06-24T14:40:23.74927+00:00,2026-06-24T08:40:23.715175+00:00
2909e259-5fa7-4bff-86e7-d7691b5b46bc,2026-06-24T14:40:23.74927+00:00,82d7784c-5d21-43c8-90c8-eeca8b3691bf,True,,340,cbe6d2e7-e6f1-4940-86b3-bedb79658c97,deposit_voucher,2026-06-24T14:40:23.74927+00:00,2026-06-24T08:40:23.715175+00:00
2909e259-5fa7-4bff-86e7-d7691b5b46bc,2026-06-24T14:40:23.74927+00:00,1ed3ff49-a9c3-41a9-93f4-be24735ac29a,True,,341,8c03b0a9-1cd3-45ef-af9d-896d5e98a7ab,deposit_voucher,2026-06-24T14:40:23.74927+00:00,2026-06-24T08:40:23.715175+00:00
2909e259-5fa7-4bff-86e7-d7691b5b46bc,2026-06-24T14:40:23.74927+00:00,04e6190b-7236-4240-ae1d-b523777adc7e,True,,342,ec505156-ea8e-49f5-9ca7-e3b422bfa64a,deposit_voucher,2026-06-24T14:40:23.74927+00:00,2026-06-24T08:40:23.715175+00:00
2909e259-5fa7-4bff-86e7-d7691b5b46bc,2026-06-24T14:40:23.74927+00:00,7a2462c2-b3df-4af2-9034-dfe49b2b3aaf,True,,19093,a13c24b6-882c-4126-9a4d-601cebe8573b,expense_voucher,2026-06-24T14:40:23.74927+00:00,2026-06-24T08:40:23.715175+00:00
2909e259-5fa7-4bff-86e7-d7691b5b46bc,2026-06-24T14:40:23.74927+00:00,192933cb-f7e9-4dde-b6d4-03c0022696db,True,,19167,f416ba30-3b2d-4f8a-926c-dfc351ac5b91,expense_voucher,2026-06-24T14:40:23.74927+00:00,2026-06-24T08:40:23.715175+00:00
2909e259-5fa7-4bff-86e7-d7691b5b46bc,2026-06-24T14:40:23.74927+00:00,7ef330d2-c030-4219-8512-7d8b30bd5e18,True,,19168,ddb152ff-efc9-4914-8e3a-de6b9311abbc,expense_voucher,2026-06-24T14:40:23.74927+00:00,2026-06-24T08:40:23.715175+00:00
2909e259-5fa7-4bff-86e7-d7691b5b46bc,2026-06-24T14:40:23.74927+00:00,7e826e31-29cb-44e8-aa1a-5f88a0094ae2,True,,19169,817d22f8-cd2d-4624-b8e1-18c1d7343b94,expense_voucher,2026-06-24T14:40:23.74927+00:00,2026-06-24T08:40:23.715175+00:00
2909e259-5fa7-4bff-86e7-d7691b5b46bc,2026-06-24T14:40:23.74927+00:00,894a5240-6e6b-484b-b101-ecd6322be387,True,,19170,42f903d2-7507-46fc-9879-0f3f01678c4b,expense_voucher,2026-06-24T14:40:23.74927+00:00,2026-06-24T08:40:23.715175+00:00
2909e259-5fa7-4bff-86e7-d7691b5b46bc,2026-06-24T14:40:23.74927+00:00,446e037b-55b0-44fb-8a29-d52c2c601013,True,,19171,00b5054d-6d32-4f25-94dc-ad3423241792,expense_voucher,2026-06-24T14:40:23.74927+00:00,2026-06-24T08:40:23.715175+00:00
2909e259-5fa7-4bff-86e7-d7691b5b46bc,2026-06-24T14:40:23.74927+00:00,dc42d019-3adf-4b5f-a2fd-4e8d222860bb,True,,19172,613d384e-5cc5-40ea-8a20-f0cce29a062b,expense_voucher,2026-06-24T14:40:23.74927+00:00,2026-06-24T08:40:23.715175+00:00
2909e259-5fa7-4bff-86e7-d7691b5b46bc,2026-06-24T14:40:23.74927+00:00,92a7bfe4-39ce-4813-8d1b-07f8978c13f5,True,,19173,be011461-32e1-4793-891e-60a3e541e301,expense_voucher,2026-06-24T14:40:23.74927+00:00,2026-06-24T08:40:23.715175+00:00
2909e259-5fa7-4bff-86e7-d7691b5b46bc,2026-06-24T14:40:23.74927+00:00,eb1b1e6a-f93f-449f-a6b2-ccd28bde06f6,True,,19174,32e597e0-5768-40f7-831b-6cf246e66bbc,expense_voucher,2026-06-24T14:40:23.74927+00:00,2026-06-24T08:40:23.715175+00:00
2909e259-5fa7-4bff-86e7-d7691b5b46bc,2026-06-24T14:40:23.74927+00:00,a4f38b6f-acaa-4a25-9bb9-cab2016dd071,True,,19175,e6998d8c-55f7-499b-9456-507af01554e8,expense_voucher,2026-06-24T14:40:23.74927+00:00,2026-06-24T08:40:23.715175+00:00
2909e259-5fa7-4bff-86e7-d7691b5b46bc,2026-06-24T14:40:23.74927+00:00,39899c44-251d-4074-bff1-88bde036e9cb,True,,19176,31ad64c6-a548-4845-aa82-265e13174cb2,expense_voucher,2026-06-24T14:40:23.74927+00:00,2026-06-24T08:40:23.715175+00:00
2909e259-5fa7-4bff-86e7-d7691b5b46bc,2026-06-24T14:40:23.74927+00:00,ddd7d501-dc1a-409a-b48b-a41ed80052f5,True,,19177,afc7a5ef-b4ec-43a6-878c-340142dae328,expense_voucher,2026-06-24T14:40:23.74927+00:00,2026-06-24T08:40:23.715175+00:00
2909e259-5fa7-4bff-86e7-d7691b5b46bc,2026-06-24T14:40:23.74927+00:00,39fd0d8d-3ca9-4fab-a207-b53f945dcc9c,True,,19178,152c0de2-a233-47c5-8ab0-70d246be66d1,expense_voucher,2026-06-24T14:40:23.74927+00:00,2026-06-24T08:40:23.715175+00:00
2909e259-5fa7-4bff-86e7-d7691b5b46bc,2026-06-24T14:40:23.74927+00:00,25e62ebe-ef30-4c2d-a3ba-63c02a5efc96,True,,19179,a0d187f8-8366-4a35-be7d-e2dc23142d47,expense_voucher,2026-06-24T14:40:23.74927+00:00,2026-06-24T08:40:23.715175+00:00
2909e259-5fa7-4bff-86e7-d7691b5b46bc,2026-06-24T14:40:23.74927+00:00,fec8c38d-4dcd-4126-ab12-3621e702a7e6,True,,19180,8794ab70-d420-45a9-87d4-189201dac786,expense_voucher,2026-06-24T14:40:23.74927+00:00,2026-06-24T08:40:23.715175+00:00
dd291677-6b18-46a9-b485-d6a67c8bab87,2026-06-30T23:49:42.231403+00:00,ffc51b60-f82c-4dc9-8790-2ec6f6e1b81a,True,,19244,1d4ce20d-f783-40a2-b833-293fae50eb6c,expense_voucher,2026-06-30T23:49:42.231403+00:00,2026-06-30T17:49:43.271842+00:00
2909e259-5fa7-4bff-86e7-d7691b5b46bc,2026-06-24T14:40:23.74927+00:00,04e7e612-8e71-4d81-880e-f17cc4deb7c9,True,,82218,27873b53-3d01-46af-9afb-a02f64dfe845,purchase_ticket,2026-06-24T14:40:23.74927+00:00,2026-06-24T08:40:23.715175+00:00
2909e259-5fa7-4bff-86e7-d7691b5b46bc,2026-06-24T14:40:23.74927+00:00,9043ac6f-f174-40f9-abeb-67a0ad86e5c6,True,,5505,e1c39ab8-29ef-4ace-9737-9b9b4f269130,purchase_ticket,2026-06-24T14:40:23.74927+00:00,2026-06-24T08:40:23.715175+00:00
2909e259-5fa7-4bff-86e7-d7691b5b46bc,2026-06-24T14:40:23.74927+00:00,18b04d3e-05a4-4684-9e48-c08344da7295,True,,5543,f9d4911b-275a-480a-b1fa-2a89d4dd4622,purchase_ticket,2026-06-24T14:40:23.74927+00:00,2026-06-24T08:40:23.715175+00:00
2909e259-5fa7-4bff-86e7-d7691b5b46bc,2026-06-24T14:40:23.74927+00:00,387f5454-559f-4827-98b5-9b71f92f565a,True,,57182,77fe6b9e-31ca-4617-9ce2-38a56e1bce87,purchase_ticket,2026-06-24T14:40:23.74927+00:00,2026-06-24T08:40:23.715175+00:00
2909e259-5fa7-4bff-86e7-d7691b5b46bc,2026-06-24T14:40:23.74927+00:00,c4b88d30-5d72-45ca-810e-4b57eadef347,True,,57183,1c54b0d4-b2db-4268-ac59-b0fb2cf3c967,purchase_ticket,2026-06-24T14:40:23.74927+00:00,2026-06-24T08:40:23.715175+00:00
2909e259-5fa7-4bff-86e7-d7691b5b46bc,2026-06-24T14:40:23.74927+00:00,16c79414-bce8-465f-bf85-db5fbfd0fd5e,True,,57184,9d59d2da-2236-4673-905b-7a8bcf793fb4,purchase_ticket,2026-06-24T14:40:23.74927+00:00,2026-06-24T08:40:23.715175+00:00
2909e259-5fa7-4bff-86e7-d7691b5b46bc,2026-06-24T14:40:23.74927+00:00,c03aab9c-171d-4fa5-8e70-6dc84b62b962,True,,57185,a8d42acb-7c30-4d83-bdce-58af9967c495,purchase_ticket,2026-06-24T14:40:23.74927+00:00,2026-06-24T08:40:23.716173+00:00
2909e259-5fa7-4bff-86e7-d7691b5b46bc,2026-06-24T14:40:23.74927+00:00,a5192b58-8fe4-4539-9519-0ef29de80dd1,True,,57186,65b79473-2439-4ad3-9486-c12be373145f,purchase_ticket,2026-06-24T14:40:23.74927+00:00,2026-06-24T08:40:23.716173+00:00
2909e259-5fa7-4bff-86e7-d7691b5b46bc,2026-06-24T14:40:23.74927+00:00,15834387-c44a-4623-91f4-7ba5f62f814a,True,,57187,28795814-51ba-49c8-a9fa-c470a85d26ec,purchase_ticket,2026-06-24T14:40:23.74927+00:00,2026-06-24T08:40:23.716173+00:00
2909e259-5fa7-4bff-86e7-d7691b5b46bc,2026-06-24T14:40:23.74927+00:00,b24be888-1008-47b7-967c-9340dc729f9e,True,,57188,7a74c901-60ef-445c-96b7-4b18eda3cc5c,purchase_ticket,2026-06-24T14:40:23.74927+00:00,2026-06-24T08:40:23.716173+00:00
2909e259-5fa7-4bff-86e7-d7691b5b46bc,2026-06-24T14:40:23.74927+00:00,cfa13f10-453a-44cb-8b5d-3fd24468f97a,True,,57189,cc8c325b-1c06-45bf-898a-d1eb8bbd3635,purchase_ticket,2026-06-24T14:40:23.74927+00:00,2026-06-24T08:40:23.716173+00:00
2909e259-5fa7-4bff-86e7-d7691b5b46bc,2026-06-24T14:40:23.74927+00:00,c328f173-9924-4b9e-b41c-0f7e584a9d06,True,,57190,60f6fca1-0678-432c-9033-66a260e77da7,purchase_ticket,2026-06-24T14:40:23.74927+00:00,2026-06-24T08:40:23.716173+00:00
2909e259-5fa7-4bff-86e7-d7691b5b46bc,2026-06-24T14:40:23.74927+00:00,b2164e1b-cc3c-41ed-81eb-b156b83f40cb,True,,57191,6f987052-2e2f-480f-af5d-e70845c65076,purchase_ticket,2026-06-24T14:40:23.74927+00:00,2026-06-24T08:40:23.716173+00:00
2909e259-5fa7-4bff-86e7-d7691b5b46bc,2026-06-24T14:40:23.74927+00:00,aa70f455-3d51-4b63-8afc-e70f3fdf0c1e,True,,57192,bb43eac3-8ac0-4ff3-b5ca-624cce59bf85,purchase_ticket,2026-06-24T14:40:23.74927+00:00,2026-06-24T08:40:23.716173+00:00
2909e259-5fa7-4bff-86e7-d7691b5b46bc,2026-06-24T14:40:23.74927+00:00,28e43e5e-66dc-4a52-9cdd-095994c3d820,True,,57193,f9175946-86ab-447a-a556-2bbfb50dcb35,purchase_ticket,2026-06-24T14:40:23.74927+00:00,2026-06-24T08:40:23.716173+00:00
2909e259-5fa7-4bff-86e7-d7691b5b46bc,2026-06-24T14:40:23.74927+00:00,44374c59-247e-4284-b053-ba06425f7dbe,True,,57194,3e375d7d-41ab-42d4-b6a6-67519eb15b5f,purchase_ticket,2026-06-24T14:40:23.74927+00:00,2026-06-24T08:40:23.716173+00:00
2909e259-5fa7-4bff-86e7-d7691b5b46bc,2026-06-24T14:40:23.74927+00:00,d8cd10d9-f313-45f1-9e13-3b2ce719f19c,True,,57195,d55620f5-670d-4f70-97a6-e41a198cb16b,purchase_ticket,2026-06-24T14:40:23.74927+00:00,2026-06-24T08:40:23.716173+00:00
25e91168-760e-4530-8888-0826c2d78d30,2026-06-18T14:10:35.488894+00:00,6a09244a-c39c-4146-9ace-60744cbabee0,True,,19093,a13c24b6-882c-4126-9a4d-601cebe8573b,expense_voucher,2026-06-18T14:10:35.488894+00:00,2026-06-18T08:10:37.245534+00:00
25e91168-760e-4530-8888-0826c2d78d30,2026-06-18T14:10:35.488894+00:00,355c3bc2-4daa-4b64-8af4-07f292f9f516,True,,19114,48adc936-24b1-4072-9092-5b4ea457ffbf,expense_voucher,2026-06-18T14:10:35.488894+00:00,2026-06-18T08:10:37.245534+00:00
25e91168-760e-4530-8888-0826c2d78d30,2026-06-18T14:10:35.488894+00:00,b44c43f3-18ae-4be5-84a6-3d7aae8ea2a6,True,,321,fdce98cd-97e3-4cf6-99fc-4d73ea80cdcc,deposit_voucher,2026-06-18T14:10:35.488894+00:00,2026-06-18T08:10:37.245534+00:00
25e91168-760e-4530-8888-0826c2d78d30,2026-06-18T14:10:35.488894+00:00,d757edc1-c9f3-4fa1-93eb-1b8f33d6b631,True,,322,f4ad1fb4-36cf-49f9-996d-e603ebf882dd,deposit_voucher,2026-06-18T14:10:35.488894+00:00,2026-06-18T08:10:37.245534+00:00
25e91168-760e-4530-8888-0826c2d78d30,2026-06-18T14:10:35.488894+00:00,d9489327-364f-43e3-addb-995e9d71263d,True,,323,9dca2159-2c55-472f-ad3e-785bf3365c92,deposit_voucher,2026-06-18T14:10:35.488894+00:00,2026-06-18T08:10:37.245534+00:00
25e91168-760e-4530-8888-0826c2d78d30,2026-06-18T14:10:35.488894+00:00,77281a66-1676-44a4-9716-2df0c4fa9ca5,True,,19110,604b3a6c-629d-4e07-a025-c75524a3b9cd,expense_voucher,2026-06-18T14:10:35.488894+00:00,2026-06-18T08:10:37.245534+00:00
25e91168-760e-4530-8888-0826c2d78d30,2026-06-18T14:10:35.488894+00:00,16350c4e-4b3c-4ce7-a11e-bda34c96037a,True,,19111,d1f85a10-5e50-402b-b702-864f4e7af909,expense_voucher,2026-06-18T14:10:35.488894+00:00,2026-06-18T08:10:37.245534+00:00
25e91168-760e-4530-8888-0826c2d78d30,2026-06-18T14:10:35.488894+00:00,0e9ff196-e2f5-40ce-86af-c5cb026af5eb,True,,19112,fd04e6f8-54ca-4860-beaa-a7429348532a,expense_voucher,2026-06-18T14:10:35.488894+00:00,2026-06-18T08:10:37.245534+00:00
25e91168-760e-4530-8888-0826c2d78d30,2026-06-18T14:10:35.488894+00:00,8c614c0c-03ad-45cc-8574-35903e37f494,True,,19113,cd76d0af-84f7-4329-b029-82e3c1e4df7a,expense_voucher,2026-06-18T14:10:35.488894+00:00,2026-06-18T08:10:37.245534+00:00
25e91168-760e-4530-8888-0826c2d78d30,2026-06-18T14:10:35.488894+00:00,70b9154a-c767-4172-a2cd-7e54605cd221,True,,19115,058ab428-da13-4582-81fb-8c85929baeb3,expense_voucher,2026-06-18T14:10:35.488894+00:00,2026-06-18T08:10:37.245534+00:00
25e91168-760e-4530-8888-0826c2d78d30,2026-06-18T14:10:35.488894+00:00,a805fe84-bb38-47f0-b358-d362048967ae,True,,19116,0d4ceaf3-fecd-4d5c-8b81-4989ae40c9cc,expense_voucher,2026-06-18T14:10:35.488894+00:00,2026-06-18T08:10:37.245534+00:00
25e91168-760e-4530-8888-0826c2d78d30,2026-06-18T14:10:35.488894+00:00,dfd48d2a-3138-4463-83ff-f068afbbd653,True,,19117,29211520-86c1-47a9-88c4-cbc49701f94e,expense_voucher,2026-06-18T14:10:35.488894+00:00,2026-06-18T08:10:37.245534+00:00
25e91168-760e-4530-8888-0826c2d78d30,2026-06-18T14:10:35.488894+00:00,2223e915-8c7c-4376-8ea6-fb23e2108eb0,True,,19118,edcf1d8b-26ea-424e-8237-095dd0b55c49,expense_voucher,2026-06-18T14:10:35.488894+00:00,2026-06-18T08:10:37.245534+00:00
25e91168-760e-4530-8888-0826c2d78d30,2026-06-18T14:10:35.488894+00:00,92d2c196-ae23-4e05-af27-bcc4c09e3d98,True,,19119,9febc629-40f9-4167-9414-260131dc3039,expense_voucher,2026-06-18T14:10:35.488894+00:00,2026-06-18T08:10:37.245534+00:00
25e91168-760e-4530-8888-0826c2d78d30,2026-06-18T14:10:35.488894+00:00,10fb9140-b98c-42ac-bab4-44a11ada2f77,True,,19120,b657c34c-4df5-4d1c-b2bd-37a74e1efd3e,expense_voucher,2026-06-18T14:10:35.488894+00:00,2026-06-18T08:10:37.245534+00:00
25e91168-760e-4530-8888-0826c2d78d30,2026-06-18T14:10:35.488894+00:00,6899269c-140f-4a73-9aea-f8f73303a357,True,,0355,2e70829b-d8b1-4518-81fc-43a3ecb3f0e7,purchase_ticket,2026-06-18T14:10:35.488894+00:00,2026-06-18T08:10:37.245534+00:00
25e91168-760e-4530-8888-0826c2d78d30,2026-06-18T14:10:35.488894+00:00,93542b85-a1da-4073-a220-eff91a0a14ab,True,,56855,00bc0d86-2674-45cc-bc0e-674bf1519155,purchase_ticket,2026-06-18T14:10:35.488894+00:00,2026-06-18T08:10:37.245534+00:00
25e91168-760e-4530-8888-0826c2d78d30,2026-06-18T14:10:35.488894+00:00,c7aa7380-36f3-42f4-9aa0-5b6f846f71d3,True,,56872,7c8b0be5-f2d1-48d9-bece-601bd1dad6e6,purchase_ticket,2026-06-18T14:10:35.488894+00:00,2026-06-18T08:10:37.245534+00:00
25e91168-760e-4530-8888-0826c2d78d30,2026-06-18T14:10:35.488894+00:00,8b2924f4-9a3c-4f23-9cb7-38ddbeb809fd,True,,56960,dccdd248-7525-49ba-8d54-57b3e2d3a6d7,purchase_ticket,2026-06-18T14:10:35.488894+00:00,2026-06-18T08:10:37.245534+00:00
25e91168-760e-4530-8888-0826c2d78d30,2026-06-18T14:10:35.488894+00:00,63094f7d-ab48-4265-ba33-af9721dd4229,True,,57048,59647ae8-dcc1-4c60-8432-ab5a0c25982b,purchase_ticket,2026-06-18T14:10:35.488894+00:00,2026-06-18T08:10:37.245534+00:00
25e91168-760e-4530-8888-0826c2d78d30,2026-06-18T14:10:35.488894+00:00,d21a30df-46cb-42e7-b90d-5fb8b13af034,True,,57066,55f9a617-0f2f-4db8-8d07-87b867bdbb33,purchase_ticket,2026-06-18T14:10:35.488894+00:00,2026-06-18T08:10:37.245534+00:00
25e91168-760e-4530-8888-0826c2d78d30,2026-06-18T14:10:35.488894+00:00,54f1c9de-133e-48d2-b25b-9e812c162dd4,True,,57069,ac665015-5edf-4529-b6a1-c525e7549fbd,purchase_ticket,2026-06-18T14:10:35.488894+00:00,2026-06-18T08:10:37.245534+00:00
25e91168-760e-4530-8888-0826c2d78d30,2026-06-18T14:10:35.488894+00:00,e7f744bb-bb18-49ff-890f-62654e1661bf,True,,57070,953c4146-6fd8-49a4-8b21-70fb5a8fd396,purchase_ticket,2026-06-18T14:10:35.488894+00:00,2026-06-18T08:10:37.245534+00:00
25e91168-760e-4530-8888-0826c2d78d30,2026-06-18T14:10:35.488894+00:00,39a03e2a-ae0c-45ce-9787-0a235f776e39,True,,57071,1122fc0a-0cb1-4a53-a960-6fc9fd4a42e5,purchase_ticket,2026-06-18T14:10:35.488894+00:00,2026-06-18T08:10:37.245534+00:00
25e91168-760e-4530-8888-0826c2d78d30,2026-06-18T14:10:35.488894+00:00,ffedbf70-213f-4a48-957c-7bad2095f09c,True,,57073,aeed21ff-58ad-472b-8c3b-ba725810dbd5,purchase_ticket,2026-06-18T14:10:35.488894+00:00,2026-06-18T08:10:37.245534+00:00
25e91168-760e-4530-8888-0826c2d78d30,2026-06-18T14:10:35.488894+00:00,55fe40bc-8a9f-4172-b106-5e6c7c212e04,True,,57074,5a75b8a7-9a11-4849-82c2-d17b8557ca41,purchase_ticket,2026-06-18T14:10:35.488894+00:00,2026-06-18T08:10:37.245534+00:00
25e91168-760e-4530-8888-0826c2d78d30,2026-06-18T14:10:35.488894+00:00,5264eaa7-9896-4847-8ace-ec0f20517d74,True,,57075,2194d8a5-87bb-438c-bbed-1f13bdca0e4e,purchase_ticket,2026-06-18T14:10:35.488894+00:00,2026-06-18T08:10:37.245534+00:00
25e91168-760e-4530-8888-0826c2d78d30,2026-06-18T14:10:35.488894+00:00,80d5257a-d741-4c3e-879f-4593801ce062,True,,57076,7abb7481-bc48-4cd5-a081-20dd02d0ff69,purchase_ticket,2026-06-18T14:10:35.488894+00:00,2026-06-18T08:10:37.245534+00:00
25e91168-760e-4530-8888-0826c2d78d30,2026-06-18T14:10:35.488894+00:00,ac00a690-db37-4167-8766-7822e6fc5266,True,,57077,ec0a510e-47eb-4ca5-82d9-7027f9e81010,purchase_ticket,2026-06-18T14:10:35.488894+00:00,2026-06-18T08:10:37.245534+00:00
25e91168-760e-4530-8888-0826c2d78d30,2026-06-18T14:10:35.488894+00:00,aa66b05f-9676-4ae7-8221-dfd631160893,True,,57078,ecee425e-a2fe-4f5a-8c2e-538d79500c65,purchase_ticket,2026-06-18T14:10:35.488894+00:00,2026-06-18T08:10:37.246574+00:00
25e91168-760e-4530-8888-0826c2d78d30,2026-06-18T14:10:35.488894+00:00,20af3625-0954-4331-bee1-dce3b536bd0a,True,,57079,3df7ca0e-db10-482d-acd1-2c18c7505ce1,purchase_ticket,2026-06-18T14:10:35.488894+00:00,2026-06-18T08:10:37.246574+00:00
25e91168-760e-4530-8888-0826c2d78d30,2026-06-18T14:10:35.488894+00:00,619c1f45-bc3c-4abb-9a22-5f020786192d,True,,57080,9bb08266-3ee6-4d63-b203-767b38323d1d,purchase_ticket,2026-06-18T14:10:35.488894+00:00,2026-06-18T08:10:37.246574+00:00
25e91168-760e-4530-8888-0826c2d78d30,2026-06-18T14:10:35.488894+00:00,54269ebb-c85f-4a89-82a3-84db0d96c3d3,True,,57081,19d01df8-afc0-4381-9a31-9286158fa692,purchase_ticket,2026-06-18T14:10:35.488894+00:00,2026-06-18T08:10:37.246574+00:00
25e91168-760e-4530-8888-0826c2d78d30,2026-06-18T14:10:35.488894+00:00,d9c85383-ce91-4364-bc0d-53336921a546,True,,57082,e751749e-89d0-4235-a90a-2f1a5ed64430,purchase_ticket,2026-06-18T14:10:35.488894+00:00,2026-06-18T08:10:37.246574+00:00
25e91168-760e-4530-8888-0826c2d78d30,2026-06-18T14:10:35.488894+00:00,ca9d6da6-3aa0-49f7-964a-dc13df77fef6,True,,57083,52232bd8-c601-4089-8f1a-68b50150714e,purchase_ticket,2026-06-18T14:10:35.488894+00:00,2026-06-18T08:10:37.246574+00:00
25e91168-760e-4530-8888-0826c2d78d30,2026-06-18T14:10:35.488894+00:00,96dc2f2c-c8d6-4500-9b3f-2a4976af23dd,True,,57084,b6adb1b0-9a1a-49f9-934b-5aa250fa0589,purchase_ticket,2026-06-18T14:10:35.488894+00:00,2026-06-18T08:10:37.246574+00:00
25e91168-760e-4530-8888-0826c2d78d30,2026-06-18T14:10:35.488894+00:00,312ad1c3-b6db-4a37-83d1-ab0c1473747c,True,,57085,4b8213a5-bc86-4e91-862a-75e8e83032b5,purchase_ticket,2026-06-18T14:10:35.488894+00:00,2026-06-18T08:10:37.246574+00:00
25e91168-760e-4530-8888-0826c2d78d30,2026-06-18T14:10:35.488894+00:00,df1a35ee-8a30-4323-b081-7f618ffc1c1a,True,,57086,c88bb76b-aefb-4c86-9452-655220920696,purchase_ticket,2026-06-18T14:10:35.488894+00:00,2026-06-18T08:10:37.246574+00:00
25e91168-760e-4530-8888-0826c2d78d30,2026-06-18T14:10:35.488894+00:00,8f0987fa-4825-42c1-98b2-d4f37ed0f90b,True,,57087,7cbb34b6-5786-45fe-9506-42a19f8af8fb,purchase_ticket,2026-06-18T14:10:35.488894+00:00,2026-06-18T08:10:37.246574+00:00
25e91168-760e-4530-8888-0826c2d78d30,2026-06-18T14:10:35.488894+00:00,a4033357-25ef-4b8a-bdc4-f1d0f6199da5,True,,57089,4854cd1e-a651-4819-a5cd-c0846ba007ff,purchase_ticket,2026-06-18T14:10:35.488894+00:00,2026-06-18T08:10:37.246574+00:00
25e91168-760e-4530-8888-0826c2d78d30,2026-06-18T14:10:35.488894+00:00,c26d10cd-091a-4c4c-9127-671ef7b9555a,True,,57090,7a48e363-d38a-4e82-afad-f0f25c642b59,purchase_ticket,2026-06-18T14:10:35.488894+00:00,2026-06-18T08:10:37.246574+00:00
25e91168-760e-4530-8888-0826c2d78d30,2026-06-18T14:10:35.488894+00:00,c6364ac2-7ff4-4982-be5c-3913d8ac080b,True,,57091,02f50f36-6ef9-4457-82db-5550655f34e1,purchase_ticket,2026-06-18T14:10:35.488894+00:00,2026-06-18T08:10:37.246574+00:00
25e91168-760e-4530-8888-0826c2d78d30,2026-06-18T14:10:35.488894+00:00,d019cd50-fa43-4514-9b2a-7b7aa9eed82d,True,,81822,50feeae9-3350-4ed3-a62c-0c23ef5bb75e,purchase_ticket,2026-06-18T14:10:35.488894+00:00,2026-06-18T08:10:37.246574+00:00
25e91168-760e-4530-8888-0826c2d78d30,2026-06-18T14:10:35.488894+00:00,75c97d37-a334-4776-88e0-1962eaae0af5,True,,81847,cf0ee354-0ce3-4abc-ba40-c78a266b7230,purchase_ticket,2026-06-18T14:10:35.488894+00:00,2026-06-18T08:10:37.246574+00:00
25e91168-760e-4530-8888-0826c2d78d30,2026-06-18T14:10:35.488894+00:00,6da8bae9-100d-47a1-a7da-1db313c57433,True,,81963,9f32c7c8-6aea-412d-8025-a62c61ec456b,purchase_ticket,2026-06-18T14:10:35.488894+00:00,2026-06-18T08:10:37.246574+00:00
25e91168-760e-4530-8888-0826c2d78d30,2026-06-18T14:10:35.488894+00:00,095d0580-05e7-4f54-af11-2197b7a00a11,True,,81994,7115b072-1f75-4eed-aa29-4f6139a9c651,purchase_ticket,2026-06-18T14:10:35.488894+00:00,2026-06-18T08:10:37.246574+00:00
25e91168-760e-4530-8888-0826c2d78d30,2026-06-18T14:10:35.488894+00:00,835834f7-4012-4b17-9d09-828430d164a4,True,,82046,40287ae2-cbe8-4de7-ae59-b215d14f4ba2,purchase_ticket,2026-06-18T14:10:35.488894+00:00,2026-06-18T08:10:37.246574+00:00
25e91168-760e-4530-8888-0826c2d78d30,2026-06-18T14:10:35.488894+00:00,3e134268-a8fb-4deb-b0ef-07e79cb6ee01,True,,82066,758d2cae-0d2c-400f-a185-bc34563ed3a4,purchase_ticket,2026-06-18T14:10:35.488894+00:00,2026-06-18T08:10:37.246574+00:00
25e91168-760e-4530-8888-0826c2d78d30,2026-06-18T14:10:35.488894+00:00,d9ef05ad-141b-4916-85cd-ec511a01326c,True,,82071,bc3c4d84-9536-4997-a3df-b522993a3006,purchase_ticket,2026-06-18T14:10:35.488894+00:00,2026-06-18T08:10:37.246574+00:00
25e91168-760e-4530-8888-0826c2d78d30,2026-06-18T14:10:35.488894+00:00,1fa315d5-fa8a-45aa-be2c-e0357ff42137,True,,82072,21427afd-fd3f-4231-bc4f-de5f7bc8d55f,purchase_ticket,2026-06-18T14:10:35.488894+00:00,2026-06-18T08:10:37.246574+00:00
25e91168-760e-4530-8888-0826c2d78d30,2026-06-18T14:10:35.488894+00:00,04418fde-c175-4354-b71e-dbc293e7c15d,True,,82093,2a821bc1-8413-4441-a773-621f9478f8d3,purchase_ticket,2026-06-18T14:10:35.488894+00:00,2026-06-18T08:10:37.246574+00:00
25e91168-760e-4530-8888-0826c2d78d30,2026-06-18T14:10:35.488894+00:00,ede49eb5-20be-4e9f-a01c-30110908e83d,True,,82095-A,823c3db8-96d1-4b3a-abad-b3ce83f236ab,purchase_ticket,2026-06-18T14:10:35.488894+00:00,2026-06-18T08:10:37.246574+00:00
25e91168-760e-4530-8888-0826c2d78d30,2026-06-18T14:10:35.488894+00:00,8e8df339-d56c-4ad7-bbd1-0fd1f56fe703,True,,82095-B,17756abf-4fa3-48b9-abec-585ecbd1a58e,purchase_ticket,2026-06-18T14:10:35.488894+00:00,2026-06-18T08:10:37.246574+00:00
25e91168-760e-4530-8888-0826c2d78d30,2026-06-18T14:10:35.488894+00:00,38b01481-072d-493d-a97a-95aedabce581,True,,82098,87fdc3da-7453-437e-9c52-aee9e236ba2d,purchase_ticket,2026-06-18T14:10:35.488894+00:00,2026-06-18T08:10:37.246574+00:00
25e91168-760e-4530-8888-0826c2d78d30,2026-06-18T14:10:35.488894+00:00,b80fd235-c05f-448e-9a00-251057eb1a42,True,,82100,5fe5293d-690b-4bb0-a3de-1074fafe7b80,purchase_ticket,2026-06-18T14:10:35.488894+00:00,2026-06-18T08:10:37.246574+00:00
25e91168-760e-4530-8888-0826c2d78d30,2026-06-18T14:10:35.488894+00:00,76e0dc70-885f-4e26-ad00-0cb0dbb4c3d5,True,,82101,c31afa38-1e29-4e83-b2ce-fc7ddd8c12b4,purchase_ticket,2026-06-18T14:10:35.488894+00:00,2026-06-18T08:10:37.246574+00:00
25e91168-760e-4530-8888-0826c2d78d30,2026-06-18T14:10:35.488894+00:00,e1cdca81-3791-4844-afa6-472e80999942,True,,82104,19270c3c-6b36-4371-9ab7-2579ec2b7ba7,purchase_ticket,2026-06-18T14:10:35.488894+00:00,2026-06-18T08:10:37.246574+00:00
25e91168-760e-4530-8888-0826c2d78d30,2026-06-18T14:10:35.488894+00:00,2adc5db8-a012-4793-9ad7-e9d8ad0ce0c5,True,,82106,66348a59-0616-45a3-8234-2e07a727f83b,purchase_ticket,2026-06-18T14:10:35.488894+00:00,2026-06-18T08:10:37.246574+00:00
25e91168-760e-4530-8888-0826c2d78d30,2026-06-18T14:10:35.488894+00:00,7d695b55-b5ec-4ecd-abbc-8d20a2d351a6,True,,82111-A,af100496-22a0-414f-b187-c5da3c980711,purchase_ticket,2026-06-18T14:10:35.488894+00:00,2026-06-18T08:10:37.246574+00:00
25e91168-760e-4530-8888-0826c2d78d30,2026-06-18T14:10:35.488894+00:00,08cc0a63-39c7-4a13-a258-8bd4d962b3c4,True,,82111-B,615b1b02-5b6b-4461-b0ef-7d26680b8375,purchase_ticket,2026-06-18T14:10:35.488894+00:00,2026-06-18T08:10:37.246574+00:00
25e91168-760e-4530-8888-0826c2d78d30,2026-06-18T14:10:35.488894+00:00,50aa21c2-c097-419a-b873-00511288fe1e,True,,82112-A,fc019f5d-678d-4374-baba-49ffea1c95f9,purchase_ticket,2026-06-18T14:10:35.488894+00:00,2026-06-18T08:10:37.246574+00:00
25e91168-760e-4530-8888-0826c2d78d30,2026-06-18T14:10:35.488894+00:00,2a4092a1-5dd2-402f-abb7-72eaf7110668,True,,82112-B,b226e64a-8864-420f-a571-d253c93d592c,purchase_ticket,2026-06-18T14:10:35.488894+00:00,2026-06-18T08:10:37.246574+00:00
25e91168-760e-4530-8888-0826c2d78d30,2026-06-18T14:10:35.488894+00:00,43126803-94f2-4b12-a555-c38055cadde1,True,,82113,d97672a0-2f29-427c-b4e6-e9d154d47dcf,purchase_ticket,2026-06-18T14:10:35.488894+00:00,2026-06-18T08:10:37.246574+00:00
25e91168-760e-4530-8888-0826c2d78d30,2026-06-18T14:10:35.488894+00:00,b5e9e234-2948-400c-8ef1-b60234a01129,True,,82115,9d4afac6-75ba-411e-ad1d-5e7318154f25,purchase_ticket,2026-06-18T14:10:35.488894+00:00,2026-06-18T08:10:37.246574+00:00
25e91168-760e-4530-8888-0826c2d78d30,2026-06-18T14:10:35.488894+00:00,30813be0-9517-4f3d-a9c0-931a361e7423,True,,353,04d79b5e-b389-4b8e-b016-a59b9e6eadf8,sale_ticket,2026-06-18T14:10:35.488894+00:00,2026-06-18T08:10:37.246574+00:00
25e91168-760e-4530-8888-0826c2d78d30,2026-06-18T14:10:35.488894+00:00,19264176-ff1e-4cee-9b03-c93c56e6cd34,True,,354,22ebf540-b104-44c8-93e1-b391da534c1e,sale_ticket,2026-06-18T14:10:35.488894+00:00,2026-06-18T08:10:37.246574+00:00
25e91168-760e-4530-8888-0826c2d78d30,2026-06-18T14:10:35.488894+00:00,4f79b4e5-1eea-4b26-b072-966cc4d650f3,True,,357,9aa622a3-bca5-426a-ae53-aa949f6ecdf6,sale_ticket,2026-06-18T14:10:35.488894+00:00,2026-06-18T08:10:37.246574+00:00
25e91168-760e-4530-8888-0826c2d78d30,2026-06-18T14:10:35.488894+00:00,f7a6bc51-1980-48f9-83de-85e6f2cbe81a,True,,78996,dd85f68d-3e6c-44b2-ada5-49b38c6b9f6d,sale_ticket,2026-06-18T14:10:35.488894+00:00,2026-06-18T08:10:37.246574+00:00
dd291677-6b18-46a9-b485-d6a67c8bab87,2026-06-30T23:49:42.231403+00:00,7dd6fdf5-6501-4bb6-af68-ca0a9a91ff3b,True,,19245,9b94faf0-ac7a-439a-9337-c634aca356b5,expense_voucher,2026-06-30T23:49:42.231403+00:00,2026-06-30T17:49:43.271842+00:00
8e1c3beb-6cd1-4ca2-b0b3-bbb6ae25ad1f,2026-06-18T23:58:23.437236+00:00,013f1910-03c3-4203-9299-519ff33d1a1f,True,,19121,ea8b293d-9fa7-4fd5-91a1-0dad915735f9,expense_voucher,2026-06-18T23:58:23.437236+00:00,2026-06-18T17:58:24.614252+00:00
8e1c3beb-6cd1-4ca2-b0b3-bbb6ae25ad1f,2026-06-18T23:58:23.437236+00:00,ac492566-388a-48d3-b281-19982a7c747b,True,comprobar,19093,a13c24b6-882c-4126-9a4d-601cebe8573b,expense_voucher,2026-06-24T22:22:12.261204+00:00,2026-06-24T16:22:12.300545+00:00
8e1c3beb-6cd1-4ca2-b0b3-bbb6ae25ad1f,2026-06-18T23:58:23.437236+00:00,f2f0ad3c-c40e-4f40-89b9-bafdcfe6adcb,True,,19123,98ce0436-e96c-4e87-9e9e-be156c9b6b50,expense_voucher,2026-06-18T23:58:23.437236+00:00,2026-06-18T17:58:24.614252+00:00
dd291677-6b18-46a9-b485-d6a67c8bab87,2026-06-30T23:49:42.231403+00:00,e712db22-08f9-4c79-a404-58da49773f1f,True,,19246,74c0a7ac-1f54-4e10-a5a7-c34c02418571,expense_voucher,2026-06-30T23:49:42.231403+00:00,2026-06-30T17:49:43.271842+00:00
8e1c3beb-6cd1-4ca2-b0b3-bbb6ae25ad1f,2026-06-18T23:58:23.437236+00:00,e676c9d8-8edf-44e9-b6fb-36876d008a6d,True,,19125,a9007c40-065c-46e4-b10a-95c1f79e8fb0,expense_voucher,2026-06-18T23:58:23.437236+00:00,2026-06-18T17:58:24.614252+00:00
8e1c3beb-6cd1-4ca2-b0b3-bbb6ae25ad1f,2026-06-18T23:58:23.437236+00:00,73e2a624-c786-4ae1-b499-92f8094866d9,True,,19126,3daef489-cd64-4b3a-a1d5-c61c01293524,expense_voucher,2026-06-18T23:58:23.437236+00:00,2026-06-18T17:58:24.614252+00:00
8e1c3beb-6cd1-4ca2-b0b3-bbb6ae25ad1f,2026-06-18T23:58:23.437236+00:00,3cc718b7-9600-4088-b4be-e6fb848070e8,True,,19127,a6ec642d-23cc-4d4c-acc8-14aa31b94376,expense_voucher,2026-06-18T23:58:23.437236+00:00,2026-06-18T17:58:24.614252+00:00
8e1c3beb-6cd1-4ca2-b0b3-bbb6ae25ad1f,2026-06-18T23:58:23.437236+00:00,61844bdf-332a-44be-8a6d-859d40c63131,True,,19128,8424b728-9492-4728-a398-76751a9d7749,expense_voucher,2026-06-18T23:58:23.437236+00:00,2026-06-18T17:58:24.615249+00:00
8e1c3beb-6cd1-4ca2-b0b3-bbb6ae25ad1f,2026-06-18T23:58:23.437236+00:00,7e9e8018-576b-4ccf-893d-5a33a47cdb18,True,,19129,317f03b7-db80-4810-a27b-e3e9104290c5,expense_voucher,2026-06-18T23:58:23.437236+00:00,2026-06-18T17:58:24.615249+00:00
8e1c3beb-6cd1-4ca2-b0b3-bbb6ae25ad1f,2026-06-18T23:58:23.437236+00:00,398555e9-c0b6-439d-8f2b-1a3cf74a22ee,True,,19130,af89dec4-71b4-48b9-9853-b337a52dbdbf,expense_voucher,2026-06-18T23:58:23.437236+00:00,2026-06-18T17:58:24.615249+00:00
8e1c3beb-6cd1-4ca2-b0b3-bbb6ae25ad1f,2026-06-18T23:58:23.437236+00:00,508dff40-ef6c-4f09-a5aa-16dacb95a230,True,,19131,406b3055-1d37-46c0-a29e-a0a99ae95253,expense_voucher,2026-06-18T23:58:23.437236+00:00,2026-06-18T17:58:24.615249+00:00
8e1c3beb-6cd1-4ca2-b0b3-bbb6ae25ad1f,2026-06-18T23:58:23.437236+00:00,5f1d5ba0-ff35-4ec4-9348-afaf80835c91,True,,324,040482b8-8b87-4b19-ae55-74b45791650c,deposit_voucher,2026-06-18T23:58:23.437236+00:00,2026-06-18T17:58:24.615249+00:00
8e1c3beb-6cd1-4ca2-b0b3-bbb6ae25ad1f,2026-06-18T23:58:23.437236+00:00,b3ef8ecf-4c77-4e16-ba93-94d205a2c1ae,True,,325,b335e48d-9929-44fa-b4aa-c727dc07fa95,deposit_voucher,2026-06-18T23:58:23.437236+00:00,2026-06-18T17:58:24.615249+00:00
8e1c3beb-6cd1-4ca2-b0b3-bbb6ae25ad1f,2026-06-18T23:58:23.437236+00:00,2ab58894-85a0-4664-9838-0f553556ba03,True,,326,d1957a00-24c3-438a-a4bd-edd0ae78bb8c,deposit_voucher,2026-06-18T23:58:23.437236+00:00,2026-06-18T17:58:24.615249+00:00
8e1c3beb-6cd1-4ca2-b0b3-bbb6ae25ad1f,2026-06-18T23:58:23.437236+00:00,ff405e38-ecac-4720-9af7-1fb56ccb4f56,True,,327,81f79e63-19c1-4947-9d38-e860e7d43646,deposit_voucher,2026-06-18T23:58:23.437236+00:00,2026-06-18T17:58:24.615249+00:00
8e1c3beb-6cd1-4ca2-b0b3-bbb6ae25ad1f,2026-06-18T23:58:23.437236+00:00,f58c1767-1322-4749-8baf-8a0d199be4f4,True,,328,a66f43c9-db4c-404c-94ad-c67e0969bd76,deposit_voucher,2026-06-18T23:58:23.437236+00:00,2026-06-18T17:58:24.615249+00:00
8e1c3beb-6cd1-4ca2-b0b3-bbb6ae25ad1f,2026-06-18T23:58:23.437236+00:00,7fdb587f-e367-4ecb-843f-e1b275eaccc8,True,,0362,ad5fd65e-ba15-45fb-883b-37f6a7330e69,sale_ticket,2026-06-18T23:58:23.437236+00:00,2026-06-18T17:58:24.615249+00:00
8e1c3beb-6cd1-4ca2-b0b3-bbb6ae25ad1f,2026-06-18T23:58:23.437236+00:00,14a5883c-d2db-4f89-a4ba-05a85d301d4f,True,,0363,11e0abc7-d6f1-4298-99d7-fce4fc6bf825,sale_ticket,2026-06-18T23:58:23.437236+00:00,2026-06-18T17:58:24.615249+00:00
8e1c3beb-6cd1-4ca2-b0b3-bbb6ae25ad1f,2026-06-18T23:58:23.437236+00:00,0d61bf26-fd2f-41ce-a43a-2580e744ba4b,True,,6757,653db18e-0278-4425-8df5-6fdd081473f7,sale_ticket,2026-06-18T23:58:23.437236+00:00,2026-06-18T17:58:24.615249+00:00
8e1c3beb-6cd1-4ca2-b0b3-bbb6ae25ad1f,2026-06-18T23:58:23.437236+00:00,9a9b3c23-c7e6-4056-bc3e-054149d14df5,True,,67570,33534d90-5b0f-4f69-830c-cd329f5a096a,sale_ticket,2026-06-18T23:58:23.437236+00:00,2026-06-18T17:58:24.615249+00:00
8e1c3beb-6cd1-4ca2-b0b3-bbb6ae25ad1f,2026-06-18T23:58:23.437236+00:00,a6008ff9-7dc5-48c6-ac4c-3680d3f32928,True,,67571,3d71945b-ded4-4915-a422-744de4dce17e,sale_ticket,2026-06-18T23:58:23.437236+00:00,2026-06-18T17:58:24.615249+00:00
8e1c3beb-6cd1-4ca2-b0b3-bbb6ae25ad1f,2026-06-18T23:58:23.437236+00:00,369ed839-2792-44be-8c1e-68345f93931a,True,,67572,6bc620d3-7dbd-4d28-9560-272c1b407575,sale_ticket,2026-06-18T23:58:23.437236+00:00,2026-06-18T17:58:24.615249+00:00
8e1c3beb-6cd1-4ca2-b0b3-bbb6ae25ad1f,2026-06-18T23:58:23.437236+00:00,a3a4dfab-58a2-4af6-ba5d-314d6f0c68f0,True,,67573,9130fa8e-aa3e-4ac1-b273-e3f8e7f1167e,sale_ticket,2026-06-18T23:58:23.437236+00:00,2026-06-18T17:58:24.615249+00:00
8e1c3beb-6cd1-4ca2-b0b3-bbb6ae25ad1f,2026-06-18T23:58:23.437236+00:00,465e0824-6c0d-47af-8534-5414b3ee4d39,True,,56901,e68e11fa-b57d-4ff1-ab53-4674c1ce9742,purchase_ticket,2026-06-18T23:58:23.437236+00:00,2026-06-18T17:58:24.615249+00:00
8e1c3beb-6cd1-4ca2-b0b3-bbb6ae25ad1f,2026-06-18T23:58:23.437236+00:00,f07c3f12-c368-4100-9a70-24158a0b973d,True,,56969,745deb41-94d5-4c45-b9e9-329eb39dd95e,purchase_ticket,2026-06-18T23:58:23.437236+00:00,2026-06-18T17:58:24.615249+00:00
8e1c3beb-6cd1-4ca2-b0b3-bbb6ae25ad1f,2026-06-18T23:58:23.437236+00:00,b2fc80e0-5de1-40f5-a15d-33affc280408,True,,57092,29e71291-1528-46d3-8112-b262fb1a9d4d,purchase_ticket,2026-06-18T23:58:23.437236+00:00,2026-06-18T17:58:24.615249+00:00
8e1c3beb-6cd1-4ca2-b0b3-bbb6ae25ad1f,2026-06-18T23:58:23.437236+00:00,6a40f21d-d83d-48b4-95c4-20503c5a135b,True,,57093,18ee5df9-0cd1-4b4c-8221-2f576b90f44c,purchase_ticket,2026-06-18T23:58:23.437236+00:00,2026-06-18T17:58:24.615249+00:00
8e1c3beb-6cd1-4ca2-b0b3-bbb6ae25ad1f,2026-06-18T23:58:23.437236+00:00,f8c405d8-e29b-4517-a10c-38bfd3aab1eb,True,,57094,78638daf-3daa-4088-99e4-5a764a34252e,purchase_ticket,2026-06-18T23:58:23.437236+00:00,2026-06-18T17:58:24.615249+00:00
8e1c3beb-6cd1-4ca2-b0b3-bbb6ae25ad1f,2026-06-18T23:58:23.437236+00:00,8e6c1bda-672a-4c79-9e67-3c5bbdf2c52c,True,,57095,7f88aeaa-ae5f-4120-9f8c-5572ddf2f63a,purchase_ticket,2026-06-18T23:58:23.437236+00:00,2026-06-18T17:58:24.615249+00:00
8e1c3beb-6cd1-4ca2-b0b3-bbb6ae25ad1f,2026-06-18T23:58:23.437236+00:00,ec528ad8-2849-4bac-96ce-53106b55df80,True,,57096,be706398-102c-483b-9107-0da4593120e6,purchase_ticket,2026-06-18T23:58:23.437236+00:00,2026-06-18T17:58:24.615249+00:00
8e1c3beb-6cd1-4ca2-b0b3-bbb6ae25ad1f,2026-06-18T23:58:23.437236+00:00,7719f5fb-b1af-47f0-b909-87f59f713209,True,,57097,4b1442b1-211c-4171-9e86-4557e102528a,purchase_ticket,2026-06-18T23:58:23.437236+00:00,2026-06-18T17:58:24.615249+00:00
8e1c3beb-6cd1-4ca2-b0b3-bbb6ae25ad1f,2026-06-18T23:58:23.437236+00:00,11798889-523f-4da9-b0b0-eb6dcb509ede,True,,57098,f1a4b9f9-4e63-4ce6-9ba9-e9ff65957ac6,purchase_ticket,2026-06-18T23:58:23.437236+00:00,2026-06-18T17:58:24.615249+00:00
8e1c3beb-6cd1-4ca2-b0b3-bbb6ae25ad1f,2026-06-18T23:58:23.437236+00:00,3bdb0216-a645-4c3e-8789-95e8cf0e52ce,True,,57099,f679d4c0-0219-4e2d-a68c-d5a0004a19a7,purchase_ticket,2026-06-18T23:58:23.437236+00:00,2026-06-18T17:58:24.615249+00:00
8e1c3beb-6cd1-4ca2-b0b3-bbb6ae25ad1f,2026-06-18T23:58:23.437236+00:00,12faab3f-b5a1-4c74-8b38-7800021bb375,True,,57100,499be169-df30-4629-b5ab-89ae32ee2ece,purchase_ticket,2026-06-18T23:58:23.437236+00:00,2026-06-18T17:58:24.615249+00:00
8e1c3beb-6cd1-4ca2-b0b3-bbb6ae25ad1f,2026-06-18T23:58:23.437236+00:00,96b87ceb-8b80-458b-b929-ca62bb75224d,True,,57101,b23c3756-1470-4207-aae1-90766acbfad1,purchase_ticket,2026-06-18T23:58:23.437236+00:00,2026-06-18T17:58:24.615249+00:00
8e1c3beb-6cd1-4ca2-b0b3-bbb6ae25ad1f,2026-06-18T23:58:23.437236+00:00,0223eaba-4d21-401e-9056-7ed590f09179,True,,57102,dce7e691-34ab-4edf-861e-3d7fe3f2b857,purchase_ticket,2026-06-18T23:58:23.437236+00:00,2026-06-18T17:58:24.615249+00:00
8e1c3beb-6cd1-4ca2-b0b3-bbb6ae25ad1f,2026-06-18T23:58:23.437236+00:00,3d77d052-c93b-488c-8780-a28557107617,True,,57103,855cd085-200b-47d7-a147-a3fd66b81194,purchase_ticket,2026-06-18T23:58:23.437236+00:00,2026-06-18T17:58:24.615249+00:00
8e1c3beb-6cd1-4ca2-b0b3-bbb6ae25ad1f,2026-06-18T23:58:23.437236+00:00,a1e6ab31-9a4d-4354-803d-ca4364872e1a,True,,57104,28838699-b2db-4655-b013-9096cbfc57cf,purchase_ticket,2026-06-18T23:58:23.437236+00:00,2026-06-18T17:58:24.615249+00:00
8e1c3beb-6cd1-4ca2-b0b3-bbb6ae25ad1f,2026-06-18T23:58:23.437236+00:00,2307ae79-a91c-458b-b976-ba07dbf1920d,True,,57105,f9fd59d7-a848-4223-9868-287171b44912,purchase_ticket,2026-06-18T23:58:23.437236+00:00,2026-06-18T17:58:24.615249+00:00
8e1c3beb-6cd1-4ca2-b0b3-bbb6ae25ad1f,2026-06-18T23:58:23.437236+00:00,43ebed5f-5660-4a8b-a26b-001fbacb161e,True,,57106,d29307ba-06bb-45b7-a222-e39c6491ab90,purchase_ticket,2026-06-18T23:58:23.437236+00:00,2026-06-18T17:58:24.615249+00:00
8e1c3beb-6cd1-4ca2-b0b3-bbb6ae25ad1f,2026-06-18T23:58:23.437236+00:00,8d659c6b-f206-4812-8546-f4713973f450,True,,57107,129e5399-3581-4305-8ae4-cca0f7e23d35,purchase_ticket,2026-06-18T23:58:23.437236+00:00,2026-06-18T17:58:24.615249+00:00
8e1c3beb-6cd1-4ca2-b0b3-bbb6ae25ad1f,2026-06-18T23:58:23.437236+00:00,12639ced-6c01-46e7-89f9-faf45c43cc81,True,,57108,4fc545fa-d426-462d-a263-9463678a85db,purchase_ticket,2026-06-18T23:58:23.437236+00:00,2026-06-18T17:58:24.615249+00:00
8e1c3beb-6cd1-4ca2-b0b3-bbb6ae25ad1f,2026-06-18T23:58:23.437236+00:00,9062f101-ebdb-4634-bccb-4cfd67ec1b50,True,,57109,7beafd03-df30-4077-8dfe-9c87bb1567ef,purchase_ticket,2026-06-18T23:58:23.437236+00:00,2026-06-18T17:58:24.615249+00:00
8e1c3beb-6cd1-4ca2-b0b3-bbb6ae25ad1f,2026-06-18T23:58:23.437236+00:00,cef81a5c-474a-4d0c-a143-0c56d1f0df74,True,,57110,f5b72944-ec5d-434e-9161-86086a6fd622,purchase_ticket,2026-06-18T23:58:23.437236+00:00,2026-06-18T17:58:24.615249+00:00
8e1c3beb-6cd1-4ca2-b0b3-bbb6ae25ad1f,2026-06-18T23:58:23.437236+00:00,45da089d-28d2-45e9-b2a4-ba7c192a2486,True,,57111,848e0cd1-d4c4-4c8b-8ebf-0a2116147161,purchase_ticket,2026-06-18T23:58:23.437236+00:00,2026-06-18T17:58:24.615249+00:00
8e1c3beb-6cd1-4ca2-b0b3-bbb6ae25ad1f,2026-06-18T23:58:23.437236+00:00,5ec1dbaf-e8d8-43fb-a569-0f6edf90d562,True,,57112,7a90b478-5319-45e6-8da7-d9e9ce75dcbf,purchase_ticket,2026-06-18T23:58:23.437236+00:00,2026-06-18T17:58:24.615249+00:00
8e1c3beb-6cd1-4ca2-b0b3-bbb6ae25ad1f,2026-06-18T23:58:23.437236+00:00,3d49a2e5-233c-4cbf-824f-76682573ef1a,True,,57113,152115a1-3ca2-4c49-8713-8815d76bbcac,purchase_ticket,2026-06-18T23:58:23.437236+00:00,2026-06-18T17:58:24.616246+00:00
8e1c3beb-6cd1-4ca2-b0b3-bbb6ae25ad1f,2026-06-18T23:58:23.437236+00:00,aa2ff56d-1bdf-44b2-92c2-4407f08827ae,True,,57114,509cf023-f65c-40b6-b896-cd3f02147e82,purchase_ticket,2026-06-18T23:58:23.437236+00:00,2026-06-18T17:58:24.616246+00:00
8e1c3beb-6cd1-4ca2-b0b3-bbb6ae25ad1f,2026-06-18T23:58:23.437236+00:00,7975fc73-2f45-4a3c-af26-16302cc4a857,True,,57115,07c1bb5f-c175-425f-b06c-cbdf2acdcc93,purchase_ticket,2026-06-18T23:58:23.437236+00:00,2026-06-18T17:58:24.616246+00:00
8e1c3beb-6cd1-4ca2-b0b3-bbb6ae25ad1f,2026-06-18T23:58:23.437236+00:00,1046a91b-5dcf-474f-8d28-da40ab158c31,True,,57116,e9aa6409-c405-4bcd-8660-fc04e6ad6a48,purchase_ticket,2026-06-18T23:58:23.437236+00:00,2026-06-18T17:58:24.616246+00:00
8e1c3beb-6cd1-4ca2-b0b3-bbb6ae25ad1f,2026-06-18T23:58:23.437236+00:00,85150629-8530-4e71-b100-f0eb17820787,True,,57117,9f50bd6d-deaf-46e3-bcc7-4de6736d407c,purchase_ticket,2026-06-18T23:58:23.437236+00:00,2026-06-18T17:58:24.616246+00:00
8e1c3beb-6cd1-4ca2-b0b3-bbb6ae25ad1f,2026-06-18T23:58:23.437236+00:00,136500a3-a2dc-486c-834d-7c98c9926909,True,,57118,ebba12bc-33a0-4e3d-8f98-0b75eb0df3e9,purchase_ticket,2026-06-18T23:58:23.437236+00:00,2026-06-18T17:58:24.616246+00:00
8e1c3beb-6cd1-4ca2-b0b3-bbb6ae25ad1f,2026-06-18T23:58:23.437236+00:00,f1c6683b-df19-4649-89f9-1bb32e891b8d,True,,57119,2b6fc89d-057a-4577-8119-06eb37f64030,purchase_ticket,2026-06-18T23:58:23.437236+00:00,2026-06-18T17:58:24.616246+00:00
8e1c3beb-6cd1-4ca2-b0b3-bbb6ae25ad1f,2026-06-18T23:58:23.437236+00:00,4b172a7d-087d-4ba4-acc6-377af14a1989,True,,57120,1bedbe07-9c7c-4b02-8099-2a1f9bd0d932,purchase_ticket,2026-06-18T23:58:23.437236+00:00,2026-06-18T17:58:24.616246+00:00
8e1c3beb-6cd1-4ca2-b0b3-bbb6ae25ad1f,2026-06-18T23:58:23.437236+00:00,f3b2defc-c21d-45d3-ada5-6a48f5122ce3,True,,57121,0842eced-acbe-4bcc-8b70-d4f34b04c527,purchase_ticket,2026-06-18T23:58:23.437236+00:00,2026-06-18T17:58:24.616246+00:00
8e1c3beb-6cd1-4ca2-b0b3-bbb6ae25ad1f,2026-06-18T23:58:23.437236+00:00,08283104-aa24-4187-a408-457e9fbcb2dd,True,,57123,695f2a56-5c37-4e61-97da-d7ac1429f461,purchase_ticket,2026-06-18T23:58:23.437236+00:00,2026-06-18T17:58:24.616246+00:00
8e1c3beb-6cd1-4ca2-b0b3-bbb6ae25ad1f,2026-06-18T23:58:23.437236+00:00,98140311-a703-47a2-84cd-1ac157b3c44a,True,,57124,1dd44feb-a9a3-47bb-93c7-97fe7b6c02a0,purchase_ticket,2026-06-18T23:58:23.437236+00:00,2026-06-18T17:58:24.616246+00:00
8e1c3beb-6cd1-4ca2-b0b3-bbb6ae25ad1f,2026-06-18T23:58:23.437236+00:00,8392b35f-f5b8-47f0-a7bc-13a935c717eb,True,,82119,2a1f2541-7d73-430d-bb5c-72c5a3a8e103,purchase_ticket,2026-06-18T23:58:23.437236+00:00,2026-06-18T17:58:24.616246+00:00
8e1c3beb-6cd1-4ca2-b0b3-bbb6ae25ad1f,2026-06-18T23:58:23.437236+00:00,03eb6ab1-8c44-46b3-a85e-0c003301fada,True,,82120,d10cf199-b550-4542-b0ef-8672fe6a1490,purchase_ticket,2026-06-18T23:58:23.437236+00:00,2026-06-18T17:58:24.616246+00:00
8e1c3beb-6cd1-4ca2-b0b3-bbb6ae25ad1f,2026-06-18T23:58:23.437236+00:00,0381c675-d06a-4127-b543-5b895ab3dac0,True,,82121-A,7c741515-032e-4b11-8d26-ddd4cfdc23ec,purchase_ticket,2026-06-18T23:58:23.437236+00:00,2026-06-18T17:58:24.616246+00:00
8e1c3beb-6cd1-4ca2-b0b3-bbb6ae25ad1f,2026-06-18T23:58:23.437236+00:00,5980cc3e-6641-4a03-b81b-49c3e6e21ac3,True,,82121-B,c606cab8-26de-407f-a46f-662a49d434aa,purchase_ticket,2026-06-18T23:58:23.437236+00:00,2026-06-18T17:58:24.616246+00:00
8e1c3beb-6cd1-4ca2-b0b3-bbb6ae25ad1f,2026-06-18T23:58:23.437236+00:00,f23b37e9-904c-433c-88df-de24f689bff0,True,,82124,c59c3205-217c-4563-97b6-e45dd2993451,purchase_ticket,2026-06-18T23:58:23.437236+00:00,2026-06-18T17:58:24.616246+00:00
8e1c3beb-6cd1-4ca2-b0b3-bbb6ae25ad1f,2026-06-18T23:58:23.437236+00:00,0119674f-496d-4955-8b5d-416c531d8860,True,,82131,6ab3bd60-c4d3-4111-9aa1-736c044e4e17,purchase_ticket,2026-06-18T23:58:23.437236+00:00,2026-06-18T17:58:24.616246+00:00
8e1c3beb-6cd1-4ca2-b0b3-bbb6ae25ad1f,2026-06-18T23:58:23.437236+00:00,676beab1-a87d-4838-88c5-12a6d94ec4ea,True,,82133,b25f9c87-be77-4e65-93c5-5daa76693de7,purchase_ticket,2026-06-18T23:58:23.437236+00:00,2026-06-18T17:58:24.616246+00:00
8e1c3beb-6cd1-4ca2-b0b3-bbb6ae25ad1f,2026-06-18T23:58:23.437236+00:00,f8a27039-d012-40f2-b800-0a22b71b11d6,True,,82134,d046cd74-0ff5-493d-9e66-86212cde4a69,purchase_ticket,2026-06-18T23:58:23.437236+00:00,2026-06-18T17:58:24.616246+00:00
8e1c3beb-6cd1-4ca2-b0b3-bbb6ae25ad1f,2026-06-18T23:58:23.437236+00:00,02e3e108-617a-4ced-b1e1-85cccc79efa2,True,,82138,8ed50693-adaa-4b96-a7f7-e5839c3d3748,purchase_ticket,2026-06-18T23:58:23.437236+00:00,2026-06-18T17:58:24.616246+00:00
8e1c3beb-6cd1-4ca2-b0b3-bbb6ae25ad1f,2026-06-18T23:58:23.437236+00:00,98a1289a-8a58-4eb7-8800-c587973c1ec3,True,,82139,9be8e3ac-7621-4e2d-9608-0a6fa7e2bbdd,purchase_ticket,2026-06-18T23:58:23.437236+00:00,2026-06-18T17:58:24.616246+00:00
8e1c3beb-6cd1-4ca2-b0b3-bbb6ae25ad1f,2026-06-18T23:58:23.437236+00:00,e0ea02fa-2250-4281-9e61-57462cf47d44,True,,82144,397fcfb4-66a3-4521-b47e-9ac1bee136f4,purchase_ticket,2026-06-18T23:58:23.437236+00:00,2026-06-18T17:58:24.616246+00:00
8e1c3beb-6cd1-4ca2-b0b3-bbb6ae25ad1f,2026-06-18T23:58:23.437236+00:00,048c9931-cf4c-4cf7-9bf3-42b6dd9b0c03,True,,82145,3ae5bad6-30f7-45d4-8cf3-74f83803473c,purchase_ticket,2026-06-18T23:58:23.437236+00:00,2026-06-18T17:58:24.616246+00:00
8e1c3beb-6cd1-4ca2-b0b3-bbb6ae25ad1f,2026-06-18T23:58:23.437236+00:00,a47d253d-242c-4962-a3ab-e5b9e6c7e94b,True,,82146,b4964703-0a2b-4d30-829d-1835791b30eb,purchase_ticket,2026-06-18T23:58:23.437236+00:00,2026-06-18T17:58:24.616246+00:00
8e1c3beb-6cd1-4ca2-b0b3-bbb6ae25ad1f,2026-06-18T23:58:23.437236+00:00,35c979f4-45ea-43d8-ab99-dec4860a06fe,True,,82147,41759479-3d33-476d-8f8a-d89d25710787,purchase_ticket,2026-06-18T23:58:23.437236+00:00,2026-06-18T17:58:24.616246+00:00
8e1c3beb-6cd1-4ca2-b0b3-bbb6ae25ad1f,2026-06-18T23:58:23.437236+00:00,318e4f7e-2a3b-4d28-89c5-52ac29d848b1,True,,82150,574024dc-8ba9-4d94-bd88-107a467ec13f,purchase_ticket,2026-06-18T23:58:23.437236+00:00,2026-06-18T17:58:24.616246+00:00
8e1c3beb-6cd1-4ca2-b0b3-bbb6ae25ad1f,2026-06-18T23:58:23.437236+00:00,0273280d-6dd2-4873-b4b4-878d1107b516,True,,82153,106f505b-1514-4e19-84de-d0de5fcedc9e,purchase_ticket,2026-06-18T23:58:23.437236+00:00,2026-06-18T17:58:24.616246+00:00
8e1c3beb-6cd1-4ca2-b0b3-bbb6ae25ad1f,2026-06-18T23:58:23.437236+00:00,3376371b-b410-4d22-aa9a-a89be3c09ff3,True,,82156,06d67b46-1924-47e3-a17d-df304753fe55,purchase_ticket,2026-06-18T23:58:23.437236+00:00,2026-06-18T17:58:24.616246+00:00
8e1c3beb-6cd1-4ca2-b0b3-bbb6ae25ad1f,2026-06-18T23:58:23.437236+00:00,9f351027-1156-4da0-b9c9-d98ee8f10626,True,,82158,823238c2-4173-4a1f-81c4-bf816e866f75,purchase_ticket,2026-06-18T23:58:23.437236+00:00,2026-06-18T17:58:24.616246+00:00
dd291677-6b18-46a9-b485-d6a67c8bab87,2026-06-30T23:49:42.231403+00:00,0f8f8697-40ad-421e-821c-e916de0c23ea,True,,19247,6179f008-2208-435e-a6a2-a624cae71b11,expense_voucher,2026-06-30T23:49:42.231403+00:00,2026-06-30T17:49:43.271842+00:00
7cc05060-e414-4edd-ac3a-121aeff76803,2026-06-20T00:07:55.109432+00:00,7c84bb9d-88b7-486e-9319-ba2761e9b395,True,,19122,839722f5-97f4-4c45-ac4a-fdcd388279a2,expense_voucher,2026-06-20T00:07:55.109432+00:00,2026-06-19T18:07:54.611174+00:00
7cc05060-e414-4edd-ac3a-121aeff76803,2026-06-20T00:07:55.109432+00:00,d46451fa-71e4-439f-9476-da7056ef6ff1,True,,19124,7c2aba42-0d95-48db-bb95-712327f5df94,expense_voucher,2026-06-20T00:07:55.109432+00:00,2026-06-19T18:07:54.611174+00:00
7cc05060-e414-4edd-ac3a-121aeff76803,2026-06-20T00:07:55.109432+00:00,418eb06b-cfc8-4df5-b7ff-b8316da0c2a4,True,,19132,2940fde0-6f85-4382-a54d-34bbe2b47d88,expense_voucher,2026-06-20T00:07:55.109432+00:00,2026-06-19T18:07:54.611174+00:00
7cc05060-e414-4edd-ac3a-121aeff76803,2026-06-20T00:07:55.109432+00:00,008497be-128c-49be-ac91-e4754eedd230,True,,19133,2ea41a93-79e8-483d-a77b-d9b29557ef81,expense_voucher,2026-06-20T00:07:55.109432+00:00,2026-06-19T18:07:54.612178+00:00
7cc05060-e414-4edd-ac3a-121aeff76803,2026-06-20T00:07:55.109432+00:00,2052bbfb-a538-48a8-94c9-0aa31c01ff1f,True,,19134,55a66bbf-7e3a-4c4f-9562-d337149c9009,expense_voucher,2026-06-20T00:07:55.109432+00:00,2026-06-19T18:07:54.612178+00:00
7cc05060-e414-4edd-ac3a-121aeff76803,2026-06-20T00:07:55.109432+00:00,65c8587c-1977-4c1b-bdce-3f725ad1f58f,True,,19135,442433cc-c777-42e0-a413-61aa0cd8efc9,expense_voucher,2026-06-20T00:07:55.109432+00:00,2026-06-19T18:07:54.612178+00:00
7cc05060-e414-4edd-ac3a-121aeff76803,2026-06-20T00:07:55.109432+00:00,c0314994-7a5c-489d-96b7-d7926f5b5507,True,,19136,56b2a708-8ffc-426f-a4bb-21b03cca85d4,expense_voucher,2026-06-20T00:07:55.109432+00:00,2026-06-19T18:07:54.612178+00:00
7cc05060-e414-4edd-ac3a-121aeff76803,2026-06-20T00:07:55.109432+00:00,000374f5-7c7e-492e-a97d-e6ad3630cb92,True,,19137,0b6cde6c-e1b0-499a-987f-13664f4b69a6,expense_voucher,2026-06-20T00:07:55.109432+00:00,2026-06-19T18:07:54.612178+00:00
7cc05060-e414-4edd-ac3a-121aeff76803,2026-06-20T00:07:55.109432+00:00,23a9db35-1744-4b2b-9a0c-5ea38d1b979a,True,,19138,955979bd-b130-4c36-b508-49e12c434760,expense_voucher,2026-06-20T00:07:55.109432+00:00,2026-06-19T18:07:54.612178+00:00
7cc05060-e414-4edd-ac3a-121aeff76803,2026-06-20T00:07:55.109432+00:00,8f6483f7-9d1c-4333-bc9a-27b24a5fa3af,True,,19139,47533978-858f-44ba-b9fc-4fc4c7198a49,expense_voucher,2026-06-20T00:07:55.109432+00:00,2026-06-19T18:07:54.612178+00:00
7cc05060-e414-4edd-ac3a-121aeff76803,2026-06-20T00:07:55.109432+00:00,33a01528-c2f9-4b0a-a1db-6cc442ecf835,True,,19140,b8e02e90-0a42-4b61-a932-eaa7220da980,expense_voucher,2026-06-20T00:07:55.109432+00:00,2026-06-19T18:07:54.612178+00:00
7cc05060-e414-4edd-ac3a-121aeff76803,2026-06-20T00:07:55.109432+00:00,f4fa7151-ff55-45ce-8732-b0f01d4ddde8,True,,19141,97227b48-acbd-4822-808f-45abaaa7744e,expense_voucher,2026-06-20T00:07:55.109432+00:00,2026-06-19T18:07:54.612178+00:00
7cc05060-e414-4edd-ac3a-121aeff76803,2026-06-20T00:07:55.109432+00:00,d19cd05d-2cc3-4f51-ab01-eec9fab7ee75,True,,19142,c2b0a177-0329-4863-b1b6-2ace9d43908b,expense_voucher,2026-06-20T00:07:55.109432+00:00,2026-06-19T18:07:54.612178+00:00
7cc05060-e414-4edd-ac3a-121aeff76803,2026-06-20T00:07:55.109432+00:00,9b4d10e7-75ab-4fb2-ba95-dc626c736cd3,True,,19143,6eeb1f91-60fe-4abd-850d-71c0799af6a5,expense_voucher,2026-06-20T00:07:55.109432+00:00,2026-06-19T18:07:54.612178+00:00
7cc05060-e414-4edd-ac3a-121aeff76803,2026-06-20T00:07:55.109432+00:00,24c31ddf-1c27-44d9-a06c-b25cb194a79b,True,,19144,f44ce043-5e37-4421-8612-a1548c98fdf1,expense_voucher,2026-06-20T00:07:55.109432+00:00,2026-06-19T18:07:54.612178+00:00
7cc05060-e414-4edd-ac3a-121aeff76803,2026-06-20T00:07:55.109432+00:00,b8304af3-b415-4727-a4b7-e251638240f6,True,,19145,249c8a0c-d280-4e8a-b148-e6c950564ac8,expense_voucher,2026-06-20T00:07:55.109432+00:00,2026-06-19T18:07:54.612178+00:00
7cc05060-e414-4edd-ac3a-121aeff76803,2026-06-20T00:07:55.109432+00:00,386c1f88-6711-43ca-899e-f48594afe214,True,,19146,32617aac-5d58-4258-8238-edc011ce7e0c,expense_voucher,2026-06-20T00:07:55.109432+00:00,2026-06-19T18:07:54.612178+00:00
7cc05060-e414-4edd-ac3a-121aeff76803,2026-06-20T00:07:55.109432+00:00,323eb017-5e47-449c-b137-89a27a1eebe4,True,,19147,8043958e-dda9-4644-ab35-1463cd7f0016,expense_voucher,2026-06-20T00:07:55.109432+00:00,2026-06-19T18:07:54.612178+00:00
7cc05060-e414-4edd-ac3a-121aeff76803,2026-06-20T00:07:55.109432+00:00,bcc78efd-a52f-4a7a-9713-ecf5559b5b25,True,,19148,31148275-2338-4d19-a4a7-074dfb96099e,expense_voucher,2026-06-20T00:07:55.109432+00:00,2026-06-19T18:07:54.612178+00:00
7cc05060-e414-4edd-ac3a-121aeff76803,2026-06-20T00:07:55.109432+00:00,f94e9e02-59d8-444e-a5e5-00ab2863d21f,True,,19149,cd1c3258-e74e-47d3-aaed-21ff05d6bdd3,expense_voucher,2026-06-20T00:07:55.109432+00:00,2026-06-19T18:07:54.612178+00:00
7cc05060-e414-4edd-ac3a-121aeff76803,2026-06-20T00:07:55.109432+00:00,ded0ed4f-403e-40d8-ac1d-c734f5606c37,True,,19150,2ba9ae5a-3347-4412-af90-1819bb1ed286,expense_voucher,2026-06-20T00:07:55.109432+00:00,2026-06-19T18:07:54.612178+00:00
7cc05060-e414-4edd-ac3a-121aeff76803,2026-06-20T00:07:55.109432+00:00,17e3e7c0-6a52-4384-8acd-a2ee758dda6c,True,,19151,95ac5164-a429-439e-8d5a-c91a4e97b9c7,expense_voucher,2026-06-20T00:07:55.109432+00:00,2026-06-19T18:07:54.612178+00:00
7cc05060-e414-4edd-ac3a-121aeff76803,2026-06-20T00:07:55.109432+00:00,bce0d91a-1c9e-467f-b1ca-f41fc4d0fdc0,True,,19152,dfd25dc0-3638-4066-8d54-5b53395b35fb,expense_voucher,2026-06-20T00:07:55.109432+00:00,2026-06-19T18:07:54.612178+00:00
7cc05060-e414-4edd-ac3a-121aeff76803,2026-06-20T00:07:55.109432+00:00,3479f871-3ecf-42af-b36c-6253a461e47a,True,,19153,7da02307-0a23-4466-a0c4-15884e84ea42,expense_voucher,2026-06-20T00:07:55.109432+00:00,2026-06-19T18:07:54.612178+00:00
7cc05060-e414-4edd-ac3a-121aeff76803,2026-06-20T00:07:55.109432+00:00,7ebf2d1b-39fb-44ff-8896-ca0994337f15,True,,19154,9f7b2682-70ec-4267-a528-fd7522c109c7,expense_voucher,2026-06-20T00:07:55.109432+00:00,2026-06-19T18:07:54.612178+00:00
7cc05060-e414-4edd-ac3a-121aeff76803,2026-06-20T00:07:55.109432+00:00,ed207d71-1a44-4838-b2f9-46706496ebd8,True,,19155,4abe7ce7-7767-4b35-8d61-fe193c107e44,expense_voucher,2026-06-20T00:07:55.109432+00:00,2026-06-19T18:07:54.612178+00:00
7cc05060-e414-4edd-ac3a-121aeff76803,2026-06-20T00:07:55.109432+00:00,d6e5e8e6-b1ae-4c8f-8ee7-1418e5aa2f83,True,,19156,a28b3569-a0eb-4d86-bbba-461e5733cc50,expense_voucher,2026-06-20T00:07:55.109432+00:00,2026-06-19T18:07:54.612178+00:00
7cc05060-e414-4edd-ac3a-121aeff76803,2026-06-20T00:07:55.109432+00:00,f655b0ae-618f-4163-9ce7-246b3a40fe5a,True,,19157,6dc69c85-2afb-49d5-9da5-dd46f152b8a0,expense_voucher,2026-06-20T00:07:55.109432+00:00,2026-06-19T18:07:54.612178+00:00
7cc05060-e414-4edd-ac3a-121aeff76803,2026-06-20T00:07:55.109432+00:00,0930372a-7c88-4433-8a59-da8b8d722d3a,True,,329,695399da-3941-4a55-b9d0-239aa94699ec,deposit_voucher,2026-06-20T00:07:55.109432+00:00,2026-06-19T18:07:54.612178+00:00
7cc05060-e414-4edd-ac3a-121aeff76803,2026-06-20T00:07:55.109432+00:00,4f88b92c-06d0-4e83-80b4-eee68d130948,True,,330,ae953b74-4908-464d-b478-4eae1f690d8d,deposit_voucher,2026-06-20T00:07:55.109432+00:00,2026-06-19T18:07:54.612178+00:00
7cc05060-e414-4edd-ac3a-121aeff76803,2026-06-20T00:07:55.109432+00:00,7cf97201-fbdf-4851-808d-3f62059c55f9,True,,331,38282297-bdf7-4e93-bf54-91e83a03075e,deposit_voucher,2026-06-20T00:07:55.109432+00:00,2026-06-19T18:07:54.612178+00:00
7cc05060-e414-4edd-ac3a-121aeff76803,2026-06-20T00:07:55.109432+00:00,31faeb05-9e72-457f-ab1e-c92f0f17d9bb,True,,332,6b04e122-97a8-45a6-808a-4f07051a5f28,deposit_voucher,2026-06-20T00:07:55.109432+00:00,2026-06-19T18:07:54.612178+00:00
7cc05060-e414-4edd-ac3a-121aeff76803,2026-06-20T00:07:55.109432+00:00,97ea1fa6-d00a-4bb7-9d4d-e41bf0b08c01,True,,333,b90876d4-aac2-4e53-a800-935c5988c6d9,deposit_voucher,2026-06-20T00:07:55.109432+00:00,2026-06-19T18:07:54.612178+00:00
7cc05060-e414-4edd-ac3a-121aeff76803,2026-06-20T00:07:55.109432+00:00,cf1a8e9f-b1cb-4244-904c-5de80e4192f5,True,,334,8a2c3972-8674-4255-9455-8c36dfa3a9a9,deposit_voucher,2026-06-20T00:07:55.109432+00:00,2026-06-19T18:07:54.612178+00:00
7cc05060-e414-4edd-ac3a-121aeff76803,2026-06-20T00:07:55.109432+00:00,eeda7127-4723-454b-9f28-4e6fbb65832b,True,,335,4b509890-842b-413d-9740-21b1ca8ba177,deposit_voucher,2026-06-20T00:07:55.109432+00:00,2026-06-19T18:07:54.612178+00:00
7cc05060-e414-4edd-ac3a-121aeff76803,2026-06-20T00:07:55.109432+00:00,39517662-f446-46ce-87c3-d934447c9a10,True,,0366,18b7251c-a3cb-49fb-b192-548d1c306778,sale_ticket,2026-06-20T00:07:55.109432+00:00,2026-06-19T18:07:54.612178+00:00
7cc05060-e414-4edd-ac3a-121aeff76803,2026-06-20T00:07:55.109432+00:00,82f4c0c9-6143-42a4-9e0f-b70c81365bf7,True,,0367,966aad75-c00e-46a6-b01d-08e88c21605b,sale_ticket,2026-06-20T00:07:55.109432+00:00,2026-06-19T18:07:54.612178+00:00
7cc05060-e414-4edd-ac3a-121aeff76803,2026-06-20T00:07:55.109432+00:00,b6efd22c-ba52-4478-a01f-c3d14d50dfc5,True,,0370,82b49236-9e6e-4c83-abae-109eec470bb3,sale_ticket,2026-06-20T00:07:55.109432+00:00,2026-06-19T18:07:54.612178+00:00
7cc05060-e414-4edd-ac3a-121aeff76803,2026-06-20T00:07:55.109432+00:00,927dd47e-384a-4376-bec1-235669e6cad3,True,,0371,fca2f5ff-4b78-46bc-b98b-2a1f88e6e09b,sale_ticket,2026-06-20T00:07:55.109432+00:00,2026-06-19T18:07:54.612178+00:00
7cc05060-e414-4edd-ac3a-121aeff76803,2026-06-20T00:07:55.109432+00:00,de4cc3a0-d9db-4892-bd72-b59cfa69abe8,True,,0372,e93d1aa6-07ac-4a54-a3a5-202e43fa37e9,sale_ticket,2026-06-20T00:07:55.109432+00:00,2026-06-19T18:07:54.612178+00:00
7cc05060-e414-4edd-ac3a-121aeff76803,2026-06-20T00:07:55.109432+00:00,722d5b45-9763-4169-96db-608aeaf7d1b2,True,,0378,3fde0499-bddd-4f15-821b-04a31fc182cd,sale_ticket,2026-06-20T00:07:55.109432+00:00,2026-06-19T18:07:54.612178+00:00
7cc05060-e414-4edd-ac3a-121aeff76803,2026-06-20T00:07:55.109432+00:00,9881ccbb-31ea-4df4-a581-b20acfafc50d,True,,0380,37c209f2-2062-4d69-8282-10e9b67149c3,sale_ticket,2026-06-20T00:07:55.109432+00:00,2026-06-19T18:07:54.612178+00:00
7cc05060-e414-4edd-ac3a-121aeff76803,2026-06-20T00:07:55.109432+00:00,9e12532e-0fde-4fdc-a1d2-045aeea37ad2,True,,5895,0f87c41b-9dbc-4e51-b467-0ed735b2f60e,sale_ticket,2026-06-20T00:07:55.109432+00:00,2026-06-19T18:07:54.613176+00:00
7cc05060-e414-4edd-ac3a-121aeff76803,2026-06-20T00:07:55.109432+00:00,f83c3aac-e5f8-4181-8ebf-80116cab8403,True,,82808,d32b1ced-1c85-4986-986d-594e6ba5c393,sale_ticket,2026-06-20T00:07:55.109432+00:00,2026-06-19T18:07:54.613176+00:00
7cc05060-e414-4edd-ac3a-121aeff76803,2026-06-20T00:07:55.109432+00:00,a6ddf2ed-717f-4538-bb48-12eb9efc4521,True,,82810,aff445c5-9b39-420a-ad5f-91a975ff62a7,sale_ticket,2026-06-20T00:07:55.109432+00:00,2026-06-19T18:07:54.613176+00:00
7cc05060-e414-4edd-ac3a-121aeff76803,2026-06-20T00:07:55.109432+00:00,859aba5e-3460-432b-b008-30d56c815d78,True,,57008,796bdcad-1769-436a-a5a5-871d0f412d9e,purchase_ticket,2026-06-20T00:07:55.109432+00:00,2026-06-19T18:07:54.613176+00:00
7cc05060-e414-4edd-ac3a-121aeff76803,2026-06-20T00:07:55.109432+00:00,d3b37b00-ab32-4ecc-b9e0-a73b1c8eaead,True,,57088,efdb21f8-84fe-4f8d-8d70-ac8f2836b43e,purchase_ticket,2026-06-20T00:07:55.109432+00:00,2026-06-19T18:07:54.613176+00:00
7cc05060-e414-4edd-ac3a-121aeff76803,2026-06-20T00:07:55.109432+00:00,677da010-8fc3-4c01-af36-317fb9c2855d,True,,57125,18e8bc2f-f1b7-42ad-bc1a-52d8a994ac3c,purchase_ticket,2026-06-20T00:07:55.109432+00:00,2026-06-19T18:07:54.613176+00:00
7cc05060-e414-4edd-ac3a-121aeff76803,2026-06-20T00:07:55.109432+00:00,9901551d-4962-4268-9613-edaa0f6a08a9,True,,57126,66a8d723-9fc5-4ebd-b5bb-597498d24e6c,purchase_ticket,2026-06-20T00:07:55.109432+00:00,2026-06-19T18:07:54.613176+00:00
7cc05060-e414-4edd-ac3a-121aeff76803,2026-06-20T00:07:55.109432+00:00,62d84182-bdbf-4a12-991e-fbc16fa513bc,True,,57128,4a461f3c-8c32-4f50-8af7-0ba6c36f3ab5,purchase_ticket,2026-06-20T00:07:55.109432+00:00,2026-06-19T18:07:54.613176+00:00
7cc05060-e414-4edd-ac3a-121aeff76803,2026-06-20T00:07:55.109432+00:00,cd4b59f3-2270-4c2c-aad3-fe4fb1deec5c,True,,57129,8f9a396f-beac-4f28-91df-f772af647532,purchase_ticket,2026-06-20T00:07:55.109432+00:00,2026-06-19T18:07:54.613176+00:00
7cc05060-e414-4edd-ac3a-121aeff76803,2026-06-20T00:07:55.109432+00:00,c87deabe-ac5a-4625-ade3-7bd27a598297,True,,57130,72ba9404-908c-435c-8a4a-8a950bd1f48b,purchase_ticket,2026-06-20T00:07:55.109432+00:00,2026-06-19T18:07:54.613176+00:00
7cc05060-e414-4edd-ac3a-121aeff76803,2026-06-20T00:07:55.109432+00:00,81c6be8e-e643-4048-9aea-efff4afddd96,True,,57131,226fcdc1-5eaf-4147-b37a-561c06f8ae6e,purchase_ticket,2026-06-20T00:07:55.109432+00:00,2026-06-19T18:07:54.613176+00:00
7cc05060-e414-4edd-ac3a-121aeff76803,2026-06-20T00:07:55.109432+00:00,d2779d41-6145-422d-9708-da53d1702fbd,True,,57132,ca70273e-75d4-41e4-871c-77de38f0c304,purchase_ticket,2026-06-20T00:07:55.109432+00:00,2026-06-19T18:07:54.613176+00:00
7cc05060-e414-4edd-ac3a-121aeff76803,2026-06-20T00:07:55.109432+00:00,0d78396e-89ef-4854-83f2-df1d8e291839,True,,57133,682e030a-32e7-458f-bbff-1d447470eb29,purchase_ticket,2026-06-20T00:07:55.109432+00:00,2026-06-19T18:07:54.613176+00:00
7cc05060-e414-4edd-ac3a-121aeff76803,2026-06-20T00:07:55.109432+00:00,ceb7022f-6cb6-4309-91fe-89204a6cc569,True,,57134,a71b7584-6e17-4824-b720-2f1833819fb3,purchase_ticket,2026-06-20T00:07:55.109432+00:00,2026-06-19T18:07:54.613176+00:00
7cc05060-e414-4edd-ac3a-121aeff76803,2026-06-20T00:07:55.109432+00:00,7cc77ae2-952e-4d1d-befd-a65a049bbfe9,True,,57136,e32c897c-b9f0-4f42-8565-87cd8bbae3ed,purchase_ticket,2026-06-20T00:07:55.109432+00:00,2026-06-19T18:07:54.613176+00:00
7cc05060-e414-4edd-ac3a-121aeff76803,2026-06-20T00:07:55.109432+00:00,b96f44ae-372b-465b-8686-c891a683c8dc,True,,57137,49b2090c-a476-4003-92eb-1a095162deca,purchase_ticket,2026-06-20T00:07:55.109432+00:00,2026-06-19T18:07:54.613176+00:00
7cc05060-e414-4edd-ac3a-121aeff76803,2026-06-20T00:07:55.109432+00:00,9e8ae26e-3e77-4780-a2f0-e6b8240cd363,True,,57138,0d63e871-4f45-4038-aba9-536647cce082,purchase_ticket,2026-06-20T00:07:55.109432+00:00,2026-06-19T18:07:54.613176+00:00
7cc05060-e414-4edd-ac3a-121aeff76803,2026-06-20T00:07:55.109432+00:00,bc615afd-9344-4fc1-be70-89326f644682,True,,57139,22151b30-4b37-450f-aeca-ef05668aff4e,purchase_ticket,2026-06-20T00:07:55.109432+00:00,2026-06-19T18:07:54.613176+00:00
7cc05060-e414-4edd-ac3a-121aeff76803,2026-06-20T00:07:55.109432+00:00,6ba6dad8-5be7-4d64-98f8-3d106d3d8547,True,,57140,07baa2f2-e152-4303-b969-35f97f501a0a,purchase_ticket,2026-06-20T00:07:55.109432+00:00,2026-06-19T18:07:54.613176+00:00
7cc05060-e414-4edd-ac3a-121aeff76803,2026-06-20T00:07:55.109432+00:00,7590a382-5dd9-4438-a7a9-4274ed7db184,True,,57141,0fae32d7-5548-43f1-a6b4-56fb56d85810,purchase_ticket,2026-06-20T00:07:55.109432+00:00,2026-06-19T18:07:54.613176+00:00
7cc05060-e414-4edd-ac3a-121aeff76803,2026-06-20T00:07:55.109432+00:00,5872ab33-20f4-4bb7-b1c3-cc6e9dc38a95,True,,57142,acec8100-621e-459f-9921-76ff269011b3,purchase_ticket,2026-06-20T00:07:55.109432+00:00,2026-06-19T18:07:54.613176+00:00
7cc05060-e414-4edd-ac3a-121aeff76803,2026-06-20T00:07:55.109432+00:00,62abcedd-f29a-44c0-9c17-1b7f1552650d,True,,57143,5e978576-0d3d-4397-9fcc-cb7fdc686be5,purchase_ticket,2026-06-20T00:07:55.109432+00:00,2026-06-19T18:07:54.613176+00:00
7cc05060-e414-4edd-ac3a-121aeff76803,2026-06-20T00:07:55.109432+00:00,3fceae19-3e94-4339-86ca-f7fed9b9fc9b,True,,57144,ca382bce-e4c2-4ba3-9da5-23ad1dcd79ae,purchase_ticket,2026-06-20T00:07:55.109432+00:00,2026-06-19T18:07:54.613176+00:00
7cc05060-e414-4edd-ac3a-121aeff76803,2026-06-20T00:07:55.109432+00:00,1fd19e9c-2c2f-48e3-87a3-3884866feebb,True,,57145,d1558441-6dac-4fee-ae3b-98696168c450,purchase_ticket,2026-06-20T00:07:55.109432+00:00,2026-06-19T18:07:54.613176+00:00
7cc05060-e414-4edd-ac3a-121aeff76803,2026-06-20T00:07:55.109432+00:00,dac47ddf-cf4b-4ab3-b9e0-c68b88a781d6,True,,57147,2c23a85f-9e31-4c83-ba56-648766c187b5,purchase_ticket,2026-06-20T00:07:55.109432+00:00,2026-06-19T18:07:54.613176+00:00
7cc05060-e414-4edd-ac3a-121aeff76803,2026-06-20T00:07:55.109432+00:00,0cada2a2-5c53-4722-bae1-c64067137c2e,True,,57148,89a77402-820b-449d-b945-145c8f9a9dcd,purchase_ticket,2026-06-20T00:07:55.109432+00:00,2026-06-19T18:07:54.613176+00:00
7cc05060-e414-4edd-ac3a-121aeff76803,2026-06-20T00:07:55.109432+00:00,a8932393-7a57-4b19-a0aa-2c96abb3871e,True,,57149,3b1f5f47-5fc9-4768-bd1a-0d71ea7b8da3,purchase_ticket,2026-06-20T00:07:55.109432+00:00,2026-06-19T18:07:54.613176+00:00
7cc05060-e414-4edd-ac3a-121aeff76803,2026-06-20T00:07:55.109432+00:00,f59e0cb2-8f3a-48fa-85c8-29568439d63a,True,,57150,c762fde7-0906-4c06-9588-977a8a3741ec,purchase_ticket,2026-06-20T00:07:55.109432+00:00,2026-06-19T18:07:54.613176+00:00
7cc05060-e414-4edd-ac3a-121aeff76803,2026-06-20T00:07:55.109432+00:00,e094c057-1822-4f66-94de-2b5c209a7075,True,,57151,7802777a-353d-4249-aff7-c11e1e465495,purchase_ticket,2026-06-20T00:07:55.109432+00:00,2026-06-19T18:07:54.613176+00:00
7cc05060-e414-4edd-ac3a-121aeff76803,2026-06-20T00:07:55.109432+00:00,5e00f2c5-2e69-4400-9d08-c8a2d02cdd3d,True,,57152,44ebefd7-115f-4a39-8e8d-eb02d949e7c1,purchase_ticket,2026-06-20T00:07:55.109432+00:00,2026-06-19T18:07:54.613176+00:00
7cc05060-e414-4edd-ac3a-121aeff76803,2026-06-20T00:07:55.109432+00:00,97bb492e-ec82-4e07-b176-5c0fc1fb0c23,True,,57153,98312577-009e-4a9d-a642-bb3352dd87b9,purchase_ticket,2026-06-20T00:07:55.109432+00:00,2026-06-19T18:07:54.613176+00:00
7cc05060-e414-4edd-ac3a-121aeff76803,2026-06-20T00:07:55.109432+00:00,a3cab932-9854-4de3-8957-22a903bf18ed,True,,57154,7a410b0b-3e96-40cc-98e1-7748bc13e6f3,purchase_ticket,2026-06-20T00:07:55.109432+00:00,2026-06-19T18:07:54.613176+00:00
7cc05060-e414-4edd-ac3a-121aeff76803,2026-06-20T00:07:55.109432+00:00,8b92c545-7ef1-4289-88dd-15cc6e791c17,True,,57155,ed011693-27e8-4557-9c6c-bc2e30f04e01,purchase_ticket,2026-06-20T00:07:55.109432+00:00,2026-06-19T18:07:54.613176+00:00
7cc05060-e414-4edd-ac3a-121aeff76803,2026-06-20T00:07:55.109432+00:00,60b5518f-fe43-4ad3-be3c-b5fc93f26844,True,,57156,feff6442-f20e-4a33-8cf8-63b742ab2773,purchase_ticket,2026-06-20T00:07:55.109432+00:00,2026-06-19T18:07:54.613176+00:00
7cc05060-e414-4edd-ac3a-121aeff76803,2026-06-20T00:07:55.109432+00:00,43966eee-ac17-4a94-b0c0-c512661952e5,True,,57157,84ba201a-836f-44f8-be79-33808c821bd1,purchase_ticket,2026-06-20T00:07:55.109432+00:00,2026-06-19T18:07:54.613176+00:00
7cc05060-e414-4edd-ac3a-121aeff76803,2026-06-20T00:07:55.109432+00:00,445ac361-c257-4d20-b822-d0d92ef5a2cf,True,,57158,32d018fa-e5a2-4439-8fc0-0b5f3e27a080,purchase_ticket,2026-06-20T00:07:55.109432+00:00,2026-06-19T18:07:54.613176+00:00
7cc05060-e414-4edd-ac3a-121aeff76803,2026-06-20T00:07:55.109432+00:00,dde457de-c342-4528-99d4-caf5f0b1ad6e,True,,82096,14ca7fb6-be5c-4f03-b357-40fa8148fc51,purchase_ticket,2026-06-20T00:07:55.109432+00:00,2026-06-19T18:07:54.613176+00:00
7cc05060-e414-4edd-ac3a-121aeff76803,2026-06-20T00:07:55.109432+00:00,47b83132-a51b-4781-bd84-a11462844e84,True,,82136,900c0c89-c935-4b8b-9c6c-a0d384e14de3,purchase_ticket,2026-06-20T00:07:55.109432+00:00,2026-06-19T18:07:54.613176+00:00
7cc05060-e414-4edd-ac3a-121aeff76803,2026-06-20T00:07:55.109432+00:00,90a1925f-dc96-4353-bc7c-faa1c688ac9b,True,,82143,75a5faef-0362-4cae-ab3a-1da6d5770000,purchase_ticket,2026-06-20T00:07:55.109432+00:00,2026-06-19T18:07:54.613176+00:00
7cc05060-e414-4edd-ac3a-121aeff76803,2026-06-20T00:07:55.109432+00:00,edec1aaa-c5fc-4640-9150-8384cb223b3c,True,,82152,20883a43-db75-4588-a9a0-6f247f08164a,purchase_ticket,2026-06-20T00:07:55.109432+00:00,2026-06-19T18:07:54.613176+00:00
7cc05060-e414-4edd-ac3a-121aeff76803,2026-06-20T00:07:55.109432+00:00,d2c8c9cb-a1d9-40b1-99f5-3c95bd238ee8,True,,82154,de78d884-4bf0-4e04-bdd4-c947de6b76de,purchase_ticket,2026-06-20T00:07:55.109432+00:00,2026-06-19T18:07:54.613176+00:00
7cc05060-e414-4edd-ac3a-121aeff76803,2026-06-20T00:07:55.109432+00:00,41a7113b-fa7f-46b8-84b5-6361ba944e84,True,,82161,b4439833-e749-4b88-9be3-65c9aa74cb7c,purchase_ticket,2026-06-20T00:07:55.109432+00:00,2026-06-19T18:07:54.614172+00:00
7cc05060-e414-4edd-ac3a-121aeff76803,2026-06-20T00:07:55.109432+00:00,e2ed533b-1c45-4196-8058-2ff4dba1d172,True,,82176,a157a597-0149-42d2-a0bf-4934d48a79ea,purchase_ticket,2026-06-20T00:07:55.109432+00:00,2026-06-19T18:07:54.614172+00:00
7cc05060-e414-4edd-ac3a-121aeff76803,2026-06-20T00:07:55.109432+00:00,91e13bec-2558-4fa8-9bee-3ca21ffadecb,True,,82177,0c37b832-4261-4f67-aaef-970a5e825336,purchase_ticket,2026-06-20T00:07:55.109432+00:00,2026-06-19T18:07:54.614172+00:00
7cc05060-e414-4edd-ac3a-121aeff76803,2026-06-20T00:07:55.109432+00:00,df655ac6-4403-4c20-8610-47f58eefd4d0,True,,82179,6eecba1c-868c-433e-93bb-24d42af51769,purchase_ticket,2026-06-20T00:07:55.109432+00:00,2026-06-19T18:07:54.614172+00:00
7cc05060-e414-4edd-ac3a-121aeff76803,2026-06-20T00:07:55.109432+00:00,64527304-3afb-460b-9740-e76a70738449,True,,82182,111a0579-9370-41ac-b572-4c30a24b1cfd,purchase_ticket,2026-06-20T00:07:55.109432+00:00,2026-06-19T18:07:54.614172+00:00
7cc05060-e414-4edd-ac3a-121aeff76803,2026-06-20T00:07:55.109432+00:00,582f7476-3008-444e-a349-3d1476c67c68,True,,82184-A,db37ec4a-c1a9-40e3-95e2-63a19d8734b5,purchase_ticket,2026-06-20T00:07:55.109432+00:00,2026-06-19T18:07:54.614172+00:00
7cc05060-e414-4edd-ac3a-121aeff76803,2026-06-20T00:07:55.109432+00:00,138518db-3958-483a-9d1c-7d312bdbafff,True,,82184-B,0358c306-a106-41d3-8859-416095a0619a,purchase_ticket,2026-06-20T00:07:55.109432+00:00,2026-06-19T18:07:54.614172+00:00
7cc05060-e414-4edd-ac3a-121aeff76803,2026-06-20T00:07:55.109432+00:00,61cc8f86-3e74-4579-93fb-e56af3dcdbe3,True,,82185,c8b396ad-1da7-44c2-94c7-8e69212931bb,purchase_ticket,2026-06-20T00:07:55.109432+00:00,2026-06-19T18:07:54.614172+00:00
7cc05060-e414-4edd-ac3a-121aeff76803,2026-06-20T00:07:55.109432+00:00,2db9cd34-f4c8-4ac1-9344-d70a9161774a,True,,82186,5cbb95e1-4b7a-4192-b671-f013ec29df83,purchase_ticket,2026-06-20T00:07:55.109432+00:00,2026-06-19T18:07:54.614172+00:00
7cc05060-e414-4edd-ac3a-121aeff76803,2026-06-20T00:07:55.109432+00:00,b15f4393-0a08-494c-8cd4-2e488a220a7c,True,,82187,a36823d0-bd10-4898-b00f-c64335c3deb7,purchase_ticket,2026-06-20T00:07:55.109432+00:00,2026-06-19T18:07:54.614172+00:00
7cc05060-e414-4edd-ac3a-121aeff76803,2026-06-20T00:07:55.109432+00:00,6aae3698-2569-4b11-936e-c1c6adc2fd67,True,,82188,e33cef17-abda-4705-96c9-e1e668950a23,purchase_ticket,2026-06-20T00:07:55.109432+00:00,2026-06-19T18:07:54.614172+00:00
7cc05060-e414-4edd-ac3a-121aeff76803,2026-06-20T00:07:55.109432+00:00,ccf9f14d-9e15-4405-aa01-62deba4630ac,True,,82189,80e240ac-8c1c-4ffe-afba-4fc287430901,purchase_ticket,2026-06-20T00:07:55.109432+00:00,2026-06-19T18:07:54.614172+00:00
7cc05060-e414-4edd-ac3a-121aeff76803,2026-06-20T00:07:55.109432+00:00,0ac45f13-5d2a-42e7-8d38-71c2da315a86,True,,82192,23009a1e-6ba7-4d08-a50b-7a455750dbe5,purchase_ticket,2026-06-20T00:07:55.109432+00:00,2026-06-19T18:07:54.614172+00:00
7cc05060-e414-4edd-ac3a-121aeff76803,2026-06-20T00:07:55.109432+00:00,1e5f03cd-f0b9-465d-81c1-d683b2764317,True,,82193,f18da0df-ef0b-4b29-8601-cc24275b5140,purchase_ticket,2026-06-20T00:07:55.109432+00:00,2026-06-19T18:07:54.614172+00:00
2909e259-5fa7-4bff-86e7-d7691b5b46bc,2026-06-24T14:40:23.74927+00:00,50e7ab55-98a2-4391-bf83-82354e7241e0,True,,57196,ce531985-e178-43cb-b42b-9b2c6919a607,purchase_ticket,2026-06-24T14:40:23.74927+00:00,2026-06-24T08:40:23.716173+00:00
2909e259-5fa7-4bff-86e7-d7691b5b46bc,2026-06-24T14:40:23.74927+00:00,2861676c-4276-45c5-8772-12a063553f41,True,,57197,f0c97224-59e8-4817-9644-18786c3c6683,purchase_ticket,2026-06-24T14:40:23.74927+00:00,2026-06-24T08:40:23.716173+00:00
2909e259-5fa7-4bff-86e7-d7691b5b46bc,2026-06-24T14:40:23.74927+00:00,c7482982-43dc-4420-9db7-bc0df7d2d261,True,,57198,50c1cfaa-6a72-47df-9759-24f6eef1943e,purchase_ticket,2026-06-24T14:40:23.74927+00:00,2026-06-24T08:40:23.716173+00:00
2909e259-5fa7-4bff-86e7-d7691b5b46bc,2026-06-24T14:40:23.74927+00:00,46cf7f5d-e315-48e7-909a-eb18fb7c0911,True,,57199,56ce8973-e2c2-4034-9085-a8c32cc1a1ae,purchase_ticket,2026-06-24T14:40:23.74927+00:00,2026-06-24T08:40:23.716173+00:00
2909e259-5fa7-4bff-86e7-d7691b5b46bc,2026-06-24T14:40:23.74927+00:00,6649a91d-17ca-4a11-b75b-2cff789aa9e9,True,,57200,09b61275-723c-4eff-a834-5ff4fe6057a5,purchase_ticket,2026-06-24T14:40:23.74927+00:00,2026-06-24T08:40:23.716173+00:00
2909e259-5fa7-4bff-86e7-d7691b5b46bc,2026-06-24T14:40:23.74927+00:00,4256f72e-120b-49ca-88ed-b5d14de24385,True,,57201,c331c5f7-1d57-42b0-a480-8a669e85d2e1,purchase_ticket,2026-06-24T14:40:23.74927+00:00,2026-06-24T08:40:23.716173+00:00
2909e259-5fa7-4bff-86e7-d7691b5b46bc,2026-06-24T14:40:23.74927+00:00,43d5bf7f-8b89-4840-97a9-8c8fd5001d0e,True,,57202,790149b2-1d30-49b4-aed1-ca0db01c59d4,purchase_ticket,2026-06-24T14:40:23.74927+00:00,2026-06-24T08:40:23.716173+00:00
2909e259-5fa7-4bff-86e7-d7691b5b46bc,2026-06-24T14:40:23.74927+00:00,ead42dc8-c4b0-404a-94ba-ad4da75a4d8a,True,,57203,b9327132-e486-4b6f-add7-e1249f41f25c,purchase_ticket,2026-06-24T14:40:23.74927+00:00,2026-06-24T08:40:23.716173+00:00
2909e259-5fa7-4bff-86e7-d7691b5b46bc,2026-06-24T14:40:23.74927+00:00,68e77f01-117b-4c18-aa10-be22bd03eac9,True,,57204,406b2dfc-a690-494b-962e-9857f91f308e,purchase_ticket,2026-06-24T14:40:23.74927+00:00,2026-06-24T08:40:23.716173+00:00
2909e259-5fa7-4bff-86e7-d7691b5b46bc,2026-06-24T14:40:23.74927+00:00,785215ba-3589-4f3f-ba77-a70712b8cf41,True,,57205,fa49d482-e403-4be7-a192-b7e23a77d211,purchase_ticket,2026-06-24T14:40:23.74927+00:00,2026-06-24T08:40:23.716173+00:00
2909e259-5fa7-4bff-86e7-d7691b5b46bc,2026-06-24T14:40:23.74927+00:00,92fcca1e-e8e8-460d-ac32-2fcc780185d0,True,,81426,a14360d5-6ea0-4ad9-9646-34780cdaa6c4,purchase_ticket,2026-06-24T14:40:23.74927+00:00,2026-06-24T08:40:23.716173+00:00
2909e259-5fa7-4bff-86e7-d7691b5b46bc,2026-06-24T14:40:23.74927+00:00,26785870-8269-49b3-b95f-81ffb56775f1,True,,81503,07a2dd4e-bed6-4c3f-9d67-29279dac0d36,purchase_ticket,2026-06-24T14:40:23.74927+00:00,2026-06-24T08:40:23.716173+00:00
2909e259-5fa7-4bff-86e7-d7691b5b46bc,2026-06-24T14:40:23.74927+00:00,0297aa83-685f-467c-ab84-b861591ea7b4,True,,82042,954f9d87-0396-471c-910c-f4ba2cfda5f2,purchase_ticket,2026-06-24T14:40:23.74927+00:00,2026-06-24T08:40:23.716173+00:00
2909e259-5fa7-4bff-86e7-d7691b5b46bc,2026-06-24T14:40:23.74927+00:00,a63b389d-a95f-42a6-ac10-3eece929c2c0,True,,82159,275ab64f-8e9a-41d7-9d09-44dd4497cc47,purchase_ticket,2026-06-24T14:40:23.74927+00:00,2026-06-24T08:40:23.716173+00:00
2909e259-5fa7-4bff-86e7-d7691b5b46bc,2026-06-24T14:40:23.74927+00:00,068aa498-299a-4808-a61e-d89ff3386bbc,True,,82205,bc94f854-2aec-45a3-8e82-972e1e6e8ced,purchase_ticket,2026-06-24T14:40:23.74927+00:00,2026-06-24T08:40:23.716173+00:00
2909e259-5fa7-4bff-86e7-d7691b5b46bc,2026-06-24T14:40:23.74927+00:00,c1c1d2ea-f21f-4c3e-b697-7e84176d7b36,True,,82206,1d6d619e-d156-4c73-8338-6b0c2bb93cb1,purchase_ticket,2026-06-24T14:40:23.74927+00:00,2026-06-24T08:40:23.716173+00:00
2909e259-5fa7-4bff-86e7-d7691b5b46bc,2026-06-24T14:40:23.74927+00:00,c57daf6d-81ac-40f1-95bb-98f7167b955f,True,,82239,4895acf7-b486-4108-94bc-1c4adbeae707,purchase_ticket,2026-06-24T14:40:23.74927+00:00,2026-06-24T08:40:23.716173+00:00
2909e259-5fa7-4bff-86e7-d7691b5b46bc,2026-06-24T14:40:23.74927+00:00,dea0cca3-2924-40e5-91db-24615e7e6410,True,,82240-A,7b700276-08bf-49be-81d6-7d568504c957,purchase_ticket,2026-06-24T14:40:23.74927+00:00,2026-06-24T08:40:23.716173+00:00
2909e259-5fa7-4bff-86e7-d7691b5b46bc,2026-06-24T14:40:23.74927+00:00,aad97253-43f1-46a8-b396-4384abf40d0f,True,,82240-B,d8a69e92-a257-4a08-8dde-85b5d2248257,purchase_ticket,2026-06-24T14:40:23.74927+00:00,2026-06-24T08:40:23.716173+00:00
2909e259-5fa7-4bff-86e7-d7691b5b46bc,2026-06-24T14:40:23.74927+00:00,b097557a-64d6-478a-99c8-8023a153a5ac,True,,82241,574d3541-7803-4c9f-9ab0-8c63a9e1e6ec,purchase_ticket,2026-06-24T14:40:23.74927+00:00,2026-06-24T08:40:23.716173+00:00
2909e259-5fa7-4bff-86e7-d7691b5b46bc,2026-06-24T14:40:23.74927+00:00,39fbf16b-50b3-4eef-8e49-bd83e02df728,True,,82243-A,4d2f9aba-13d1-4668-bce6-0cc37eb1e7ab,purchase_ticket,2026-06-24T14:40:23.74927+00:00,2026-06-24T08:40:23.716173+00:00
2909e259-5fa7-4bff-86e7-d7691b5b46bc,2026-06-24T14:40:23.74927+00:00,4fe0b2be-d96f-4d67-8462-545e0add06e6,True,,82243-B,6a7d3bc1-538d-4b85-8b67-4187ba9bd273,purchase_ticket,2026-06-24T14:40:23.74927+00:00,2026-06-24T08:40:23.716173+00:00
2909e259-5fa7-4bff-86e7-d7691b5b46bc,2026-06-24T14:40:23.74927+00:00,6a8576d4-ce30-4fab-be7c-092855cb44d7,True,,82246,2b2b728e-4ff6-4f5b-9304-0c9c15c3cd2c,purchase_ticket,2026-06-24T14:40:23.74927+00:00,2026-06-24T08:40:23.716173+00:00
2909e259-5fa7-4bff-86e7-d7691b5b46bc,2026-06-24T14:40:23.74927+00:00,db77aa1a-a7c0-4417-afbf-4d11daf2e681,True,,82247,55713e50-5aa9-4aff-8de7-5d79dbfdcdf0,purchase_ticket,2026-06-24T14:40:23.74927+00:00,2026-06-24T08:40:23.716173+00:00
2909e259-5fa7-4bff-86e7-d7691b5b46bc,2026-06-24T14:40:23.74927+00:00,a30e9aff-a6a2-410d-afb2-5ad74f9dfe46,True,,82250,e7c537e0-5cb5-41c4-985b-69e6291d2f3e,purchase_ticket,2026-06-24T14:40:23.74927+00:00,2026-06-24T08:40:23.716173+00:00
2909e259-5fa7-4bff-86e7-d7691b5b46bc,2026-06-24T14:40:23.74927+00:00,c58d8c52-0239-478b-a52d-511b07e689f0,True,,82252,e4e9b483-0f68-45d2-b776-24fc9e167e30,purchase_ticket,2026-06-24T14:40:23.74927+00:00,2026-06-24T08:40:23.716173+00:00
2909e259-5fa7-4bff-86e7-d7691b5b46bc,2026-06-24T14:40:23.74927+00:00,e4c8ba04-c113-4ba0-8a38-7fc5d8f3564d,True,,82253,c5a9f6c8-6287-468c-ac4c-06d2027b2b74,purchase_ticket,2026-06-24T14:40:23.74927+00:00,2026-06-24T08:40:23.716173+00:00
2909e259-5fa7-4bff-86e7-d7691b5b46bc,2026-06-24T14:40:23.74927+00:00,54435008-7475-4642-9def-0c61d023870e,True,,82254,006ba38d-c397-474b-a8d0-8e91ad289a2c,purchase_ticket,2026-06-24T14:40:23.74927+00:00,2026-06-24T08:40:23.716173+00:00
2909e259-5fa7-4bff-86e7-d7691b5b46bc,2026-06-24T14:40:23.74927+00:00,e6220b44-33ba-4359-ab59-c72d36779543,True,,82255,46ec0e90-2fd2-4560-a58f-1e9f31c9f341,purchase_ticket,2026-06-24T14:40:23.74927+00:00,2026-06-24T08:40:23.716173+00:00
2909e259-5fa7-4bff-86e7-d7691b5b46bc,2026-06-24T14:40:23.74927+00:00,eaca3ef7-b777-46fc-a733-86345fca7e3f,True,,82258,bcd7a6c9-ddc3-422d-aa59-06b61f116d52,purchase_ticket,2026-06-24T14:40:23.74927+00:00,2026-06-24T08:40:23.716173+00:00
2909e259-5fa7-4bff-86e7-d7691b5b46bc,2026-06-24T14:40:23.74927+00:00,d59adf7d-7764-4167-9950-84fea09e6ac3,True,,82260,bedd18d7-1612-41bd-8ba0-89d93c5e7e28,purchase_ticket,2026-06-24T14:40:23.74927+00:00,2026-06-24T08:40:23.717169+00:00
2909e259-5fa7-4bff-86e7-d7691b5b46bc,2026-06-24T14:40:23.74927+00:00,258bf53e-f884-4782-bb76-5e40de6e6bbf,True,,82261,4b240839-e7d0-4e56-b258-0229fed4ff8a,purchase_ticket,2026-06-24T14:40:23.74927+00:00,2026-06-24T08:40:23.717169+00:00
2909e259-5fa7-4bff-86e7-d7691b5b46bc,2026-06-24T14:40:23.74927+00:00,8fd244ab-add6-4465-9bc0-edac2bad41be,True,,82265,4792bf1a-15c1-4a3a-8228-7c1c16dc2e7f,purchase_ticket,2026-06-24T14:40:23.74927+00:00,2026-06-24T08:40:23.717169+00:00
2909e259-5fa7-4bff-86e7-d7691b5b46bc,2026-06-24T14:40:23.74927+00:00,ee9e2901-2922-425a-a498-ed4c703e9c6d,True,,82266,b78da08b-4206-45d4-a0c5-445de85e5b3f,purchase_ticket,2026-06-24T14:40:23.74927+00:00,2026-06-24T08:40:23.717169+00:00
2909e259-5fa7-4bff-86e7-d7691b5b46bc,2026-06-24T14:40:23.74927+00:00,c56f1288-8ba6-4ea9-ae2f-b6f139eb83b6,True,,82267,a7f8cad4-f7a2-4e07-9a92-0721328ad59f,purchase_ticket,2026-06-24T14:40:23.74927+00:00,2026-06-24T08:40:23.717169+00:00
2909e259-5fa7-4bff-86e7-d7691b5b46bc,2026-06-24T14:40:23.74927+00:00,45ade0da-baee-4a03-a9ad-b7936f737e5a,True,,82271,ae1b618f-923d-4e0d-a007-53be4a00b879,purchase_ticket,2026-06-24T14:40:23.74927+00:00,2026-06-24T08:40:23.717169+00:00
2909e259-5fa7-4bff-86e7-d7691b5b46bc,2026-06-24T14:40:23.74927+00:00,c5184ec8-4c29-4a0c-a507-09c1e55d0e7e,True,,82272,d82c999e-9e37-4f62-b569-8eabd3fe12ee,purchase_ticket,2026-06-24T14:40:23.74927+00:00,2026-06-24T08:40:23.717169+00:00
2909e259-5fa7-4bff-86e7-d7691b5b46bc,2026-06-24T14:40:23.74927+00:00,05f90838-2c1d-4c5d-8bef-d6ffd9ec1604,True,,82274,877d242b-04cd-4e07-8d22-a6d67205fb9d,purchase_ticket,2026-06-24T14:40:23.74927+00:00,2026-06-24T08:40:23.717169+00:00
2909e259-5fa7-4bff-86e7-d7691b5b46bc,2026-06-24T14:40:23.74927+00:00,381c2992-68f1-492e-acb2-893c0a75d491,True,,1695,52a87ec9-b749-4e1e-bc75-187f394cf438,sale_ticket,2026-06-24T14:40:23.74927+00:00,2026-06-24T08:40:23.717169+00:00
dbf0b3f7-e643-42c1-932f-bbb32efec97c,2026-06-25T23:48:38.296077+00:00,83c11867-dd66-46e1-ba11-fa95fb4728a7,True,,19181,f4c9d5ad-6a73-4f4a-b5b9-e2774b3b9197,expense_voucher,2026-06-25T23:48:38.296077+00:00,2026-06-25T17:48:38.750186+00:00
dbf0b3f7-e643-42c1-932f-bbb32efec97c,2026-06-25T23:48:38.296077+00:00,37c7dd5c-447f-4f25-b646-93bb4071ee51,True,,19161,178fb544-a6ea-45dd-8613-6efa827ee420,expense_voucher,2026-06-25T23:48:38.296077+00:00,2026-06-25T17:48:38.750186+00:00
dbf0b3f7-e643-42c1-932f-bbb32efec97c,2026-06-25T23:48:38.296077+00:00,149a444e-56a5-4a7a-bc6d-c7d67a1b375b,True,,19190,ef1efa02-8420-4a5d-88d5-5b801e98a854,expense_voucher,2026-06-25T23:48:38.296077+00:00,2026-06-25T17:48:38.750186+00:00
dbf0b3f7-e643-42c1-932f-bbb32efec97c,2026-06-25T23:48:38.296077+00:00,11a89b9c-fb0d-475f-aae3-ca19f935d643,True,,19191,9b6b8e2d-76de-41b9-a3fe-50ce3a1e0c56,expense_voucher,2026-06-25T23:48:38.296077+00:00,2026-06-25T17:48:38.750186+00:00
dbf0b3f7-e643-42c1-932f-bbb32efec97c,2026-06-25T23:48:38.296077+00:00,62f62765-5f9b-46a5-9b4e-6cc5367a147f,True,,19192,f5a608e3-5dd7-4287-b6d8-be50998a10bb,expense_voucher,2026-06-25T23:48:38.296077+00:00,2026-06-25T17:48:38.750186+00:00
dbf0b3f7-e643-42c1-932f-bbb32efec97c,2026-06-25T23:48:38.296077+00:00,6b87b227-61d0-4191-adb6-183c3ed5a722,True,,19193,6eb89ac3-7e47-421e-ad2e-b51847840364,expense_voucher,2026-06-25T23:48:38.296077+00:00,2026-06-25T17:48:38.750186+00:00
dbf0b3f7-e643-42c1-932f-bbb32efec97c,2026-06-25T23:48:38.296077+00:00,be89019b-756a-4ab1-9d1f-e0c41b1a6bce,True,,19194,edabe1d4-1fd3-4e62-9ae8-4706c63bf270,expense_voucher,2026-06-25T23:48:38.296077+00:00,2026-06-25T17:48:38.750186+00:00
dbf0b3f7-e643-42c1-932f-bbb32efec97c,2026-06-25T23:48:38.296077+00:00,26654f99-7676-4a86-8962-a2a29a53c491,True,,19195,9def35ca-2a32-4de7-afec-3fe2cdd26a37,expense_voucher,2026-06-25T23:48:38.296077+00:00,2026-06-25T17:48:38.750186+00:00
dbf0b3f7-e643-42c1-932f-bbb32efec97c,2026-06-25T23:48:38.296077+00:00,8b9d8177-714f-47f2-a303-ec776525dd2b,True,,19196,c9f526a3-f2e0-4780-8547-119fb2ec2ecb,expense_voucher,2026-06-25T23:48:38.296077+00:00,2026-06-25T17:48:38.750186+00:00
dbf0b3f7-e643-42c1-932f-bbb32efec97c,2026-06-25T23:48:38.296077+00:00,c86c6833-7880-4ed3-9ac0-285488b32030,True,,19197,7cd3554e-09f7-414c-9498-7162600d5638,expense_voucher,2026-06-25T23:48:38.296077+00:00,2026-06-25T17:48:38.750186+00:00
dbf0b3f7-e643-42c1-932f-bbb32efec97c,2026-06-25T23:48:38.296077+00:00,e92b62c3-1703-468a-90f7-b07584f37bf6,True,,346,4ee51a35-3939-4200-8bb6-9715bd008d07,deposit_voucher,2026-06-25T23:48:38.296077+00:00,2026-06-25T17:48:38.750186+00:00
dbf0b3f7-e643-42c1-932f-bbb32efec97c,2026-06-25T23:48:38.296077+00:00,8e8b8622-24de-4665-b4ba-6de981c571af,True,,347,93470c76-adb4-41b0-a969-f62295fe4b96,deposit_voucher,2026-06-25T23:48:38.296077+00:00,2026-06-25T17:48:38.750186+00:00
dbf0b3f7-e643-42c1-932f-bbb32efec97c,2026-06-25T23:48:38.296077+00:00,153648e2-a839-4b4e-b9cf-a912c9623330,True,,348,c26d8e65-c91c-44cc-bb6f-e43618874150,deposit_voucher,2026-06-25T23:48:38.296077+00:00,2026-06-25T17:48:38.750186+00:00
dbf0b3f7-e643-42c1-932f-bbb32efec97c,2026-06-25T23:48:38.296077+00:00,34786a25-2467-4d21-ad79-f0ec9ac74849,True,,409,31523d0c-05ad-4f03-8f33-0d50a8622b13,sale_ticket,2026-06-25T23:48:38.296077+00:00,2026-06-25T17:48:38.750186+00:00
dbf0b3f7-e643-42c1-932f-bbb32efec97c,2026-06-25T23:48:38.296077+00:00,a2817d89-af11-4f46-aa2c-0e3865336a0f,True,,410,81fddaea-2038-490d-ba40-5079fd827f8a,sale_ticket,2026-06-25T23:48:38.296077+00:00,2026-06-25T17:48:38.750186+00:00
dbf0b3f7-e643-42c1-932f-bbb32efec97c,2026-06-25T23:48:38.296077+00:00,5ea613bc-1bdf-47c9-90ca-3a36d1b6561b,True,,82847,c7efdc1a-2721-4d57-b8f8-44b6121c5c8d,sale_ticket,2026-06-25T23:48:38.296077+00:00,2026-06-25T17:48:38.750186+00:00
dbf0b3f7-e643-42c1-932f-bbb32efec97c,2026-06-25T23:48:38.296077+00:00,17440e32-f9bd-451b-868e-a0454c9509cd,True,,57219,92405ae4-629d-48db-9bce-4eb50c8dae43,purchase_ticket,2026-06-25T23:48:38.296077+00:00,2026-06-25T17:48:38.750186+00:00
dbf0b3f7-e643-42c1-932f-bbb32efec97c,2026-06-25T23:48:38.296077+00:00,8b10b8e2-7196-4cb8-bedc-a9c236c8ce5b,True,,57226,8a9fe5f7-3e87-4e07-a834-4f240b992a83,purchase_ticket,2026-06-25T23:48:38.296077+00:00,2026-06-25T17:48:38.750186+00:00
dbf0b3f7-e643-42c1-932f-bbb32efec97c,2026-06-25T23:48:38.296077+00:00,0b37cbc8-ebb9-4f04-94bf-2d54443552d6,True,,57229,43545a16-ba36-4355-82b6-4c7138518882,purchase_ticket,2026-06-25T23:48:38.296077+00:00,2026-06-25T17:48:38.750186+00:00
dbf0b3f7-e643-42c1-932f-bbb32efec97c,2026-06-25T23:48:38.296077+00:00,3d5be3b7-5c2a-4d8a-a33a-d4ba53be64cc,True,,57232,bb97d482-1530-4313-acb2-31e8cad1bcba,purchase_ticket,2026-06-25T23:48:38.296077+00:00,2026-06-25T17:48:38.750186+00:00
dbf0b3f7-e643-42c1-932f-bbb32efec97c,2026-06-25T23:48:38.296077+00:00,84a6b799-2ac3-4ca2-b2d2-1c5b260a7897,True,,57233,b9eab821-5411-45b6-82b8-363fd8786252,purchase_ticket,2026-06-25T23:48:38.296077+00:00,2026-06-25T17:48:38.750186+00:00
dbf0b3f7-e643-42c1-932f-bbb32efec97c,2026-06-25T23:48:38.296077+00:00,1abd8817-1928-42b9-b1a3-4d0328fcbfc8,True,,57234,98f7a4ee-cb52-40c2-9ede-c7dd214573ab,purchase_ticket,2026-06-25T23:48:38.296077+00:00,2026-06-25T17:48:38.750186+00:00
dbf0b3f7-e643-42c1-932f-bbb32efec97c,2026-06-25T23:48:38.296077+00:00,9dc83c43-d356-407f-9de5-c68e86ccfc97,True,,57235,e17fe808-1af0-4132-b683-b8a952ab5e42,purchase_ticket,2026-06-25T23:48:38.296077+00:00,2026-06-25T17:48:38.750186+00:00
dbf0b3f7-e643-42c1-932f-bbb32efec97c,2026-06-25T23:48:38.296077+00:00,45824c06-3df3-4b6d-8ab8-6accf3c60600,True,,57236,6f9db0ad-0447-454d-9dcf-6ae872d5a505,purchase_ticket,2026-06-25T23:48:38.296077+00:00,2026-06-25T17:48:38.750186+00:00
dbf0b3f7-e643-42c1-932f-bbb32efec97c,2026-06-25T23:48:38.296077+00:00,3fffb40a-f83d-451a-bab1-d31054c35bb0,True,,57237,88c18831-bc66-4dcc-a80c-ff355b2869c1,purchase_ticket,2026-06-25T23:48:38.296077+00:00,2026-06-25T17:48:38.750186+00:00
dbf0b3f7-e643-42c1-932f-bbb32efec97c,2026-06-25T23:48:38.296077+00:00,24110ea7-8c3a-44c9-bb9b-32ab72b2fe2a,True,,57240,6d833a7f-3913-4115-a244-d223c41a5354,purchase_ticket,2026-06-25T23:48:38.296077+00:00,2026-06-25T17:48:38.750186+00:00
dbf0b3f7-e643-42c1-932f-bbb32efec97c,2026-06-25T23:48:38.296077+00:00,037a6f51-a410-4012-af40-fe11bcb2bd18,True,,57242,b22ed111-fc6d-4587-8847-4f799525afbf,purchase_ticket,2026-06-25T23:48:38.296077+00:00,2026-06-25T17:48:38.750186+00:00
dbf0b3f7-e643-42c1-932f-bbb32efec97c,2026-06-25T23:48:38.296077+00:00,450af4c8-4b23-4b26-9359-15048cc6484d,True,,57243,d51057b2-8e2d-46d2-a151-8c4070c2290d,purchase_ticket,2026-06-25T23:48:38.296077+00:00,2026-06-25T17:48:38.750186+00:00
dbf0b3f7-e643-42c1-932f-bbb32efec97c,2026-06-25T23:48:38.296077+00:00,184d47e0-b0f0-4c49-aad7-546e41cbe6eb,True,,57244,9275dd63-68a5-4e76-b521-24a4e4b896a4,purchase_ticket,2026-06-25T23:48:38.296077+00:00,2026-06-25T17:48:38.750186+00:00
dbf0b3f7-e643-42c1-932f-bbb32efec97c,2026-06-25T23:48:38.296077+00:00,c02cec16-2cc2-4562-aba3-4bbf719536b5,True,,57245,c1110713-8578-4744-ad48-ccc6608186da,purchase_ticket,2026-06-25T23:48:38.296077+00:00,2026-06-25T17:48:38.750186+00:00
dbf0b3f7-e643-42c1-932f-bbb32efec97c,2026-06-25T23:48:38.296077+00:00,b7a06aec-746e-4010-b5df-12352ece3c92,True,,57246,40b7a749-e336-4614-befd-ab0bfa630023,purchase_ticket,2026-06-25T23:48:38.296077+00:00,2026-06-25T17:48:38.750186+00:00
dbf0b3f7-e643-42c1-932f-bbb32efec97c,2026-06-25T23:48:38.296077+00:00,2abcde1a-7320-46b7-a5dd-6e10195045b3,True,,57247,49ac92fc-6d98-4920-a299-281ed4c6e74f,purchase_ticket,2026-06-25T23:48:38.296077+00:00,2026-06-25T17:48:38.750186+00:00
dbf0b3f7-e643-42c1-932f-bbb32efec97c,2026-06-25T23:48:38.296077+00:00,74ef7afb-d646-4391-8075-9ede60825247,True,,57248,4975c273-3f5b-42c2-8bb3-5a480f2e362b,purchase_ticket,2026-06-25T23:48:38.296077+00:00,2026-06-25T17:48:38.750186+00:00
dbf0b3f7-e643-42c1-932f-bbb32efec97c,2026-06-25T23:48:38.296077+00:00,6230aea3-8abd-465d-af23-bcb4de0e7501,True,,57249,d769d551-f064-4910-9516-422bc1a6787e,purchase_ticket,2026-06-25T23:48:38.296077+00:00,2026-06-25T17:48:38.750186+00:00
dbf0b3f7-e643-42c1-932f-bbb32efec97c,2026-06-25T23:48:38.296077+00:00,c87698b7-7dac-4f39-85a4-fcf304646836,True,,57250,0864f045-c8e4-4c17-9295-1001f7334dd7,purchase_ticket,2026-06-25T23:48:38.296077+00:00,2026-06-25T17:48:38.750186+00:00
dbf0b3f7-e643-42c1-932f-bbb32efec97c,2026-06-25T23:48:38.296077+00:00,fa08e637-f786-4e77-b9cd-1f5fa24826e8,True,,57251,b3976607-8385-486b-90a7-8b21ef197a1a,purchase_ticket,2026-06-25T23:48:38.296077+00:00,2026-06-25T17:48:38.750186+00:00
dbf0b3f7-e643-42c1-932f-bbb32efec97c,2026-06-25T23:48:38.296077+00:00,d955b7e3-ea57-4c2d-a764-ec3233157cce,True,,57254,99cd57d1-1329-49d0-a3f7-f5dd3dec103a,purchase_ticket,2026-06-25T23:48:38.296077+00:00,2026-06-25T17:48:38.750186+00:00
dbf0b3f7-e643-42c1-932f-bbb32efec97c,2026-06-25T23:48:38.296077+00:00,d305caae-e0e4-4610-9626-30f2f65c1f8e,True,,57255,bd5188e8-f596-4bb1-9af5-5710ac26e1de,purchase_ticket,2026-06-25T23:48:38.296077+00:00,2026-06-25T17:48:38.750186+00:00
dbf0b3f7-e643-42c1-932f-bbb32efec97c,2026-06-25T23:48:38.296077+00:00,b44b2ab1-e7d1-4a27-a471-e7c8f55317e8,True,,82204,913d68e4-b6b0-4de1-9dc6-85ea7f71b621,purchase_ticket,2026-06-25T23:48:38.296077+00:00,2026-06-25T17:48:38.750186+00:00
dbf0b3f7-e643-42c1-932f-bbb32efec97c,2026-06-25T23:48:38.296077+00:00,b38d9160-ecbf-4ae7-b54c-79a4bf9db056,True,,82220,32b2ba7f-a0bb-470e-b209-772dbda78ea7,purchase_ticket,2026-06-25T23:48:38.296077+00:00,2026-06-25T17:48:38.750186+00:00
dbf0b3f7-e643-42c1-932f-bbb32efec97c,2026-06-25T23:48:38.296077+00:00,1e2b9479-7405-48ff-a234-8de0dc1c8315,True,,82276,d1b649b9-d8cb-43c5-8e82-0f0f68c662fe,purchase_ticket,2026-06-25T23:48:38.296077+00:00,2026-06-25T17:48:38.750186+00:00
dbf0b3f7-e643-42c1-932f-bbb32efec97c,2026-06-25T23:48:38.296077+00:00,dd9974c2-3d3d-4ab3-837c-4ae5dfdd1fbc,True,,82311,5f3aee1a-398a-444f-93ef-77358665c70c,purchase_ticket,2026-06-25T23:48:38.296077+00:00,2026-06-25T17:48:38.750186+00:00
dbf0b3f7-e643-42c1-932f-bbb32efec97c,2026-06-25T23:48:38.296077+00:00,097f45dd-5020-49b4-8d17-c341af0f9620,True,,82314,26e40d07-d947-449a-8e88-2d99b5bb0ac5,purchase_ticket,2026-06-25T23:48:38.296077+00:00,2026-06-25T17:48:38.750186+00:00
dbf0b3f7-e643-42c1-932f-bbb32efec97c,2026-06-25T23:48:38.296077+00:00,e92c18c3-0e12-493e-8e80-ca8bd2b6233a,True,,82317,0253b1a6-2fce-4152-a254-4d6762848c1c,purchase_ticket,2026-06-25T23:48:38.296077+00:00,2026-06-25T17:48:38.750186+00:00
dbf0b3f7-e643-42c1-932f-bbb32efec97c,2026-06-25T23:48:38.296077+00:00,1fccc8b3-595b-4ed3-9ba0-20f53f0d2f89,True,,82324,b62456e9-a7d5-4b48-99ce-f346857b7e9a,purchase_ticket,2026-06-25T23:48:38.296077+00:00,2026-06-25T17:48:38.750186+00:00
dbf0b3f7-e643-42c1-932f-bbb32efec97c,2026-06-25T23:48:38.296077+00:00,6871a9e8-fa75-43e0-930e-20fd408e0859,True,,82335,8685f42e-8d3a-480c-b07f-47d6b81db0d1,purchase_ticket,2026-06-25T23:48:38.296077+00:00,2026-06-25T17:48:38.750186+00:00
dbf0b3f7-e643-42c1-932f-bbb32efec97c,2026-06-25T23:48:38.296077+00:00,7ee5defd-65ec-4bf1-afb0-9158ff48e4f0,True,,82342,b67daef8-efb2-4b5b-a0aa-438a712de5a7,purchase_ticket,2026-06-25T23:48:38.296077+00:00,2026-06-25T17:48:38.750186+00:00
dbf0b3f7-e643-42c1-932f-bbb32efec97c,2026-06-25T23:48:38.296077+00:00,e77edf31-d764-4e01-82e3-f421d40f4a7d,True,,82348,863142fb-d449-4f63-ab87-e6012c0e6faa,purchase_ticket,2026-06-25T23:48:38.296077+00:00,2026-06-25T17:48:38.750186+00:00
dbf0b3f7-e643-42c1-932f-bbb32efec97c,2026-06-25T23:48:38.296077+00:00,f6c3ce78-08b6-4010-bc4a-67648e3bf3a2,True,,82349,5dab1177-d2b1-41ea-ab42-b870cd9eaeed,purchase_ticket,2026-06-25T23:48:38.296077+00:00,2026-06-25T17:48:38.750186+00:00
dbf0b3f7-e643-42c1-932f-bbb32efec97c,2026-06-25T23:48:38.296077+00:00,2345b976-2d82-4948-8d20-ba6b01e624d7,True,,82350,6eb40bba-f41f-46ca-82db-9065708cfefc,purchase_ticket,2026-06-25T23:48:38.296077+00:00,2026-06-25T17:48:38.750186+00:00
dbf0b3f7-e643-42c1-932f-bbb32efec97c,2026-06-25T23:48:38.296077+00:00,51d5acbf-eb87-4f1a-ab50-965290218149,True,,82354-A,398be2ed-9ee5-47ac-92ab-35d1e834f011,purchase_ticket,2026-06-25T23:48:38.296077+00:00,2026-06-25T17:48:38.750186+00:00
dbf0b3f7-e643-42c1-932f-bbb32efec97c,2026-06-25T23:48:38.296077+00:00,6480faa5-9eb8-4081-97d3-798ebdfc44a9,True,,82354-B,de6be987-f762-43c9-b7b0-94d2b8f4fb1c,purchase_ticket,2026-06-25T23:48:38.296077+00:00,2026-06-25T17:48:38.750186+00:00
dbf0b3f7-e643-42c1-932f-bbb32efec97c,2026-06-25T23:48:38.296077+00:00,b04d89d7-e68c-4a1c-a8b4-92bdd1689263,True,,82356,9ceb55bd-3196-4509-820d-f659f81a130f,purchase_ticket,2026-06-25T23:48:38.296077+00:00,2026-06-25T17:48:38.750186+00:00
dbf0b3f7-e643-42c1-932f-bbb32efec97c,2026-06-25T23:48:38.296077+00:00,2e655df9-48a3-4ee6-86db-783e33166406,True,,82358,aa79d098-7453-4ad7-93f9-11297289ad58,purchase_ticket,2026-06-25T23:48:38.296077+00:00,2026-06-25T17:48:38.750186+00:00
cad1b027-747c-4dd8-8222-568addde7245,2026-06-22T23:53:39.464084+00:00,81021939-c462-4b8a-a5ee-c6e7acb53f97,True,COMPROBAR,19161,178fb544-a6ea-45dd-8613-6efa827ee420,expense_voucher,2026-06-26T14:18:08.157876+00:00,2026-06-26T08:18:08.168977+00:00
2909e259-5fa7-4bff-86e7-d7691b5b46bc,2026-06-24T14:40:23.74927+00:00,ae946534-0553-4221-b4d4-4166a365d355,True,comprobar,19181,f4c9d5ad-6a73-4f4a-b5b9-e2774b3b9197,expense_voucher,2026-06-26T14:18:08.157876+00:00,2026-06-26T08:18:08.168977+00:00
dd291677-6b18-46a9-b485-d6a67c8bab87,2026-06-30T23:49:42.231403+00:00,a36de92c-a458-435c-8bb1-93a6cf14131d,True,,356,d287be76-37df-4b84-b1a6-ee1c775bcad1,deposit_voucher,2026-06-30T23:49:42.231403+00:00,2026-06-30T17:49:43.271842+00:00
dd291677-6b18-46a9-b485-d6a67c8bab87,2026-06-30T23:49:42.231403+00:00,23dffb19-9dc0-4a8f-838c-35b53abb3fe2,True,,357,2b41d789-48a8-4249-9212-e9aba9bbce79,deposit_voucher,2026-06-30T23:49:42.231403+00:00,2026-06-30T17:49:43.271842+00:00
dd291677-6b18-46a9-b485-d6a67c8bab87,2026-06-30T23:49:42.231403+00:00,282263ae-9e4c-4510-97e6-147a90f1781e,True,,358,4f658799-8311-4b87-bf9c-acef0aa8ba50,deposit_voucher,2026-06-30T23:49:42.231403+00:00,2026-06-30T17:49:43.271842+00:00
dd291677-6b18-46a9-b485-d6a67c8bab87,2026-06-30T23:49:42.231403+00:00,12763668-66e1-4957-9bac-5ced82cd041a,True,,359,af7cc425-be6b-42c8-beec-8dd0a84939ff,deposit_voucher,2026-06-30T23:49:42.231403+00:00,2026-06-30T17:49:43.271842+00:00
dd291677-6b18-46a9-b485-d6a67c8bab87,2026-06-30T23:49:42.231403+00:00,7531007e-1784-4fc9-9172-c51715f22554,True,,360,28bafe83-d4e8-4672-9d90-e3797a070b08,deposit_voucher,2026-06-30T23:49:42.231403+00:00,2026-06-30T17:49:43.271842+00:00
dd291677-6b18-46a9-b485-d6a67c8bab87,2026-06-30T23:49:42.231403+00:00,f67ff6a2-955f-4053-a25b-ad7330e6f038,True,,428,1a24aa35-c6cc-4d25-8f07-fb0d27ba306b,sale_ticket,2026-06-30T23:49:42.231403+00:00,2026-06-30T17:49:43.271842+00:00
dd291677-6b18-46a9-b485-d6a67c8bab87,2026-06-30T23:49:42.231403+00:00,cbccaaf1-dbfd-4efd-b6b0-9db665ad62e8,True,,5585,78bcc0f0-db60-4226-8685-bfbc90ce4a30,purchase_ticket,2026-06-30T23:49:42.231403+00:00,2026-06-30T17:49:43.27284+00:00
dd291677-6b18-46a9-b485-d6a67c8bab87,2026-06-30T23:49:42.231403+00:00,c55e74c9-4b77-480f-a169-c4cd2853aec5,True,,57299,7e2fe868-97c7-476c-99d3-96f615747167,purchase_ticket,2026-06-30T23:49:42.231403+00:00,2026-06-30T17:49:43.27284+00:00
dd291677-6b18-46a9-b485-d6a67c8bab87,2026-06-30T23:49:42.231403+00:00,6005ee4e-96b8-450e-bc4d-7ab3c1b1b82e,True,,57300,cf561245-250a-4fa6-a3d9-7e3cd140dd5d,purchase_ticket,2026-06-30T23:49:42.231403+00:00,2026-06-30T17:49:43.27284+00:00
dd291677-6b18-46a9-b485-d6a67c8bab87,2026-06-30T23:49:42.231403+00:00,48806939-06b8-4da5-83ec-ed17ebdf9c29,True,,57324,7294fe52-54cc-46d1-a404-4154ec2fe4d8,purchase_ticket,2026-06-30T23:49:42.231403+00:00,2026-06-30T17:49:43.27284+00:00
dd291677-6b18-46a9-b485-d6a67c8bab87,2026-06-30T23:49:42.231403+00:00,ae799d4e-b5e8-4e84-9506-4d8badf40381,True,,57325,4eef2a13-f913-4e3a-bf21-65b26b580cbc,purchase_ticket,2026-06-30T23:49:42.231403+00:00,2026-06-30T17:49:43.27284+00:00
dd291677-6b18-46a9-b485-d6a67c8bab87,2026-06-30T23:49:42.231403+00:00,1169b830-b3d2-4e53-904f-3fe649153b72,True,,57326,ac2e74aa-96cf-4a88-88e6-f9c3b5254c7c,purchase_ticket,2026-06-30T23:49:42.231403+00:00,2026-06-30T17:49:43.27284+00:00
dd291677-6b18-46a9-b485-d6a67c8bab87,2026-06-30T23:49:42.231403+00:00,139b1b3f-9abd-4c9a-b9d8-7e1cd5eef2ac,True,,57327,faf2a03f-558a-4be1-ba85-c2d10e8688f1,purchase_ticket,2026-06-30T23:49:42.231403+00:00,2026-06-30T17:49:43.27284+00:00
dd291677-6b18-46a9-b485-d6a67c8bab87,2026-06-30T23:49:42.231403+00:00,0745b279-6937-4f69-8a2e-20e0e5ef83bc,True,,57328,81758a79-32b7-4c14-a822-bba64b4d2517,purchase_ticket,2026-06-30T23:49:42.231403+00:00,2026-06-30T17:49:43.27284+00:00
dd291677-6b18-46a9-b485-d6a67c8bab87,2026-06-30T23:49:42.231403+00:00,24cbde05-c48c-4efb-963c-56d5f53bcb16,True,,57329,25cf0b0e-c3f8-454d-a717-a18ff6bb2931,purchase_ticket,2026-06-30T23:49:42.231403+00:00,2026-06-30T17:49:43.27284+00:00
dd291677-6b18-46a9-b485-d6a67c8bab87,2026-06-30T23:49:42.231403+00:00,d4facf7a-e59a-406a-b057-5a389189c043,True,,57330,d426edc7-e413-445d-8937-794d3c215b9f,purchase_ticket,2026-06-30T23:49:42.231403+00:00,2026-06-30T17:49:43.27284+00:00
dd291677-6b18-46a9-b485-d6a67c8bab87,2026-06-30T23:49:42.231403+00:00,39d7b109-8f98-4ba2-ba06-37bc9184f12b,True,,57331,b9d7bbfd-6078-466f-aaad-6a9c173e4cbe,purchase_ticket,2026-06-30T23:49:42.231403+00:00,2026-06-30T17:49:43.27284+00:00
dd291677-6b18-46a9-b485-d6a67c8bab87,2026-06-30T23:49:42.231403+00:00,1c3d497e-0094-4485-a49f-3d5fe15a24c9,True,,57332,992aac59-69c3-425f-920a-4584835d9690,purchase_ticket,2026-06-30T23:49:42.231403+00:00,2026-06-30T17:49:43.27284+00:00
dd291677-6b18-46a9-b485-d6a67c8bab87,2026-06-30T23:49:42.231403+00:00,f5d53e98-2284-4f27-929d-96b346ad0e46,True,,57333,8204bb1e-033a-474d-a68d-839506e5f9d7,purchase_ticket,2026-06-30T23:49:42.231403+00:00,2026-06-30T17:49:43.27284+00:00
dd291677-6b18-46a9-b485-d6a67c8bab87,2026-06-30T23:49:42.231403+00:00,59bd8131-d19b-413d-8819-aee8e8f60424,True,,57334,364a4add-474a-4ae7-8d75-8661711d1c2e,purchase_ticket,2026-06-30T23:49:42.231403+00:00,2026-06-30T17:49:43.27284+00:00
dd291677-6b18-46a9-b485-d6a67c8bab87,2026-06-30T23:49:42.231403+00:00,7f8212e5-3cbf-4216-8f8d-2dda9a8d5e38,True,,57335,d503d550-f1f0-4755-a34c-d2a05349ea9e,purchase_ticket,2026-06-30T23:49:42.231403+00:00,2026-06-30T17:49:43.27284+00:00
dd291677-6b18-46a9-b485-d6a67c8bab87,2026-06-30T23:49:42.231403+00:00,ea36edd9-6bd8-4d4b-bded-4fcf77d875e7,True,,57336,a22ab4ca-de2d-4d0e-9fe4-acc88979877d,purchase_ticket,2026-06-30T23:49:42.231403+00:00,2026-06-30T17:49:43.27284+00:00
dd291677-6b18-46a9-b485-d6a67c8bab87,2026-06-30T23:49:42.231403+00:00,be926ded-71e3-4084-8c80-12a65fe169ed,True,,57337,7e4ad5a3-74c1-4b38-90b3-06cf7dd36118,purchase_ticket,2026-06-30T23:49:42.231403+00:00,2026-06-30T17:49:43.27284+00:00
dd291677-6b18-46a9-b485-d6a67c8bab87,2026-06-30T23:49:42.231403+00:00,56bf0add-e970-4995-8a89-de37a5d0d636,True,,57338,e59e0d48-327f-4ca4-ab30-bbe66ab9f0ad,purchase_ticket,2026-06-30T23:49:42.231403+00:00,2026-06-30T17:49:43.27284+00:00
dd291677-6b18-46a9-b485-d6a67c8bab87,2026-06-30T23:49:42.231403+00:00,c1ee7929-706f-4b9b-9f18-9d5b447b0599,True,,57339,af5a09d9-b23b-4566-8339-5d87e9dbbd68,purchase_ticket,2026-06-30T23:49:42.231403+00:00,2026-06-30T17:49:43.27284+00:00
dd291677-6b18-46a9-b485-d6a67c8bab87,2026-06-30T23:49:42.231403+00:00,3b1f31a2-f079-4aa1-82a5-f9a4a07b4f45,True,,57340,480f9bd1-1d6e-49c0-b5c3-d67ce5fb33ee,purchase_ticket,2026-06-30T23:49:42.231403+00:00,2026-06-30T17:49:43.27284+00:00
dd291677-6b18-46a9-b485-d6a67c8bab87,2026-06-30T23:49:42.231403+00:00,45f93922-9899-42b5-a1f7-1b8b31cbcf4a,True,,57341,e2ef99ab-4944-4fd0-b2ca-28432a08864a,purchase_ticket,2026-06-30T23:49:42.231403+00:00,2026-06-30T17:49:43.27284+00:00
dd291677-6b18-46a9-b485-d6a67c8bab87,2026-06-30T23:49:42.231403+00:00,0b750b0b-dbf1-43ce-934f-a82f1439b1b2,True,,57345,43c4fc94-e0c2-4209-bfcd-283cc0326d7e,purchase_ticket,2026-06-30T23:49:42.231403+00:00,2026-06-30T17:49:43.27284+00:00
dd291677-6b18-46a9-b485-d6a67c8bab87,2026-06-30T23:49:42.231403+00:00,e09c365a-4789-4d4c-a1ea-de84e289c601,True,,57346,e1060f13-2f90-4f29-a5c3-ed5e0b9ca2d4,purchase_ticket,2026-06-30T23:49:42.231403+00:00,2026-06-30T17:49:43.27284+00:00
dd291677-6b18-46a9-b485-d6a67c8bab87,2026-06-30T23:49:42.231403+00:00,1abe7956-2e20-4a66-8e9e-8947797f9637,True,,57347,c1476f3c-1cba-4a3c-a195-0600b74913a8,purchase_ticket,2026-06-30T23:49:42.231403+00:00,2026-06-30T17:49:43.27284+00:00
dd291677-6b18-46a9-b485-d6a67c8bab87,2026-06-30T23:49:42.231403+00:00,5e0e9054-966e-4b53-9446-d989ad77156f,True,,57348,a5308f15-1e35-4aea-b2b1-4e255ef6bd09,purchase_ticket,2026-06-30T23:49:42.231403+00:00,2026-06-30T17:49:43.27284+00:00
dd291677-6b18-46a9-b485-d6a67c8bab87,2026-06-30T23:49:42.231403+00:00,b783cd9d-ed4a-4640-ae6f-d204749132be,True,,57349,9b031c30-1bcd-4425-9abb-dacf91a2c235,purchase_ticket,2026-06-30T23:49:42.231403+00:00,2026-06-30T17:49:43.27284+00:00
dd291677-6b18-46a9-b485-d6a67c8bab87,2026-06-30T23:49:42.231403+00:00,b6a154b9-3963-4195-b317-b661ce379a72,True,,82251,d8be8144-5782-428f-afd6-6008baceb862,purchase_ticket,2026-06-30T23:49:42.231403+00:00,2026-06-30T17:49:43.27284+00:00
dd291677-6b18-46a9-b485-d6a67c8bab87,2026-06-30T23:49:42.231403+00:00,4e64b44c-dab0-42e4-b04c-b032f46bc061,True,,82264,d4a7983d-8400-4834-ba6a-cf1fcc110074,purchase_ticket,2026-06-30T23:49:42.231403+00:00,2026-06-30T17:49:43.27284+00:00
dd291677-6b18-46a9-b485-d6a67c8bab87,2026-06-30T23:49:42.231403+00:00,ce565301-46a8-4d40-b422-e75fd51ca9ca,True,,82273,e23b1c3c-2f81-4eb0-bd57-151153582e07,purchase_ticket,2026-06-30T23:49:42.231403+00:00,2026-06-30T17:49:43.27284+00:00
dd291677-6b18-46a9-b485-d6a67c8bab87,2026-06-30T23:49:42.231403+00:00,36118963-43e8-4494-8be5-4dfa83dff7bc,True,,82280,b147284f-0ed3-4914-ab40-97ed1e731f4d,purchase_ticket,2026-06-30T23:49:42.231403+00:00,2026-06-30T17:49:43.27284+00:00
dd291677-6b18-46a9-b485-d6a67c8bab87,2026-06-30T23:49:42.231403+00:00,a498a0b1-9f9e-4e81-9d02-c90f5d76f41d,True,,82291,44f4a93b-5bea-4e4e-b48b-d017d7443286,purchase_ticket,2026-06-30T23:49:42.231403+00:00,2026-06-30T17:49:43.27284+00:00
dd291677-6b18-46a9-b485-d6a67c8bab87,2026-06-30T23:49:42.231403+00:00,73e4d98f-9a8d-4318-b3b1-0d116d1c3862,True,,82322,421bbb75-e5e1-4000-a177-476014cfc4f1,purchase_ticket,2026-06-30T23:49:42.231403+00:00,2026-06-30T17:49:43.27284+00:00
dd291677-6b18-46a9-b485-d6a67c8bab87,2026-06-30T23:49:42.231403+00:00,c38be2cb-22c5-4d76-b097-7c3a008af203,True,,82383,3a5866cf-c4b1-4e6b-a317-acd15f868e7d,purchase_ticket,2026-06-30T23:49:42.231403+00:00,2026-06-30T17:49:43.27284+00:00
dd291677-6b18-46a9-b485-d6a67c8bab87,2026-06-30T23:49:42.231403+00:00,c6fa7908-d934-4438-abfd-bdbd6156c0be,True,,82391,bfbbf6d3-3159-4028-ab22-5e516b889bad,purchase_ticket,2026-06-30T23:49:42.231403+00:00,2026-06-30T17:49:43.27284+00:00
dd291677-6b18-46a9-b485-d6a67c8bab87,2026-06-30T23:49:42.231403+00:00,359c3681-a438-4dc7-83f0-885829c262f1,True,,82408,772003f7-4dc2-49da-ab70-1ac96faa437b,purchase_ticket,2026-06-30T23:49:42.231403+00:00,2026-06-30T17:49:43.27284+00:00
dd291677-6b18-46a9-b485-d6a67c8bab87,2026-06-30T23:49:42.231403+00:00,42083aa0-eaa5-4686-8c30-c8fd4ee683b1,True,,82416,b8f9cc23-86ae-44df-b952-134ffb3dc601,purchase_ticket,2026-06-30T23:49:42.231403+00:00,2026-06-30T17:49:43.27284+00:00
dd291677-6b18-46a9-b485-d6a67c8bab87,2026-06-30T23:49:42.231403+00:00,e8aae046-a969-4111-8714-a6475f43557f,True,,82432,00cf6830-38b9-4c69-a8d6-f83839bf0e5b,purchase_ticket,2026-06-30T23:49:42.231403+00:00,2026-06-30T17:49:43.27284+00:00
dd291677-6b18-46a9-b485-d6a67c8bab87,2026-06-30T23:49:42.231403+00:00,f1e29d3c-f4b1-477c-8c02-a724573413ff,True,,82446,858bafdd-46db-454f-aa4c-faab41629ea0,purchase_ticket,2026-06-30T23:49:42.231403+00:00,2026-06-30T17:49:43.27284+00:00
dd291677-6b18-46a9-b485-d6a67c8bab87,2026-06-30T23:49:42.231403+00:00,e7e632fd-5265-416b-846d-60a73f4f1029,True,,82448,b45a5623-cc2d-4805-a558-bd11c459ad1a,purchase_ticket,2026-06-30T23:49:42.231403+00:00,2026-06-30T17:49:43.27284+00:00
dd291677-6b18-46a9-b485-d6a67c8bab87,2026-06-30T23:49:42.231403+00:00,d3599be4-ca0a-42bc-a2e0-b683dfcf9490,True,,82462,a3e7bb66-c360-417a-a7ed-42e73247462b,purchase_ticket,2026-06-30T23:49:42.231403+00:00,2026-06-30T17:49:43.27284+00:00
dd291677-6b18-46a9-b485-d6a67c8bab87,2026-06-30T23:49:42.231403+00:00,7f9879b7-3bd8-445f-9eb6-2343488715fb,True,,82465,7077ebb3-1547-4429-a1a1-44feb1839f47,purchase_ticket,2026-06-30T23:49:42.231403+00:00,2026-06-30T17:49:43.27284+00:00
dd291677-6b18-46a9-b485-d6a67c8bab87,2026-06-30T23:49:42.231403+00:00,127a31cb-a834-4b90-8b5f-198deaeff617,True,,82467,a401b3bc-5a45-4ee1-888f-f5749390f97e,purchase_ticket,2026-06-30T23:49:42.231403+00:00,2026-06-30T17:49:43.273837+00:00
dd291677-6b18-46a9-b485-d6a67c8bab87,2026-06-30T23:49:42.231403+00:00,69fcdb03-377b-4e40-be78-07d1c9dd2d3f,True,,82469,f67043d9-2f90-4a99-8353-3a699f243ebf,purchase_ticket,2026-06-30T23:49:42.231403+00:00,2026-06-30T17:49:43.273837+00:00
dd291677-6b18-46a9-b485-d6a67c8bab87,2026-06-30T23:49:42.231403+00:00,bd3c2c64-13b1-4e55-bcb8-b0a9fbfd1a69,True,,82473,8d0854ae-1762-453b-8534-036674966756,purchase_ticket,2026-06-30T23:49:42.231403+00:00,2026-06-30T17:49:43.273837+00:00
dd291677-6b18-46a9-b485-d6a67c8bab87,2026-06-30T23:49:42.231403+00:00,069337c6-66c4-43d5-b4cc-afc017ad7a59,True,,82474,f3f9b30a-160a-478c-a3d7-2a15fd069f17,purchase_ticket,2026-06-30T23:49:42.231403+00:00,2026-06-30T17:49:43.273837+00:00
dd291677-6b18-46a9-b485-d6a67c8bab87,2026-06-30T23:49:42.231403+00:00,ecd17c2b-8f94-475b-be4a-e7440654729a,True,,82476,23f05ff4-47ff-427d-ab01-33adfcd326e9,purchase_ticket,2026-06-30T23:49:42.231403+00:00,2026-06-30T17:49:43.273837+00:00
dd291677-6b18-46a9-b485-d6a67c8bab87,2026-06-30T23:49:42.231403+00:00,6dda2de3-96e8-4672-8fa9-4d3d2b700d9d,True,,82477-A,2ed65b1f-6e3c-45a7-a3d8-a22423ff8c5f,purchase_ticket,2026-06-30T23:49:42.231403+00:00,2026-06-30T17:49:43.273837+00:00
dd291677-6b18-46a9-b485-d6a67c8bab87,2026-06-30T23:49:42.231403+00:00,cdd947bc-3909-45b8-81a9-4f608cdc7653,True,,82477-B,15ee4f4d-ea5f-4e4c-8df8-8e1373f8b44c,purchase_ticket,2026-06-30T23:49:42.231403+00:00,2026-06-30T17:49:43.273837+00:00
dd291677-6b18-46a9-b485-d6a67c8bab87,2026-06-30T23:49:42.231403+00:00,d66667f2-4909-4797-91aa-4cf950419dd2,True,,82480,b0004773-e7c7-44b8-9725-31d51ac2b5a0,purchase_ticket,2026-06-30T23:49:42.231403+00:00,2026-06-30T17:49:43.273837+00:00
dd291677-6b18-46a9-b485-d6a67c8bab87,2026-06-30T23:49:42.231403+00:00,0a46c390-8905-432e-bf44-7057dd993f34,True,,82482,a8bffe68-58a9-4fc9-bc17-e2b56b0ee6c4,purchase_ticket,2026-06-30T23:49:42.231403+00:00,2026-06-30T17:49:43.273837+00:00
5f7baa3a-1933-4b4f-9da6-4a18284bded7,2026-07-07T00:19:11.169648+00:00,40881cc7-fb96-486f-b5e3-4071948da552,True,,19231,d937a706-ba85-4ddd-8b0c-d2cdd7a5f8c7,expense_voucher,2026-07-07T00:19:11.169648+00:00,2026-07-06T18:19:12.004451+00:00
5f7baa3a-1933-4b4f-9da6-4a18284bded7,2026-07-07T00:19:11.169648+00:00,b366be9d-59bb-4105-81fb-87309626eeab,True,PENDIENTE,19238,08b5f019-406a-4b42-8b64-c8a5bbb98eaf,expense_voucher,2026-07-08T14:04:17.328103+00:00,2026-07-08T08:04:17.437328+00:00
5f7baa3a-1933-4b4f-9da6-4a18284bded7,2026-07-07T00:19:11.169648+00:00,27561662-5fd1-49d5-8130-4ba35a7742c4,True,COMPROBAR,19161,178fb544-a6ea-45dd-8613-6efa827ee420,expense_voucher,2026-07-08T14:04:17.328103+00:00,2026-07-08T08:04:17.437328+00:00
ef02321f-ea50-462e-b432-c6a9f03f3225,2026-07-02T00:16:02.211315+00:00,32e9c45a-9027-4a2c-a311-51e3a3cee52d,True,,19226,9400ddad-8e3f-4f69-8ca8-e419b993fa65,expense_voucher,2026-07-02T00:16:02.211315+00:00,2026-07-01T18:16:02.725499+00:00
ef02321f-ea50-462e-b432-c6a9f03f3225,2026-07-02T00:16:02.211315+00:00,03276b5d-c3b2-4eb4-93a9-3c04c3b2c10a,True,,19248,83652664-e1b8-4358-a06f-623d1f32c04f,expense_voucher,2026-07-02T00:16:02.211315+00:00,2026-07-01T18:16:02.725499+00:00
ef02321f-ea50-462e-b432-c6a9f03f3225,2026-07-02T00:16:02.211315+00:00,993c0cb0-6565-4380-9488-4479e3470ede,True,,19249,b1397009-189a-4211-bd47-d37d2b8476bf,expense_voucher,2026-07-02T00:16:02.211315+00:00,2026-07-01T18:16:02.725499+00:00
ef02321f-ea50-462e-b432-c6a9f03f3225,2026-07-02T00:16:02.211315+00:00,13935813-840d-4d5e-bd4e-37a199e48c87,True,,19250,10fb244e-9aaf-4b31-904e-de2e7d28ecf8,expense_voucher,2026-07-02T00:16:02.211315+00:00,2026-07-01T18:16:02.725499+00:00
ef02321f-ea50-462e-b432-c6a9f03f3225,2026-07-02T00:16:02.211315+00:00,143fe841-cee6-4a42-8195-61af7d56cd8a,True,,19251,60cbc84f-422c-4ecd-88df-61b495e3477b,expense_voucher,2026-07-02T00:16:02.211315+00:00,2026-07-01T18:16:02.725499+00:00
ef02321f-ea50-462e-b432-c6a9f03f3225,2026-07-02T00:16:02.211315+00:00,fe38a2a9-62c7-4898-a93d-0662e24ebffc,True,,19252,243390e5-c51d-46fa-a5ba-6cb84e11fbff,expense_voucher,2026-07-02T00:16:02.211315+00:00,2026-07-01T18:16:02.726485+00:00
ef02321f-ea50-462e-b432-c6a9f03f3225,2026-07-02T00:16:02.211315+00:00,19305c18-5383-475c-94b1-da9a87c5b9d8,True,,19253,1e2c5bd4-5ae5-4e62-8cee-fc18712a7503,expense_voucher,2026-07-02T00:16:02.211315+00:00,2026-07-01T18:16:02.726485+00:00
ef02321f-ea50-462e-b432-c6a9f03f3225,2026-07-02T00:16:02.211315+00:00,054c3ad2-4927-4e2c-8991-89d9bb143e83,True,,19255,60224269-822f-4b21-ac75-ee5a4baba327,expense_voucher,2026-07-02T00:16:02.211315+00:00,2026-07-01T18:16:02.726485+00:00
ef02321f-ea50-462e-b432-c6a9f03f3225,2026-07-02T00:16:02.211315+00:00,b0f84d97-24d2-40fb-a270-e0cffa07e807,True,,19256,bf5a5702-7780-48d8-98f1-190a72d76759,expense_voucher,2026-07-02T00:16:02.211315+00:00,2026-07-01T18:16:02.726485+00:00
ef02321f-ea50-462e-b432-c6a9f03f3225,2026-07-02T00:16:02.211315+00:00,286f7a97-7192-4e68-832b-e5473d1604ae,True,,19257,c656ab8e-2997-46be-976c-9dde6be03df4,expense_voucher,2026-07-02T00:16:02.211315+00:00,2026-07-01T18:16:02.726485+00:00
ef02321f-ea50-462e-b432-c6a9f03f3225,2026-07-02T00:16:02.211315+00:00,6ff1d3f9-54a4-488e-9230-489ae027be1b,True,,19258,ea06f154-7908-424b-9586-43d26973cf9c,expense_voucher,2026-07-02T00:16:02.211315+00:00,2026-07-01T18:16:02.726485+00:00
ef02321f-ea50-462e-b432-c6a9f03f3225,2026-07-02T00:16:02.211315+00:00,6bffcd5b-aef8-4f34-b390-91b898d6fa32,True,,19259,a2774b7c-a293-4302-9f4c-38374bc87c7b,expense_voucher,2026-07-02T00:16:02.211315+00:00,2026-07-01T18:16:02.726485+00:00
ef02321f-ea50-462e-b432-c6a9f03f3225,2026-07-02T00:16:02.211315+00:00,cf33d637-1785-4ffd-9900-70b363f4779d,True,,19260,a6032531-0cec-413e-a3f9-5b684a4f9024,expense_voucher,2026-07-02T00:16:02.211315+00:00,2026-07-01T18:16:02.726485+00:00
ef02321f-ea50-462e-b432-c6a9f03f3225,2026-07-02T00:16:02.211315+00:00,04b4386a-bcbb-46e3-b884-92e5cc4a721b,True,,19261,e3e35d62-346a-442d-abc7-c5e02a3517a7,expense_voucher,2026-07-02T00:16:02.211315+00:00,2026-07-01T18:16:02.726485+00:00
ef02321f-ea50-462e-b432-c6a9f03f3225,2026-07-02T00:16:02.211315+00:00,ed5f6054-4e1e-4f0d-9707-6a8ea29ba3b0,True,,19262,f9fb1da3-e077-4277-9b81-1937b1756517,expense_voucher,2026-07-02T00:16:02.211315+00:00,2026-07-01T18:16:02.726485+00:00
ef02321f-ea50-462e-b432-c6a9f03f3225,2026-07-02T00:16:02.211315+00:00,d9b97a6e-582f-4b65-b605-c070bf47f4ff,True,,361,850677ca-bca9-4adf-b423-2652835db9b9,deposit_voucher,2026-07-02T00:16:02.211315+00:00,2026-07-01T18:16:02.726485+00:00
ef02321f-ea50-462e-b432-c6a9f03f3225,2026-07-02T00:16:02.211315+00:00,ddbc025e-80ba-4f53-a1e7-0ca0a60a2f86,True,,362,b5f6c3f8-1de8-416f-9e5c-6f1f01d3a568,deposit_voucher,2026-07-02T00:16:02.211315+00:00,2026-07-01T18:16:02.726485+00:00
ef02321f-ea50-462e-b432-c6a9f03f3225,2026-07-02T00:16:02.211315+00:00,fc387912-402a-45d6-b08b-43fb8deb96f1,True,,363,3f42b4b5-adfd-427f-87eb-910b7696f240,deposit_voucher,2026-07-02T00:16:02.211315+00:00,2026-07-01T18:16:02.726485+00:00
ef02321f-ea50-462e-b432-c6a9f03f3225,2026-07-02T00:16:02.211315+00:00,914a08ed-2aa0-4440-b291-284647435c69,True,,364,95c5a8ff-9007-433e-9630-50b3006e8338,deposit_voucher,2026-07-02T00:16:02.211315+00:00,2026-07-01T18:16:02.726485+00:00
ef02321f-ea50-462e-b432-c6a9f03f3225,2026-07-02T00:16:02.211315+00:00,65a16df9-9737-4733-862d-664e1ec5a0b3,True,,365,1e434692-e6d5-4cd9-a07f-fa183fe04f6a,deposit_voucher,2026-07-02T00:16:02.211315+00:00,2026-07-01T18:16:02.726485+00:00
ef02321f-ea50-462e-b432-c6a9f03f3225,2026-07-02T00:16:02.211315+00:00,6d3f04d1-ccc6-436d-b80c-95c31aad81dc,True,,366,19014c93-9f1f-4fec-b64f-0996bd3c5b21,deposit_voucher,2026-07-02T00:16:02.211315+00:00,2026-07-01T18:16:02.726485+00:00
ef02321f-ea50-462e-b432-c6a9f03f3225,2026-07-02T00:16:02.211315+00:00,825118b7-a97d-46bf-b066-76c5f4f3bac9,True,,57320,0eb11f13-a8a2-418c-bb8d-16fb74c98975,purchase_ticket,2026-07-02T00:16:02.211315+00:00,2026-07-01T18:16:02.726485+00:00
ef02321f-ea50-462e-b432-c6a9f03f3225,2026-07-02T00:16:02.211315+00:00,22480997-0b65-4a3f-83bc-27d1f4807e9e,True,,57350,cb3c0ec6-0885-400d-9186-ad80708e9415,purchase_ticket,2026-07-02T00:16:02.211315+00:00,2026-07-01T18:16:02.726485+00:00
ef02321f-ea50-462e-b432-c6a9f03f3225,2026-07-02T00:16:02.211315+00:00,6c747f4a-6968-4a8f-9da5-6bf33c8dd8a6,True,,57351,797f5af5-5f27-4c83-a546-ab3327198bb3,purchase_ticket,2026-07-02T00:16:02.211315+00:00,2026-07-01T18:16:02.726485+00:00
ef02321f-ea50-462e-b432-c6a9f03f3225,2026-07-02T00:16:02.211315+00:00,3b29d945-4592-46d8-8b01-9b68ccb94b70,True,,57352,423100a8-50ad-4f56-824c-2db47431633a,purchase_ticket,2026-07-02T00:16:02.211315+00:00,2026-07-01T18:16:02.726485+00:00
ef02321f-ea50-462e-b432-c6a9f03f3225,2026-07-02T00:16:02.211315+00:00,e1600935-ae02-4662-a932-cc5b3b2c0001,True,,57353,564c2e80-a42e-4b70-a6e3-747fb437e030,purchase_ticket,2026-07-02T00:16:02.211315+00:00,2026-07-01T18:16:02.726485+00:00
ef02321f-ea50-462e-b432-c6a9f03f3225,2026-07-02T00:16:02.211315+00:00,a2582a1a-f50e-4ada-a833-d12171f5b7bc,True,,57354,c39ef4ff-f40f-4bfe-ab3d-20ba357680ff,purchase_ticket,2026-07-02T00:16:02.211315+00:00,2026-07-01T18:16:02.726485+00:00
ef02321f-ea50-462e-b432-c6a9f03f3225,2026-07-02T00:16:02.211315+00:00,bbe12d73-d4b7-4e0f-8361-b9e46f66beaf,True,,57355,4e8bda3d-938b-4b3f-becc-f7b9995bf9bf,purchase_ticket,2026-07-02T00:16:02.211315+00:00,2026-07-01T18:16:02.726485+00:00
ef02321f-ea50-462e-b432-c6a9f03f3225,2026-07-02T00:16:02.211315+00:00,23c609e2-e7c3-4b28-b6d3-5d04c97b9adb,True,,57356,c2325b4c-2e2a-434a-9683-9a5626bc3d18,purchase_ticket,2026-07-02T00:16:02.211315+00:00,2026-07-01T18:16:02.726485+00:00
ef02321f-ea50-462e-b432-c6a9f03f3225,2026-07-02T00:16:02.211315+00:00,6cc4ed63-7c8b-485d-9eea-ef31e459e8f4,True,,57357,661b360c-e501-49db-a4bf-962ac74be73c,purchase_ticket,2026-07-02T00:16:02.211315+00:00,2026-07-01T18:16:02.726485+00:00
ef02321f-ea50-462e-b432-c6a9f03f3225,2026-07-02T00:16:02.211315+00:00,fef85c11-9b99-4883-a984-e8213c08b492,True,,57359,62412330-dd72-45d2-9581-c0324a3a2c60,purchase_ticket,2026-07-02T00:16:02.211315+00:00,2026-07-01T18:16:02.726485+00:00
ef02321f-ea50-462e-b432-c6a9f03f3225,2026-07-02T00:16:02.211315+00:00,197cace5-88f2-42db-9764-c3c3d65701ef,True,,57360,5223b058-1164-4120-8e8e-b5c22d611329,purchase_ticket,2026-07-02T00:16:02.211315+00:00,2026-07-01T18:16:02.726485+00:00
ef02321f-ea50-462e-b432-c6a9f03f3225,2026-07-02T00:16:02.211315+00:00,ea779313-f74a-4168-8a56-29f7fbd7d594,True,,57361,81f83ab4-47d2-437f-99d5-4164771030fa,purchase_ticket,2026-07-02T00:16:02.211315+00:00,2026-07-01T18:16:02.726485+00:00
ef02321f-ea50-462e-b432-c6a9f03f3225,2026-07-02T00:16:02.211315+00:00,bafcccf4-2595-491f-a790-d30acedfbc58,True,,57362,44a3e699-4e9b-4858-9591-b54766e8ebc8,purchase_ticket,2026-07-02T00:16:02.211315+00:00,2026-07-01T18:16:02.726485+00:00
ef02321f-ea50-462e-b432-c6a9f03f3225,2026-07-02T00:16:02.211315+00:00,6e2ae98a-e888-4ee0-95c3-bb5aab3f2cc5,True,,57363,678d2041-2995-44ad-bf0e-c33904c36c5d,purchase_ticket,2026-07-02T00:16:02.211315+00:00,2026-07-01T18:16:02.726485+00:00
ef02321f-ea50-462e-b432-c6a9f03f3225,2026-07-02T00:16:02.211315+00:00,6cc21095-86e9-426b-b5d2-120ad36c3e74,True,,57364,864c3b94-5360-43f4-a3b9-d81a269fa01f,purchase_ticket,2026-07-02T00:16:02.211315+00:00,2026-07-01T18:16:02.726485+00:00
ef02321f-ea50-462e-b432-c6a9f03f3225,2026-07-02T00:16:02.211315+00:00,b2e71cff-2260-4b74-8734-4501ad2f2ddd,True,,57365,d45ee5e2-bc9f-4e83-870b-1d191031eff3,purchase_ticket,2026-07-02T00:16:02.211315+00:00,2026-07-01T18:16:02.726485+00:00
ef02321f-ea50-462e-b432-c6a9f03f3225,2026-07-02T00:16:02.211315+00:00,2aabc44c-f699-48bb-b9a3-03c299350293,True,,57366,1aba242b-1645-4814-afd1-b6c67ca67452,purchase_ticket,2026-07-02T00:16:02.211315+00:00,2026-07-01T18:16:02.726485+00:00
ef02321f-ea50-462e-b432-c6a9f03f3225,2026-07-02T00:16:02.211315+00:00,b674bb70-5abb-4f68-a11c-a2e6f1e9520d,True,,57367,c12ba4d0-448c-40bd-b840-e20ded6226fe,purchase_ticket,2026-07-02T00:16:02.211315+00:00,2026-07-01T18:16:02.726485+00:00
ef02321f-ea50-462e-b432-c6a9f03f3225,2026-07-02T00:16:02.211315+00:00,eac796ad-09e0-4603-b3c2-431ffd5c3af5,True,,57368,62d22153-01b1-4626-8fc3-7ba09af556d6,purchase_ticket,2026-07-02T00:16:02.211315+00:00,2026-07-01T18:16:02.726485+00:00
ef02321f-ea50-462e-b432-c6a9f03f3225,2026-07-02T00:16:02.211315+00:00,9a12118b-2944-44ef-a6ec-1e81d7617b1c,True,,57369,a1bde2d4-34cd-4d3b-8e21-d776f08dd3fd,purchase_ticket,2026-07-02T00:16:02.211315+00:00,2026-07-01T18:16:02.726485+00:00
ef02321f-ea50-462e-b432-c6a9f03f3225,2026-07-02T00:16:02.211315+00:00,af524e0d-2045-430f-96ca-d9f7af5e92bc,True,,57370,b1b47a13-7f42-4178-9f4c-63db6eb84a81,purchase_ticket,2026-07-02T00:16:02.211315+00:00,2026-07-01T18:16:02.726485+00:00
ef02321f-ea50-462e-b432-c6a9f03f3225,2026-07-02T00:16:02.211315+00:00,336326b2-299e-4fed-a241-98f9677b03a8,True,,57371,c1ef51d8-2262-4fee-9efb-f6cb1dadfee0,purchase_ticket,2026-07-02T00:16:02.211315+00:00,2026-07-01T18:16:02.726485+00:00
ef02321f-ea50-462e-b432-c6a9f03f3225,2026-07-02T00:16:02.211315+00:00,e411c0d3-09aa-46bf-b436-b907bac78d83,True,,57374,6d7f4dc7-c47f-4900-bbf0-11d739cbf976,purchase_ticket,2026-07-02T00:16:02.211315+00:00,2026-07-01T18:16:02.727481+00:00
ef02321f-ea50-462e-b432-c6a9f03f3225,2026-07-02T00:16:02.211315+00:00,e139c6ad-067f-4337-b536-cc773532ec03,True,,82413,7b1ab433-d101-4cf2-8ec2-11ed4c523ecd,purchase_ticket,2026-07-02T00:16:02.211315+00:00,2026-07-01T18:16:02.727481+00:00
ef02321f-ea50-462e-b432-c6a9f03f3225,2026-07-02T00:16:02.211315+00:00,a5787273-f6aa-4874-a33e-05ba21ff7813,True,,82430,65d88677-21a8-41a7-bd68-446bf04a0ead,purchase_ticket,2026-07-02T00:16:02.211315+00:00,2026-07-01T18:16:02.727481+00:00
ef02321f-ea50-462e-b432-c6a9f03f3225,2026-07-02T00:16:02.211315+00:00,6dcbbe97-8454-4d31-9060-9da38b6b9323,True,,82455,801a72bf-8481-4e2c-9a68-c486b61649d6,purchase_ticket,2026-07-02T00:16:02.211315+00:00,2026-07-01T18:16:02.727481+00:00
ef02321f-ea50-462e-b432-c6a9f03f3225,2026-07-02T00:16:02.211315+00:00,ce73d678-1b68-44a4-ac4b-dd184135992c,True,,82495,b04b5872-b425-4c1c-bb7a-97088bb1bafa,purchase_ticket,2026-07-02T00:16:02.211315+00:00,2026-07-01T18:16:02.727481+00:00
ef02321f-ea50-462e-b432-c6a9f03f3225,2026-07-02T00:16:02.211315+00:00,3b273d16-af3c-49ef-b38a-e585ebb952ba,True,,82496-A,1b074c9b-9077-4a61-94f8-71940a90fb52,purchase_ticket,2026-07-02T00:16:02.211315+00:00,2026-07-01T18:16:02.727481+00:00
ef02321f-ea50-462e-b432-c6a9f03f3225,2026-07-02T00:16:02.211315+00:00,855c4d2c-a1cf-465a-8e7e-3fe29f2da220,True,,82496-B,2828cfe4-31a9-424a-a30c-e5c27f06e207,purchase_ticket,2026-07-02T00:16:02.211315+00:00,2026-07-01T18:16:02.727481+00:00
ef02321f-ea50-462e-b432-c6a9f03f3225,2026-07-02T00:16:02.211315+00:00,e8b59f57-0530-4c12-a881-2990d9feb920,True,,82498,00c6edfc-4963-4799-aab8-6b231ee4b016,purchase_ticket,2026-07-02T00:16:02.211315+00:00,2026-07-01T18:16:02.727481+00:00
ef02321f-ea50-462e-b432-c6a9f03f3225,2026-07-02T00:16:02.211315+00:00,95698257-b993-4b44-8dca-5d9988db15b9,True,,82499,63eaca6a-73ce-4ecf-a5e4-36b59e4dbb16,purchase_ticket,2026-07-02T00:16:02.211315+00:00,2026-07-01T18:16:02.727481+00:00
ef02321f-ea50-462e-b432-c6a9f03f3225,2026-07-02T00:16:02.211315+00:00,5b12a7bd-7d01-45a6-ad1f-0b66f7107f91,True,,82502,5df7f5ef-2dc9-4bab-bfcb-f52a2134fbc1,purchase_ticket,2026-07-02T00:16:02.211315+00:00,2026-07-01T18:16:02.727481+00:00
ef02321f-ea50-462e-b432-c6a9f03f3225,2026-07-02T00:16:02.211315+00:00,9715bbfd-3d96-44ca-9fed-3c6ac876561c,True,,82504,e8392f0d-6693-4c46-978c-f6827792c4fa,purchase_ticket,2026-07-02T00:16:02.211315+00:00,2026-07-01T18:16:02.727481+00:00
ef02321f-ea50-462e-b432-c6a9f03f3225,2026-07-02T00:16:02.211315+00:00,73762176-db53-45e6-beb6-8bb37e111f20,True,,82505,04358f40-b840-4dfb-9fe1-24b545a2435d,purchase_ticket,2026-07-02T00:16:02.211315+00:00,2026-07-01T18:16:02.727481+00:00
ef02321f-ea50-462e-b432-c6a9f03f3225,2026-07-02T00:16:02.211315+00:00,6d304d53-d1b2-4678-a9e3-cbc395d118c8,True,,82506,691ca20b-69d7-42a8-bf40-d74a3f4308cf,purchase_ticket,2026-07-02T00:16:02.211315+00:00,2026-07-01T18:16:02.727481+00:00
ef02321f-ea50-462e-b432-c6a9f03f3225,2026-07-02T00:16:02.211315+00:00,efc81bd8-9eaa-4e8f-bf77-6ec936d6f2ba,True,,82509,c8211c1d-808f-4ca5-ba87-c21f89c4df0e,purchase_ticket,2026-07-02T00:16:02.211315+00:00,2026-07-01T18:16:02.727481+00:00
ef02321f-ea50-462e-b432-c6a9f03f3225,2026-07-02T00:16:02.211315+00:00,21b23986-6fc0-4008-bfe7-8b1266b3a0a6,True,,82511,ccb14865-d637-4073-97fc-912f28507796,purchase_ticket,2026-07-02T00:16:02.211315+00:00,2026-07-01T18:16:02.727481+00:00
ef02321f-ea50-462e-b432-c6a9f03f3225,2026-07-02T00:16:02.211315+00:00,37f47f44-fb1d-482a-8db1-0da2c96b050e,True,,82513,c49e2427-6a60-48dd-875f-3b4437955bf0,purchase_ticket,2026-07-02T00:16:02.211315+00:00,2026-07-01T18:16:02.727481+00:00
ef02321f-ea50-462e-b432-c6a9f03f3225,2026-07-02T00:16:02.211315+00:00,62e27277-44e7-4319-b8d2-bba78b160905,True,,82514,effdecc6-5f48-43c3-842e-6be42ec05b51,purchase_ticket,2026-07-02T00:16:02.211315+00:00,2026-07-01T18:16:02.727481+00:00
ef02321f-ea50-462e-b432-c6a9f03f3225,2026-07-02T00:16:02.211315+00:00,36762acb-f1c8-44e0-9270-b5e701222c84,True,,82515,4bda2fc4-e217-4640-95da-3063fea5470d,purchase_ticket,2026-07-02T00:16:02.211315+00:00,2026-07-01T18:16:02.727481+00:00
ef02321f-ea50-462e-b432-c6a9f03f3225,2026-07-02T00:16:02.211315+00:00,bc0602bb-53cf-43a7-95e3-8a7b40ecc838,True,,82516,5a09637e-62e3-4470-a0c7-b9e8df404488,purchase_ticket,2026-07-02T00:16:02.211315+00:00,2026-07-01T18:16:02.727481+00:00
ef02321f-ea50-462e-b432-c6a9f03f3225,2026-07-02T00:16:02.211315+00:00,7aaff320-6023-4d79-986c-25b7781531d5,True,,82518-A,cc7a02b4-9bca-4491-8611-6d172907ef20,purchase_ticket,2026-07-02T00:16:02.211315+00:00,2026-07-01T18:16:02.727481+00:00
ef02321f-ea50-462e-b432-c6a9f03f3225,2026-07-02T00:16:02.211315+00:00,007ebece-31bb-4160-951b-4408860892a3,True,,82518-B,9faa3f79-b8c4-429d-a898-4ea7399c9997,purchase_ticket,2026-07-02T00:16:02.211315+00:00,2026-07-01T18:16:02.727481+00:00
ef02321f-ea50-462e-b432-c6a9f03f3225,2026-07-02T00:16:02.211315+00:00,7d53bc61-009c-41ec-98cd-6cb152c14923,True,,82519,78248dd1-28a3-49ad-8040-702c790aad0f,purchase_ticket,2026-07-02T00:16:02.211315+00:00,2026-07-01T18:16:02.727481+00:00
ef02321f-ea50-462e-b432-c6a9f03f3225,2026-07-02T00:16:02.211315+00:00,1610ecf1-6109-4d9f-9a40-b6e877e9d44a,True,,82521,a5afde62-d89d-4ed2-b9c0-0bffbddb19d3,purchase_ticket,2026-07-02T00:16:02.211315+00:00,2026-07-01T18:16:02.727481+00:00
ef02321f-ea50-462e-b432-c6a9f03f3225,2026-07-02T00:16:02.211315+00:00,4050344e-fbea-43b5-a7b3-58c815bd39b0,True,,82522-A,978185b9-aff4-41e3-b6c7-8142f7c04b25,purchase_ticket,2026-07-02T00:16:02.211315+00:00,2026-07-01T18:16:02.727481+00:00
ef02321f-ea50-462e-b432-c6a9f03f3225,2026-07-02T00:16:02.211315+00:00,60ffe8b0-c3e3-4476-adfe-9112f4ca12a4,True,,82522-B,171e0219-f849-40c1-851b-85da6c7fddfc,purchase_ticket,2026-07-02T00:16:02.211315+00:00,2026-07-01T18:16:02.727481+00:00
ef02321f-ea50-462e-b432-c6a9f03f3225,2026-07-02T00:16:02.211315+00:00,96265624-f263-43a7-8788-1fb8a5371975,True,,82523,c7187fff-cb8c-468e-b0ac-a5de9fd17b33,purchase_ticket,2026-07-02T00:16:02.211315+00:00,2026-07-01T18:16:02.727481+00:00
ef02321f-ea50-462e-b432-c6a9f03f3225,2026-07-02T00:16:02.211315+00:00,6262cd56-bb89-4501-a7bd-6be07d923119,True,,82526,a189f6ae-e508-4bf5-8b7f-d9f58843af5e,purchase_ticket,2026-07-02T00:16:02.211315+00:00,2026-07-01T18:16:02.727481+00:00
ef02321f-ea50-462e-b432-c6a9f03f3225,2026-07-02T00:16:02.211315+00:00,c1e21069-48f2-45ed-b8a3-d3d75c8e71c9,True,,82527,62d8d1fb-5816-4cdf-968b-d02a216ae617,purchase_ticket,2026-07-02T00:16:02.211315+00:00,2026-07-01T18:16:02.727481+00:00
ef02321f-ea50-462e-b432-c6a9f03f3225,2026-07-02T00:16:02.211315+00:00,c6db9401-303b-48b8-8aba-45551128c472,True,,82528,12edd3be-d27f-44fe-87d9-8d83f65c8bab,purchase_ticket,2026-07-02T00:16:02.211315+00:00,2026-07-01T18:16:02.727481+00:00
ef02321f-ea50-462e-b432-c6a9f03f3225,2026-07-02T00:16:02.211315+00:00,da1285ba-d195-4429-a0eb-3605195423f9,True,,82529,1c536cd9-aecf-461b-9a0e-4a71f04b3291,purchase_ticket,2026-07-02T00:16:02.211315+00:00,2026-07-01T18:16:02.727481+00:00
5f7baa3a-1933-4b4f-9da6-4a18284bded7,2026-07-07T00:19:11.169648+00:00,bacfbc16-db2a-4da1-bd23-4e9d35ff0905,True,,19297,d370bfdc-0765-4b4f-a62a-64c72b38b2e3,expense_voucher,2026-07-07T00:19:11.169648+00:00,2026-07-06T18:19:12.004451+00:00
5f7baa3a-1933-4b4f-9da6-4a18284bded7,2026-07-07T00:19:11.169648+00:00,69a3567d-93be-439d-ab3d-6ed3c00e33b8,True,,19298,b130af7e-e7b5-44e2-9d5e-ad337d664ec3,expense_voucher,2026-07-07T00:19:11.169648+00:00,2026-07-06T18:19:12.004451+00:00
5f7baa3a-1933-4b4f-9da6-4a18284bded7,2026-07-07T00:19:11.169648+00:00,a88ec727-4356-4ad9-a243-51bc74a1cc9f,True,,19300,66a72cc0-cd6a-45a3-850a-ddf7908631fa,expense_voucher,2026-07-07T00:19:11.169648+00:00,2026-07-06T18:19:12.004451+00:00
5f7baa3a-1933-4b4f-9da6-4a18284bded7,2026-07-07T00:19:11.169648+00:00,45a901f9-1013-4101-86d7-2d63e0f054b9,True,,19301,d4b2f989-3184-4dab-9de4-a42e32d5f096,expense_voucher,2026-07-07T00:19:11.169648+00:00,2026-07-06T18:19:12.004451+00:00
5f7baa3a-1933-4b4f-9da6-4a18284bded7,2026-07-07T00:19:11.169648+00:00,f1e30319-9abd-4fa6-b266-a286f42be3ee,True,,19302,e89c3e6a-0c50-4883-955e-eb968af3cd6e,expense_voucher,2026-07-07T00:19:11.169648+00:00,2026-07-06T18:19:12.004451+00:00
5f7baa3a-1933-4b4f-9da6-4a18284bded7,2026-07-07T00:19:11.169648+00:00,84ba3cfc-5985-4603-a5e6-300ae098bccb,True,,19304,c6d8e962-93b2-41bf-b3b5-634ea822d6e3,expense_voucher,2026-07-07T00:19:11.169648+00:00,2026-07-06T18:19:12.004451+00:00
5f7baa3a-1933-4b4f-9da6-4a18284bded7,2026-07-07T00:19:11.169648+00:00,def8c981-ccd7-4969-9e26-a2f766799955,True,,19305,84f02cf1-2355-4cc5-b6b8-95651d99b534,expense_voucher,2026-07-07T00:19:11.169648+00:00,2026-07-06T18:19:12.005444+00:00
5f7baa3a-1933-4b4f-9da6-4a18284bded7,2026-07-07T00:19:11.169648+00:00,bf09988a-e0ea-49c4-ad1e-a3a6b4f58433,True,,19306,33af4936-222b-4f50-b5df-c5b7d92381ab,expense_voucher,2026-07-07T00:19:11.169648+00:00,2026-07-06T18:19:12.005444+00:00
5f7baa3a-1933-4b4f-9da6-4a18284bded7,2026-07-07T00:19:11.169648+00:00,444ac535-9858-4911-9b8c-bea6fe5e337a,True,,19307,7d9475d4-5816-4700-945a-8ebe35f2f6d4,expense_voucher,2026-07-07T00:19:11.169648+00:00,2026-07-06T18:19:12.005444+00:00
5f7baa3a-1933-4b4f-9da6-4a18284bded7,2026-07-07T00:19:11.169648+00:00,eecb0476-bd06-4301-9bff-3061601db4c4,True,,19308,f4507494-5d13-4055-8c1a-f2e205b6ad60,expense_voucher,2026-07-07T00:19:11.169648+00:00,2026-07-06T18:19:12.005444+00:00
5f7baa3a-1933-4b4f-9da6-4a18284bded7,2026-07-07T00:19:11.169648+00:00,c0b0d308-326c-4388-9c12-e0c06b919e1d,True,,378,6ce3a754-7fab-4bd7-9bc4-f831f1e283f0,deposit_voucher,2026-07-07T00:19:11.169648+00:00,2026-07-06T18:19:12.005444+00:00
5f7baa3a-1933-4b4f-9da6-4a18284bded7,2026-07-07T00:19:11.169648+00:00,e38d0c81-b053-4b1d-863f-dfa7df026006,True,,379,c3a4f11e-8f63-4179-9422-7e06fe76b134,deposit_voucher,2026-07-07T00:19:11.169648+00:00,2026-07-06T18:19:12.005444+00:00
5f7baa3a-1933-4b4f-9da6-4a18284bded7,2026-07-07T00:19:11.169648+00:00,91b29842-60eb-47c3-b852-2566da421dd4,True,,380,76bcb49b-7e10-4ab7-8f26-88ac378b286f,deposit_voucher,2026-07-07T00:19:11.169648+00:00,2026-07-06T18:19:12.005444+00:00
5f7baa3a-1933-4b4f-9da6-4a18284bded7,2026-07-07T00:19:11.169648+00:00,cac3a131-ac46-42b0-be8c-7441508ad7f1,True,,381,0478f6a6-99bf-4565-b855-849fb123975b,deposit_voucher,2026-07-07T00:19:11.169648+00:00,2026-07-06T18:19:12.005444+00:00
5f7baa3a-1933-4b4f-9da6-4a18284bded7,2026-07-07T00:19:11.169648+00:00,0385a21c-82b4-44fb-83bd-d25a52250e71,True,,382,be0b4178-0319-45a9-a69a-b713a8c79036,deposit_voucher,2026-07-07T00:19:11.169648+00:00,2026-07-06T18:19:12.005444+00:00
5f7baa3a-1933-4b4f-9da6-4a18284bded7,2026-07-07T00:19:11.169648+00:00,4809b6da-a16f-4caa-8820-81c1b8a0d921,True,,383,4a7d59df-641c-47e9-8b93-6445b4524131,deposit_voucher,2026-07-07T00:19:11.169648+00:00,2026-07-06T18:19:12.005444+00:00
5f7baa3a-1933-4b4f-9da6-4a18284bded7,2026-07-07T00:19:11.169648+00:00,928b3451-e77b-4805-8a04-353da7e80c59,True,,384,205f99e5-c0a3-49e4-8e85-fd49d3acd9a3,deposit_voucher,2026-07-07T00:19:11.169648+00:00,2026-07-06T18:19:12.005444+00:00
e1bbc6b3-badf-453c-80aa-87281dfb549a,2026-06-25T00:00:48.68352+00:00,38af65cf-4433-4f42-b3d7-90287870893b,True,COMPROBAR,19181,f4c9d5ad-6a73-4f4a-b5b9-e2774b3b9197,expense_voucher,2026-07-02T14:11:14.996132+00:00,2026-07-02T08:11:15.505512+00:00
fb340114-8fad-4c30-9b0d-15f8e8e953ff,2026-06-29T23:56:45.457948+00:00,54518558-8591-4dde-85ac-cb6d07faa25b,True,comprobar,19231,d937a706-ba85-4ddd-8b0c-d2cdd7a5f8c7,expense_voucher,2026-07-02T14:11:14.996132+00:00,2026-07-02T08:11:15.505512+00:00
fb340114-8fad-4c30-9b0d-15f8e8e953ff,2026-06-29T23:56:45.457948+00:00,663afcf5-24e5-483e-b373-49f44d91ce7c,True,comprobar,424,6e30adf7-84d9-47a3-993b-507468b8f6ae,sale_ticket,2026-07-02T14:11:14.996132+00:00,2026-07-02T08:11:15.505512+00:00
fb340114-8fad-4c30-9b0d-15f8e8e953ff,2026-06-29T23:56:45.457948+00:00,8f5791d6-0639-4455-9943-5f49a31ab35b,True,comprobar,82176,966708b0-14a3-49bd-acbe-6799514f05dd,purchase_ticket,2026-07-02T14:11:14.996132+00:00,2026-07-02T08:11:15.505512+00:00
2909e259-5fa7-4bff-86e7-d7691b5b46bc,2026-06-24T14:40:23.74927+00:00,7d3bfe8f-bdfc-400f-9076-194f4ba6e88a,True,comprobar,19161,178fb544-a6ea-45dd-8613-6efa827ee420,expense_voucher,2026-07-02T14:11:14.996132+00:00,2026-07-02T08:11:15.505512+00:00
d3b8af80-355f-4e95-b66a-40f0575633ef,2026-06-29T18:04:54.15327+00:00,c33afe19-5efe-4bf3-8098-77e07814bd97,True,PENDIENTE,82338,e4cc32e2-d0bc-442c-b955-27826ca4b8df,purchase_ticket,2026-07-02T14:11:14.996132+00:00,2026-07-02T08:11:15.505512+00:00
d3b8af80-355f-4e95-b66a-40f0575633ef,2026-06-29T18:04:54.15327+00:00,1cac4320-278a-408b-bc7e-1b1b75736f94,True,COMPROBAR,406,656ea32d-d092-43a3-ae97-8704deb99c8a,purchase_ticket,2026-07-02T14:11:14.996132+00:00,2026-07-02T08:11:15.505512+00:00
5f7baa3a-1933-4b4f-9da6-4a18284bded7,2026-07-07T00:19:11.169648+00:00,cc22dd0c-335a-462f-ab17-7c9382c3dd7a,True,,46522,8305c842-2c48-47e4-a101-6caff59d6318,sale_ticket,2026-07-07T00:19:11.169648+00:00,2026-07-06T18:19:12.005444+00:00
5f7baa3a-1933-4b4f-9da6-4a18284bded7,2026-07-07T00:19:11.169648+00:00,949c151d-7b66-476f-9fe0-8758386d3238,True,,82894,e212001f-35a3-4c2e-bcb3-b366457ab876,sale_ticket,2026-07-07T00:19:11.169648+00:00,2026-07-06T18:19:12.005444+00:00
5f7baa3a-1933-4b4f-9da6-4a18284bded7,2026-07-07T00:19:11.169648+00:00,12e988f6-0b3a-4f93-affb-c853aa7a7463,True,,56899,63ea1a47-7241-4cc6-982a-eedbc800a8a4,purchase_ticket,2026-07-07T00:19:11.169648+00:00,2026-07-06T18:19:12.005444+00:00
5f7baa3a-1933-4b4f-9da6-4a18284bded7,2026-07-07T00:19:11.169648+00:00,4cd43b25-1095-411f-9439-bc3f992a144e,True,,57429,387260f5-be9e-4587-9321-d4ec2c84e707,purchase_ticket,2026-07-07T00:19:11.169648+00:00,2026-07-06T18:19:12.005444+00:00
5f7baa3a-1933-4b4f-9da6-4a18284bded7,2026-07-07T00:19:11.169648+00:00,d9e16634-9261-4fa0-8601-31ea2c53e880,True,,57431,b92a312b-c576-4330-96d6-43f4d3c2b5af,purchase_ticket,2026-07-07T00:19:11.169648+00:00,2026-07-06T18:19:12.005444+00:00
5f7baa3a-1933-4b4f-9da6-4a18284bded7,2026-07-07T00:19:11.169648+00:00,e27e0c72-ad40-4d3f-ace6-4b88d4eff6d5,True,,57432,6ad24d65-5ffb-475a-ae32-8bfe5cc7cdc7,purchase_ticket,2026-07-07T00:19:11.169648+00:00,2026-07-06T18:19:12.005444+00:00
5f7baa3a-1933-4b4f-9da6-4a18284bded7,2026-07-07T00:19:11.169648+00:00,e4be2d4f-20db-4ad9-9f3f-370bed9cefd0,True,,57433,f2471b8f-05f4-4ac0-a604-d671f1e8f5df,purchase_ticket,2026-07-07T00:19:11.169648+00:00,2026-07-06T18:19:12.005444+00:00
5f7baa3a-1933-4b4f-9da6-4a18284bded7,2026-07-07T00:19:11.169648+00:00,eed1c491-2596-4df3-a8bf-784c416d55a4,True,,57434,7624fa70-a07b-4b6d-9ac9-a8c24ad76818,purchase_ticket,2026-07-07T00:19:11.169648+00:00,2026-07-06T18:19:12.005444+00:00
5f7baa3a-1933-4b4f-9da6-4a18284bded7,2026-07-07T00:19:11.169648+00:00,031b2fef-0fbb-4758-b77d-28e447d28c76,True,,57435,bda2feef-62e5-4661-8abf-aeb3c8ebeb24,purchase_ticket,2026-07-07T00:19:11.169648+00:00,2026-07-06T18:19:12.005444+00:00
5f7baa3a-1933-4b4f-9da6-4a18284bded7,2026-07-07T00:19:11.169648+00:00,78febca6-4afa-4c06-84d0-d3db7e4ebe35,True,,57436,fd045cb1-8b9e-43cf-976f-8409a9f16551,purchase_ticket,2026-07-07T00:19:11.169648+00:00,2026-07-06T18:19:12.005444+00:00
5f7baa3a-1933-4b4f-9da6-4a18284bded7,2026-07-07T00:19:11.169648+00:00,d874e8d6-07a6-43f3-92b7-ab5dafa43178,True,,57437,f736b93e-91e4-421b-818c-6a3e777b3cb4,purchase_ticket,2026-07-07T00:19:11.169648+00:00,2026-07-06T18:19:12.005444+00:00
5f7baa3a-1933-4b4f-9da6-4a18284bded7,2026-07-07T00:19:11.169648+00:00,c818168e-83a2-4101-850e-1752d71cec91,True,,57438,9557f128-d4a4-44de-b0c0-c5f0a9523c3b,purchase_ticket,2026-07-07T00:19:11.169648+00:00,2026-07-06T18:19:12.005444+00:00
5f7baa3a-1933-4b4f-9da6-4a18284bded7,2026-07-07T00:19:11.169648+00:00,eb99a59c-029a-4f74-b888-8c74c82542ec,True,,57439,fdde8544-be14-46f8-ac56-609945dd6b85,purchase_ticket,2026-07-07T00:19:11.169648+00:00,2026-07-06T18:19:12.005444+00:00
5f7baa3a-1933-4b4f-9da6-4a18284bded7,2026-07-07T00:19:11.169648+00:00,8b3a5f02-59a5-4910-bc04-b88cffb6cdea,True,,57440,f218b583-acdc-4937-9250-9aea39472131,purchase_ticket,2026-07-07T00:19:11.169648+00:00,2026-07-06T18:19:12.005444+00:00
5f7baa3a-1933-4b4f-9da6-4a18284bded7,2026-07-07T00:19:11.169648+00:00,cb6019b1-d68c-4cda-a77c-e8190745b409,True,,57441,cedfb79c-d518-4f54-b3e1-d3986aa5f194,purchase_ticket,2026-07-07T00:19:11.169648+00:00,2026-07-06T18:19:12.005444+00:00
5f7baa3a-1933-4b4f-9da6-4a18284bded7,2026-07-07T00:19:11.169648+00:00,5d829b74-4b2b-4077-ac25-a74d295aaef1,True,,57442,059d724a-b865-4436-ae93-ee1c0b5971a3,purchase_ticket,2026-07-07T00:19:11.169648+00:00,2026-07-06T18:19:12.005444+00:00
5f7baa3a-1933-4b4f-9da6-4a18284bded7,2026-07-07T00:19:11.169648+00:00,f3dba7aa-9d64-490c-ab6c-4b457f988b3c,True,,57443,b415bf9b-d7bc-49c0-b42b-2e387b7caa4f,purchase_ticket,2026-07-07T00:19:11.169648+00:00,2026-07-06T18:19:12.005444+00:00
5f7baa3a-1933-4b4f-9da6-4a18284bded7,2026-07-07T00:19:11.169648+00:00,fc2883d1-5890-45a5-ac2c-bc7af109e256,True,,57444,ac6c0c26-1d88-41b5-a561-13c28a87a0a9,purchase_ticket,2026-07-07T00:19:11.169648+00:00,2026-07-06T18:19:12.005444+00:00
5f7baa3a-1933-4b4f-9da6-4a18284bded7,2026-07-07T00:19:11.169648+00:00,3920dabe-5895-438b-b492-5dbcbdca5cd0,True,,57445,732a6455-1ce3-40a6-8cb4-5b004e1f14dc,purchase_ticket,2026-07-07T00:19:11.169648+00:00,2026-07-06T18:19:12.005444+00:00
5f7baa3a-1933-4b4f-9da6-4a18284bded7,2026-07-07T00:19:11.169648+00:00,898edbb1-f0eb-4c51-80e7-388a515d84e9,True,,57446,1611f1bb-9ecb-4564-b078-2d5d9744131f,purchase_ticket,2026-07-07T00:19:11.169648+00:00,2026-07-06T18:19:12.005444+00:00
5f7baa3a-1933-4b4f-9da6-4a18284bded7,2026-07-07T00:19:11.169648+00:00,092fbe8d-e989-4805-a124-1b10c6394f77,True,,57447,16cda425-b891-427a-ae43-dcc28484b7e6,purchase_ticket,2026-07-07T00:19:11.169648+00:00,2026-07-06T18:19:12.00644+00:00
5f7baa3a-1933-4b4f-9da6-4a18284bded7,2026-07-07T00:19:11.169648+00:00,64866d39-e97e-4631-b797-8e3f3051f2e0,True,,57449,3961dfc2-ce74-4987-87b1-6bc269af5a26,purchase_ticket,2026-07-07T00:19:11.169648+00:00,2026-07-06T18:19:12.00644+00:00
5f7baa3a-1933-4b4f-9da6-4a18284bded7,2026-07-07T00:19:11.169648+00:00,9b615a97-f85a-407a-9b02-88e74653d174,True,,57450,68a84bdc-8cf9-4019-903a-1b6fd8b0626a,purchase_ticket,2026-07-07T00:19:11.169648+00:00,2026-07-06T18:19:12.00644+00:00
5f7baa3a-1933-4b4f-9da6-4a18284bded7,2026-07-07T00:19:11.169648+00:00,90b41edd-0662-4a07-88cb-38e9c8a4c4a0,True,,57451,71927204-35d6-49ab-b5f9-de9914ccc3fb,purchase_ticket,2026-07-07T00:19:11.169648+00:00,2026-07-06T18:19:12.00644+00:00
5f7baa3a-1933-4b4f-9da6-4a18284bded7,2026-07-07T00:19:11.169648+00:00,0feeb47c-4943-4b32-b14f-4f39266732eb,True,,57452,5338498a-1eed-455e-970b-7a25f18823ce,purchase_ticket,2026-07-07T00:19:11.169648+00:00,2026-07-06T18:19:12.00644+00:00
5f7baa3a-1933-4b4f-9da6-4a18284bded7,2026-07-07T00:19:11.169648+00:00,9646f74b-c380-4c90-9442-b020c5155533,True,,57453,5d3255e2-092e-4603-9640-33aae0c2157c,purchase_ticket,2026-07-07T00:19:11.169648+00:00,2026-07-06T18:19:12.00644+00:00
5f7baa3a-1933-4b4f-9da6-4a18284bded7,2026-07-07T00:19:11.169648+00:00,40b2d1fe-6fd3-4c47-a47d-8929ed271b4a,True,,57454,3298030a-b8b1-480b-8f4b-ac14f04b7c4e,purchase_ticket,2026-07-07T00:19:11.169648+00:00,2026-07-06T18:19:12.00644+00:00
5f7baa3a-1933-4b4f-9da6-4a18284bded7,2026-07-07T00:19:11.169648+00:00,18f3b94d-1ca1-497d-a681-73fc13d51860,True,,57455,a6b0402f-2745-447c-9e3a-bc662a4855cf,purchase_ticket,2026-07-07T00:19:11.169648+00:00,2026-07-06T18:19:12.00644+00:00
5f7baa3a-1933-4b4f-9da6-4a18284bded7,2026-07-07T00:19:11.169648+00:00,32b61369-434d-4b91-b68f-221f50fac91f,True,,57456,0339d4fe-4c4c-49a9-be10-b6946c074716,purchase_ticket,2026-07-07T00:19:11.169648+00:00,2026-07-06T18:19:12.00644+00:00
5f7baa3a-1933-4b4f-9da6-4a18284bded7,2026-07-07T00:19:11.169648+00:00,173211a2-35c4-4ce4-b22a-593151672bcb,True,,57457,956e84e1-9d3d-48bc-94a4-4f211dc088a6,purchase_ticket,2026-07-07T00:19:11.169648+00:00,2026-07-06T18:19:12.00644+00:00
5f7baa3a-1933-4b4f-9da6-4a18284bded7,2026-07-07T00:19:11.169648+00:00,678c1dac-84f7-4e10-bc2e-b3cb51c3bbae,True,,57458,7a0a72dc-36a4-4584-8ba6-93ca031927c7,purchase_ticket,2026-07-07T00:19:11.169648+00:00,2026-07-06T18:19:12.00644+00:00
5f7baa3a-1933-4b4f-9da6-4a18284bded7,2026-07-07T00:19:11.169648+00:00,dcc0e3e4-887e-4b78-a99b-e306d25fb5ad,True,,57459,4e8434a0-f1a4-45af-98a3-1a5ddd276a07,purchase_ticket,2026-07-07T00:19:11.169648+00:00,2026-07-06T18:19:12.00644+00:00
5f7baa3a-1933-4b4f-9da6-4a18284bded7,2026-07-07T00:19:11.169648+00:00,2ab3ac70-7320-4023-aca1-b83a4817526c,True,,57460,40b88def-7f90-4bb2-a32c-a9bd579b248e,purchase_ticket,2026-07-07T00:19:11.169648+00:00,2026-07-06T18:19:12.00644+00:00
5f7baa3a-1933-4b4f-9da6-4a18284bded7,2026-07-07T00:19:11.169648+00:00,93fd1083-6b6f-43cf-b774-eecdbca3d626,True,,57461,dc7df706-0c40-4afe-bcc6-9f37e3bd50c4,purchase_ticket,2026-07-07T00:19:11.169648+00:00,2026-07-06T18:19:12.00644+00:00
5f7baa3a-1933-4b4f-9da6-4a18284bded7,2026-07-07T00:19:11.169648+00:00,a9f8f1d4-53b9-4abb-97fb-389ee6f9f1f9,True,,57462,85aa8800-06dd-4243-947d-fffa45ed7ffd,purchase_ticket,2026-07-07T00:19:11.169648+00:00,2026-07-06T18:19:12.00644+00:00
5f7baa3a-1933-4b4f-9da6-4a18284bded7,2026-07-07T00:19:11.169648+00:00,1b43acf3-698d-4051-8470-451570299105,True,,80503,073cb46a-ca89-4324-ba0b-083e8397ffdd,purchase_ticket,2026-07-07T00:19:11.169648+00:00,2026-07-06T18:19:12.00644+00:00
5f7baa3a-1933-4b4f-9da6-4a18284bded7,2026-07-07T00:19:11.169648+00:00,ab216706-e9db-4779-b474-aea67132dc9c,True,,81189,4245be9a-45c4-4f83-a9e6-a9906bb1984e,purchase_ticket,2026-07-07T00:19:11.169648+00:00,2026-07-06T18:19:12.00644+00:00
5f7baa3a-1933-4b4f-9da6-4a18284bded7,2026-07-07T00:19:11.169648+00:00,22d70da8-3dbb-4f2a-baf6-d4e74beb94af,True,,81490,0bc458c7-409d-4baf-b937-f8603fe1d579,purchase_ticket,2026-07-07T00:19:11.169648+00:00,2026-07-06T18:19:12.00644+00:00
5f7baa3a-1933-4b4f-9da6-4a18284bded7,2026-07-07T00:19:11.169648+00:00,cf7a5d54-221f-46c0-8c78-a20b0ab0e7e1,True,,82345,69866aa7-2bcf-4bf8-8420-4174df6f4f42,purchase_ticket,2026-07-07T00:19:11.169648+00:00,2026-07-06T18:19:12.00644+00:00
5f7baa3a-1933-4b4f-9da6-4a18284bded7,2026-07-07T00:19:11.169648+00:00,d8c54d02-4e5c-4d2b-875e-5e880ba3dca4,True,,82351,7352a496-2855-4ed2-81e6-4a5baf1d17c9,purchase_ticket,2026-07-07T00:19:11.169648+00:00,2026-07-06T18:19:12.00644+00:00
5f7baa3a-1933-4b4f-9da6-4a18284bded7,2026-07-07T00:19:11.169648+00:00,bdc5247b-e1aa-4187-badb-95888d38b0d1,True,,82357,6e4995f1-e9f9-4151-ac32-462e847146e3,purchase_ticket,2026-07-07T00:19:11.169648+00:00,2026-07-06T18:19:12.00644+00:00
5f7baa3a-1933-4b4f-9da6-4a18284bded7,2026-07-07T00:19:11.169648+00:00,cd2c07b6-0464-4ed7-94fa-f7714762ab94,True,,82387,3b0babaa-bbfc-491d-ad4a-c2bf85fa6daf,purchase_ticket,2026-07-07T00:19:11.169648+00:00,2026-07-06T18:19:12.00644+00:00
5f7baa3a-1933-4b4f-9da6-4a18284bded7,2026-07-07T00:19:11.169648+00:00,ddcd9e38-0100-4bc1-9d18-92b73711e5a7,True,,82493,b3cb6adc-81f1-4d70-908c-f0af949ed9d5,purchase_ticket,2026-07-07T00:19:11.169648+00:00,2026-07-06T18:19:12.00644+00:00
5f7baa3a-1933-4b4f-9da6-4a18284bded7,2026-07-07T00:19:11.169648+00:00,21a3c2a4-f009-479c-bb41-9c7fcd4c0c31,True,,82517,63c3f3ac-7283-47e9-80fb-414f83e5b995,purchase_ticket,2026-07-07T00:19:11.169648+00:00,2026-07-06T18:19:12.00644+00:00
5f7baa3a-1933-4b4f-9da6-4a18284bded7,2026-07-07T00:19:11.169648+00:00,aad16bee-c76c-41bc-8562-b5b2047774d1,True,,82530,d1d9da09-c4c1-4915-a5ec-2dd286f39210,purchase_ticket,2026-07-07T00:19:11.169648+00:00,2026-07-06T18:19:12.00644+00:00
5f7baa3a-1933-4b4f-9da6-4a18284bded7,2026-07-07T00:19:11.169648+00:00,8911c4a6-8ca5-4033-80d2-feb72d2c9703,True,,82555,fae04dcf-5f1e-4c3a-9a5a-03643280617b,purchase_ticket,2026-07-07T00:19:11.169648+00:00,2026-07-06T18:19:12.00644+00:00
5f7baa3a-1933-4b4f-9da6-4a18284bded7,2026-07-07T00:19:11.169648+00:00,93be656a-1bc1-41d9-876e-d8272e4cafa0,True,,82595,fb0ee99a-fb88-44d7-b964-4b07c093372e,purchase_ticket,2026-07-07T00:19:11.169648+00:00,2026-07-06T18:19:12.00644+00:00
5f7baa3a-1933-4b4f-9da6-4a18284bded7,2026-07-07T00:19:11.169648+00:00,74dd7080-59f4-4bba-bb6a-089c8c1476c4,True,,82604,8114f3a7-632f-4b92-8ee5-a8f9fc7e374f,purchase_ticket,2026-07-07T00:19:11.169648+00:00,2026-07-06T18:19:12.00644+00:00
5f7baa3a-1933-4b4f-9da6-4a18284bded7,2026-07-07T00:19:11.169648+00:00,de5324c4-4988-4b75-a592-601826fe8c25,True,,82606,ef135fa5-7b98-4399-adee-dd68e0089e41,purchase_ticket,2026-07-07T00:19:11.169648+00:00,2026-07-06T18:19:12.00644+00:00
5f7baa3a-1933-4b4f-9da6-4a18284bded7,2026-07-07T00:19:11.169648+00:00,1a67cd10-72a9-426e-aef4-44343a841a88,True,,82607,6496687f-dc25-43ef-90fc-13b022d56cf0,purchase_ticket,2026-07-07T00:19:11.169648+00:00,2026-07-06T18:19:12.00644+00:00
5f7baa3a-1933-4b4f-9da6-4a18284bded7,2026-07-07T00:19:11.169648+00:00,2d3fddcb-74a3-42a4-babc-e64516613bee,True,,82608,67797d16-23e5-4dd0-842a-b31d529901b9,purchase_ticket,2026-07-07T00:19:11.169648+00:00,2026-07-06T18:19:12.00644+00:00
5f7baa3a-1933-4b4f-9da6-4a18284bded7,2026-07-07T00:19:11.169648+00:00,07633fd9-0cfe-4436-99c7-2db0a7f9038a,True,,82614,2eceaa28-421f-49d2-91cf-b18d480c82d9,purchase_ticket,2026-07-07T00:19:11.169648+00:00,2026-07-06T18:19:12.00644+00:00
5f7baa3a-1933-4b4f-9da6-4a18284bded7,2026-07-07T00:19:11.169648+00:00,deb75796-76b5-4d73-8fd1-4153bfc599b6,True,,82615,e5b79b4d-2369-4604-a6ec-8f9e5b51f4c3,purchase_ticket,2026-07-07T00:19:11.169648+00:00,2026-07-06T18:19:12.00644+00:00
5f7baa3a-1933-4b4f-9da6-4a18284bded7,2026-07-07T00:19:11.169648+00:00,5bb928a7-d36e-4976-b0e1-4c571f717793,True,,82616,380d93d6-bf6a-45e6-9382-df7e25539645,purchase_ticket,2026-07-07T00:19:11.169648+00:00,2026-07-06T18:19:12.00644+00:00
5f7baa3a-1933-4b4f-9da6-4a18284bded7,2026-07-07T00:19:11.169648+00:00,a8de3516-9e26-43d6-9deb-cf68d49fb718,True,,82617,80cadfc2-db0f-443e-b5d3-7450a1b56e00,purchase_ticket,2026-07-07T00:19:11.169648+00:00,2026-07-06T18:19:12.00644+00:00
5f7baa3a-1933-4b4f-9da6-4a18284bded7,2026-07-07T00:19:11.169648+00:00,61109ccb-8a4b-4f8e-b9b0-1cf6b611dc29,True,,82618,2238bc65-2a39-4b5f-9179-7255c2981527,purchase_ticket,2026-07-07T00:19:11.169648+00:00,2026-07-06T18:19:12.00644+00:00
5f7baa3a-1933-4b4f-9da6-4a18284bded7,2026-07-07T00:19:11.169648+00:00,cc0e535e-df4b-4e80-ad7e-488b9bcf7d8a,True,,82623,283cfad0-a1a6-4798-8456-6c354d71a223,purchase_ticket,2026-07-07T00:19:11.169648+00:00,2026-07-06T18:19:12.00644+00:00
5f7baa3a-1933-4b4f-9da6-4a18284bded7,2026-07-07T00:19:11.169648+00:00,1758d6bc-818c-4d10-a18b-1565245a30ab,True,,82624,a4696827-100a-4480-b01f-1a93f1ed8418,purchase_ticket,2026-07-07T00:19:11.169648+00:00,2026-07-06T18:19:12.00644+00:00
5f7baa3a-1933-4b4f-9da6-4a18284bded7,2026-07-07T00:19:11.169648+00:00,768a3440-65b6-422d-9963-81dc87542346,True,,82625,ba3fe056-e4db-4d1e-9581-7173e795b73e,purchase_ticket,2026-07-07T00:19:11.169648+00:00,2026-07-06T18:19:12.00644+00:00
5f7baa3a-1933-4b4f-9da6-4a18284bded7,2026-07-07T00:19:11.169648+00:00,faec0df6-e4de-4606-bb03-7f520a3e1e85,True,,82626-A,c81daa5a-adc1-4460-9a06-ef155958aa2c,purchase_ticket,2026-07-07T00:19:11.169648+00:00,2026-07-06T18:19:12.00644+00:00
5f7baa3a-1933-4b4f-9da6-4a18284bded7,2026-07-07T00:19:11.169648+00:00,ae4d679c-ae94-4b3a-843d-61fdc0a07389,True,,82626-B,d54b5a5b-e085-4504-b736-93f3d7a5e878,purchase_ticket,2026-07-07T00:19:11.169648+00:00,2026-07-06T18:19:12.007437+00:00
5f7baa3a-1933-4b4f-9da6-4a18284bded7,2026-07-07T00:19:11.169648+00:00,4b616867-e68a-4e31-a5d9-328074b2017c,True,,82633-A,3a1bf17f-02e3-43a8-a14d-449afa9627fa,purchase_ticket,2026-07-07T00:19:11.169648+00:00,2026-07-06T18:19:12.007437+00:00
5f7baa3a-1933-4b4f-9da6-4a18284bded7,2026-07-07T00:19:11.169648+00:00,5f14dc32-f882-4f9a-ae67-12c5656b76b5,True,,82633-B,549dfedd-7c24-4824-9f6a-c6824d95398f,purchase_ticket,2026-07-07T00:19:11.169648+00:00,2026-07-06T18:19:12.007437+00:00
5f7baa3a-1933-4b4f-9da6-4a18284bded7,2026-07-07T00:19:11.169648+00:00,0075ea4d-7f17-4268-b473-0569c6e74dfa,True,,82634,aa5c4d06-a8ce-45ed-a5bd-146fb27470e6,purchase_ticket,2026-07-07T00:19:11.169648+00:00,2026-07-06T18:19:12.007437+00:00
5f7baa3a-1933-4b4f-9da6-4a18284bded7,2026-07-07T00:19:11.169648+00:00,284870f9-509b-45d8-ae61-76ba18bc8b67,True,,82635,8d1214b2-5571-4b0b-adf0-9c3cfe44b79c,purchase_ticket,2026-07-07T00:19:11.169648+00:00,2026-07-06T18:19:12.007437+00:00
5f7baa3a-1933-4b4f-9da6-4a18284bded7,2026-07-07T00:19:11.169648+00:00,6f1dccde-1be4-475d-877b-271a6f39b346,True,,82637,f2d97ffe-b735-4ac7-8589-e70f9fb542d3,purchase_ticket,2026-07-07T00:19:11.169648+00:00,2026-07-06T18:19:12.007437+00:00
29afde5d-2255-4158-a91b-30d6bd0fb95e,2026-07-07T23:53:35.635349+00:00,23773fd1-643f-4c10-9318-2931884f4614,True,,82662,5222fec8-b5d0-4059-a816-86de6e9fd5b1,purchase_ticket,2026-07-07T23:53:35.635349+00:00,2026-07-07T17:53:35.851268+00:00
29afde5d-2255-4158-a91b-30d6bd0fb95e,2026-07-07T23:53:35.635349+00:00,aa02178b-6d98-4f8d-920b-d707066b74a9,True,,82663,e2264c8d-d72d-4692-bf0b-1816789ab5ca,purchase_ticket,2026-07-07T23:53:35.635349+00:00,2026-07-07T17:53:35.851268+00:00
29afde5d-2255-4158-a91b-30d6bd0fb95e,2026-07-07T23:53:35.635349+00:00,9520de8b-4c95-450f-a588-0ce0be4c6521,True,,82664,70a32b19-fb28-4acb-9cbb-3608f9b7a115,purchase_ticket,2026-07-07T23:53:35.635349+00:00,2026-07-07T17:53:35.851268+00:00
29afde5d-2255-4158-a91b-30d6bd0fb95e,2026-07-07T23:53:35.635349+00:00,a571aab7-6421-401f-aad7-44bc7de6b2d7,True,,82666,1da44dd7-d200-4e08-a811-3e59365c5844,purchase_ticket,2026-07-07T23:53:35.635349+00:00,2026-07-07T17:53:35.851268+00:00
29afde5d-2255-4158-a91b-30d6bd0fb95e,2026-07-07T23:53:35.635349+00:00,1d495c87-87e9-4f9f-b102-f189e4382304,True,,82667,786f6a73-7458-4e0f-ad4b-67ecf45245d0,purchase_ticket,2026-07-07T23:53:35.635349+00:00,2026-07-07T17:53:35.851268+00:00
29afde5d-2255-4158-a91b-30d6bd0fb95e,2026-07-07T23:53:35.635349+00:00,c1b4cc72-3a5a-4ce2-8b06-e53434e9e2c7,True,,82668,535a4549-f572-43a7-b98e-8f4469dea1a7,purchase_ticket,2026-07-07T23:53:35.635349+00:00,2026-07-07T17:53:35.851268+00:00
29afde5d-2255-4158-a91b-30d6bd0fb95e,2026-07-07T23:53:35.635349+00:00,fc44e206-684b-4a97-940a-e7f662775f35,True,,82669,729e3a4c-d79f-4c50-9c2c-ebbbbb6920f3,purchase_ticket,2026-07-07T23:53:35.635349+00:00,2026-07-07T17:53:35.851268+00:00
8a39b686-ecf6-4863-8dba-6b88e9cb1373,2026-07-03T00:08:49.431784+00:00,ed50ddcc-0276-4f96-9094-c73d5a0f668f,True,,367,96102739-3bc5-41d5-acfb-5a502a133a38,deposit_voucher,2026-07-03T00:08:49.431784+00:00,2026-07-02T18:08:50.666141+00:00
8a39b686-ecf6-4863-8dba-6b88e9cb1373,2026-07-03T00:08:49.431784+00:00,3c2b78b9-057d-4014-8f19-fab9c6e1208b,True,,368,01a74950-1193-46f2-aa63-246d5454c72c,deposit_voucher,2026-07-03T00:08:49.431784+00:00,2026-07-02T18:08:50.666141+00:00
8a39b686-ecf6-4863-8dba-6b88e9cb1373,2026-07-03T00:08:49.431784+00:00,0cf24465-b1ba-44ec-a4a9-1c8484b2766c,True,,369,e021c783-b2ff-4550-a4f2-86785e7ee9c5,deposit_voucher,2026-07-03T00:08:49.431784+00:00,2026-07-02T18:08:50.666141+00:00
8a39b686-ecf6-4863-8dba-6b88e9cb1373,2026-07-03T00:08:49.431784+00:00,0542d46c-c6b8-4f85-b46a-66ab91f19ca5,True,,370,cf732e50-60f4-42e5-bde7-2a1ff6d08fac,deposit_voucher,2026-07-03T00:08:49.431784+00:00,2026-07-02T18:08:50.666141+00:00
8a39b686-ecf6-4863-8dba-6b88e9cb1373,2026-07-03T00:08:49.431784+00:00,d8490df4-47c7-4e1f-9a4d-1c08f45df844,True,,371,709442ba-ac63-4b50-bb6f-06a7e5a78671,deposit_voucher,2026-07-03T00:08:49.431784+00:00,2026-07-02T18:08:50.666141+00:00
8a39b686-ecf6-4863-8dba-6b88e9cb1373,2026-07-03T00:08:49.431784+00:00,cb56563b-7553-430d-8826-5b58e56d6090,True,,372,5613d571-107f-4733-b957-6b641abb8989,deposit_voucher,2026-07-03T00:08:49.431784+00:00,2026-07-02T18:08:50.666141+00:00
8a39b686-ecf6-4863-8dba-6b88e9cb1373,2026-07-03T00:08:49.431784+00:00,e3cd28c7-4f3d-472c-8e99-9541fa8d08f7,True,,19181,f4c9d5ad-6a73-4f4a-b5b9-e2774b3b9197,expense_voucher,2026-07-03T00:08:49.431784+00:00,2026-07-02T18:08:50.666141+00:00
8a39b686-ecf6-4863-8dba-6b88e9cb1373,2026-07-03T00:08:49.431784+00:00,afcb3d3d-f502-4e0d-9436-470539e1e8ae,True,,19254,444d090d-d833-4c3f-ae54-1d2f94f97c1c,expense_voucher,2026-07-03T00:08:49.431784+00:00,2026-07-02T18:08:50.666141+00:00
8a39b686-ecf6-4863-8dba-6b88e9cb1373,2026-07-03T00:08:49.431784+00:00,396264c6-4cf0-40c5-9e3e-a59648577baa,True,,19263,294ae12e-73a8-461f-a4d8-6ab2c4d83cb8,expense_voucher,2026-07-03T00:08:49.431784+00:00,2026-07-02T18:08:50.666141+00:00
8a39b686-ecf6-4863-8dba-6b88e9cb1373,2026-07-03T00:08:49.431784+00:00,bdd8e7a5-7829-490f-8b82-33feda2cf0eb,True,,19264,dc44d938-8921-42ea-abea-90c6df5c89cc,expense_voucher,2026-07-03T00:08:49.431784+00:00,2026-07-02T18:08:50.666141+00:00
8a39b686-ecf6-4863-8dba-6b88e9cb1373,2026-07-03T00:08:49.431784+00:00,e30f1b35-8c1e-4232-b754-c016fda0c6e2,True,,19265,5f85bfc6-9219-4ac2-aac7-18e0cc67b868,expense_voucher,2026-07-03T00:08:49.431784+00:00,2026-07-02T18:08:50.666141+00:00
8a39b686-ecf6-4863-8dba-6b88e9cb1373,2026-07-03T00:08:49.431784+00:00,8ffbb751-bc06-43c8-b3f1-0ad8540637fa,True,,19266,4b8e109a-98ec-484c-aafa-52bf66664418,expense_voucher,2026-07-03T00:08:49.431784+00:00,2026-07-02T18:08:50.666141+00:00
8a39b686-ecf6-4863-8dba-6b88e9cb1373,2026-07-03T00:08:49.431784+00:00,3768fab2-0d76-4c37-9878-ed36a49b30af,True,,19267,d93c10a3-dcad-4951-9a77-4179c6d8c02d,expense_voucher,2026-07-03T00:08:49.431784+00:00,2026-07-02T18:08:50.666141+00:00
8a39b686-ecf6-4863-8dba-6b88e9cb1373,2026-07-03T00:08:49.431784+00:00,089ce609-44ef-4546-a7ef-0b204eec176f,True,,19268,527deafe-1eb4-4fdc-9904-a3ccf994e271,expense_voucher,2026-07-03T00:08:49.431784+00:00,2026-07-02T18:08:50.666141+00:00
8a39b686-ecf6-4863-8dba-6b88e9cb1373,2026-07-03T00:08:49.431784+00:00,3351d874-575c-4d7b-8a5e-ff18c741a186,True,,19269,c3e87f6a-cd82-402d-b69d-593ceb11bcfb,expense_voucher,2026-07-03T00:08:49.431784+00:00,2026-07-02T18:08:50.666141+00:00
8a39b686-ecf6-4863-8dba-6b88e9cb1373,2026-07-03T00:08:49.431784+00:00,41e78e7f-2319-4761-a69b-0b2bf943c023,True,,19270,b8a89757-dd4c-4ad3-be15-76e8a48c7529,expense_voucher,2026-07-03T00:08:49.431784+00:00,2026-07-02T18:08:50.666141+00:00
8a39b686-ecf6-4863-8dba-6b88e9cb1373,2026-07-03T00:08:49.431784+00:00,33b2aef3-5f78-45a5-a965-fc7e0032e873,True,,19271,aaba600d-9cc0-408c-8767-9f6bf6121c03,expense_voucher,2026-07-03T00:08:49.431784+00:00,2026-07-02T18:08:50.666141+00:00
8a39b686-ecf6-4863-8dba-6b88e9cb1373,2026-07-03T00:08:49.431784+00:00,89307bbd-d0a3-486e-9a61-1f9abf395c54,True,,19272,518a57eb-8e6f-45e7-b198-8ab68edcc5cc,expense_voucher,2026-07-03T00:08:49.431784+00:00,2026-07-02T18:08:50.666141+00:00
8a39b686-ecf6-4863-8dba-6b88e9cb1373,2026-07-03T00:08:49.431784+00:00,323c7064-2bad-4df8-bdcf-f93dca206fdc,True,,19273,cde8bd8d-ed17-41fe-8d0f-d8542f492e35,expense_voucher,2026-07-03T00:08:49.431784+00:00,2026-07-02T18:08:50.666141+00:00
8a39b686-ecf6-4863-8dba-6b88e9cb1373,2026-07-03T00:08:49.431784+00:00,d2062dc2-0a38-4e85-98cd-86478f961757,True,,19274,5cc1cbb7-f1d9-4c7e-9884-48669ac84a79,expense_voucher,2026-07-03T00:08:49.431784+00:00,2026-07-02T18:08:50.666141+00:00
8a39b686-ecf6-4863-8dba-6b88e9cb1373,2026-07-03T00:08:49.431784+00:00,d716668f-b3be-40d6-8227-5830d6bb64a0,True,,19276,3f3a7c10-1dca-40df-bcc0-150047c1264c,expense_voucher,2026-07-03T00:08:49.431784+00:00,2026-07-02T18:08:50.666141+00:00
8a39b686-ecf6-4863-8dba-6b88e9cb1373,2026-07-03T00:08:49.431784+00:00,e7cf6cda-1b0d-42f7-9b5e-658f3b60727b,True,,57342,6b7baf7f-cbdc-4fa2-b705-44be008ec844,purchase_ticket,2026-07-03T00:08:49.431784+00:00,2026-07-02T18:08:50.666141+00:00
8a39b686-ecf6-4863-8dba-6b88e9cb1373,2026-07-03T00:08:49.431784+00:00,4f958346-173c-4e30-8836-a04443bf9f7b,True,,57343,3396c01d-7126-41c0-9b2b-952dd4e09bf8,purchase_ticket,2026-07-03T00:08:49.431784+00:00,2026-07-02T18:08:50.666141+00:00
8a39b686-ecf6-4863-8dba-6b88e9cb1373,2026-07-03T00:08:49.431784+00:00,973aa6d5-6fe9-4074-917e-8c831d572fe0,True,,57344,f75cd146-d2f8-49be-a6ec-934c04fff201,purchase_ticket,2026-07-03T00:08:49.431784+00:00,2026-07-02T18:08:50.666141+00:00
8a39b686-ecf6-4863-8dba-6b88e9cb1373,2026-07-03T00:08:49.431784+00:00,019c2a02-54bb-43b0-83d1-1679fb26afe8,True,,57372,1c26ca05-e9ff-49c3-ba95-37dfb7405807,purchase_ticket,2026-07-03T00:08:49.431784+00:00,2026-07-02T18:08:50.666141+00:00
8a39b686-ecf6-4863-8dba-6b88e9cb1373,2026-07-03T00:08:49.431784+00:00,0415cc70-6df9-4340-bf45-255780b68d67,True,,57388,984334e8-a2c6-49a7-9440-b118a94bac47,purchase_ticket,2026-07-03T00:08:49.431784+00:00,2026-07-02T18:08:50.666141+00:00
8a39b686-ecf6-4863-8dba-6b88e9cb1373,2026-07-03T00:08:49.431784+00:00,25babc54-7fb1-4a31-87a5-58958dbc3960,True,,57389,c1ddcd35-e631-41ce-9240-62247bbc6a58,purchase_ticket,2026-07-03T00:08:49.431784+00:00,2026-07-02T18:08:50.666141+00:00
8a39b686-ecf6-4863-8dba-6b88e9cb1373,2026-07-03T00:08:49.431784+00:00,bbc77ccd-a9fb-4d5a-89d7-4afa7aac2da7,True,,57390,1cbd6107-526d-4068-baa2-72b5c5f3cf50,purchase_ticket,2026-07-03T00:08:49.431784+00:00,2026-07-02T18:08:50.666141+00:00
8a39b686-ecf6-4863-8dba-6b88e9cb1373,2026-07-03T00:08:49.431784+00:00,07829432-fe29-41dd-af11-978472af68a7,True,,57391,03a96b58-0c1c-4eb5-bbed-d39fc3ba5564,purchase_ticket,2026-07-03T00:08:49.431784+00:00,2026-07-02T18:08:50.666141+00:00
8a39b686-ecf6-4863-8dba-6b88e9cb1373,2026-07-03T00:08:49.431784+00:00,7daa6598-6bfb-4e95-b77b-c246cf3c8b71,True,,57392,156b021f-315a-4af9-a3e7-0a43b774fbfd,purchase_ticket,2026-07-03T00:08:49.431784+00:00,2026-07-02T18:08:50.666141+00:00
8a39b686-ecf6-4863-8dba-6b88e9cb1373,2026-07-03T00:08:49.431784+00:00,c68a0e86-5f22-4eea-8ace-09e3ab6420c5,True,,57393,c5ae8534-99e4-41cd-b477-ac8023c1e2e1,purchase_ticket,2026-07-03T00:08:49.431784+00:00,2026-07-02T18:08:50.666141+00:00
8a39b686-ecf6-4863-8dba-6b88e9cb1373,2026-07-03T00:08:49.431784+00:00,95223c25-ed53-46a1-b2fb-4fa9101d17b4,True,,57394,0fffd705-757c-4914-a84a-122883d20b63,purchase_ticket,2026-07-03T00:08:49.431784+00:00,2026-07-02T18:08:50.666141+00:00
8a39b686-ecf6-4863-8dba-6b88e9cb1373,2026-07-03T00:08:49.431784+00:00,95a1605a-eb50-48f7-8dfb-9a8da9ed9fb9,True,,57395,307416f1-9ff1-40f8-a50e-d137e1a0dd72,purchase_ticket,2026-07-03T00:08:49.431784+00:00,2026-07-02T18:08:50.666141+00:00
8a39b686-ecf6-4863-8dba-6b88e9cb1373,2026-07-03T00:08:49.431784+00:00,c8255d98-cb1d-416f-8d6a-ac6e3f0af122,True,,57396,c2aedc80-9118-4951-ac3f-7fb420269865,purchase_ticket,2026-07-03T00:08:49.431784+00:00,2026-07-02T18:08:50.666141+00:00
8a39b686-ecf6-4863-8dba-6b88e9cb1373,2026-07-03T00:08:49.431784+00:00,8b15f19c-cd7f-4c2f-b5fe-d2c2dc08c2cf,True,,57397,263751de-4666-4061-a79d-8c0c639a8ca5,purchase_ticket,2026-07-03T00:08:49.431784+00:00,2026-07-02T18:08:50.666141+00:00
8a39b686-ecf6-4863-8dba-6b88e9cb1373,2026-07-03T00:08:49.431784+00:00,73b45290-a9b0-4872-a7e4-62120d117c0d,True,,57398,b6e75c46-efaf-45ae-bf88-f55c152bed2d,purchase_ticket,2026-07-03T00:08:49.431784+00:00,2026-07-02T18:08:50.666141+00:00
8a39b686-ecf6-4863-8dba-6b88e9cb1373,2026-07-03T00:08:49.431784+00:00,7082a6c3-de6a-4e43-b8bc-33113d2ac156,True,,57399,07b7911a-b7fa-4d3b-901e-f595a8f3adfd,purchase_ticket,2026-07-03T00:08:49.431784+00:00,2026-07-02T18:08:50.666141+00:00
8a39b686-ecf6-4863-8dba-6b88e9cb1373,2026-07-03T00:08:49.431784+00:00,00bd075f-e52c-4b53-be51-4a99a63213ca,True,,57400,9373163e-e4e9-42be-a636-d234ccd025b0,purchase_ticket,2026-07-03T00:08:49.431784+00:00,2026-07-02T18:08:50.666141+00:00
8a39b686-ecf6-4863-8dba-6b88e9cb1373,2026-07-03T00:08:49.431784+00:00,5ea893af-8ce2-4d03-b808-6e3c6bab71e6,True,,57401,cc0122b0-fc9a-4f48-977f-39a88c0f8cc3,purchase_ticket,2026-07-03T00:08:49.431784+00:00,2026-07-02T18:08:50.666141+00:00
8a39b686-ecf6-4863-8dba-6b88e9cb1373,2026-07-03T00:08:49.431784+00:00,c287b0be-1803-4b7f-915e-77e6dcbc413f,True,,57376,7da3695b-31cf-4616-a836-7beb2252016e,purchase_ticket,2026-07-03T00:08:49.431784+00:00,2026-07-02T18:08:50.666141+00:00
8a39b686-ecf6-4863-8dba-6b88e9cb1373,2026-07-03T00:08:49.431784+00:00,e63d1dc6-4e68-4f94-9e1b-079659248252,True,,57377,fc0cead5-4e94-4cc7-84a1-82c59adba7ee,purchase_ticket,2026-07-03T00:08:49.431784+00:00,2026-07-02T18:08:50.666141+00:00
8a39b686-ecf6-4863-8dba-6b88e9cb1373,2026-07-03T00:08:49.431784+00:00,16ee87cf-99eb-4d92-afcf-3340ed67d8ab,True,,57378,80be5825-a9ae-4aa6-9bee-9e45f25fa345,purchase_ticket,2026-07-03T00:08:49.431784+00:00,2026-07-02T18:08:50.666141+00:00
8a39b686-ecf6-4863-8dba-6b88e9cb1373,2026-07-03T00:08:49.431784+00:00,15e92b63-95b2-49ec-b7f8-c3a25d1db301,True,COMPROBAR,82176,966708b0-14a3-49bd-acbe-6799514f05dd,purchase_ticket,2026-07-03T15:01:57.454907+00:00,2026-07-03T09:01:57.393889+00:00
8a39b686-ecf6-4863-8dba-6b88e9cb1373,2026-07-03T00:08:49.431784+00:00,22f79f25-b9bf-42df-93c8-8e5f0a73aa36,True,COMPROBAR,406,656ea32d-d092-43a3-ae97-8704deb99c8a,purchase_ticket,2026-07-06T14:10:18.327814+00:00,2026-07-06T08:10:21.168261+00:00
8a39b686-ecf6-4863-8dba-6b88e9cb1373,2026-07-03T00:08:49.431784+00:00,8ba2e658-8e69-4af3-9bf7-8dbc2f082b79,True,COMPROBAR,19275,914759de-575c-4c19-8e65-bc8541e61a54,expense_voucher,2026-07-06T14:10:18.327814+00:00,2026-07-06T08:10:21.168261+00:00
8a39b686-ecf6-4863-8dba-6b88e9cb1373,2026-07-03T00:08:49.431784+00:00,918b0666-0907-41d7-941a-1366029b17be,True,COMPROBAR,19161,178fb544-a6ea-45dd-8613-6efa827ee420,expense_voucher,2026-07-06T14:10:18.327814+00:00,2026-07-06T08:10:21.168261+00:00
8a39b686-ecf6-4863-8dba-6b88e9cb1373,2026-07-03T00:08:49.431784+00:00,a3986144-e3c2-45fe-8792-ff410e0bc41b,True,COMPROBAR,19238,08b5f019-406a-4b42-8b64-c8a5bbb98eaf,expense_voucher,2026-07-06T14:10:18.327814+00:00,2026-07-06T08:10:21.168261+00:00
8a39b686-ecf6-4863-8dba-6b88e9cb1373,2026-07-03T00:08:49.431784+00:00,aca54cfb-0db6-4e71-8eae-e43d1ca961e5,True,COMPROBAR,82338,e4cc32e2-d0bc-442c-b955-27826ca4b8df,purchase_ticket,2026-07-06T14:10:18.327814+00:00,2026-07-06T08:10:21.168261+00:00
8a39b686-ecf6-4863-8dba-6b88e9cb1373,2026-07-03T00:08:49.431784+00:00,2ec7227e-6943-4600-a354-edf9f2fb2bb1,True,,57379,a9c2770f-ae5a-4fe7-8462-934a56355ade,purchase_ticket,2026-07-03T00:08:49.431784+00:00,2026-07-02T18:08:50.666141+00:00
8a39b686-ecf6-4863-8dba-6b88e9cb1373,2026-07-03T00:08:49.431784+00:00,c08c51b5-bccc-4dcd-ac92-4b722718722e,True,,57380,37a7bda9-846b-41bb-bc23-d077fd8224fb,purchase_ticket,2026-07-03T00:08:49.431784+00:00,2026-07-02T18:08:50.666141+00:00
8a39b686-ecf6-4863-8dba-6b88e9cb1373,2026-07-03T00:08:49.431784+00:00,f2b691b3-e23f-4815-ba12-2d26714c1a64,True,,57381,47b200e4-bca2-4e6d-8773-6a0ae1da7358,purchase_ticket,2026-07-03T00:08:49.431784+00:00,2026-07-02T18:08:50.666141+00:00
8a39b686-ecf6-4863-8dba-6b88e9cb1373,2026-07-03T00:08:49.431784+00:00,e9541e98-87db-4c15-adce-b1c5064d9f52,True,,57382,2c5ed06c-a1d9-49cb-8f9f-2450c86c53de,purchase_ticket,2026-07-03T00:08:49.431784+00:00,2026-07-02T18:08:50.666141+00:00
8a39b686-ecf6-4863-8dba-6b88e9cb1373,2026-07-03T00:08:49.431784+00:00,c2a73db1-8d81-48f8-9da3-f3575ad35f06,True,,57383,4b22d8e4-3a17-4793-b158-eb6cb54da31d,purchase_ticket,2026-07-03T00:08:49.431784+00:00,2026-07-02T18:08:50.666141+00:00
8a39b686-ecf6-4863-8dba-6b88e9cb1373,2026-07-03T00:08:49.431784+00:00,e368095d-f609-40b0-9862-2ce4431ca986,True,,57384,f8746cf2-cfe3-4aab-88a6-e651bd843942,purchase_ticket,2026-07-03T00:08:49.431784+00:00,2026-07-02T18:08:50.666141+00:00
8a39b686-ecf6-4863-8dba-6b88e9cb1373,2026-07-03T00:08:49.431784+00:00,760ce278-b289-4b1e-9cd7-6c8574eaf88b,True,,57385,04adb243-ae8e-4e40-9c8d-c291eb2ee5be,purchase_ticket,2026-07-03T00:08:49.431784+00:00,2026-07-02T18:08:50.666141+00:00
8a39b686-ecf6-4863-8dba-6b88e9cb1373,2026-07-03T00:08:49.431784+00:00,a36dc432-26fa-4406-a088-63099af2111e,True,,57386,aa26d6bd-2f88-481a-9751-a7dfa338a541,purchase_ticket,2026-07-03T00:08:49.431784+00:00,2026-07-02T18:08:50.666141+00:00
8a39b686-ecf6-4863-8dba-6b88e9cb1373,2026-07-03T00:08:49.431784+00:00,6ad25603-ffd7-4594-a933-266d3e69214b,True,,57387,5d685c15-84d5-44f7-990a-59b10fb9822e,purchase_ticket,2026-07-03T00:08:49.431784+00:00,2026-07-02T18:08:50.666141+00:00
8a39b686-ecf6-4863-8dba-6b88e9cb1373,2026-07-03T00:08:49.431784+00:00,90933e6a-4f45-4dc2-9131-8776fb2cada7,True,,82483,abf55c81-190f-4df4-8fd8-de8fccb3a5c4,purchase_ticket,2026-07-03T00:08:49.431784+00:00,2026-07-02T18:08:50.667138+00:00
8a39b686-ecf6-4863-8dba-6b88e9cb1373,2026-07-03T00:08:49.431784+00:00,12ffd1b3-30ff-4c90-834b-6ee26417a508,True,,82524-A,f1b7644e-6839-4362-860b-516787740535,purchase_ticket,2026-07-03T00:08:49.431784+00:00,2026-07-02T18:08:50.667138+00:00
8a39b686-ecf6-4863-8dba-6b88e9cb1373,2026-07-03T00:08:49.431784+00:00,f0756746-6b07-4e27-8370-2469b5d0355e,True,,82524-B,a50e5fca-889e-47ba-9039-f7cad65ef973,purchase_ticket,2026-07-03T00:08:49.431784+00:00,2026-07-02T18:08:50.667138+00:00
8a39b686-ecf6-4863-8dba-6b88e9cb1373,2026-07-03T00:08:49.431784+00:00,3363c4ee-74f8-4c86-9ab5-c19665fdd59b,True,,82541,0237408c-1e32-426a-b7f4-8e744fbfba5c,purchase_ticket,2026-07-03T00:08:49.431784+00:00,2026-07-02T18:08:50.667138+00:00
8a39b686-ecf6-4863-8dba-6b88e9cb1373,2026-07-03T00:08:49.431784+00:00,6cd651c9-8937-4d6e-8700-7fc4592bbb4c,True,,82545,0ab16bec-db54-40a1-8158-f6cffe1fc54e,purchase_ticket,2026-07-03T00:08:49.431784+00:00,2026-07-02T18:08:50.667138+00:00
8a39b686-ecf6-4863-8dba-6b88e9cb1373,2026-07-03T00:08:49.431784+00:00,e3222c7e-8b16-4dbc-882d-5e8380aed3c7,True,,82552,6d37dcc8-b899-4654-aa05-e93f8db15fe6,purchase_ticket,2026-07-03T00:08:49.431784+00:00,2026-07-02T18:08:50.667138+00:00
8a39b686-ecf6-4863-8dba-6b88e9cb1373,2026-07-03T00:08:49.431784+00:00,88b6463a-2f60-4353-9864-25d0435cc71f,True,,82554,03c02826-4ec4-4f8e-a675-510611e79dbc,purchase_ticket,2026-07-03T00:08:49.431784+00:00,2026-07-02T18:08:50.667138+00:00
8a39b686-ecf6-4863-8dba-6b88e9cb1373,2026-07-03T00:08:49.431784+00:00,26349a9c-999b-4432-b1f5-94e976519d5f,True,,82558,28c8b6f1-a260-47c8-975d-cf5fe7b2dce2,purchase_ticket,2026-07-03T00:08:49.431784+00:00,2026-07-02T18:08:50.667138+00:00
8a39b686-ecf6-4863-8dba-6b88e9cb1373,2026-07-03T00:08:49.431784+00:00,f6ff8c1f-ceb8-4080-98d9-659de7de2768,True,,82559-A,6c0d9715-4b3a-4782-830b-1e92db1390b0,purchase_ticket,2026-07-03T00:08:49.431784+00:00,2026-07-02T18:08:50.667138+00:00
8a39b686-ecf6-4863-8dba-6b88e9cb1373,2026-07-03T00:08:49.431784+00:00,6f209f31-a167-4720-bda9-a21737ee2e56,True,,82559-B,096c83c4-0bbf-4dd4-9066-3bace016ad0a,purchase_ticket,2026-07-03T00:08:49.431784+00:00,2026-07-02T18:08:50.667138+00:00
8a39b686-ecf6-4863-8dba-6b88e9cb1373,2026-07-03T00:08:49.431784+00:00,50da2504-0e15-40aa-91b0-2eabc49bebe6,True,,424,6e30adf7-84d9-47a3-993b-507468b8f6ae,sale_ticket,2026-07-03T00:08:49.431784+00:00,2026-07-02T18:08:50.667138+00:00
8a39b686-ecf6-4863-8dba-6b88e9cb1373,2026-07-03T00:08:49.431784+00:00,84e6636b-6910-427e-bb9d-fd0eb4b2ce1a,True,,433,e8aff860-903b-44bb-8c54-143458cb5007,sale_ticket,2026-07-03T00:08:49.431784+00:00,2026-07-02T18:08:50.667138+00:00
8a39b686-ecf6-4863-8dba-6b88e9cb1373,2026-07-03T00:08:49.431784+00:00,c09db8c9-dc0d-425a-9570-c9d403e9ae45,True,,434,403b3be1-b1f3-4bf0-9521-8f96409c9bc3,sale_ticket,2026-07-03T00:08:49.431784+00:00,2026-07-02T18:08:50.667138+00:00
8a39b686-ecf6-4863-8dba-6b88e9cb1373,2026-07-03T00:08:49.431784+00:00,b796b57e-3cb8-46d0-abbd-fc0d2bcc9edb,True,,435,01e4c94d-99b9-41f9-8f06-4cc0f14941c0,sale_ticket,2026-07-03T00:08:49.431784+00:00,2026-07-02T18:08:50.667138+00:00
8a39b686-ecf6-4863-8dba-6b88e9cb1373,2026-07-03T00:08:49.431784+00:00,11befb98-fb6c-4ef3-9a59-fb1e4894a85e,True,,440,0bc9d5c7-cba2-4ea9-8dff-3464f9349c14,sale_ticket,2026-07-03T00:08:49.431784+00:00,2026-07-02T18:08:50.667138+00:00
8a39b686-ecf6-4863-8dba-6b88e9cb1373,2026-07-03T00:08:49.431784+00:00,9d102760-ea18-4b93-b295-b4fc505d8f96,True,,6886,ddd1fbdc-00cf-4ee9-a071-c256167589e7,sale_ticket,2026-07-03T00:08:49.431784+00:00,2026-07-02T18:08:50.667138+00:00
8da02079-2207-43e3-a5b5-7ecf967233ef,2026-07-03T23:52:29.239102+00:00,70b2510e-e417-495e-a200-5e3d04fad0b0,True,comprobar,462,01e22830-6b57-4d2c-8590-72f4f1c92539,sale_ticket,2026-07-07T14:07:11.612528+00:00,2026-07-07T08:07:12.485209+00:00
8da02079-2207-43e3-a5b5-7ecf967233ef,2026-07-03T23:52:29.239102+00:00,91199d75-47ae-4f7c-abb4-11b23feb81f4,True,comprobar,19238,08b5f019-406a-4b42-8b64-c8a5bbb98eaf,expense_voucher,2026-07-07T14:07:11.612528+00:00,2026-07-07T08:07:12.485209+00:00
8da02079-2207-43e3-a5b5-7ecf967233ef,2026-07-03T23:52:29.239102+00:00,eceebcc1-a11c-4798-ae7b-8b32d403d9db,True,comprobar,82338,e4cc32e2-d0bc-442c-b955-27826ca4b8df,purchase_ticket,2026-07-07T14:07:11.612528+00:00,2026-07-07T08:07:12.485209+00:00
5f7baa3a-1933-4b4f-9da6-4a18284bded7,2026-07-07T00:19:11.169648+00:00,c7ae2b6a-db65-42c7-baf7-acdad18a861c,True,PEDIR A VIGILANCIA,462,01e22830-6b57-4d2c-8590-72f4f1c92539,sale_ticket,2026-07-08T14:04:17.328103+00:00,2026-07-08T08:04:17.437328+00:00
5f7baa3a-1933-4b4f-9da6-4a18284bded7,2026-07-07T00:19:11.169648+00:00,9c360914-8758-408b-9b13-e2579e30f515,True,COMPROBAR,82338,e4cc32e2-d0bc-442c-b955-27826ca4b8df,purchase_ticket,2026-07-08T14:04:17.328103+00:00,2026-07-08T08:04:17.437328+00:00
5f7baa3a-1933-4b4f-9da6-4a18284bded7,2026-07-07T00:19:11.169648+00:00,dc037404-e8c1-419a-80af-12e3976ca9a5,True,COMPROBAR,19299,69989111-d2d1-4e3b-b60a-6f3a382c9fac,expense_voucher,2026-07-08T14:04:17.328103+00:00,2026-07-08T08:04:17.437328+00:00
5f7baa3a-1933-4b4f-9da6-4a18284bded7,2026-07-07T00:19:11.169648+00:00,718ea7d6-4446-4267-a6ad-e00fe2ebb8ba,True,COMPROBAR,19303,5864433a-a15d-43ec-b2ac-95564dab1154,expense_voucher,2026-07-08T14:04:17.328103+00:00,2026-07-08T08:04:17.437328+00:00
5f7baa3a-1933-4b4f-9da6-4a18284bded7,2026-07-07T00:19:11.169648+00:00,1dc5b57c-df06-4ed4-9c5d-86ae4c952d95,True,COMPROBAR,465,cb66eac5-08b6-4794-b48c-393057718b32,sale_ticket,2026-07-08T14:04:17.328103+00:00,2026-07-08T08:04:17.437328+00:00
5f7baa3a-1933-4b4f-9da6-4a18284bded7,2026-07-07T00:19:11.169648+00:00,cbe8c7c5-0829-4c06-bb46-a695ee5e7f3d,True,COMPROBAR,82889,267790fc-8f47-46c5-aaa2-156a711abad4,sale_ticket,2026-07-08T14:04:17.328103+00:00,2026-07-08T08:04:17.437328+00:00
dd291677-6b18-46a9-b485-d6a67c8bab87,2026-06-30T23:49:42.231403+00:00,b12222d8-8e94-41ae-9058-59b842f95efc,True,394,19238,08b5f019-406a-4b42-8b64-c8a5bbb98eaf,expense_voucher,2026-07-03T14:10:37.046289+00:00,2026-07-03T08:10:38.671029+00:00
ef02321f-ea50-462e-b432-c6a9f03f3225,2026-07-02T00:16:02.211315+00:00,56c33fb5-6e0c-442b-9b9a-0f4c05e9417d,True,COMPROBAR,19238,08b5f019-406a-4b42-8b64-c8a5bbb98eaf,expense_voucher,2026-07-03T14:10:37.046289+00:00,2026-07-03T08:10:38.671029+00:00
ef02321f-ea50-462e-b432-c6a9f03f3225,2026-07-02T00:16:02.211315+00:00,3e84b22a-7705-4d87-9103-a2e2550a8f21,True,COMPROBAR,19231,d937a706-ba85-4ddd-8b0c-d2cdd7a5f8c7,expense_voucher,2026-07-03T14:10:37.046289+00:00,2026-07-03T08:10:38.671029+00:00
ef02321f-ea50-462e-b432-c6a9f03f3225,2026-07-02T00:16:02.211315+00:00,8bb1672b-31bc-418b-b054-b12063719c6e,True,COMPROBAR,19181,f4c9d5ad-6a73-4f4a-b5b9-e2774b3b9197,expense_voucher,2026-07-03T14:10:37.046289+00:00,2026-07-03T08:10:38.671029+00:00
ef02321f-ea50-462e-b432-c6a9f03f3225,2026-07-02T00:16:02.211315+00:00,b54fefb8-1895-4bf3-b144-4aaa939c4656,True,COMPROBAR,19161,178fb544-a6ea-45dd-8613-6efa827ee420,expense_voucher,2026-07-03T14:10:37.046289+00:00,2026-07-03T08:10:38.671029+00:00
ef02321f-ea50-462e-b432-c6a9f03f3225,2026-07-02T00:16:02.211315+00:00,8d2f02bc-5f6f-466b-bfe0-04c490fdb10b,True,COMPROBAR,424,6e30adf7-84d9-47a3-993b-507468b8f6ae,sale_ticket,2026-07-03T14:10:37.046289+00:00,2026-07-03T08:10:38.671029+00:00
ef02321f-ea50-462e-b432-c6a9f03f3225,2026-07-02T00:16:02.211315+00:00,7ef6931b-9151-476f-b7a2-f5b4c98652d6,True,COMPROBAR,82176,966708b0-14a3-49bd-acbe-6799514f05dd,purchase_ticket,2026-07-03T14:10:37.046289+00:00,2026-07-03T08:10:38.671029+00:00
ef02321f-ea50-462e-b432-c6a9f03f3225,2026-07-02T00:16:02.211315+00:00,dbd12554-faac-4826-b090-bd2f091f3ad4,True,COMPROBAR,82338,e4cc32e2-d0bc-442c-b955-27826ca4b8df,purchase_ticket,2026-07-03T14:10:37.046289+00:00,2026-07-03T08:10:38.671029+00:00
ef02321f-ea50-462e-b432-c6a9f03f3225,2026-07-02T00:16:02.211315+00:00,ff6a03fb-2b4c-4c2e-916e-b2f9ef7588fe,True,COMPROBAR,406,656ea32d-d092-43a3-ae97-8704deb99c8a,purchase_ticket,2026-07-03T14:10:37.046289+00:00,2026-07-03T08:10:38.671029+00:00
ef02321f-ea50-462e-b432-c6a9f03f3225,2026-07-02T00:16:02.211315+00:00,82251fd5-7ed1-4d67-94ae-d761ab2235d3,True,QUE FIRME ESTEBAN,19254,444d090d-d833-4c3f-ae54-1d2f94f97c1c,expense_voucher,2026-07-03T14:10:37.046289+00:00,2026-07-03T08:10:38.671029+00:00
ef02321f-ea50-462e-b432-c6a9f03f3225,2026-07-02T00:16:02.211315+00:00,a7cd954d-118c-48a1-9971-513995db044b,True,PEDIR ORDEN,433,e8aff860-903b-44bb-8c54-143458cb5007,sale_ticket,2026-07-03T14:10:37.046289+00:00,2026-07-03T08:10:38.671029+00:00
ef02321f-ea50-462e-b432-c6a9f03f3225,2026-07-02T00:16:02.211315+00:00,a9651ec7-8098-49a5-b482-26c4a8b25316,True,PEDIR ORDEN,434,403b3be1-b1f3-4bf0-9521-8f96409c9bc3,sale_ticket,2026-07-03T14:10:37.046289+00:00,2026-07-03T08:10:38.671029+00:00
ef02321f-ea50-462e-b432-c6a9f03f3225,2026-07-02T00:16:02.211315+00:00,66bfb9b0-d671-42e5-a0b8-71f9b274123a,True,PEDIR ORDEN,435,01e4c94d-99b9-41f9-8f06-4cc0f14941c0,sale_ticket,2026-07-03T14:10:37.046289+00:00,2026-07-03T08:10:38.671029+00:00
ef02321f-ea50-462e-b432-c6a9f03f3225,2026-07-02T00:16:02.211315+00:00,168c36e5-30ac-4f11-b349-f91c35fe1de3,True,PEDIR ORDEN,440,0bc9d5c7-cba2-4ea9-8dff-3464f9349c14,sale_ticket,2026-07-03T14:10:37.046289+00:00,2026-07-03T08:10:38.671029+00:00
ef02321f-ea50-462e-b432-c6a9f03f3225,2026-07-02T00:16:02.211315+00:00,fcfc5d57-09f8-4fb6-a769-ea2c088a6986,True,PEDIR ORDEN,6588,3ed04242-67d8-4c14-a22b-84cfb0f996dc,sale_ticket,2026-07-03T14:10:37.046289+00:00,2026-07-03T08:10:38.671029+00:00
ef02321f-ea50-462e-b432-c6a9f03f3225,2026-07-02T00:16:02.211315+00:00,5dcdba20-bd07-44c6-aff9-a3e8ad6b11cb,True,PEDIR ORDEN,6886,ddd1fbdc-00cf-4ee9-a071-c256167589e7,sale_ticket,2026-07-03T14:10:37.046289+00:00,2026-07-03T08:10:38.671029+00:00
ef02321f-ea50-462e-b432-c6a9f03f3225,2026-07-02T00:16:02.211315+00:00,c897d308-fc5f-4fad-a915-6879a69aa763,True,PEDIR ORDEN,82872,f4c841b2-bb0c-4f95-8938-8c6598a93847,sale_ticket,2026-07-03T14:10:37.046289+00:00,2026-07-03T08:10:38.671029+00:00
ef02321f-ea50-462e-b432-c6a9f03f3225,2026-07-02T00:16:02.211315+00:00,c4f79e24-f464-4f23-954b-80679628ec50,True,PEDIR ORDEN,82877,a31c5c14-eac3-4b5f-a24c-e4c8800f57f4,sale_ticket,2026-07-03T14:10:37.046289+00:00,2026-07-03T08:10:38.671029+00:00
5f7baa3a-1933-4b4f-9da6-4a18284bded7,2026-07-07T00:19:11.169648+00:00,9daec499-8327-45e5-a021-79cdeda31c10,True,COMPROBAR,19277,8d13345d-29cb-4df6-a637-b935712da7dc,expense_voucher,2026-07-07T21:26:20.893904+00:00,2026-07-07T15:26:20.899364+00:00
5f7baa3a-1933-4b4f-9da6-4a18284bded7,2026-07-07T00:19:11.169648+00:00,e14a301f-31c6-4d20-93e3-9516f30e7a96,True,COMPROBAR,19275,914759de-575c-4c19-8e65-bc8541e61a54,expense_voucher,2026-07-07T21:26:20.893904+00:00,2026-07-07T15:26:20.899364+00:00
8a39b686-ecf6-4863-8dba-6b88e9cb1373,2026-07-03T00:08:49.431784+00:00,451b21a6-6d4e-445c-8e93-fece077ed741,True,COMPROBAR,444,9f64eda6-96b0-4acf-bf58-02788429fcca,sale_ticket,2026-07-03T14:22:30.637182+00:00,2026-07-03T08:22:30.308407+00:00
8a39b686-ecf6-4863-8dba-6b88e9cb1373,2026-07-03T00:08:49.431784+00:00,85a8f848-1e37-4254-b90a-044618dead1b,True,COMPROBAR,82872,f4c841b2-bb0c-4f95-8938-8c6598a93847,sale_ticket,2026-07-03T14:22:30.637182+00:00,2026-07-03T08:22:30.308407+00:00
8a39b686-ecf6-4863-8dba-6b88e9cb1373,2026-07-03T00:08:49.431784+00:00,ced2617a-2b8d-48bd-8726-186c28c5c95a,True,PEDIR A VIGILANCIA,82877,a31c5c14-eac3-4b5f-a24c-e4c8800f57f4,sale_ticket,2026-07-03T14:22:30.637182+00:00,2026-07-03T08:22:30.308407+00:00
8a39b686-ecf6-4863-8dba-6b88e9cb1373,2026-07-03T00:08:49.431784+00:00,eb8f5c0a-9655-4b6f-8193-7227e7f73bb9,True,COMPROBAR,6588,3ed04242-67d8-4c14-a22b-84cfb0f996dc,sale_ticket,2026-07-03T14:22:30.637182+00:00,2026-07-03T08:22:30.308407+00:00
8a39b686-ecf6-4863-8dba-6b88e9cb1373,2026-07-03T00:08:49.431784+00:00,f6729e64-35cd-4aaa-b1de-e4ee868bd100,True,COMPROBAR,447,829ff7f9-53ff-4b30-965f-929e4fea04c6,sale_ticket,2026-07-03T14:22:30.637182+00:00,2026-07-03T08:22:30.308407+00:00
29afde5d-2255-4158-a91b-30d6bd0fb95e,2026-07-07T23:53:35.635349+00:00,f59cc095-1539-430a-838f-d248a50450f5,True,,19238,08b5f019-406a-4b42-8b64-c8a5bbb98eaf,expense_voucher,2026-07-07T23:53:35.635349+00:00,2026-07-07T17:53:35.85027+00:00
29afde5d-2255-4158-a91b-30d6bd0fb95e,2026-07-07T23:53:35.635349+00:00,04b87b9f-016c-4126-846a-7d215422a67d,False,comprobar,19161,178fb544-a6ea-45dd-8613-6efa827ee420,expense_voucher,2026-07-07T23:53:35.635349+00:00,
29afde5d-2255-4158-a91b-30d6bd0fb95e,2026-07-07T23:53:35.635349+00:00,37d1c8f2-9028-4d40-8755-5c31ca67ad60,False,comprobar,19299,69989111-d2d1-4e3b-b60a-6f3a382c9fac,expense_voucher,2026-07-07T23:53:35.635349+00:00,
29afde5d-2255-4158-a91b-30d6bd0fb95e,2026-07-07T23:53:35.635349+00:00,41f0af6b-2215-4bd7-b38f-223c01df9e21,False,comprobar,19303,5864433a-a15d-43ec-b2ac-95564dab1154,expense_voucher,2026-07-07T23:53:35.635349+00:00,
29afde5d-2255-4158-a91b-30d6bd0fb95e,2026-07-07T23:53:35.635349+00:00,039db270-f3e1-4c9f-9789-798348085abb,True,,462,01e22830-6b57-4d2c-8590-72f4f1c92539,sale_ticket,2026-07-07T23:53:35.635349+00:00,2026-07-07T17:53:35.85027+00:00
29afde5d-2255-4158-a91b-30d6bd0fb95e,2026-07-07T23:53:35.635349+00:00,01a896cc-d5ff-4d76-b1ff-55446ee7e4a7,True,,465,cb66eac5-08b6-4794-b48c-393057718b32,sale_ticket,2026-07-07T23:53:35.635349+00:00,2026-07-07T17:53:35.85027+00:00
29afde5d-2255-4158-a91b-30d6bd0fb95e,2026-07-07T23:53:35.635349+00:00,fa5485bb-b509-4264-bed1-11eb1eaba7bd,True,,82889,267790fc-8f47-46c5-aaa2-156a711abad4,sale_ticket,2026-07-07T23:53:35.635349+00:00,2026-07-07T17:53:35.85027+00:00
29afde5d-2255-4158-a91b-30d6bd0fb95e,2026-07-07T23:53:35.635349+00:00,1ede12fb-a737-4e50-a83c-6d5d06fca35e,True,,82338,e4cc32e2-d0bc-442c-b955-27826ca4b8df,purchase_ticket,2026-07-07T23:53:35.635349+00:00,2026-07-07T17:53:35.85027+00:00
29afde5d-2255-4158-a91b-30d6bd0fb95e,2026-07-07T23:53:35.635349+00:00,2b5bc6e5-5cab-4ddc-bbac-fdb985905424,False,comprobar,19309,2f440d31-525e-4d5e-9617-fdf9d4480cf6,expense_voucher,2026-07-07T23:53:35.635349+00:00,
29afde5d-2255-4158-a91b-30d6bd0fb95e,2026-07-07T23:53:35.635349+00:00,caf23b4a-4034-45d6-8b3e-7bbebaafb8d0,True,,19310,fb469e4a-e99c-4fa5-aba6-b263d3299789,expense_voucher,2026-07-07T23:53:35.635349+00:00,2026-07-07T17:53:35.85027+00:00
29afde5d-2255-4158-a91b-30d6bd0fb95e,2026-07-07T23:53:35.635349+00:00,74b493dc-693c-43de-b466-45d6bab4dbdd,True,,19311,14c911c1-0933-4ff3-b253-edba074d54aa,expense_voucher,2026-07-07T23:53:35.635349+00:00,2026-07-07T17:53:35.85027+00:00
29afde5d-2255-4158-a91b-30d6bd0fb95e,2026-07-07T23:53:35.635349+00:00,c63e4108-cab9-4330-ba67-f3f82c8d1c54,True,,19312,a8771778-454f-401c-b420-a760ccd00cd5,expense_voucher,2026-07-07T23:53:35.635349+00:00,2026-07-07T17:53:35.85027+00:00
29afde5d-2255-4158-a91b-30d6bd0fb95e,2026-07-07T23:53:35.635349+00:00,06739ce2-3483-471e-ae26-be265cffd3b6,True,,19313,a3c4f6b3-1dc4-4b5a-a4be-7f246aa358b8,expense_voucher,2026-07-07T23:53:35.635349+00:00,2026-07-07T17:53:35.85027+00:00
29afde5d-2255-4158-a91b-30d6bd0fb95e,2026-07-07T23:53:35.635349+00:00,0a3caa21-e730-402e-ad2f-68b5fef0f44e,True,,19314,2d1929d5-20c8-4862-a5fd-c8dab17c5a41,expense_voucher,2026-07-07T23:53:35.635349+00:00,2026-07-07T17:53:35.85027+00:00
29afde5d-2255-4158-a91b-30d6bd0fb95e,2026-07-07T23:53:35.635349+00:00,d3501912-a72f-48cd-bcd2-9b799366b596,True,,19315,326f992b-f095-45d6-9f2a-95e27620a151,expense_voucher,2026-07-07T23:53:35.635349+00:00,2026-07-07T17:53:35.85027+00:00
29afde5d-2255-4158-a91b-30d6bd0fb95e,2026-07-07T23:53:35.635349+00:00,3471e85b-fefe-4f7b-b47f-8865a3ac65b6,True,,19316,b63bf767-55cf-4c8b-965b-b8cb443ff8e4,expense_voucher,2026-07-07T23:53:35.635349+00:00,2026-07-07T17:53:35.85027+00:00
29afde5d-2255-4158-a91b-30d6bd0fb95e,2026-07-07T23:53:35.635349+00:00,2d5638eb-16bb-4125-b18b-9df4e792600d,True,,19317,17ffcc01-9750-4070-8ef3-5d2071933314,expense_voucher,2026-07-07T23:53:35.635349+00:00,2026-07-07T17:53:35.85027+00:00
29afde5d-2255-4158-a91b-30d6bd0fb95e,2026-07-07T23:53:35.635349+00:00,7d7ef772-d47e-46e3-82a5-6023a4c989fc,True,,385,b6dc2696-366f-4fd0-bd2d-bfe1471c8bc7,deposit_voucher,2026-07-07T23:53:35.635349+00:00,2026-07-07T17:53:35.85027+00:00
29afde5d-2255-4158-a91b-30d6bd0fb95e,2026-07-07T23:53:35.635349+00:00,66a861a5-247d-45d6-8bce-5f807a9a9019,True,,386,475f7422-ac2f-40fc-a42e-91de91a57ddf,deposit_voucher,2026-07-07T23:53:35.635349+00:00,2026-07-07T17:53:35.85027+00:00
29afde5d-2255-4158-a91b-30d6bd0fb95e,2026-07-07T23:53:35.635349+00:00,2ca85423-2095-4d19-90a1-f6ee08c6800f,True,,387,f1f78319-4e73-48b5-8c93-8e7e8a350ede,deposit_voucher,2026-07-07T23:53:35.635349+00:00,2026-07-07T17:53:35.85027+00:00
29afde5d-2255-4158-a91b-30d6bd0fb95e,2026-07-07T23:53:35.635349+00:00,98803a87-801f-4b2b-b01c-b83d9065bbd4,True,,388,e88cf767-a8ed-45c6-8eac-2b9110f228ea,deposit_voucher,2026-07-07T23:53:35.635349+00:00,2026-07-07T17:53:35.85027+00:00
29afde5d-2255-4158-a91b-30d6bd0fb95e,2026-07-07T23:53:35.635349+00:00,1d301a59-2a98-49ad-a760-b7fee40844ec,True,,467,9ec9bb44-6d17-4ffd-89fc-0a14a59c3f4a,sale_ticket,2026-07-07T23:53:35.635349+00:00,2026-07-07T17:53:35.85027+00:00
29afde5d-2255-4158-a91b-30d6bd0fb95e,2026-07-07T23:53:35.635349+00:00,8b1cb5d7-89ab-4c56-b504-8cc0d7cd69d0,True,,468,1104cbb0-906d-4109-8b21-fc037665e762,sale_ticket,2026-07-07T23:53:35.635349+00:00,2026-07-07T17:53:35.85027+00:00
29afde5d-2255-4158-a91b-30d6bd0fb95e,2026-07-07T23:53:35.635349+00:00,c85ab32a-9946-4b23-9cd6-202e47893bb2,True,,469,f12837fd-3d24-4aa8-b2b2-2b716824c5ae,sale_ticket,2026-07-07T23:53:35.635349+00:00,2026-07-07T17:53:35.85027+00:00
29afde5d-2255-4158-a91b-30d6bd0fb95e,2026-07-07T23:53:35.635349+00:00,a4632c59-0e07-4b54-8970-f9a80494ff0d,True,,57448,5443ec1d-6910-4741-b5db-b7574bd41151,purchase_ticket,2026-07-07T23:53:35.635349+00:00,2026-07-07T17:53:35.85027+00:00
29afde5d-2255-4158-a91b-30d6bd0fb95e,2026-07-07T23:53:35.635349+00:00,3d0d3c5f-fdf9-459d-b7cc-1a1ab6e96421,True,,57463,0764186a-1566-4d04-b431-5ed1694d6ca5,purchase_ticket,2026-07-07T23:53:35.635349+00:00,2026-07-07T17:53:35.851268+00:00
29afde5d-2255-4158-a91b-30d6bd0fb95e,2026-07-07T23:53:35.635349+00:00,e92c0c0f-6fda-4d57-a175-0e2581b128eb,True,,57464,806cd66c-1745-41fa-b2fc-18ceef056a98,purchase_ticket,2026-07-07T23:53:35.635349+00:00,2026-07-07T17:53:35.851268+00:00
29afde5d-2255-4158-a91b-30d6bd0fb95e,2026-07-07T23:53:35.635349+00:00,85afae6b-2096-4ceb-a07a-a1b11bfce867,True,,57465,27a5f2b3-aece-41e4-82ff-861d9f16ff46,purchase_ticket,2026-07-07T23:53:35.635349+00:00,2026-07-07T17:53:35.851268+00:00
29afde5d-2255-4158-a91b-30d6bd0fb95e,2026-07-07T23:53:35.635349+00:00,92be500c-d9ec-491d-8fed-99dcb7d407dd,True,,57466,301e2227-d4a6-4f74-9825-53adca96632d,purchase_ticket,2026-07-07T23:53:35.635349+00:00,2026-07-07T17:53:35.851268+00:00
29afde5d-2255-4158-a91b-30d6bd0fb95e,2026-07-07T23:53:35.635349+00:00,34fc3a16-28fb-404a-9400-ca032cce51c9,True,,57467,5897850a-f81a-4e04-87ef-2ac26120462f,purchase_ticket,2026-07-07T23:53:35.635349+00:00,2026-07-07T17:53:35.851268+00:00
29afde5d-2255-4158-a91b-30d6bd0fb95e,2026-07-07T23:53:35.635349+00:00,a95a3452-1bd0-4658-8590-4d04c35e4737,True,,57468,2985a788-2105-4c28-8c2c-d1a0f277cd2d,purchase_ticket,2026-07-07T23:53:35.635349+00:00,2026-07-07T17:53:35.851268+00:00
29afde5d-2255-4158-a91b-30d6bd0fb95e,2026-07-07T23:53:35.635349+00:00,be250a05-ae9e-4fe6-aeb5-47487e59feb9,True,,57469,4069f02b-131a-4f5c-90d3-4091191dab96,purchase_ticket,2026-07-07T23:53:35.635349+00:00,2026-07-07T17:53:35.851268+00:00
29afde5d-2255-4158-a91b-30d6bd0fb95e,2026-07-07T23:53:35.635349+00:00,806a19e4-b250-4628-83be-e4f6f9d4854d,True,,57470,693a62b6-77aa-442f-ac0a-6e79ae8c31e9,purchase_ticket,2026-07-07T23:53:35.635349+00:00,2026-07-07T17:53:35.851268+00:00
29afde5d-2255-4158-a91b-30d6bd0fb95e,2026-07-07T23:53:35.635349+00:00,229b4307-8421-4540-acb1-49e47e5dac81,True,,57471,da1d8e31-7dab-45a9-a75a-7de24f1d7078,purchase_ticket,2026-07-07T23:53:35.635349+00:00,2026-07-07T17:53:35.851268+00:00
29afde5d-2255-4158-a91b-30d6bd0fb95e,2026-07-07T23:53:35.635349+00:00,f6152be6-02b0-457e-aed0-b8354b350386,True,,57472,68101f7b-f787-475f-a5e0-14aaaf5214bb,purchase_ticket,2026-07-07T23:53:35.635349+00:00,2026-07-07T17:53:35.851268+00:00
29afde5d-2255-4158-a91b-30d6bd0fb95e,2026-07-07T23:53:35.635349+00:00,1a3842ab-6424-48bd-8853-bd10113fce1f,True,,57473,9dbc83af-c0c4-461c-86c7-6105ec1a3fbf,purchase_ticket,2026-07-07T23:53:35.635349+00:00,2026-07-07T17:53:35.851268+00:00
29afde5d-2255-4158-a91b-30d6bd0fb95e,2026-07-07T23:53:35.635349+00:00,9f732b74-1104-410e-bc89-c39a40a8ec3f,True,,57474,d75323c4-3b46-4a81-8d6f-066d5bb7dff9,purchase_ticket,2026-07-07T23:53:35.635349+00:00,2026-07-07T17:53:35.851268+00:00
29afde5d-2255-4158-a91b-30d6bd0fb95e,2026-07-07T23:53:35.635349+00:00,6e5cb9ef-4f2f-4d77-a429-5c62c0342c8c,True,,57475,9c4225e8-1852-4e11-bbb9-d170ad1e75a7,purchase_ticket,2026-07-07T23:53:35.635349+00:00,2026-07-07T17:53:35.851268+00:00
29afde5d-2255-4158-a91b-30d6bd0fb95e,2026-07-07T23:53:35.635349+00:00,4c55689b-1922-4a2a-8c7a-b8a66e796141,True,,57476,00209787-ade5-480e-9808-274d0aae5588,purchase_ticket,2026-07-07T23:53:35.635349+00:00,2026-07-07T17:53:35.851268+00:00
29afde5d-2255-4158-a91b-30d6bd0fb95e,2026-07-07T23:53:35.635349+00:00,bb6c3c96-181f-465f-920f-8be0482cecc9,True,,57478,c2d96bdf-e99c-4efd-b2b1-1c60d04c1617,purchase_ticket,2026-07-07T23:53:35.635349+00:00,2026-07-07T17:53:35.851268+00:00
29afde5d-2255-4158-a91b-30d6bd0fb95e,2026-07-07T23:53:35.635349+00:00,1a8aade7-b540-4e43-9fb0-4f3780ecbf37,True,,57479,6ddf0de1-a848-4c8c-82e0-178c42dbb4ed,purchase_ticket,2026-07-07T23:53:35.635349+00:00,2026-07-07T17:53:35.851268+00:00
29afde5d-2255-4158-a91b-30d6bd0fb95e,2026-07-07T23:53:35.635349+00:00,96e72091-76f7-4fad-b184-b52ac19dd9ee,True,,57480,b3569196-f960-4e0b-b5f4-5cbbad502564,purchase_ticket,2026-07-07T23:53:35.635349+00:00,2026-07-07T17:53:35.851268+00:00
29afde5d-2255-4158-a91b-30d6bd0fb95e,2026-07-07T23:53:35.635349+00:00,3388bf02-fcee-4c91-a4a9-14d9380eb261,True,,57481,64ff2a9f-a9fe-4b08-851f-2070dd6879f3,purchase_ticket,2026-07-07T23:53:35.635349+00:00,2026-07-07T17:53:35.851268+00:00
29afde5d-2255-4158-a91b-30d6bd0fb95e,2026-07-07T23:53:35.635349+00:00,ece71152-5b62-42f9-aa0e-c15fff505acc,True,,57482,3ff3f300-b39f-46e1-bfab-6230ac992c78,purchase_ticket,2026-07-07T23:53:35.635349+00:00,2026-07-07T17:53:35.851268+00:00
29afde5d-2255-4158-a91b-30d6bd0fb95e,2026-07-07T23:53:35.635349+00:00,1c83ca7c-0e96-4c3c-996e-1ff1dc4aaab1,True,,57483,a45e509f-654b-4c93-b517-ab0a4a33b61e,purchase_ticket,2026-07-07T23:53:35.635349+00:00,2026-07-07T17:53:35.851268+00:00
29afde5d-2255-4158-a91b-30d6bd0fb95e,2026-07-07T23:53:35.635349+00:00,ae80ce6c-1f35-4fed-b554-93e83bcb40fb,True,,57485,f94422a6-cdf7-4bdb-be8f-9f6f0c00c17c,purchase_ticket,2026-07-07T23:53:35.635349+00:00,2026-07-07T17:53:35.851268+00:00
29afde5d-2255-4158-a91b-30d6bd0fb95e,2026-07-07T23:53:35.635349+00:00,b5d78ac9-3f49-4db5-afc0-3cf756cb35a8,True,,57486,fa8599ff-08c6-4854-a470-5efbf7703dae,purchase_ticket,2026-07-07T23:53:35.635349+00:00,2026-07-07T17:53:35.851268+00:00
29afde5d-2255-4158-a91b-30d6bd0fb95e,2026-07-07T23:53:35.635349+00:00,b0a10c0c-30f7-4294-a095-82d91593e4b2,True,,82399,87c59552-423f-4ef9-926d-aa03ede5b217,purchase_ticket,2026-07-07T23:53:35.635349+00:00,2026-07-07T17:53:35.851268+00:00
29afde5d-2255-4158-a91b-30d6bd0fb95e,2026-07-07T23:53:35.635349+00:00,d1a42918-5e36-4fcd-9e64-a178f2115f94,True,,82571,39bb129f-6ae6-432f-99dd-092c2274a009,purchase_ticket,2026-07-07T23:53:35.635349+00:00,2026-07-07T17:53:35.851268+00:00
29afde5d-2255-4158-a91b-30d6bd0fb95e,2026-07-07T23:53:35.635349+00:00,fc3b93e9-85cc-4118-8fd2-4cb0fcb7f5e9,True,,82576,4c3fce92-bef5-4f56-8caa-af72d3b1266d,purchase_ticket,2026-07-07T23:53:35.635349+00:00,2026-07-07T17:53:35.851268+00:00
8da02079-2207-43e3-a5b5-7ecf967233ef,2026-07-03T23:52:29.239102+00:00,8a1cce0e-81f9-42c2-9932-7c7b4ffb0b73,True,,19278,bc48289f-a9e4-4697-975f-42312cf2c90d,expense_voucher,2026-07-03T23:52:29.239102+00:00,2026-07-03T17:52:29.832398+00:00
8da02079-2207-43e3-a5b5-7ecf967233ef,2026-07-03T23:52:29.239102+00:00,6786edd3-9011-4e3d-ac0c-bf0e4a5a4c17,True,,19279,5ae0cb31-3ceb-4f23-9eb1-07c223774e89,expense_voucher,2026-07-03T23:52:29.239102+00:00,2026-07-03T17:52:29.832398+00:00
8da02079-2207-43e3-a5b5-7ecf967233ef,2026-07-03T23:52:29.239102+00:00,c6a1ea10-b6f2-45a5-8910-c6eeb0ced753,True,,19280,5e520389-7639-4103-8a31-dd907c981e04,expense_voucher,2026-07-03T23:52:29.239102+00:00,2026-07-03T17:52:29.832398+00:00
8da02079-2207-43e3-a5b5-7ecf967233ef,2026-07-03T23:52:29.239102+00:00,cf02ee7f-777c-4eac-b91d-79d61328e275,True,,19281,41492747-d13f-4de2-aac4-78f8b75d4390,expense_voucher,2026-07-03T23:52:29.239102+00:00,2026-07-03T17:52:29.832398+00:00
8da02079-2207-43e3-a5b5-7ecf967233ef,2026-07-03T23:52:29.239102+00:00,09ffc4cd-3b6f-453b-a1a9-3a5ba28231a1,True,,19282,9666133d-bd9a-4b56-822d-b391dcd1f201,expense_voucher,2026-07-03T23:52:29.239102+00:00,2026-07-03T17:52:29.832398+00:00
8da02079-2207-43e3-a5b5-7ecf967233ef,2026-07-03T23:52:29.239102+00:00,613623ed-dbd8-42e7-835f-71f39d26ac9b,True,,19283,35b01ab2-9ce0-4349-a664-1efdbd3def2b,expense_voucher,2026-07-03T23:52:29.239102+00:00,2026-07-03T17:52:29.832398+00:00
8da02079-2207-43e3-a5b5-7ecf967233ef,2026-07-03T23:52:29.239102+00:00,4f773313-8b62-4f77-ba81-08a5a218235e,True,,19284,3aa49f28-936c-4486-a523-d4e655c1fb33,expense_voucher,2026-07-03T23:52:29.239102+00:00,2026-07-03T17:52:29.832398+00:00
8da02079-2207-43e3-a5b5-7ecf967233ef,2026-07-03T23:52:29.239102+00:00,b55dbb04-1929-4e1f-ba74-623ef5c058e1,True,,19285,7a8447c3-500f-43be-baaa-618f1baefed1,expense_voucher,2026-07-03T23:52:29.239102+00:00,2026-07-03T17:52:29.832398+00:00
8da02079-2207-43e3-a5b5-7ecf967233ef,2026-07-03T23:52:29.239102+00:00,8d9a4273-5fe5-43f6-b298-4e326ef50dcc,True,,19286,b5e68276-b2c8-4822-b305-7582cb4c015f,expense_voucher,2026-07-03T23:52:29.239102+00:00,2026-07-03T17:52:29.832398+00:00
8da02079-2207-43e3-a5b5-7ecf967233ef,2026-07-03T23:52:29.239102+00:00,ce561ce0-486a-4660-b324-e7ca311113c8,True,,19287,4b0ac1a0-5ee2-4459-9218-6d4e38e9cd84,expense_voucher,2026-07-03T23:52:29.239102+00:00,2026-07-03T17:52:29.832398+00:00
8da02079-2207-43e3-a5b5-7ecf967233ef,2026-07-03T23:52:29.239102+00:00,3a9e334b-2b63-4356-a9e0-a514c9153b91,True,,19288,62af222f-b13c-4008-8554-3495cd4229d1,expense_voucher,2026-07-03T23:52:29.239102+00:00,2026-07-03T17:52:29.832398+00:00
8da02079-2207-43e3-a5b5-7ecf967233ef,2026-07-03T23:52:29.239102+00:00,211df762-160c-4e4e-a93f-7bcf9448c0d6,True,,19289,85419cd6-564e-481e-8306-2c7d6c70ba7f,expense_voucher,2026-07-03T23:52:29.239102+00:00,2026-07-03T17:52:29.832398+00:00
8da02079-2207-43e3-a5b5-7ecf967233ef,2026-07-03T23:52:29.239102+00:00,581fad2c-6324-4e0b-8fd7-fbd2c57a544b,True,,19290,d9c22203-928e-4529-9897-8dffc2ef8c54,expense_voucher,2026-07-03T23:52:29.239102+00:00,2026-07-03T17:52:29.832398+00:00
8da02079-2207-43e3-a5b5-7ecf967233ef,2026-07-03T23:52:29.239102+00:00,76fe1cb7-4873-476d-a652-0aaec3730672,True,,19291,1847574b-055b-490f-aca8-ca6d820471a5,expense_voucher,2026-07-03T23:52:29.239102+00:00,2026-07-03T17:52:29.832398+00:00
8da02079-2207-43e3-a5b5-7ecf967233ef,2026-07-03T23:52:29.239102+00:00,cb24052b-19fd-47bc-ad41-b29cc2852c75,True,,19292,1b00bbe5-d874-4529-820e-31de77404d38,expense_voucher,2026-07-03T23:52:29.239102+00:00,2026-07-03T17:52:29.832398+00:00
8da02079-2207-43e3-a5b5-7ecf967233ef,2026-07-03T23:52:29.239102+00:00,013638f7-751a-40aa-bfaa-c4f15ce799d6,True,,19293,3650687e-4744-4e08-9f7f-beca133cfd53,expense_voucher,2026-07-03T23:52:29.239102+00:00,2026-07-03T17:52:29.832398+00:00
8da02079-2207-43e3-a5b5-7ecf967233ef,2026-07-03T23:52:29.239102+00:00,f254d2cf-4d4f-46d7-b421-4146f1428700,True,,19294,42664f6b-3933-4be9-965d-11aa2b02d285,expense_voucher,2026-07-03T23:52:29.239102+00:00,2026-07-03T17:52:29.832398+00:00
8da02079-2207-43e3-a5b5-7ecf967233ef,2026-07-03T23:52:29.239102+00:00,de0d2780-b1c5-4f71-9de3-1ec3598bca69,True,,19295,837613ba-aa84-4a6b-80d7-05b1c9e03947,expense_voucher,2026-07-03T23:52:29.239102+00:00,2026-07-03T17:52:29.832398+00:00
8da02079-2207-43e3-a5b5-7ecf967233ef,2026-07-03T23:52:29.239102+00:00,e36dc048-d88d-4820-8af9-37c8dce43d51,True,,19296,893e1e03-f784-40d0-9f78-88b9a8927375,expense_voucher,2026-07-03T23:52:29.239102+00:00,2026-07-03T17:52:29.832398+00:00
8da02079-2207-43e3-a5b5-7ecf967233ef,2026-07-03T23:52:29.239102+00:00,4be03d8e-d1f4-4175-b28b-2e5a9064433d,True,,12,2d829944-0ae9-4483-91fc-f627cb9f81d4,deposit_voucher,2026-07-03T23:52:29.239102+00:00,2026-07-03T17:52:29.832398+00:00
8da02079-2207-43e3-a5b5-7ecf967233ef,2026-07-03T23:52:29.239102+00:00,34e53361-95ef-4589-ac5d-28594888ae0e,True,,373,1ceabd64-3025-4d1c-a7a4-8622ad36839b,deposit_voucher,2026-07-03T23:52:29.239102+00:00,2026-07-03T17:52:29.832398+00:00
8da02079-2207-43e3-a5b5-7ecf967233ef,2026-07-03T23:52:29.239102+00:00,e0fb23f4-8a4e-4c4d-b7e8-abd85a5f7e3d,True,,374,3f0c5bd5-cad9-4ab5-951b-7081a017f9d7,deposit_voucher,2026-07-03T23:52:29.239102+00:00,2026-07-03T17:52:29.832398+00:00
8da02079-2207-43e3-a5b5-7ecf967233ef,2026-07-03T23:52:29.239102+00:00,72a2e6db-b97b-4e88-9d26-39285eafcbde,True,,375,b2fff774-e433-46ed-964a-237656223a29,deposit_voucher,2026-07-03T23:52:29.239102+00:00,2026-07-03T17:52:29.832398+00:00
8da02079-2207-43e3-a5b5-7ecf967233ef,2026-07-03T23:52:29.239102+00:00,43d62e86-fb7d-438a-b9b0-990ac25b9c34,True,,376,46bc48cc-0ac1-4d27-a356-735d779c7031,deposit_voucher,2026-07-03T23:52:29.239102+00:00,2026-07-03T17:52:29.832398+00:00
8da02079-2207-43e3-a5b5-7ecf967233ef,2026-07-03T23:52:29.239102+00:00,bd029c71-7c91-4d89-bb3f-5fca3d591fd2,True,,377,a59c64f4-b618-442d-9e33-3d4ae3d318e5,deposit_voucher,2026-07-03T23:52:29.239102+00:00,2026-07-03T17:52:29.832398+00:00
8da02079-2207-43e3-a5b5-7ecf967233ef,2026-07-03T23:52:29.239102+00:00,1bcbadfc-cd12-4be3-80e0-a554f16499e2,True,,57318,13dcb33a-6ef6-4ea0-b81a-717271483328,purchase_ticket,2026-07-03T23:52:29.239102+00:00,2026-07-03T17:52:29.832398+00:00
8da02079-2207-43e3-a5b5-7ecf967233ef,2026-07-03T23:52:29.239102+00:00,97e4c991-a540-483c-bad8-c61513099507,True,,57375,b6230455-e6a2-4fd9-8fd6-2f47da0e5e6e,purchase_ticket,2026-07-03T23:52:29.239102+00:00,2026-07-03T17:52:29.832398+00:00
8da02079-2207-43e3-a5b5-7ecf967233ef,2026-07-03T23:52:29.239102+00:00,4f36c12d-b408-4c05-862e-261b799a1214,True,,57402,a5f9de98-9bb0-4813-b62d-ae9d507dc120,purchase_ticket,2026-07-03T23:52:29.239102+00:00,2026-07-03T17:52:29.832398+00:00
8da02079-2207-43e3-a5b5-7ecf967233ef,2026-07-03T23:52:29.239102+00:00,3026872d-fe8a-4d29-9b1f-346dcffb6eb1,True,,57403,4174d342-d70e-452f-a027-0d8655e92a44,purchase_ticket,2026-07-03T23:52:29.239102+00:00,2026-07-03T17:52:29.832398+00:00
8da02079-2207-43e3-a5b5-7ecf967233ef,2026-07-03T23:52:29.239102+00:00,7130293b-bc95-466d-add1-5cc3d7427fcf,True,,57404,3a0de03b-1376-4ebb-b9f3-38b6702a0360,purchase_ticket,2026-07-03T23:52:29.239102+00:00,2026-07-03T17:52:29.832398+00:00
8da02079-2207-43e3-a5b5-7ecf967233ef,2026-07-03T23:52:29.239102+00:00,e3408fe3-72b3-49c5-9061-940567783bc1,True,,57405,297d9643-736f-4331-b751-f3836cafe30a,purchase_ticket,2026-07-03T23:52:29.239102+00:00,2026-07-03T17:52:29.832398+00:00
8da02079-2207-43e3-a5b5-7ecf967233ef,2026-07-03T23:52:29.239102+00:00,7b6ca965-2c59-42c6-962d-fafa2ea64474,True,,57406,084b64a8-3077-4045-9746-7c38e529975c,purchase_ticket,2026-07-03T23:52:29.239102+00:00,2026-07-03T17:52:29.832398+00:00
8da02079-2207-43e3-a5b5-7ecf967233ef,2026-07-03T23:52:29.239102+00:00,9cdd5401-fcb1-4bdf-a3e9-bea02f1e170e,True,,57407,9ac60073-8a38-40de-8c57-abced56ec130,purchase_ticket,2026-07-03T23:52:29.239102+00:00,2026-07-03T17:52:29.832398+00:00
8da02079-2207-43e3-a5b5-7ecf967233ef,2026-07-03T23:52:29.239102+00:00,980bdb60-33b4-46d3-90e6-5a89462dea0c,True,,57408,3873e38f-2ea0-4c0f-a581-eb5782e956b0,purchase_ticket,2026-07-03T23:52:29.239102+00:00,2026-07-03T17:52:29.833352+00:00
8da02079-2207-43e3-a5b5-7ecf967233ef,2026-07-03T23:52:29.239102+00:00,cb746c64-57d4-478b-b932-73894c1fe172,True,,57409,a617fba1-df00-4357-9ef6-3a78489bcf52,purchase_ticket,2026-07-03T23:52:29.239102+00:00,2026-07-03T17:52:29.833352+00:00
8da02079-2207-43e3-a5b5-7ecf967233ef,2026-07-03T23:52:29.239102+00:00,c2d7d149-1740-4e6f-8fb8-2fe83d85ea59,True,,57410,c979435b-8c15-4a82-80df-70d6ae9cf071,purchase_ticket,2026-07-03T23:52:29.239102+00:00,2026-07-03T17:52:29.833352+00:00
8da02079-2207-43e3-a5b5-7ecf967233ef,2026-07-03T23:52:29.239102+00:00,c176789c-c120-4976-961a-5ef7209638d5,True,,57411,316fe56b-511b-4e07-b537-29762373b3ef,purchase_ticket,2026-07-03T23:52:29.239102+00:00,2026-07-03T17:52:29.833352+00:00
8da02079-2207-43e3-a5b5-7ecf967233ef,2026-07-03T23:52:29.239102+00:00,08577efd-8930-419c-81a1-126baf1fb0b2,True,,57412,66c0fb4a-f144-4270-b93b-68134e357710,purchase_ticket,2026-07-03T23:52:29.239102+00:00,2026-07-03T17:52:29.833352+00:00
8da02079-2207-43e3-a5b5-7ecf967233ef,2026-07-03T23:52:29.239102+00:00,4e4b0b34-7a13-487f-ae96-9e4cfe0ae4e5,True,,57413,8a31f845-57e0-4232-80fa-afbb5fa1fc44,purchase_ticket,2026-07-03T23:52:29.239102+00:00,2026-07-03T17:52:29.833352+00:00
8da02079-2207-43e3-a5b5-7ecf967233ef,2026-07-03T23:52:29.239102+00:00,69c71709-fb25-4443-8298-6c37f674ac80,True,,57414,5d22c4a8-cb78-42e3-815d-ed3c80d0ee95,purchase_ticket,2026-07-03T23:52:29.239102+00:00,2026-07-03T17:52:29.833352+00:00
8da02079-2207-43e3-a5b5-7ecf967233ef,2026-07-03T23:52:29.239102+00:00,9644bb5c-2166-4d63-9650-8b071a5edbdc,True,,57416,c63b6782-0d74-4353-aeb2-91a5e721005f,purchase_ticket,2026-07-03T23:52:29.239102+00:00,2026-07-03T17:52:29.833352+00:00
8da02079-2207-43e3-a5b5-7ecf967233ef,2026-07-03T23:52:29.239102+00:00,bb0ed3ea-eb91-4faf-ada3-eda55b5601dc,True,,57417,a288960e-e00e-4561-9823-04b179453202,purchase_ticket,2026-07-03T23:52:29.239102+00:00,2026-07-03T17:52:29.833352+00:00
8da02079-2207-43e3-a5b5-7ecf967233ef,2026-07-03T23:52:29.239102+00:00,81007053-d5c9-4bf7-ac06-e5f791650703,True,,57418,299c3a69-8555-4e2b-b318-8776fb519dcb,purchase_ticket,2026-07-03T23:52:29.239102+00:00,2026-07-03T17:52:29.833352+00:00
8da02079-2207-43e3-a5b5-7ecf967233ef,2026-07-03T23:52:29.239102+00:00,15e248ca-f586-4050-8dba-0bf534b0958a,True,comprobar,19231,d937a706-ba85-4ddd-8b0c-d2cdd7a5f8c7,expense_voucher,2026-07-07T14:07:11.612528+00:00,2026-07-07T08:07:12.485209+00:00
8da02079-2207-43e3-a5b5-7ecf967233ef,2026-07-03T23:52:29.239102+00:00,1e98d79f-5931-42a2-90d9-12118498ef16,True,comprobar,19161,178fb544-a6ea-45dd-8613-6efa827ee420,expense_voucher,2026-07-07T14:07:11.612528+00:00,2026-07-07T08:07:12.485209+00:00
8da02079-2207-43e3-a5b5-7ecf967233ef,2026-07-03T23:52:29.239102+00:00,2cc6bef5-3e85-4c69-b571-d99a6be54fa4,True,comprobar,19277,8d13345d-29cb-4df6-a637-b935712da7dc,expense_voucher,2026-07-07T14:07:11.612528+00:00,2026-07-07T08:07:12.485209+00:00
8da02079-2207-43e3-a5b5-7ecf967233ef,2026-07-03T23:52:29.239102+00:00,6742dd34-aaff-42f6-817d-36de4482c561,True,commprobar,19275,914759de-575c-4c19-8e65-bc8541e61a54,expense_voucher,2026-07-07T14:07:11.612528+00:00,2026-07-07T08:07:12.485209+00:00
d3b8af80-355f-4e95-b66a-40f0575633ef,2026-06-29T18:04:54.15327+00:00,800dd4dd-bd5c-4f41-9b4b-8722d06eb800,True,COMPROBAR,19181,f4c9d5ad-6a73-4f4a-b5b9-e2774b3b9197,expense_voucher,2026-07-02T14:11:14.996132+00:00,2026-07-02T08:11:15.505512+00:00
d3b8af80-355f-4e95-b66a-40f0575633ef,2026-06-29T18:04:54.15327+00:00,c7d8cd7a-137c-4825-a11a-ab2cf7c69738,True,COMPROBAR,19161,178fb544-a6ea-45dd-8613-6efa827ee420,expense_voucher,2026-07-02T14:11:14.996132+00:00,2026-07-02T08:11:15.505512+00:00
d3b8af80-355f-4e95-b66a-40f0575633ef,2026-06-29T18:04:54.15327+00:00,5b0126bb-2e3d-4a81-b0aa-df105e21b703,True,COMPROBAR,19226,9400ddad-8e3f-4f69-8ca8-e419b993fa65,expense_voucher,2026-07-02T14:11:14.996132+00:00,2026-07-02T08:11:15.505512+00:00
d3b8af80-355f-4e95-b66a-40f0575633ef,2026-06-29T18:04:54.15327+00:00,78e18978-0f1e-49b3-900b-b3253861c1b4,True,PENDIENTE,57273,6b6beceb-bea3-4af5-94c2-4c090732c548,purchase_ticket,2026-07-02T14:11:14.996132+00:00,2026-07-02T08:11:15.505512+00:00
8da02079-2207-43e3-a5b5-7ecf967233ef,2026-07-03T23:52:29.239102+00:00,e946b8b1-cb6c-4226-ab01-7e73901c83a3,True,,57419,aad93a11-e107-4b7e-bc5a-b9ca76dcd2f2,purchase_ticket,2026-07-03T23:52:29.239102+00:00,2026-07-03T17:52:29.833352+00:00
8da02079-2207-43e3-a5b5-7ecf967233ef,2026-07-03T23:52:29.239102+00:00,2d0b451f-24af-4d8e-b1e1-7d3f8f68a2f2,True,,57420,8b801d27-5a9f-4223-a3ac-0432c9f83252,purchase_ticket,2026-07-03T23:52:29.239102+00:00,2026-07-03T17:52:29.833352+00:00
8da02079-2207-43e3-a5b5-7ecf967233ef,2026-07-03T23:52:29.239102+00:00,eed11e50-6390-4b1b-a793-b940f667842a,True,,57421,b028e5f5-32c0-404e-b6ea-c81a0c8aeafd,purchase_ticket,2026-07-03T23:52:29.239102+00:00,2026-07-03T17:52:29.833352+00:00
8da02079-2207-43e3-a5b5-7ecf967233ef,2026-07-03T23:52:29.239102+00:00,f19cfa1b-a51e-44ef-97c1-54bfc1bbebf8,True,,57422,e5638a7d-fae7-4f3a-a7da-f994af5043ec,purchase_ticket,2026-07-03T23:52:29.239102+00:00,2026-07-03T17:52:29.833352+00:00
8da02079-2207-43e3-a5b5-7ecf967233ef,2026-07-03T23:52:29.239102+00:00,1348d105-9cd6-4ddb-9f96-efa157056281,True,,57423,c7feeb6a-905b-4fc1-8515-57916f02e4af,purchase_ticket,2026-07-03T23:52:29.239102+00:00,2026-07-03T17:52:29.833352+00:00
8da02079-2207-43e3-a5b5-7ecf967233ef,2026-07-03T23:52:29.239102+00:00,9700ee76-b47d-42cc-accc-8c97266f55a5,True,,57424,9ecdae9f-09ee-4360-8a00-2d821c9138b5,purchase_ticket,2026-07-03T23:52:29.239102+00:00,2026-07-03T17:52:29.833352+00:00
8da02079-2207-43e3-a5b5-7ecf967233ef,2026-07-03T23:52:29.239102+00:00,c6a3c1aa-34a0-49a9-bbb5-4542e3ebee10,True,,57425,bc2bd972-224a-412b-8a64-4c9173e6812f,purchase_ticket,2026-07-03T23:52:29.239102+00:00,2026-07-03T17:52:29.833352+00:00
8da02079-2207-43e3-a5b5-7ecf967233ef,2026-07-03T23:52:29.239102+00:00,962134d7-06f9-4500-b348-57510843fc6a,True,,57426,d6c47a0d-5d0b-4959-80cd-6d88378fcc31,purchase_ticket,2026-07-03T23:52:29.239102+00:00,2026-07-03T17:52:29.833352+00:00
8da02079-2207-43e3-a5b5-7ecf967233ef,2026-07-03T23:52:29.239102+00:00,a5ad0926-8321-4f05-bf6b-9361ee836e07,True,,57427,70e94eca-9ffe-401d-a74f-f9452ff67706,purchase_ticket,2026-07-03T23:52:29.239102+00:00,2026-07-03T17:52:29.833352+00:00
8da02079-2207-43e3-a5b5-7ecf967233ef,2026-07-03T23:52:29.239102+00:00,1d78e040-354e-47b3-81d8-9410142186cd,True,,57428,06b8657a-a4bf-44ba-8694-6a275e9f4e27,purchase_ticket,2026-07-03T23:52:29.239102+00:00,2026-07-03T17:52:29.833352+00:00
8da02079-2207-43e3-a5b5-7ecf967233ef,2026-07-03T23:52:29.239102+00:00,07989bdf-bb44-4b50-8604-3512ce86b2a8,True,,82151,b39a6195-cf34-4e37-ba8a-ac56b73dc050,purchase_ticket,2026-07-03T23:52:29.239102+00:00,2026-07-03T17:52:29.833352+00:00
8da02079-2207-43e3-a5b5-7ecf967233ef,2026-07-03T23:52:29.239102+00:00,0940f0f5-7b60-4391-b879-b6aa51dfe74d,True,,82445,e8f7ac07-db0f-45a6-b10e-60f5095d6555,purchase_ticket,2026-07-03T23:52:29.239102+00:00,2026-07-03T17:52:29.833352+00:00
8da02079-2207-43e3-a5b5-7ecf967233ef,2026-07-03T23:52:29.239102+00:00,6507ee9f-928a-4a94-9aca-5f05e1825861,True,,82456,1dbb046a-6121-4879-b380-0078f2a91ed3,purchase_ticket,2026-07-03T23:52:29.239102+00:00,2026-07-03T17:52:29.833352+00:00
8da02079-2207-43e3-a5b5-7ecf967233ef,2026-07-03T23:52:29.239102+00:00,793f1934-6d4c-4aa1-a93a-bad39bf3d79b,True,,82457,0ef2e26f-9e39-433d-90ee-23cf6979148d,purchase_ticket,2026-07-03T23:52:29.239102+00:00,2026-07-03T17:52:29.833352+00:00
8da02079-2207-43e3-a5b5-7ecf967233ef,2026-07-03T23:52:29.239102+00:00,841eea4e-2001-4792-9541-c7fe6d977e0a,True,,82461,6bf0f62a-3751-4899-8bbc-dc7a7805d5b7,purchase_ticket,2026-07-03T23:52:29.239102+00:00,2026-07-03T17:52:29.833352+00:00
8da02079-2207-43e3-a5b5-7ecf967233ef,2026-07-03T23:52:29.239102+00:00,44581416-5fdc-4242-914e-29e7a591dd9f,True,,82466,ebc38bc2-08f7-44ec-af47-862be8fdddc6,purchase_ticket,2026-07-03T23:52:29.239102+00:00,2026-07-03T17:52:29.833352+00:00
8da02079-2207-43e3-a5b5-7ecf967233ef,2026-07-03T23:52:29.239102+00:00,0685c7cd-d1f0-4e72-b52f-519d975ef3ad,True,,82470,6ebd86ba-c1da-47c8-9bfa-51f57fa6ebaa,purchase_ticket,2026-07-03T23:52:29.239102+00:00,2026-07-03T17:52:29.833352+00:00
8da02079-2207-43e3-a5b5-7ecf967233ef,2026-07-03T23:52:29.239102+00:00,4f5cf436-96c6-42a6-928b-f56e32375fad,True,,82471,6668c678-f50e-4c1f-9fc2-fe0275a1e468,purchase_ticket,2026-07-03T23:52:29.239102+00:00,2026-07-03T17:52:29.833352+00:00
8da02079-2207-43e3-a5b5-7ecf967233ef,2026-07-03T23:52:29.239102+00:00,8d47680d-50c2-4cc5-875b-061be46cd738,True,,82485,e11a21c6-bc2e-476a-9a4e-58dad5adc9af,purchase_ticket,2026-07-03T23:52:29.239102+00:00,2026-07-03T17:52:29.833352+00:00
8da02079-2207-43e3-a5b5-7ecf967233ef,2026-07-03T23:52:29.239102+00:00,d7dcbcde-33fe-4740-97b7-c6df9fe4955d,True,,82486,d277f5ad-9126-49c6-ad7b-04ac00d4d4d5,purchase_ticket,2026-07-03T23:52:29.239102+00:00,2026-07-03T17:52:29.833352+00:00
8da02079-2207-43e3-a5b5-7ecf967233ef,2026-07-03T23:52:29.239102+00:00,58b57b61-342b-4e58-95df-d530aaeee678,True,,82488,ad485aa3-a319-4af4-af61-c2a84677b06f,purchase_ticket,2026-07-03T23:52:29.239102+00:00,2026-07-03T17:52:29.833352+00:00
8da02079-2207-43e3-a5b5-7ecf967233ef,2026-07-03T23:52:29.239102+00:00,7e17550b-be82-4b4b-92bd-f5b47e246e93,True,,82489,2fbe0bbc-72e7-46b1-be14-3a628bea37e8,purchase_ticket,2026-07-03T23:52:29.239102+00:00,2026-07-03T17:52:29.833352+00:00
8da02079-2207-43e3-a5b5-7ecf967233ef,2026-07-03T23:52:29.239102+00:00,d90f0abd-cc46-4d96-b947-c6ee21f7020a,True,,82546,2f240ca2-cc38-46ea-8e5f-b3a219d04139,purchase_ticket,2026-07-03T23:52:29.239102+00:00,2026-07-03T17:52:29.833352+00:00
8da02079-2207-43e3-a5b5-7ecf967233ef,2026-07-03T23:52:29.239102+00:00,a6dfb815-004d-4127-8e30-2158e52af578,True,,82560,0e44e80f-ab9b-4873-a7fb-43cf796420dd,purchase_ticket,2026-07-03T23:52:29.239102+00:00,2026-07-03T17:52:29.833352+00:00
8da02079-2207-43e3-a5b5-7ecf967233ef,2026-07-03T23:52:29.239102+00:00,59e12009-c37f-4ec5-9d2a-7b65a0a17025,True,,82561,b20c7183-0dcb-4614-9c6d-1c4ee20f5a26,purchase_ticket,2026-07-03T23:52:29.239102+00:00,2026-07-03T17:52:29.833352+00:00
8da02079-2207-43e3-a5b5-7ecf967233ef,2026-07-03T23:52:29.239102+00:00,85202971-10c8-447b-8c1b-ceef2c85dc8d,True,,82569,ecf30765-e9d2-4f10-9b5c-5d090cdec0e7,purchase_ticket,2026-07-03T23:52:29.239102+00:00,2026-07-03T17:52:29.833352+00:00
8da02079-2207-43e3-a5b5-7ecf967233ef,2026-07-03T23:52:29.239102+00:00,1a0aad04-7538-4e95-92d1-31b329ea341c,True,,82572-A,8cd1a918-f3f5-4d80-815d-58f7d799ac21,purchase_ticket,2026-07-03T23:52:29.239102+00:00,2026-07-03T17:52:29.833352+00:00
8da02079-2207-43e3-a5b5-7ecf967233ef,2026-07-03T23:52:29.239102+00:00,8dea1951-39f6-4323-9368-f437d47a5010,True,,82572-B,d08d9e67-a95c-41dd-bb3c-87c902962312,purchase_ticket,2026-07-03T23:52:29.239102+00:00,2026-07-03T17:52:29.833352+00:00
8da02079-2207-43e3-a5b5-7ecf967233ef,2026-07-03T23:52:29.239102+00:00,6f7337c3-20a4-4b37-a33b-5cec87f74346,True,,82577,a2c30a91-daeb-46ea-a322-3e92a7d92cab,purchase_ticket,2026-07-03T23:52:29.239102+00:00,2026-07-03T17:52:29.834341+00:00
8da02079-2207-43e3-a5b5-7ecf967233ef,2026-07-03T23:52:29.239102+00:00,a4d525fa-0b53-4124-ad22-704ed51581e6,True,,82580,5818a15c-5b4b-4edf-b452-5480df4d9b94,purchase_ticket,2026-07-03T23:52:29.239102+00:00,2026-07-03T17:52:29.834341+00:00
8da02079-2207-43e3-a5b5-7ecf967233ef,2026-07-03T23:52:29.239102+00:00,40856518-06ec-4e97-9614-c4944d6e829c,True,,82581,da8f5984-067a-493d-82d4-39f23039c779,purchase_ticket,2026-07-03T23:52:29.239102+00:00,2026-07-03T17:52:29.834341+00:00
8da02079-2207-43e3-a5b5-7ecf967233ef,2026-07-03T23:52:29.239102+00:00,b8c47b4f-54a9-41ee-9319-803526478517,True,,82584,afef808e-e6d3-4826-815b-6272b8fa95f3,purchase_ticket,2026-07-03T23:52:29.239102+00:00,2026-07-03T17:52:29.834341+00:00
8da02079-2207-43e3-a5b5-7ecf967233ef,2026-07-03T23:52:29.239102+00:00,5c938f0d-3052-433a-a05f-68a85ed21688,True,,82585-A,8e955be4-455f-493c-b627-3c9f4035d5eb,purchase_ticket,2026-07-03T23:52:29.239102+00:00,2026-07-03T17:52:29.834341+00:00
8da02079-2207-43e3-a5b5-7ecf967233ef,2026-07-03T23:52:29.239102+00:00,bcf110d9-739c-4681-8616-7e0938b131b4,True,,82585-B,1c2784ce-cded-4fb8-bceb-c01cf895711f,purchase_ticket,2026-07-03T23:52:29.239102+00:00,2026-07-03T17:52:29.834341+00:00
8da02079-2207-43e3-a5b5-7ecf967233ef,2026-07-03T23:52:29.239102+00:00,9e08cdb2-fa38-4257-a22d-26b56390fd7c,True,,82586-A,c72c5757-6601-4e91-a513-8d73337b37fa,purchase_ticket,2026-07-03T23:52:29.239102+00:00,2026-07-03T17:52:29.834341+00:00
8da02079-2207-43e3-a5b5-7ecf967233ef,2026-07-03T23:52:29.239102+00:00,5a80a4d8-389f-4169-a761-3acea8814496,True,,82586-B,17de94dd-a70a-42b9-b2bd-a656f0b0613c,purchase_ticket,2026-07-03T23:52:29.239102+00:00,2026-07-03T17:52:29.834341+00:00
8da02079-2207-43e3-a5b5-7ecf967233ef,2026-07-03T23:52:29.239102+00:00,be375363-cbe2-4c6d-add9-dbbda4d5feb7,True,,82588,05d5d568-0fd9-415b-a58c-c110ab08f1ce,purchase_ticket,2026-07-03T23:52:29.239102+00:00,2026-07-03T17:52:29.834341+00:00
8da02079-2207-43e3-a5b5-7ecf967233ef,2026-07-03T23:52:29.239102+00:00,b512f1fe-6a69-4f39-ac1e-8c328678e928,True,,82592,f09e1dd4-937b-4182-9549-67786fcd2742,purchase_ticket,2026-07-03T23:52:29.239102+00:00,2026-07-03T17:52:29.834341+00:00
8da02079-2207-43e3-a5b5-7ecf967233ef,2026-07-03T23:52:29.239102+00:00,3777af4a-c7e0-4b05-a5a3-0db55e23d4b7,True,,82594,e443d175-f3e8-48e3-aaa8-ef4ad68eb972,purchase_ticket,2026-07-03T23:52:29.239102+00:00,2026-07-03T17:52:29.834341+00:00
29afde5d-2255-4158-a91b-30d6bd0fb95e,2026-07-07T23:53:35.635349+00:00,a918bd98-97b8-4bab-b5f0-a3a87e51b97e,True,,82598,78a8e9bd-34c6-40fd-b433-defbdae7237a,purchase_ticket,2026-07-07T23:53:35.635349+00:00,2026-07-07T17:53:35.851268+00:00
29afde5d-2255-4158-a91b-30d6bd0fb95e,2026-07-07T23:53:35.635349+00:00,ca99ac8d-0c18-4135-8b79-942775b4ab01,True,,82632,3a7e2bec-9465-46d6-96b2-eefdbdeb49db,purchase_ticket,2026-07-07T23:53:35.635349+00:00,2026-07-07T17:53:35.851268+00:00
29afde5d-2255-4158-a91b-30d6bd0fb95e,2026-07-07T23:53:35.635349+00:00,f6c72b08-42f9-464c-bff7-f6c803e0c63e,True,,82636-A,dd48cca6-2b72-427a-a945-e11d315aaa36,purchase_ticket,2026-07-07T23:53:35.635349+00:00,2026-07-07T17:53:35.851268+00:00
29afde5d-2255-4158-a91b-30d6bd0fb95e,2026-07-07T23:53:35.635349+00:00,8cae8864-2d91-4a0b-b810-8a39e9949085,True,,82636-B,22b9467d-1dee-4026-abca-df20854583ae,purchase_ticket,2026-07-07T23:53:35.635349+00:00,2026-07-07T17:53:35.851268+00:00
29afde5d-2255-4158-a91b-30d6bd0fb95e,2026-07-07T23:53:35.635349+00:00,8668845b-eb51-4c20-97c2-80f06216b3ac,True,,82641,70413803-8186-459a-9ea6-8653daeb6d04,purchase_ticket,2026-07-07T23:53:35.635349+00:00,2026-07-07T17:53:35.851268+00:00
29afde5d-2255-4158-a91b-30d6bd0fb95e,2026-07-07T23:53:35.635349+00:00,fd53e894-aee8-442a-9718-a5bb691b5479,True,,82645,3b5f0dae-f3a8-477e-9239-bea604ed415f,purchase_ticket,2026-07-07T23:53:35.635349+00:00,2026-07-07T17:53:35.851268+00:00
29afde5d-2255-4158-a91b-30d6bd0fb95e,2026-07-07T23:53:35.635349+00:00,7c02bc63-a1d5-46a4-9870-5028101fdb94,True,,82647,9d1e5af5-88f4-4c70-ac70-76e8528fdfcf,purchase_ticket,2026-07-07T23:53:35.635349+00:00,2026-07-07T17:53:35.851268+00:00
d3b8af80-355f-4e95-b66a-40f0575633ef,2026-06-29T18:04:54.15327+00:00,6591deb4-1381-46ef-893f-a3b9d2ff8e31,True,,349,90895220-e01d-4713-b8c3-cbcd5a061142,deposit_voucher,2026-06-29T18:04:54.15327+00:00,2026-06-29T12:04:54.151806+00:00
d3b8af80-355f-4e95-b66a-40f0575633ef,2026-06-29T18:04:54.15327+00:00,35ac94de-3632-4095-80e8-a08b9513729e,True,,350,278219ea-6787-4549-8530-b9a559f8e5c3,deposit_voucher,2026-06-29T18:04:54.15327+00:00,2026-06-29T12:04:54.151806+00:00
d3b8af80-355f-4e95-b66a-40f0575633ef,2026-06-29T18:04:54.15327+00:00,a2f926e2-0079-464a-aeca-eb28cfe851e6,True,,351,25d96f8d-d0d2-4b55-a283-b765f872238c,deposit_voucher,2026-06-29T18:04:54.15327+00:00,2026-06-29T12:04:54.151806+00:00
d3b8af80-355f-4e95-b66a-40f0575633ef,2026-06-29T18:04:54.15327+00:00,7e17f71c-ccf7-425c-a04f-8a99ad6fb699,True,,11,3e72a95c-19c1-4a70-893a-1a83c7dfbe94,deposit_voucher,2026-06-29T18:04:54.15327+00:00,2026-06-29T12:04:54.151806+00:00
d3b8af80-355f-4e95-b66a-40f0575633ef,2026-06-29T18:04:54.15327+00:00,f7f77502-0e30-430e-8ff1-a91bd97a735e,True,,19201,348139c3-6e7f-46a5-b584-8b187f1799a3,expense_voucher,2026-06-29T18:04:54.15327+00:00,2026-06-29T12:04:54.151806+00:00
d3b8af80-355f-4e95-b66a-40f0575633ef,2026-06-29T18:04:54.15327+00:00,5b420609-b842-44cc-910e-19fe1296ac84,True,,19202,8d8c0104-8383-4a82-97a9-b959e3a39c49,expense_voucher,2026-06-29T18:04:54.15327+00:00,2026-06-29T12:04:54.151806+00:00
d3b8af80-355f-4e95-b66a-40f0575633ef,2026-06-29T18:04:54.15327+00:00,98bf50d8-cebb-490d-9c9f-520bb3d3916e,True,,19203,6c9894c7-e577-4634-a3fb-97d025a61d05,expense_voucher,2026-06-29T18:04:54.15327+00:00,2026-06-29T12:04:54.151806+00:00
d3b8af80-355f-4e95-b66a-40f0575633ef,2026-06-29T18:04:54.15327+00:00,53be5e76-66c1-4eb6-a34b-986c61064599,True,,19204,c00665fd-4e75-4c4c-b15c-9457c0a3a3bf,expense_voucher,2026-06-29T18:04:54.15327+00:00,2026-06-29T12:04:54.151806+00:00
d3b8af80-355f-4e95-b66a-40f0575633ef,2026-06-29T18:04:54.15327+00:00,77410f86-7c2d-4244-91d4-9d400a59acd4,True,,19205,249091e3-743b-4280-97cd-9c48df11a2ea,expense_voucher,2026-06-29T18:04:54.15327+00:00,2026-06-29T12:04:54.151806+00:00
d3b8af80-355f-4e95-b66a-40f0575633ef,2026-06-29T18:04:54.15327+00:00,66435fa4-8dce-4f5e-9430-02aea3cad628,True,,19206,4a306724-f4b6-4614-832c-0cc1ae933dc4,expense_voucher,2026-06-29T18:04:54.15327+00:00,2026-06-29T12:04:54.152799+00:00
d3b8af80-355f-4e95-b66a-40f0575633ef,2026-06-29T18:04:54.15327+00:00,ffa45292-dc16-4ed9-88f2-b8c570a8f33c,True,,19207,fcb178df-0a27-451e-bd22-34887c1682ba,expense_voucher,2026-06-29T18:04:54.15327+00:00,2026-06-29T12:04:54.152799+00:00
d3b8af80-355f-4e95-b66a-40f0575633ef,2026-06-29T18:04:54.15327+00:00,5684bde4-5992-43f4-8dfe-06c575b779f5,True,,19208,f86f6a55-a59d-4fb2-9747-9d423324e4d4,expense_voucher,2026-06-29T18:04:54.15327+00:00,2026-06-29T12:04:54.152799+00:00
d3b8af80-355f-4e95-b66a-40f0575633ef,2026-06-29T18:04:54.15327+00:00,41a4cd6d-89e3-42c1-b845-18389e0dab2d,True,,19209,b1edf0f7-241c-42e9-b177-dca71a070160,expense_voucher,2026-06-29T18:04:54.15327+00:00,2026-06-29T12:04:54.152799+00:00
d3b8af80-355f-4e95-b66a-40f0575633ef,2026-06-29T18:04:54.15327+00:00,03847677-fee2-4a00-9c69-64a5976f8a94,True,,19210,803ffc84-db52-4300-a403-b6d285173c1b,expense_voucher,2026-06-29T18:04:54.15327+00:00,2026-06-29T12:04:54.152799+00:00
d3b8af80-355f-4e95-b66a-40f0575633ef,2026-06-29T18:04:54.15327+00:00,1da7a8ca-1c75-4eaa-bd8e-1289c1cf954c,True,,19211,e14dd366-591f-48e3-b903-9c7b07a5f013,expense_voucher,2026-06-29T18:04:54.15327+00:00,2026-06-29T12:04:54.152799+00:00
d3b8af80-355f-4e95-b66a-40f0575633ef,2026-06-29T18:04:54.15327+00:00,53243e4b-cb33-412a-8a5a-598767d3b207,True,,19212,85d243cd-0fe2-4b0b-9762-68814cd9195a,expense_voucher,2026-06-29T18:04:54.15327+00:00,2026-06-29T12:04:54.152799+00:00
d3b8af80-355f-4e95-b66a-40f0575633ef,2026-06-29T18:04:54.15327+00:00,7453e80c-20f7-4e22-a4e7-e8586e97c495,True,,19213,aeee9d5d-8da5-4d95-b4f7-f70251149f8d,expense_voucher,2026-06-29T18:04:54.15327+00:00,2026-06-29T12:04:54.152799+00:00
d3b8af80-355f-4e95-b66a-40f0575633ef,2026-06-29T18:04:54.15327+00:00,16c05328-7e26-45cd-b29b-1a362a039c4d,True,,19214,6d2735ed-5e0f-4e8c-b2f0-0f74d0c09270,expense_voucher,2026-06-29T18:04:54.15327+00:00,2026-06-29T12:04:54.152799+00:00
d3b8af80-355f-4e95-b66a-40f0575633ef,2026-06-29T18:04:54.15327+00:00,59a5fec0-678c-43b1-bf47-a06135f1c8fb,True,,19215,5487b057-69eb-4c99-9616-6acc4ffbbdff,expense_voucher,2026-06-29T18:04:54.15327+00:00,2026-06-29T12:04:54.152799+00:00
d3b8af80-355f-4e95-b66a-40f0575633ef,2026-06-29T18:04:54.15327+00:00,b98f33aa-56d5-47d0-b9fb-3666740f011a,True,,19216,8bbf82c7-6e4a-491b-b840-5462822ddd00,expense_voucher,2026-06-29T18:04:54.15327+00:00,2026-06-29T12:04:54.152799+00:00
d3b8af80-355f-4e95-b66a-40f0575633ef,2026-06-29T18:04:54.15327+00:00,6dc2fdf8-80f1-43de-9b12-7ae20d6aa0f9,True,,19217,7f4fdc2c-060d-4ee0-8233-14549a226d06,expense_voucher,2026-06-29T18:04:54.15327+00:00,2026-06-29T12:04:54.152799+00:00
d3b8af80-355f-4e95-b66a-40f0575633ef,2026-06-29T18:04:54.15327+00:00,81e8de9f-17c5-4f8d-a842-a63840d4bd5f,True,,19218,0c866a35-e747-405e-a90a-03fcbed135eb,expense_voucher,2026-06-29T18:04:54.15327+00:00,2026-06-29T12:04:54.152799+00:00
d3b8af80-355f-4e95-b66a-40f0575633ef,2026-06-29T18:04:54.15327+00:00,5549d4e4-9b10-40ca-a765-0ed2fb5703c4,True,,19219,f1a210fc-67a9-4d00-8081-8cf68cbde2b8,expense_voucher,2026-06-29T18:04:54.15327+00:00,2026-06-29T12:04:54.152799+00:00
d3b8af80-355f-4e95-b66a-40f0575633ef,2026-06-29T18:04:54.15327+00:00,2d0f797e-78c1-49ca-8812-901f80ae2595,True,,19220,22af986f-43aa-487e-bb59-67aff4c455c4,expense_voucher,2026-06-29T18:04:54.15327+00:00,2026-06-29T12:04:54.152799+00:00
d3b8af80-355f-4e95-b66a-40f0575633ef,2026-06-29T18:04:54.15327+00:00,ae9002ff-bd93-4925-aacb-6f27bda627e2,True,,19221,57da0e8b-d3d1-4b51-b538-53bf884cb3e2,expense_voucher,2026-06-29T18:04:54.15327+00:00,2026-06-29T12:04:54.152799+00:00
d3b8af80-355f-4e95-b66a-40f0575633ef,2026-06-29T18:04:54.15327+00:00,52cb0bf4-4858-4a3e-9eec-525488f1e381,True,,19222,f9910b25-3a5d-47ca-8791-4ddfea106a96,expense_voucher,2026-06-29T18:04:54.15327+00:00,2026-06-29T12:04:54.152799+00:00
d3b8af80-355f-4e95-b66a-40f0575633ef,2026-06-29T18:04:54.15327+00:00,a2eac8a1-3616-4bbc-a954-f538c2bc29e3,True,,19223,92ca6828-a23e-4c2c-928f-44c50080b501,expense_voucher,2026-06-29T18:04:54.15327+00:00,2026-06-29T12:04:54.152799+00:00
d3b8af80-355f-4e95-b66a-40f0575633ef,2026-06-29T18:04:54.15327+00:00,5d984702-6e33-49d9-bff7-e796dd169b29,True,,19224,5c1cddef-32f6-4f8e-b25e-9a7f55bdf82a,expense_voucher,2026-06-29T18:04:54.15327+00:00,2026-06-29T12:04:54.152799+00:00
d3b8af80-355f-4e95-b66a-40f0575633ef,2026-06-29T18:04:54.15327+00:00,43fd09a4-7325-45c7-9599-f6b67c5e5bd7,True,,19225,7f0c10d2-066b-4241-b710-68c7aed87f90,expense_voucher,2026-06-29T18:04:54.15327+00:00,2026-06-29T12:04:54.152799+00:00
d3b8af80-355f-4e95-b66a-40f0575633ef,2026-06-29T18:04:54.15327+00:00,7a20717b-46d8-434b-991f-a2a001fb42b6,True,,5569,2240f152-88d7-4edd-b1d3-768f9037b6d6,purchase_ticket,2026-06-29T18:04:54.15327+00:00,2026-06-29T12:04:54.152799+00:00
d3b8af80-355f-4e95-b66a-40f0575633ef,2026-06-29T18:04:54.15327+00:00,bed7cb9b-c735-4e58-ad5c-c4d1abaec1c5,True,,56601,3a5a2844-5bf6-4a32-be83-ced888997ea1,purchase_ticket,2026-06-29T18:04:54.15327+00:00,2026-06-29T12:04:54.152799+00:00
d3b8af80-355f-4e95-b66a-40f0575633ef,2026-06-29T18:04:54.15327+00:00,a9a69b44-ee99-4efa-8583-4a942a86c731,True,,56758,b0e693ed-9cdf-4587-bb47-f499b622fec0,purchase_ticket,2026-06-29T18:04:54.15327+00:00,2026-06-29T12:04:54.152799+00:00
d3b8af80-355f-4e95-b66a-40f0575633ef,2026-06-29T18:04:54.15327+00:00,b1f042a3-4afe-48e5-a10d-28d6ee78b03e,True,,56773,e1e29c92-5eb3-4bf3-a0f1-efb9ba7cf002,purchase_ticket,2026-06-29T18:04:54.15327+00:00,2026-06-29T12:04:54.152799+00:00
d3b8af80-355f-4e95-b66a-40f0575633ef,2026-06-29T18:04:54.15327+00:00,71ef2047-f2c0-4f00-bc10-a3f6e97b6843,True,,57222,85fa90ea-fbe8-4e98-b903-62f1f4ab5ab9,purchase_ticket,2026-06-29T18:04:54.15327+00:00,2026-06-29T12:04:54.152799+00:00
d3b8af80-355f-4e95-b66a-40f0575633ef,2026-06-29T18:04:54.15327+00:00,02003af4-74f9-4151-b69c-a81c32ca2a40,True,,57223,e115dfad-3a86-4fa5-b33c-fe401074fba5,purchase_ticket,2026-06-29T18:04:54.15327+00:00,2026-06-29T12:04:54.152799+00:00
d3b8af80-355f-4e95-b66a-40f0575633ef,2026-06-29T18:04:54.15327+00:00,344f5881-9555-4148-ba50-f2698fd638bd,True,,57224,34d87fe3-33b9-40c3-a036-d27892d74b74,purchase_ticket,2026-06-29T18:04:54.15327+00:00,2026-06-29T12:04:54.152799+00:00
d3b8af80-355f-4e95-b66a-40f0575633ef,2026-06-29T18:04:54.15327+00:00,1018197a-a26d-4b45-a9ec-5855c040c886,True,,57225,a5497f49-80e4-4cae-b50e-8108922ca7fe,purchase_ticket,2026-06-29T18:04:54.15327+00:00,2026-06-29T12:04:54.152799+00:00
d3b8af80-355f-4e95-b66a-40f0575633ef,2026-06-29T18:04:54.15327+00:00,e8d1d87a-62aa-483c-ae8e-2ebec13c38f8,True,,57230,e17c53ab-a691-4e7a-9331-a6baf3b42901,purchase_ticket,2026-06-29T18:04:54.15327+00:00,2026-06-29T12:04:54.152799+00:00
d3b8af80-355f-4e95-b66a-40f0575633ef,2026-06-29T18:04:54.15327+00:00,04c89f3c-f99a-4e4d-8f7b-b5e5724be8a5,True,,57231,cf21098d-9669-4dfa-85f9-df53d4f8df5c,purchase_ticket,2026-06-29T18:04:54.15327+00:00,2026-06-29T12:04:54.152799+00:00
d3b8af80-355f-4e95-b66a-40f0575633ef,2026-06-29T18:04:54.15327+00:00,2290d2a6-3d18-4482-a3d8-45a7d2f8af9a,True,,57238,b58860ab-1ecf-4302-a223-b92cc74a1377,purchase_ticket,2026-06-29T18:04:54.15327+00:00,2026-06-29T12:04:54.152799+00:00
d3b8af80-355f-4e95-b66a-40f0575633ef,2026-06-29T18:04:54.15327+00:00,04d55156-a4ea-4c4f-89f2-f643907b6ddf,True,,57239,d6ac9dc3-7e0e-495d-aa41-f4a715309d90,purchase_ticket,2026-06-29T18:04:54.15327+00:00,2026-06-29T12:04:54.152799+00:00
d3b8af80-355f-4e95-b66a-40f0575633ef,2026-06-29T18:04:54.15327+00:00,61973255-6e21-47ac-ad34-7dbd6a88eca9,True,,57241,2cb4b7c1-e5e7-4842-a35b-e43d2da5d807,purchase_ticket,2026-06-29T18:04:54.15327+00:00,2026-06-29T12:04:54.152799+00:00
d3b8af80-355f-4e95-b66a-40f0575633ef,2026-06-29T18:04:54.15327+00:00,0bcd6959-dea4-4220-8024-f68dc1de4328,True,,57252,05f41fa3-344f-469d-95d6-b1489b3e868f,purchase_ticket,2026-06-29T18:04:54.15327+00:00,2026-06-29T12:04:54.152799+00:00
d3b8af80-355f-4e95-b66a-40f0575633ef,2026-06-29T18:04:54.15327+00:00,0bac809d-441d-405f-a788-aa3de8491013,True,,57253,a8de5c36-9aba-46d0-be69-ebdfbebb2d5a,purchase_ticket,2026-06-29T18:04:54.15327+00:00,2026-06-29T12:04:54.152799+00:00
d3b8af80-355f-4e95-b66a-40f0575633ef,2026-06-29T18:04:54.15327+00:00,de384dc7-ef1c-4fe1-82ad-1a4189303d15,True,,57256,0748445c-9a26-47f2-9d49-a12be48b408c,purchase_ticket,2026-06-29T18:04:54.15327+00:00,2026-06-29T12:04:54.152799+00:00
d3b8af80-355f-4e95-b66a-40f0575633ef,2026-06-29T18:04:54.15327+00:00,0b069add-85af-4ae4-9a24-4baa3148542c,True,,57258,a19dca78-6f43-42c6-a977-cfd2b042ea6a,purchase_ticket,2026-06-29T18:04:54.15327+00:00,2026-06-29T12:04:54.152799+00:00
d3b8af80-355f-4e95-b66a-40f0575633ef,2026-06-29T18:04:54.15327+00:00,b6010b32-b77d-4fc9-9a3b-64cf9b40d749,True,,57260,d93d2770-7009-4a98-89ae-4daa5bf6d31c,purchase_ticket,2026-06-29T18:04:54.15327+00:00,2026-06-29T12:04:54.153795+00:00
d3b8af80-355f-4e95-b66a-40f0575633ef,2026-06-29T18:04:54.15327+00:00,5a3c200c-9878-466a-8d8b-d673749b7cf0,True,,57261,ee650597-45fb-4732-aff2-a3b3bb7b794e,purchase_ticket,2026-06-29T18:04:54.15327+00:00,2026-06-29T12:04:54.153795+00:00
d3b8af80-355f-4e95-b66a-40f0575633ef,2026-06-29T18:04:54.15327+00:00,02fd5cec-2072-472e-88e8-24f1dbb9491f,True,,57262,e99dedb6-a490-4581-a7ca-941b911c30c3,purchase_ticket,2026-06-29T18:04:54.15327+00:00,2026-06-29T12:04:54.153795+00:00
d3b8af80-355f-4e95-b66a-40f0575633ef,2026-06-29T18:04:54.15327+00:00,3e60b4ef-43d4-4e53-b0c2-4dd0a3304d9e,True,,57263,8bb060a1-c537-43ee-b8c3-3135c5bb099e,purchase_ticket,2026-06-29T18:04:54.15327+00:00,2026-06-29T12:04:54.153795+00:00
d3b8af80-355f-4e95-b66a-40f0575633ef,2026-06-29T18:04:54.15327+00:00,7f22e305-754c-4e54-b999-fd1b4063842e,True,,57264,991b420a-ccc7-4fb7-8132-0fdb9c22f2a6,purchase_ticket,2026-06-29T18:04:54.15327+00:00,2026-06-29T12:04:54.153795+00:00
d3b8af80-355f-4e95-b66a-40f0575633ef,2026-06-29T18:04:54.15327+00:00,73d44cf2-7bc9-4b40-a0aa-e0d36d0d40c6,True,,57265,b63b1188-7b5c-46fa-aaec-0cd4dfc5efb6,purchase_ticket,2026-06-29T18:04:54.15327+00:00,2026-06-29T12:04:54.153795+00:00
d3b8af80-355f-4e95-b66a-40f0575633ef,2026-06-29T18:04:54.15327+00:00,19e54f66-abf2-471a-a9f1-2718e56eead1,True,,57266,e4e3ed85-da75-4955-bfd3-deff36007090,purchase_ticket,2026-06-29T18:04:54.15327+00:00,2026-06-29T12:04:54.153795+00:00
d3b8af80-355f-4e95-b66a-40f0575633ef,2026-06-29T18:04:54.15327+00:00,63a907eb-13d2-45b5-9ff9-3f4094b7985a,True,,57267,d47ece89-a5e1-4899-8561-e3f64d688df5,purchase_ticket,2026-06-29T18:04:54.15327+00:00,2026-06-29T12:04:54.153795+00:00
d3b8af80-355f-4e95-b66a-40f0575633ef,2026-06-29T18:04:54.15327+00:00,289106d9-7fa7-4165-8dd6-9ae6bdc64ece,True,,57268,289dd727-cc7a-437a-9a5d-7486056f1ca9,purchase_ticket,2026-06-29T18:04:54.15327+00:00,2026-06-29T12:04:54.153795+00:00
d3b8af80-355f-4e95-b66a-40f0575633ef,2026-06-29T18:04:54.15327+00:00,1ddda157-ab79-4994-a9f3-046ec1315f33,True,,57269,d79ccd31-543a-4459-9519-e1d75cfe8f04,purchase_ticket,2026-06-29T18:04:54.15327+00:00,2026-06-29T12:04:54.153795+00:00
d3b8af80-355f-4e95-b66a-40f0575633ef,2026-06-29T18:04:54.15327+00:00,e041b814-86c4-4246-aec0-ab9d4651b184,True,,57270,721dc212-36cb-481e-83d9-10d3d0e72468,purchase_ticket,2026-06-29T18:04:54.15327+00:00,2026-06-29T12:04:54.153795+00:00
d3b8af80-355f-4e95-b66a-40f0575633ef,2026-06-29T18:04:54.15327+00:00,0320fe43-b881-483c-9a22-c5d7857a2e93,True,,57271,b3ddabe2-ae99-40c0-b748-a2cbaab5b896,purchase_ticket,2026-06-29T18:04:54.15327+00:00,2026-06-29T12:04:54.153795+00:00
d3b8af80-355f-4e95-b66a-40f0575633ef,2026-06-29T18:04:54.15327+00:00,ccb0b745-b4e3-4c63-ab7c-a2cd51a106fa,True,,57272,81cdd5a3-f071-4b7b-ab4c-06fefe09427f,purchase_ticket,2026-06-29T18:04:54.15327+00:00,2026-06-29T12:04:54.153795+00:00
d3b8af80-355f-4e95-b66a-40f0575633ef,2026-06-29T18:04:54.15327+00:00,2c460e97-4f58-445e-b87f-bf1ea1da00f7,True,,57274,c7056b87-82e8-4018-8628-8ad6fa7b46a3,purchase_ticket,2026-06-29T18:04:54.15327+00:00,2026-06-29T12:04:54.153795+00:00
d3b8af80-355f-4e95-b66a-40f0575633ef,2026-06-29T18:04:54.15327+00:00,3132b597-f0d8-4d17-b16b-f6ced9371c94,True,,57275,8e2821fe-fc80-4b2a-94e3-362c3ed7daef,purchase_ticket,2026-06-29T18:04:54.15327+00:00,2026-06-29T12:04:54.153795+00:00
d3b8af80-355f-4e95-b66a-40f0575633ef,2026-06-29T18:04:54.15327+00:00,8abc44f1-fb2b-4725-becc-478960aac21b,True,,57276,818b1035-4c16-42a0-91ea-1e5ffbd796a0,purchase_ticket,2026-06-29T18:04:54.15327+00:00,2026-06-29T12:04:54.153795+00:00
d3b8af80-355f-4e95-b66a-40f0575633ef,2026-06-29T18:04:54.15327+00:00,42142971-e851-4c83-aa0c-b7c18eaa5240,True,,57277,14c38885-d03b-4d1c-a415-6a8f766b8e98,purchase_ticket,2026-06-29T18:04:54.15327+00:00,2026-06-29T12:04:54.153795+00:00
d3b8af80-355f-4e95-b66a-40f0575633ef,2026-06-29T18:04:54.15327+00:00,97545e32-6905-4594-8cdb-a49f748de6c7,True,,57278,7ea02b7f-d877-45eb-bffd-8831de011103,purchase_ticket,2026-06-29T18:04:54.15327+00:00,2026-06-29T12:04:54.153795+00:00
d3b8af80-355f-4e95-b66a-40f0575633ef,2026-06-29T18:04:54.15327+00:00,d4a5e32f-f6c3-4631-bcb1-ce184ee98e52,True,,57279,c35eeed2-5c70-497b-b6dd-f791940695a3,purchase_ticket,2026-06-29T18:04:54.15327+00:00,2026-06-29T12:04:54.153795+00:00
d3b8af80-355f-4e95-b66a-40f0575633ef,2026-06-29T18:04:54.15327+00:00,2e5de71a-3d21-496c-b031-0d22c9f170dd,True,,57280,49eb70c0-fd07-4b2a-90e6-d77efcf03e05,purchase_ticket,2026-06-29T18:04:54.15327+00:00,2026-06-29T12:04:54.153795+00:00
d3b8af80-355f-4e95-b66a-40f0575633ef,2026-06-29T18:04:54.15327+00:00,7c4a1c7a-b24f-4b06-99c2-09603ce24873,True,,57281,9a3bc6fc-cbc7-4ebe-9577-ece8623267e0,purchase_ticket,2026-06-29T18:04:54.15327+00:00,2026-06-29T12:04:54.153795+00:00
d3b8af80-355f-4e95-b66a-40f0575633ef,2026-06-29T18:04:54.15327+00:00,50ff67f3-e481-4726-882a-9f1f01a4be8d,True,,57283,28e0cdc4-8bf7-469b-a479-d460e2ace733,purchase_ticket,2026-06-29T18:04:54.15327+00:00,2026-06-29T12:04:54.153795+00:00
d3b8af80-355f-4e95-b66a-40f0575633ef,2026-06-29T18:04:54.15327+00:00,28c2625b-f03b-4d6d-b109-614bab95a2aa,True,,57284,839cf319-b6e2-4546-9e5e-33e17fc98d62,purchase_ticket,2026-06-29T18:04:54.15327+00:00,2026-06-29T12:04:54.153795+00:00
d3b8af80-355f-4e95-b66a-40f0575633ef,2026-06-29T18:04:54.15327+00:00,1bf3163b-8330-4b0d-8e4e-5ebada040788,True,,57285,f7b217cb-529a-4a6d-90ef-18deed0ff54d,purchase_ticket,2026-06-29T18:04:54.15327+00:00,2026-06-29T12:04:54.153795+00:00
d3b8af80-355f-4e95-b66a-40f0575633ef,2026-06-29T18:04:54.15327+00:00,892b34af-d37b-4a67-bd73-fa2fff6c78b6,True,,57288,a7e62aed-47ae-4b7a-8544-fa01963caf2d,purchase_ticket,2026-06-29T18:04:54.15327+00:00,2026-06-29T12:04:54.153795+00:00
d3b8af80-355f-4e95-b66a-40f0575633ef,2026-06-29T18:04:54.15327+00:00,b492881a-9653-4411-acbb-59f267742e1d,True,,57289,9bbab711-ee51-4a76-8b1d-1ea181fd79e7,purchase_ticket,2026-06-29T18:04:54.15327+00:00,2026-06-29T12:04:54.153795+00:00
d3b8af80-355f-4e95-b66a-40f0575633ef,2026-06-29T18:04:54.15327+00:00,86b2ad57-8a9b-4f7f-bdec-ac5caa1d973e,True,,82248,b9ea88b5-b9da-4472-911c-1534c56767a5,purchase_ticket,2026-06-29T18:04:54.15327+00:00,2026-06-29T12:04:54.153795+00:00
d3b8af80-355f-4e95-b66a-40f0575633ef,2026-06-29T18:04:54.15327+00:00,1a976fd2-8601-40a9-88de-65f87594e58d,True,,82256,7673c350-9979-493e-8e88-e0a955cf5549,purchase_ticket,2026-06-29T18:04:54.15327+00:00,2026-06-29T12:04:54.153795+00:00
d3b8af80-355f-4e95-b66a-40f0575633ef,2026-06-29T18:04:54.15327+00:00,74f2d3a5-6879-4dd0-b2f7-ce2e3c3ed925,True,,82263,56b928af-cd35-4a4a-a113-fe1107fc8b32,purchase_ticket,2026-06-29T18:04:54.15327+00:00,2026-06-29T12:04:54.153795+00:00
d3b8af80-355f-4e95-b66a-40f0575633ef,2026-06-29T18:04:54.15327+00:00,cf816209-256f-4fc8-ae8e-a637b4d75c05,True,,82277,a2c77d7b-70e1-41df-aef7-efb748d5bb28,purchase_ticket,2026-06-29T18:04:54.15327+00:00,2026-06-29T12:04:54.153795+00:00
d3b8af80-355f-4e95-b66a-40f0575633ef,2026-06-29T18:04:54.15327+00:00,5b93d53a-e9d3-4f6c-95b4-3b1d5063c751,True,,82304,fe0a7d4f-691f-4af9-b7bc-f1ff94588b5f,purchase_ticket,2026-06-29T18:04:54.15327+00:00,2026-06-29T12:04:54.153795+00:00
d3b8af80-355f-4e95-b66a-40f0575633ef,2026-06-29T18:04:54.15327+00:00,3fb13294-0467-46bc-b09b-3d3a7a5eba11,True,,82313,2caed1cd-968f-4d5e-9f21-6176eac202e7,purchase_ticket,2026-06-29T18:04:54.15327+00:00,2026-06-29T12:04:54.153795+00:00
d3b8af80-355f-4e95-b66a-40f0575633ef,2026-06-29T18:04:54.15327+00:00,05769cc8-0fdf-4d0d-868b-1a1a0740d623,True,,82315,d96dae94-922c-46bf-ac38-169bf692ce56,purchase_ticket,2026-06-29T18:04:54.15327+00:00,2026-06-29T12:04:54.153795+00:00
d3b8af80-355f-4e95-b66a-40f0575633ef,2026-06-29T18:04:54.15327+00:00,17192ead-237d-40f0-ad81-b87aabc80c74,True,,82318,3f8eae65-4990-426c-a2cb-baa439eed7d3,purchase_ticket,2026-06-29T18:04:54.15327+00:00,2026-06-29T12:04:54.153795+00:00
d3b8af80-355f-4e95-b66a-40f0575633ef,2026-06-29T18:04:54.15327+00:00,2a0fc82c-b013-4eb2-ad79-48d625291dad,True,,82323,4a0507b4-6e51-4f2b-b5d9-b671e48ad1cb,purchase_ticket,2026-06-29T18:04:54.15327+00:00,2026-06-29T12:04:54.153795+00:00
d3b8af80-355f-4e95-b66a-40f0575633ef,2026-06-29T18:04:54.15327+00:00,82d70238-852e-47f8-8f96-c3376e28f7ae,True,,82341,cf9f5ab6-17c6-4643-98cd-f82c06d4e237,purchase_ticket,2026-06-29T18:04:54.15327+00:00,2026-06-29T12:04:54.153795+00:00
d3b8af80-355f-4e95-b66a-40f0575633ef,2026-06-29T18:04:54.15327+00:00,e530d6b6-e657-4fde-9910-56570e11f309,True,,82343,f21bdfcb-0ce6-4c91-9ad7-e963cc575200,purchase_ticket,2026-06-29T18:04:54.15327+00:00,2026-06-29T12:04:54.153795+00:00
d3b8af80-355f-4e95-b66a-40f0575633ef,2026-06-29T18:04:54.15327+00:00,f6480fd8-c9b9-4345-8a3c-b14d39648006,True,,82344,afad03ab-e0c6-4b47-89a6-8791b8942de7,purchase_ticket,2026-06-29T18:04:54.15327+00:00,2026-06-29T12:04:54.154793+00:00
d3b8af80-355f-4e95-b66a-40f0575633ef,2026-06-29T18:04:54.15327+00:00,cbc54d0a-4599-4e84-ab8d-f14011782147,True,,82353,eb585ba3-aa9b-4fce-a0fe-3cfbfe97d83b,purchase_ticket,2026-06-29T18:04:54.15327+00:00,2026-06-29T12:04:54.154793+00:00
d3b8af80-355f-4e95-b66a-40f0575633ef,2026-06-29T18:04:54.15327+00:00,ade3a068-e0c3-46be-8b03-695f3b9b3fe0,True,,82371,d7d55303-5c54-44d9-be80-749f9e008367,purchase_ticket,2026-06-29T18:04:54.15327+00:00,2026-06-29T12:04:54.154793+00:00
d3b8af80-355f-4e95-b66a-40f0575633ef,2026-06-29T18:04:54.15327+00:00,585d4c70-ceee-4d70-8d6a-1ebf9e37ef18,True,,82372,b9d8265a-aeb2-4924-ab7a-65ea2e0f5d97,purchase_ticket,2026-06-29T18:04:54.15327+00:00,2026-06-29T12:04:54.154793+00:00
d3b8af80-355f-4e95-b66a-40f0575633ef,2026-06-29T18:04:54.15327+00:00,c1713db8-acc7-4590-83ad-f59a3a083844,True,,82373,06a98e33-6097-42c9-898d-8a3930667d4e,purchase_ticket,2026-06-29T18:04:54.15327+00:00,2026-06-29T12:04:54.154793+00:00
d3b8af80-355f-4e95-b66a-40f0575633ef,2026-06-29T18:04:54.15327+00:00,4e66258f-6afe-4eab-8ace-afe19fee24bb,True,,82380,ec281b67-7847-4862-9c45-686e801f5671,purchase_ticket,2026-06-29T18:04:54.15327+00:00,2026-06-29T12:04:54.154793+00:00
d3b8af80-355f-4e95-b66a-40f0575633ef,2026-06-29T18:04:54.15327+00:00,e644199f-d3e8-4ba2-9eb7-310d032b304d,True,,82382,af04ca0c-b7ab-4f09-a879-482b250713d7,purchase_ticket,2026-06-29T18:04:54.15327+00:00,2026-06-29T12:04:54.154793+00:00
d3b8af80-355f-4e95-b66a-40f0575633ef,2026-06-29T18:04:54.15327+00:00,b3a60ba8-3d03-4241-90e6-079553ce15af,True,,82384,2120cbf1-e6b8-4d49-875b-3e79f01ee27c,purchase_ticket,2026-06-29T18:04:54.15327+00:00,2026-06-29T12:04:54.154793+00:00
d3b8af80-355f-4e95-b66a-40f0575633ef,2026-06-29T18:04:54.15327+00:00,d279cc74-d8cd-4f3d-b8fd-048040e3c97e,True,,82385,e2733afb-6ac3-4fce-a4b0-daf1b280c6c2,purchase_ticket,2026-06-29T18:04:54.15327+00:00,2026-06-29T12:04:54.154793+00:00
d3b8af80-355f-4e95-b66a-40f0575633ef,2026-06-29T18:04:54.15327+00:00,54046099-7ae3-40b9-b0ed-f3a94a9cbb8d,True,,82388,9ab1b92d-030f-496b-8b4c-ad0568a3cd21,purchase_ticket,2026-06-29T18:04:54.15327+00:00,2026-06-29T12:04:54.154793+00:00
d3b8af80-355f-4e95-b66a-40f0575633ef,2026-06-29T18:04:54.15327+00:00,a36669db-ae39-40bd-9ac9-231025b83515,True,,82389,3a5957d6-12f5-46ed-9344-debc55e7d163,purchase_ticket,2026-06-29T18:04:54.15327+00:00,2026-06-29T12:04:54.154793+00:00
d3b8af80-355f-4e95-b66a-40f0575633ef,2026-06-29T18:04:54.15327+00:00,aa244fa3-8c0e-4c8a-8027-7903340bc439,True,,82394,df27a779-a436-4bcc-87dc-86e46add63ff,purchase_ticket,2026-06-29T18:04:54.15327+00:00,2026-06-29T12:04:54.154793+00:00
d3b8af80-355f-4e95-b66a-40f0575633ef,2026-06-29T18:04:54.15327+00:00,cfb4772f-bdc6-41c2-9be0-bba764b18280,True,,82395,f90855d6-babd-406a-9b95-7cdf00501f48,purchase_ticket,2026-06-29T18:04:54.15327+00:00,2026-06-29T12:04:54.154793+00:00
d3b8af80-355f-4e95-b66a-40f0575633ef,2026-06-29T18:04:54.15327+00:00,64f6bf2c-d54a-4e03-b98e-499649f71b62,True,,82399,e736b8af-f61e-4b05-a591-88195464f1f2,purchase_ticket,2026-06-29T18:04:54.15327+00:00,2026-06-29T12:04:54.154793+00:00
d3b8af80-355f-4e95-b66a-40f0575633ef,2026-06-29T18:04:54.15327+00:00,f7465ce2-0e83-4524-ad38-f2c0e1c8d059,True,,82403,304c086e-dbd0-4a61-9f6b-1a8b366ef994,purchase_ticket,2026-06-29T18:04:54.15327+00:00,2026-06-29T12:04:54.154793+00:00
d3b8af80-355f-4e95-b66a-40f0575633ef,2026-06-29T18:04:54.15327+00:00,c9c2c16d-19f1-4203-a8c9-9f4703949285,True,,82406,f7c811d2-77ff-4e05-b991-a336ebebce68,purchase_ticket,2026-06-29T18:04:54.15327+00:00,2026-06-29T12:04:54.154793+00:00
d3b8af80-355f-4e95-b66a-40f0575633ef,2026-06-29T18:04:54.15327+00:00,d1ff36a5-d8ad-4b95-83bd-e9d0eb8ac939,True,,82409,779da744-43b6-4830-9956-1a555975821f,purchase_ticket,2026-06-29T18:04:54.15327+00:00,2026-06-29T12:04:54.154793+00:00
d3b8af80-355f-4e95-b66a-40f0575633ef,2026-06-29T18:04:54.15327+00:00,977e4da3-71aa-49fa-a717-ab19845a1957,True,,57290,050a33f2-c80c-45a4-b9c3-12e89e78181d,purchase_ticket,2026-06-29T18:04:54.15327+00:00,2026-06-29T12:04:54.154793+00:00
d3b8af80-355f-4e95-b66a-40f0575633ef,2026-06-29T18:04:54.15327+00:00,32440a65-abff-48d5-abfa-fb9f57a651ba,True,,57291,cefe5c64-9ad0-4f7d-8f38-b712bc865700,purchase_ticket,2026-06-29T18:04:54.15327+00:00,2026-06-29T12:04:54.154793+00:00
d3b8af80-355f-4e95-b66a-40f0575633ef,2026-06-29T18:04:54.15327+00:00,c2b604cb-1494-4fe5-b5ca-bc52c1d83868,True,,57292,6297455b-3cf6-4deb-9c2c-739cd4273535,purchase_ticket,2026-06-29T18:04:54.15327+00:00,2026-06-29T12:04:54.154793+00:00
d3b8af80-355f-4e95-b66a-40f0575633ef,2026-06-29T18:04:54.15327+00:00,c30a1c74-a683-4be3-a3a2-c056141d088f,True,,421,db99f516-ba19-4cda-b615-7ac3f89403fd,sale_ticket,2026-06-29T18:04:54.15327+00:00,2026-06-29T12:04:54.154793+00:00
d3b8af80-355f-4e95-b66a-40f0575633ef,2026-06-29T18:04:54.15327+00:00,090f20c0-c134-44eb-a068-f2cfd52a4a2e,True,,422,db53f6e3-9e88-47f2-9df2-c8700b7adca3,sale_ticket,2026-06-29T18:04:54.15327+00:00,2026-06-29T12:04:54.154793+00:00
8a39b686-ecf6-4863-8dba-6b88e9cb1373,2026-07-03T00:08:49.431784+00:00,d2b5e80c-e16f-4e99-8026-39f1b2d1e3a7,True,COMPROBAR,19231,d937a706-ba85-4ddd-8b0c-d2cdd7a5f8c7,expense_voucher,2026-07-06T14:10:18.327814+00:00,2026-07-06T08:10:21.168261+00:00
29afde5d-2255-4158-a91b-30d6bd0fb95e,2026-07-07T23:53:35.635349+00:00,3e6863a6-7b77-41b4-a218-95b0fa8bd052,True,,82650,b8b996b9-c5fd-46bf-aa0b-98946c075625,purchase_ticket,2026-07-07T23:53:35.635349+00:00,2026-07-07T17:53:35.851268+00:00
29afde5d-2255-4158-a91b-30d6bd0fb95e,2026-07-07T23:53:35.635349+00:00,05dfd044-7bc7-41f3-ada4-5d656407078d,True,,82652,2a580b7e-fc3b-430b-b69a-d8cfd4500b92,purchase_ticket,2026-07-07T23:53:35.635349+00:00,2026-07-07T17:53:35.851268+00:00
